Format Version,1.2,Take Name,Take 2025-02-14 10.48.41 AM,Capture Frame Rate,60,Export Frame Rate,60,Capture Start Time,2025-02-14 10.48.41.561 AM,Total Frames,1121,Rotation Type,Quaternion,Global,,
,,,,,,,,,,,,,,,,
,,Marker,Marker,Marker,Marker,Marker,Marker,Marker,Marker,Marker,Marker,Marker,Marker,Marker,Marker,Marker
,,Arm_finger,Arm_finger,Arm_finger,Arm_hand,Arm_hand,Arm_hand,Arm_thumb,Arm_thumb,Arm_thumb,Arm_shoulder,Arm_shoulder,Arm_shoulder,Arm_elbow,Arm_elbow,Arm_elbow
,,8392B20CF49E357145CE0C9500000001,8392B20CF49E357145CE0C9500000001,8392B20CF49E357145CE0C9500000001,8392B20CF49E357145CE0C9500000002,8392B20CF49E357145CE0C9500000002,8392B20CF49E357145CE0C9500000002,8392B20CF49E357145CE0C9500000000,8392B20CF49E357145CE0C9500000000,8392B20CF49E357145CE0C9500000000,8392B20CF49E357145CE0C9500000005,8392B20CF49E357145CE0C9500000005,8392B20CF49E357145CE0C9500000005,8392B20CF49E357145CE0C9500000004,8392B20CF49E357145CE0C9500000004,8392B20CF49E357145CE0C9500000004
,,Position,Position,Position,Position,Position,Position,Position,Position,Position,Position,Position,Position,Position,Position,Position
Frame,Time,X,Y,Z,X,Y,Z,X,Y,Z,X,Y,Z,X,Y,Z
0,0,0.180463,0.301675,0.010941,0.053255,0.339428,0.025942,0.117421,0.27248,-0.033592,-0.327679,0.548679,-0.05667,-0.223219,0.34303,0.055764
1,0.016667,0.180474,0.301611,0.010675,0.053266,0.339368,0.025744,0.117449,0.272417,-0.033797,-0.32757,0.54868,-0.056739,-0.223158,0.342993,0.055659
2,0.033333,0.180484,0.301545,0.010409,0.053279,0.339309,0.025546,0.117477,0.272359,-0.034003,-0.327464,0.548683,-0.056808,-0.223099,0.34296,0.055556
3,0.05,0.180496,0.301476,0.010144,0.053293,0.339252,0.025349,0.117503,0.272305,-0.034209,-0.327363,0.548689,-0.056881,-0.223041,0.342935,0.055456
4,0.066667,0.180508,0.301403,0.009886,0.053309,0.339201,0.025155,0.117527,0.272257,-0.034411,-0.327269,0.5487,-0.056956,-0.222985,0.342918,0.055359
5,0.083333,0.180523,0.301327,0.009638,0.05333,0.339155,0.024968,0.11755,0.272212,-0.034606,-0.327182,0.548715,-0.057036,-0.222929,0.34291,0.055265
6,0.1,0.18054,0.301252,0.009404,0.053356,0.339118,0.02479,0.117574,0.272171,-0.03479,-0.327104,0.548732,-0.05712,-0.222873,0.342911,0.055174
7,0.116667,0.180561,0.301187,0.009187,0.053387,0.339094,0.024621,0.117603,0.272138,-0.034959,-0.327035,0.54875,-0.057207,-0.222818,0.342922,0.055086
8,0.133333,0.180586,0.301142,0.008989,0.05342,0.339085,0.024465,0.117639,0.27212,-0.035109,-0.326975,0.548768,-0.057296,-0.222762,0.34294,0.055001
9,0.15,0.180613,0.301126,0.008811,0.053452,0.339096,0.024323,0.11768,0.272125,-0.035243,-0.326924,0.548787,-0.057386,-0.222708,0.342967,0.054921
10,0.166667,0.180639,0.301141,0.008653,0.05348,0.339128,0.024199,0.117725,0.272161,-0.03536,-0.326882,0.548809,-0.057477,-0.222658,0.343002,0.054845
11,0.183333,0.180663,0.301188,0.008518,0.053502,0.339182,0.024094,0.117772,0.272229,-0.03546,-0.326851,0.548837,-0.057567,-0.222612,0.343047,0.054774
12,0.2,0.180684,0.301265,0.008406,0.05352,0.339259,0.024009,0.117818,0.272327,-0.03554,-0.326832,0.548873,-0.057654,-0.222572,0.343104,0.054711
13,0.216667,0.180704,0.301372,0.008318,0.053533,0.339356,0.023943,0.117865,0.27245,-0.035598,-0.326826,0.548915,-0.057736,-0.222538,0.343172,0.054657
14,0.233333,0.180724,0.30151,0.008254,0.053544,0.339475,0.023894,0.117913,0.272592,-0.035633,-0.326831,0.548963,-0.057813,-0.222509,0.343252,0.054613
15,0.25,0.180745,0.301681,0.008214,0.053552,0.339613,0.023861,0.117962,0.272752,-0.035647,-0.326846,0.549014,-0.057885,-0.222484,0.34334,0.05458
16,0.266667,0.180766,0.301883,0.008195,0.053556,0.33977,0.023842,0.118013,0.272933,-0.035641,-0.326871,0.549067,-0.05795,-0.222462,0.343436,0.054557
17,0.283333,0.180785,0.302113,0.008195,0.053554,0.339943,0.023839,0.118066,0.273133,-0.035617,-0.326904,0.54912,-0.058009,-0.222445,0.343537,0.054546
18,0.3,0.1808,0.302363,0.008209,0.053547,0.340127,0.023851,0.118117,0.273352,-0.035579,-0.326948,0.549171,-0.058061,-0.222433,0.343642,0.054545
19,0.316667,0.18081,0.302626,0.008236,0.053533,0.340319,0.023874,0.118166,0.273585,-0.035531,-0.327001,0.549221,-0.058106,-0.222427,0.343749,0.054553
20,0.333333,0.180811,0.302898,0.008272,0.053509,0.340515,0.023905,0.118209,0.273826,-0.035476,-0.327063,0.549269,-0.058143,-0.22243,0.343857,0.054569
21,0.35,0.180802,0.303175,0.008312,0.053473,0.340711,0.023938,0.118243,0.274067,-0.035417,-0.327134,0.549318,-0.058174,-0.222443,0.343964,0.054589
22,0.366667,0.180783,0.303452,0.00835,0.053426,0.340902,0.02397,0.118265,0.274303,-0.035361,-0.327211,0.549366,-0.058201,-0.222466,0.344069,0.054613
23,0.383333,0.180755,0.303725,0.00838,0.053369,0.341081,0.023998,0.118274,0.274528,-0.035312,-0.327293,0.549413,-0.058223,-0.222499,0.344171,0.054639
24,0.4,0.180719,0.303991,0.008401,0.053304,0.341243,0.024021,0.118269,0.274737,-0.035275,-0.327378,0.549458,-0.058245,-0.222538,0.344268,0.054669
25,0.416667,0.180677,0.304248,0.008412,0.053231,0.341386,0.024035,0.118254,0.274925,-0.035247,-0.327462,0.5495,-0.058267,-0.222582,0.344358,0.054701
26,0.433333,0.180632,0.304492,0.008418,0.053154,0.341507,0.024038,0.118231,0.275084,-0.035226,-0.327543,0.549537,-0.058292,-0.222627,0.34444,0.05473
27,0.45,0.180585,0.304721,0.008422,0.053074,0.341608,0.02403,0.118206,0.275213,-0.035208,-0.327621,0.549571,-0.058318,-0.222672,0.344512,0.054754
28,0.466667,0.180539,0.304933,0.008428,0.052997,0.341689,0.024016,0.118179,0.275314,-0.03519,-0.327694,0.549602,-0.058347,-0.222716,0.344575,0.054771
29,0.483333,0.180498,0.305134,0.008436,0.052925,0.341751,0.023997,0.118153,0.27539,-0.035175,-0.32776,0.549631,-0.058379,-0.222757,0.344629,0.05478
30,0.5,0.180463,0.305329,0.008445,0.05286,0.341794,0.023973,0.11813,0.275448,-0.035166,-0.327819,0.549657,-0.058416,-0.222793,0.344676,0.054781
31,0.516667,0.180436,0.305525,0.008453,0.052804,0.341822,0.023943,0.118112,0.27549,-0.035168,-0.327868,0.549682,-0.058458,-0.222823,0.344717,0.054774
32,0.533333,0.180419,0.305729,0.008455,0.052755,0.341837,0.023902,0.118101,0.275523,-0.035182,-0.327908,0.549706,-0.058507,-0.222843,0.344753,0.054757
33,0.55,0.180409,0.305952,0.008447,0.052713,0.341843,0.023848,0.118096,0.275548,-0.035212,-0.327936,0.54973,-0.058566,-0.222853,0.344787,0.054729
34,0.566667,0.180408,0.306208,0.008433,0.052678,0.341844,0.023779,0.1181,0.275567,-0.035257,-0.327953,0.549755,-0.058634,-0.222854,0.34482,0.054691
35,0.583333,0.180417,0.306519,0.008419,0.05265,0.341841,0.023694,0.118111,0.275579,-0.035318,-0.32796,0.549781,-0.058712,-0.222843,0.344852,0.054642
36,0.6,0.180436,0.306913,0.008412,0.052628,0.341835,0.023592,0.11813,0.275587,-0.035393,-0.327959,0.549808,-0.058798,-0.222824,0.344885,0.054581
37,0.616667,0.180467,0.307432,0.008424,0.052609,0.341826,0.023472,0.118158,0.275594,-0.035484,-0.327952,0.549836,-0.058893,-0.222795,0.34492,0.054508
38,0.633333,0.180512,0.308122,0.008465,0.05259,0.341814,0.023336,0.118193,0.275607,-0.035589,-0.327939,0.549865,-0.058995,-0.222759,0.344954,0.054426
39,0.65,0.180569,0.309027,0.008549,0.052567,0.341799,0.023186,0.118238,0.275631,-0.035706,-0.32792,0.549893,-0.059102,-0.222717,0.344988,0.054336
40,0.666667,0.180631,0.310175,0.008685,0.052538,0.341781,0.023024,0.118291,0.275671,-0.035834,-0.327895,0.54992,-0.059215,-0.222671,0.34502,0.054239
41,0.683333,0.180692,0.311575,0.008877,0.052503,0.341762,0.022853,0.118352,0.275728,-0.035969,-0.327864,0.549944,-0.05933,-0.222622,0.345048,0.054135
42,0.7,0.180737,0.313228,0.009133,0.052462,0.341743,0.022676,0.11842,0.275802,-0.03611,-0.327828,0.549964,-0.059449,-0.222571,0.34507,0.054025
43,0.716667,0.180753,0.315136,0.009466,0.052415,0.341724,0.022499,0.118494,0.275889,-0.036254,-0.327787,0.54998,-0.05957,-0.222519,0.345086,0.053912
44,0.733333,0.180724,0.317286,0.009886,0.052363,0.341706,0.022324,0.118572,0.27599,-0.036398,-0.327742,0.549993,-0.059693,-0.222469,0.345097,0.053794
45,0.75,0.180631,0.319618,0.010377,0.052308,0.341689,0.022157,0.118654,0.276105,-0.036537,-0.327695,0.550005,-0.059818,-0.222419,0.345102,0.053672
46,0.766667,0.180466,0.32204,0.010914,0.052252,0.341675,0.021998,0.118736,0.276235,-0.036672,-0.327647,0.550014,-0.059945,-0.222372,0.345105,0.053546
47,0.783333,0.180226,0.324462,0.011468,0.052201,0.341664,0.021847,0.118819,0.276375,-0.036805,-0.327598,0.550024,-0.060073,-0.222326,0.345105,0.053417
48,0.8,0.179912,0.326807,0.012011,0.052157,0.341654,0.021701,0.1189,0.276517,-0.036936,-0.327549,0.550033,-0.060202,-0.222282,0.345107,0.053288
49,0.816667,0.179538,0.328968,0.012496,0.05212,0.341645,0.021561,0.118977,0.276651,-0.037064,-0.327501,0.550044,-0.060331,-0.222239,0.34511,0.053161
50,0.833333,0.179131,0.330807,0.012878,0.052093,0.341636,0.021426,0.11905,0.276773,-0.037189,-0.327454,0.550056,-0.06046,-0.222198,0.345116,0.053038
51,0.85,0.178729,0.332192,0.013121,0.052073,0.341629,0.021292,0.119117,0.276878,-0.037309,-0.327407,0.550069,-0.060586,-0.222159,0.345123,0.052918
52,0.866667,0.178365,0.332995,0.013191,0.052059,0.341622,0.021158,0.119175,0.276962,-0.037423,-0.32736,0.550083,-0.060708,-0.222122,0.345131,0.052802
53,0.883333,0.178068,0.333084,0.013047,0.05205,0.341619,0.021021,0.119223,0.277022,-0.037527,-0.327312,0.550098,-0.060828,-0.222088,0.34514,0.05269
54,0.9,0.177856,0.332323,0.012662,0.052049,0.34162,0.020879,0.119259,0.277053,-0.037621,-0.327264,0.550112,-0.060944,-0.222058,0.345149,0.052581
55,0.916667,0.177732,0.330559,0.012007,0.052059,0.34163,0.02073,0.119278,0.277052,-0.037699,-0.327214,0.550126,-0.061058,-0.222032,0.345158,0.052476
56,0.933333,0.177677,0.327624,0.011052,0.052086,0.341652,0.020571,0.119277,0.277011,-0.037761,-0.327164,0.550141,-0.061169,-0.222012,0.345171,0.052377
57,0.95,0.17763,0.323411,0.009792,0.052136,0.341689,0.020399,0.119251,0.276923,-0.037808,-0.327114,0.550156,-0.061279,-0.221996,0.345188,0.052285
58,0.966667,0.177461,0.318029,0.008265,0.052218,0.341732,0.020206,0.119197,0.276772,-0.037848,-0.327063,0.550175,-0.061389,-0.221984,0.345211,0.052201
59,0.983333,0.177028,0.311924,0.006565,0.052333,0.341763,0.019991,0.119111,0.276535,-0.037883,-0.327012,0.550197,-0.061499,-0.22197,0.345243,0.052122
60,1,0.176299,0.305791,0.004847,0.052469,0.341757,0.01976,0.119,0.276206,-0.037919,-0.326959,0.550222,-0.061611,-0.221952,0.34528,0.052049
61,1.016667,0.175404,0.300337,0.00329,0.0526,0.341695,0.019527,0.118885,0.275804,-0.037961,-0.326901,0.550249,-0.061724,-0.221929,0.345318,0.051982
62,1.033333,0.174562,0.296049,0.002028,0.0527,0.341573,0.019307,0.118776,0.275364,-0.038009,-0.326837,0.550277,-0.061839,-0.221906,0.34535,0.051922
63,1.05,0.17395,0.293126,0.001111,0.05275,0.341402,0.019111,0.118676,0.27493,-0.03806,-0.326766,0.550303,-0.061953,-0.221888,0.34537,0.051868
64,1.066667,0.173647,0.291555,0.000521,0.052746,0.341205,0.018943,0.118586,0.274535,-0.038107,-0.32669,0.550328,-0.062064,-0.22188,0.345374,0.051815
65,1.083333,0.173678,0.29128,0.000228,0.05269,0.341004,0.018798,0.118506,0.274195,-0.038145,-0.326612,0.550348,-0.062169,-0.221882,0.345364,0.05176
66,1.1,0.174055,0.292297,0.000213,0.052588,0.340809,0.018671,0.118435,0.27391,-0.038169,-0.326534,0.550366,-0.06227,-0.221895,0.345341,0.051703
67,1.116667,0.17476,0.294637,0.000462,0.052445,0.340625,0.018561,0.118378,0.273682,-0.038178,-0.326457,0.550381,-0.062365,-0.221915,0.34531,0.051646
68,1.133333,0.175681,0.298222,0.000948,0.052271,0.340459,0.018471,0.118337,0.273516,-0.038175,-0.326384,0.550392,-0.062457,-0.221938,0.345276,0.051591
69,1.15,0.176614,0.302746,0.001619,0.052082,0.340321,0.018405,0.118318,0.273425,-0.038164,-0.326313,0.550402,-0.062547,-0.221961,0.345244,0.051538
70,1.166667,0.177368,0.307717,0.002416,0.051895,0.340227,0.018363,0.118323,0.27342,-0.038147,-0.326247,0.550408,-0.062635,-0.221979,0.345218,0.051486
71,1.183333,0.17785,0.312664,0.003289,0.051725,0.340185,0.018339,0.118351,0.273495,-0.038128,-0.326186,0.550414,-0.062722,-0.221992,0.345201,0.051435
72,1.2,0.178062,0.317297,0.00419,0.051581,0.340193,0.018324,0.118393,0.273627,-0.038113,-0.326131,0.550419,-0.062808,-0.221998,0.345198,0.051386
73,1.216667,0.178042,0.321484,0.005067,0.051468,0.340241,0.018311,0.118444,0.273789,-0.038106,-0.326082,0.550426,-0.062893,-0.221997,0.345211,0.051338
74,1.233333,0.177843,0.325132,0.005872,0.051387,0.340318,0.0183,0.118496,0.273967,-0.038111,-0.32604,0.550437,-0.062977,-0.221989,0.34524,0.051293
75,1.25,0.177535,0.328108,0.006557,0.051334,0.340415,0.01829,0.118548,0.274157,-0.03813,-0.326005,0.550453,-0.063059,-0.221974,0.345283,0.051249
76,1.266667,0.177196,0.330249,0.007059,0.051307,0.340529,0.01828,0.118595,0.274353,-0.038164,-0.325975,0.550472,-0.063139,-0.221955,0.345335,0.051207
77,1.283333,0.176894,0.331394,0.007302,0.051299,0.340653,0.018262,0.118635,0.274547,-0.038213,-0.325945,0.550493,-0.063218,-0.221933,0.345394,0.051165
78,1.3,0.176671,0.331412,0.007241,0.051306,0.340784,0.018228,0.118664,0.274725,-0.038274,-0.325916,0.550514,-0.063295,-0.221909,0.345454,0.051126
79,1.316667,0.176541,0.330175,0.006858,0.051327,0.340917,0.018172,0.118679,0.274874,-0.038347,-0.325884,0.550534,-0.063368,-0.221887,0.345512,0.051088
80,1.333333,0.176481,0.327553,0.006156,0.051364,0.341052,0.018092,0.118676,0.274984,-0.038432,-0.325852,0.550551,-0.063437,-0.221867,0.345564,0.051052
81,1.35,0.176415,0.323466,0.00517,0.051423,0.341184,0.017988,0.118653,0.275044,-0.03853,-0.325818,0.550565,-0.063501,-0.221849,0.345609,0.051018
82,1.366667,0.176193,0.318016,0.003957,0.051513,0.341303,0.017865,0.11861,0.275044,-0.038642,-0.325782,0.550577,-0.063559,-0.221833,0.345646,0.050987
83,1.383333,0.175641,0.311602,0.002584,0.051638,0.341395,0.017727,0.118552,0.27497,-0.038764,-0.325746,0.550587,-0.063614,-0.221816,0.345676,0.050959
84,1.4,0.17469,0.30491,0.001158,0.05179,0.341435,0.017581,0.118487,0.27481,-0.038885,-0.325708,0.550595,-0.063665,-0.221795,0.345697,0.050932
85,1.416667,0.173452,0.298707,-0.000183,0.051947,0.341405,0.017435,0.118419,0.274566,-0.038996,-0.325668,0.550601,-0.063714,-0.221769,0.345705,0.050906
86,1.433333,0.172176,0.293589,-0.001303,0.052077,0.341296,0.017295,0.11835,0.274256,-0.039089,-0.325625,0.550601,-0.063759,-0.221743,0.345695,0.050882
87,1.45,0.171112,0.289853,-0.002122,0.052161,0.341121,0.017169,0.11828,0.273913,-0.039167,-0.325578,0.550594,-0.063799,-0.221721,0.345662,0.05086
88,1.466667,0.170427,0.287563,-0.00264,0.052191,0.3409,0.017061,0.118211,0.27357,-0.039231,-0.325529,0.550576,-0.063834,-0.221709,0.345605,0.050839
89,1.483333,0.170217,0.286699,-0.002879,0.05217,0.340653,0.016973,0.118145,0.27325,-0.039285,-0.32548,0.55055,-0.063863,-0.221709,0.345527,0.050816
90,1.5,0.170536,0.287283,-0.002848,0.052099,0.340394,0.016901,0.118083,0.272965,-0.039331,-0.325432,0.550516,-0.063887,-0.221722,0.345431,0.05079
91,1.516667,0.171382,0.289364,-0.002554,0.05198,0.340132,0.016843,0.118025,0.27272,-0.039369,-0.325388,0.550479,-0.063906,-0.221745,0.345325,0.050762
92,1.533333,0.172626,0.292904,-0.002029,0.051825,0.339876,0.016803,0.117974,0.272526,-0.0394,-0.325349,0.55044,-0.06392,-0.221777,0.345215,0.050733
93,1.55,0.173993,0.297645,-0.001331,0.051649,0.339639,0.01678,0.117932,0.272393,-0.039425,-0.325315,0.550403,-0.06393,-0.221815,0.345109,0.050707
94,1.566667,0.175182,0.303072,-0.000524,0.051467,0.339437,0.016778,0.117903,0.272335,-0.03944,-0.325285,0.550366,-0.063937,-0.221855,0.345012,0.050684
95,1.583333,0.176005,0.308568,0.00035,0.051293,0.339284,0.016798,0.117888,0.272363,-0.039448,-0.325261,0.550331,-0.063941,-0.221895,0.344928,0.050668
96,1.6,0.176432,0.313633,0.001263,0.051142,0.339186,0.016834,0.117882,0.272465,-0.039455,-0.325241,0.550298,-0.063941,-0.221933,0.34486,0.050659
97,1.616667,0.176525,0.31796,0.002167,0.051021,0.339136,0.016883,0.117879,0.272614,-0.039466,-0.325226,0.55027,-0.063939,-0.221968,0.344813,0.05066
98,1.633333,0.17638,0.321331,0.002991,0.050932,0.339128,0.016942,0.117877,0.272777,-0.039476,-0.325216,0.550246,-0.063936,-0.221997,0.344788,0.05067
99,1.65,0.176094,0.323542,0.003647,0.050873,0.339153,0.017007,0.117873,0.272934,-0.039478,-0.325211,0.550229,-0.063934,-0.22202,0.344783,0.05069
100,1.666667,0.175738,0.324423,0.004047,0.050844,0.339208,0.017069,0.117866,0.273067,-0.039465,-0.325211,0.550218,-0.063932,-0.222037,0.344798,0.05072
101,1.683333,0.175341,0.323832,0.004121,0.050834,0.339285,0.017118,0.117854,0.273164,-0.039434,-0.325213,0.55021,-0.063931,-0.222049,0.344829,0.050763
102,1.7,0.174888,0.321609,0.003827,0.050837,0.339383,0.017141,0.117834,0.273219,-0.039382,-0.325218,0.550203,-0.063929,-0.222057,0.344871,0.050819
103,1.716667,0.174308,0.317596,0.003159,0.050854,0.339501,0.01713,0.117803,0.273225,-0.039313,-0.325223,0.550193,-0.063924,-0.222063,0.34492,0.050886
104,1.733333,0.173443,0.311778,0.002147,0.050897,0.339635,0.017078,0.117754,0.273167,-0.03924,-0.325229,0.550178,-0.063916,-0.222067,0.344972,0.050965
105,1.75,0.172088,0.304523,0.000848,0.050987,0.339767,0.016984,0.117683,0.273022,-0.039177,-0.325238,0.550157,-0.063903,-0.222068,0.34503,0.051054
106,1.766667,0.170172,0.296702,-0.000641,0.051133,0.339862,0.01686,0.11759,0.27276,-0.039135,-0.325251,0.550131,-0.063885,-0.22206,0.345094,0.051155
107,1.783333,0.167954,0.289431,-0.002133,0.051307,0.339879,0.016727,0.117479,0.272372,-0.03911,-0.325268,0.550106,-0.063865,-0.222039,0.345163,0.051266
108,1.8,0.165939,0.283567,-0.003378,0.051456,0.339798,0.016604,0.117357,0.271889,-0.039094,-0.325284,0.550086,-0.063844,-0.222007,0.345231,0.051385
109,1.816667,0.164554,0.279421,-0.004243,0.051542,0.339628,0.01651,0.117233,0.271379,-0.039081,-0.325293,0.550071,-0.063828,-0.221975,0.345287,0.051506
110,1.833333,0.163944,0.276874,-0.004759,0.051558,0.339404,0.016461,0.117112,0.270907,-0.03907,-0.32529,0.550061,-0.063817,-0.221954,0.345324,0.051622
111,1.85,0.164066,0.27567,-0.005002,0.051511,0.339158,0.016455,0.116993,0.270503,-0.039059,-0.325274,0.55005,-0.063811,-0.22195,0.345337,0.051726
112,1.866667,0.164823,0.275608,-0.005021,0.051413,0.338913,0.01648,0.116876,0.27017,-0.039052,-0.325249,0.550038,-0.063809,-0.221966,0.345329,0.051813
113,1.883333,0.166059,0.276499,-0.004853,0.051275,0.338681,0.016525,0.116763,0.269914,-0.03905,-0.325219,0.550024,-0.06381,-0.221998,0.345301,0.051882
114,1.9,0.167551,0.278099,-0.00455,0.051112,0.338475,0.016587,0.116658,0.269744,-0.039067,-0.325188,0.550008,-0.063815,-0.22204,0.345259,0.051932
115,1.916667,0.169084,0.280127,-0.004173,0.050943,0.338302,0.016662,0.116563,0.269675,-0.03912,-0.325156,0.549992,-0.063823,-0.222087,0.345209,0.051965
116,1.933333,0.170512,0.28232,-0.003773,0.05078,0.338162,0.016743,0.116477,0.269714,-0.039224,-0.325125,0.549977,-0.063837,-0.222133,0.345157,0.05198
117,1.95,0.171765,0.284487,-0.003385,0.05063,0.338055,0.016815,0.116401,0.269855,-0.039384,-0.325095,0.549968,-0.063856,-0.222175,0.345111,0.05198
118,1.966667,0.172828,0.286511,-0.003035,0.0505,0.337976,0.016865,0.116331,0.270079,-0.039601,-0.325068,0.549964,-0.063879,-0.222209,0.345075,0.051967
119,1.983333,0.173712,0.288329,-0.002743,0.050394,0.337923,0.016886,0.11627,0.270372,-0.039871,-0.325045,0.549966,-0.063902,-0.222232,0.345051,0.051945
120,2,0.174434,0.289907,-0.002521,0.050311,0.337893,0.01688,0.116219,0.270731,-0.040185,-0.325025,0.549971,-0.063924,-0.222244,0.345037,0.051918
121,2.016667,0.175013,0.291238,-0.002366,0.05025,0.337883,0.016858,0.116184,0.27116,-0.040533,-0.325006,0.549978,-0.063946,-0.222243,0.34503,0.051887
122,2.033333,0.175473,0.292339,-0.002258,0.050208,0.33789,0.01683,0.116169,0.271661,-0.040904,-0.324987,0.549983,-0.063965,-0.222231,0.345022,0.051852
123,2.05,0.175839,0.293239,-0.002181,0.050184,0.337908,0.016802,0.116176,0.272217,-0.041282,-0.324966,0.549985,-0.06398,-0.222208,0.345011,0.051812
124,2.066667,0.176135,0.293976,-0.002122,0.050177,0.337931,0.016774,0.116202,0.272789,-0.041659,-0.324944,0.549984,-0.063991,-0.222179,0.344994,0.051769
125,2.083333,0.176382,0.29459,-0.002079,0.050183,0.337952,0.016743,0.116243,0.273331,-0.04203,-0.32492,0.549981,-0.063997,-0.222142,0.34497,0.051722
126,2.1,0.176595,0.295116,-0.002051,0.050199,0.337964,0.016704,0.116294,0.27381,-0.042403,-0.324895,0.549977,-0.063999,-0.2221,0.34494,0.051671
127,2.116667,0.176781,0.295568,-0.002044,0.050221,0.337963,0.016652,0.116342,0.274215,-0.042777,-0.324869,0.549975,-0.063997,-0.222052,0.344907,0.051618
128,2.133333,0.176941,0.29594,-0.002067,0.050249,0.337945,0.016585,0.11637,0.274551,-0.043145,-0.324842,0.549974,-0.063992,-0.222001,0.344872,0.051562
129,2.15,0.177075,0.296217,-0.002124,0.050284,0.337913,0.016505,0.116369,0.274842,-0.043512,-0.324816,0.549974,-0.063986,-0.22195,0.344836,0.051505
130,2.166667,0.177183,0.296397,-0.002216,0.050323,0.337865,0.016416,0.116337,0.275118,-0.043894,-0.324788,0.549974,-0.063979,-0.221899,0.344799,0.051447
131,2.183333,0.177266,0.296488,-0.002337,0.050365,0.337804,0.016323,0.116272,0.275406,-0.044301,-0.324759,0.549973,-0.063974,-0.22185,0.34476,0.051389
132,2.2,0.177327,0.296509,-0.00248,0.050405,0.337731,0.01623,0.116175,0.27573,-0.044739,-0.32473,0.549968,-0.06397,-0.221804,0.344718,0.051331
133,2.216667,0.17737,0.296475,-0.002635,0.050443,0.337646,0.016138,0.116044,0.276103,-0.045215,-0.324701,0.549958,-0.063968,-0.22176,0.34467,0.05127
134,2.233333,0.177398,0.296393,-0.002796,0.050478,0.337548,0.016049,0.115874,0.276542,-0.045743,-0.324674,0.549943,-0.063967,-0.22172,0.344615,0.051207
135,2.25,0.177414,0.296264,-0.002958,0.050513,0.337436,0.015964,0.115658,0.27707,-0.046341,-0.324648,0.54992,-0.063967,-0.221684,0.344553,0.051142
136,2.266667,0.17742,0.296093,-0.00312,0.050548,0.337305,0.015889,0.115383,0.277726,-0.047035,-0.324626,0.54989,-0.063968,-0.221651,0.344483,0.051077
137,2.283333,0.177419,0.295886,-0.00328,0.050585,0.337156,0.015827,0.115039,0.278549,-0.047853,-0.324607,0.549851,-0.063969,-0.221621,0.344405,0.051015
138,2.3,0.177415,0.29565,-0.003435,0.050627,0.336988,0.015782,0.114627,0.279559,-0.048815,-0.324593,0.549804,-0.063971,-0.221595,0.344321,0.050957
139,2.316667,0.177411,0.295396,-0.003584,0.050672,0.336802,0.015752,0.11415,0.280731,-0.049907,-0.324584,0.549748,-0.063973,-0.221574,0.344232,0.050904
140,2.333333,0.177413,0.295143,-0.003725,0.05072,0.3366,0.015732,0.113601,0.281996,-0.051089,-0.32458,0.549683,-0.063975,-0.221558,0.344139,0.050858
141,2.35,0.177426,0.294917,-0.003852,0.05077,0.336382,0.015715,0.112976,0.283289,-0.052321,-0.32458,0.549609,-0.063974,-0.221546,0.344042,0.050818
142,2.366667,0.177455,0.294739,-0.003958,0.05082,0.336149,0.0157,0.112284,0.284565,-0.053567,-0.324586,0.549529,-0.063966,-0.221539,0.343941,0.050785
143,2.383333,0.177502,0.294624,-0.004031,0.050868,0.335909,0.015688,0.111546,0.285769,-0.05478,-0.324594,0.549446,-0.06395,-0.221536,0.343836,0.050758
144,2.4,0.177564,0.294579,-0.004062,0.050914,0.335669,0.015684,0.110791,0.28679,-0.055906,-0.3246,0.549365,-0.063928,-0.22154,0.343731,0.050738
145,2.416667,0.177641,0.294623,-0.004042,0.050954,0.335433,0.015688,0.110057,0.287465,-0.0569,-0.324601,0.549291,-0.063904,-0.221552,0.343629,0.050722
146,2.433333,0.177737,0.294783,-0.003967,0.050984,0.335207,0.015688,0.109382,0.287614,-0.057724,-0.324596,0.549228,-0.063884,-0.22157,0.343536,0.050711
147,2.45,0.177857,0.295086,-0.003842,0.051002,0.334992,0.015665,0.108809,0.287102,-0.058325,-0.324585,0.549178,-0.063873,-0.22159,0.343456,0.050703
148,2.466667,0.178005,0.29556,-0.003677,0.051005,0.334788,0.015603,0.108382,0.285835,-0.058636,-0.324567,0.549143,-0.063874,-0.221607,0.343394,0.050694
149,2.483333,0.178184,0.296237,-0.003481,0.050993,0.3346,0.015495,0.108142,0.283746,-0.058566,-0.324544,0.54912,-0.063889,-0.221618,0.343349,0.050682
150,2.5,0.178399,0.297124,-0.003259,0.050973,0.33443,0.015329,0.108124,0.280815,-0.058003,-0.324514,0.549107,-0.063917,-0.221622,0.343322,0.050666
151,2.516667,0.178646,0.298168,-0.003018,0.050962,0.334278,0.015094,0.10835,0.277132,-0.056825,-0.324477,0.549101,-0.063958,-0.221621,0.343313,0.050643
152,2.533333,0.178917,0.299265,-0.002767,0.050977,0.334135,0.014791,0.108808,0.272928,-0.054966,-0.324437,0.549103,-0.064009,-0.22161,0.34332,0.050609
153,2.55,0.179197,0.300301,-0.002519,0.051029,0.333995,0.014446,0.109422,0.268541,-0.052486,-0.324395,0.549111,-0.064069,-0.221588,0.343341,0.050565
154,2.566667,0.179471,0.3012,-0.002282,0.051114,0.333852,0.014104,0.110067,0.264328,-0.049604,-0.324353,0.549125,-0.064134,-0.221555,0.343369,0.050516
155,2.583333,0.179724,0.301942,-0.002054,0.051218,0.333712,0.013818,0.110645,0.260598,-0.046664,-0.324312,0.549143,-0.064203,-0.221512,0.343397,0.050465
156,2.6,0.179945,0.302549,-0.001831,0.051321,0.333584,0.01362,0.111107,0.257555,-0.044003,-0.324272,0.549161,-0.064271,-0.221467,0.34342,0.050418
157,2.616667,0.180121,0.303052,-0.001602,0.051404,0.333478,0.013517,0.111441,0.255291,-0.041853,-0.324232,0.549175,-0.064336,-0.221427,0.343433,0.050377
158,2.633333,0.180249,0.303489,-0.001364,0.051455,0.333399,0.013493,0.111652,0.253828,-0.040351,-0.324194,0.549184,-0.064396,-0.221398,0.343436,0.050344
159,2.65,0.180328,0.303892,-0.001121,0.051465,0.33335,0.013531,0.111747,0.253159,-0.039578,-0.324158,0.549186,-0.06445,-0.221383,0.34343,0.050318
160,2.666667,0.180359,0.304289,-0.00088,0.051432,0.333333,0.013624,0.111728,0.253289,-0.039578,-0.324126,0.549184,-0.064498,-0.221384,0.343415,0.050299
161,2.683333,0.180345,0.3047,-0.000642,0.051358,0.333346,0.013774,0.111598,0.254253,-0.040373,-0.324098,0.549181,-0.064541,-0.221402,0.343395,0.050284
162,2.7,0.180292,0.305138,-0.000404,0.051251,0.333386,0.013984,0.111356,0.256099,-0.041931,-0.324076,0.549178,-0.064581,-0.221434,0.343372,0.050276
163,2.716667,0.180206,0.305593,-0.000164,0.051124,0.333448,0.014252,0.111009,0.258861,-0.044142,-0.32406,0.549177,-0.064617,-0.221479,0.34335,0.050277
164,2.733333,0.180096,0.306048,0.000069,0.05099,0.333524,0.014566,0.110562,0.262518,-0.046801,-0.324047,0.549177,-0.064649,-0.221536,0.343331,0.050287
165,2.75,0.179972,0.306481,0.000279,0.050863,0.333611,0.014901,0.110029,0.266927,-0.049616,-0.324037,0.549178,-0.064679,-0.221601,0.343316,0.050304
166,2.766667,0.179843,0.30689,0.000443,0.050752,0.333709,0.015231,0.109438,0.271773,-0.052268,-0.324027,0.549178,-0.064707,-0.221671,0.343306,0.050324
167,2.783333,0.179719,0.307288,0.000541,0.050658,0.333822,0.015531,0.108831,0.276562,-0.054509,-0.324018,0.549178,-0.064734,-0.221744,0.343301,0.050342
168,2.8,0.179606,0.307704,0.000564,0.050578,0.333958,0.015775,0.108254,0.280703,-0.056265,-0.324009,0.549176,-0.06476,-0.221815,0.343301,0.050352
169,2.816667,0.179508,0.308173,0.000516,0.050501,0.334113,0.015926,0.10774,0.283737,-0.057607,-0.324,0.549174,-0.064786,-0.221877,0.343308,0.050351
170,2.833333,0.179428,0.308701,0.000393,0.050418,0.334271,0.01595,0.107313,0.285526,-0.058628,-0.323993,0.549176,-0.064814,-0.221918,0.343324,0.050338
171,2.85,0.179363,0.309259,0.000199,0.050327,0.334419,0.015846,0.107005,0.286155,-0.059346,-0.323985,0.549182,-0.064844,-0.221933,0.343348,0.050311
172,2.866667,0.179313,0.30982,-0.000038,0.050234,0.334552,0.01565,0.106863,0.285729,-0.059719,-0.323973,0.549193,-0.064876,-0.221923,0.343379,0.050279
173,2.883333,0.179282,0.310359,-0.000283,0.050152,0.334669,0.015403,0.106912,0.284304,-0.059692,-0.323953,0.549205,-0.06491,-0.221899,0.343416,0.05025
174,2.9,0.179274,0.310838,-0.000525,0.050096,0.334769,0.01513,0.107163,0.281947,-0.059209,-0.323924,0.549215,-0.064943,-0.221868,0.343456,0.050228
175,2.916667,0.179296,0.311201,-0.000771,0.05008,0.334847,0.014829,0.107617,0.278789,-0.058191,-0.323887,0.549222,-0.064974,-0.221832,0.343499,0.050213
176,2.933333,0.179351,0.31139,-0.001036,0.050109,0.33489,0.014487,0.108254,0.275093,-0.056589,-0.323845,0.549228,-0.065002,-0.221785,0.343544,0.050199
177,2.95,0.179435,0.311355,-0.001331,0.050181,0.334886,0.014109,0.108994,0.271232,-0.054474,-0.323802,0.549233,-0.065028,-0.221721,0.343588,0.05018
178,2.966667,0.17954,0.311074,-0.001647,0.050283,0.334829,0.013734,0.109723,0.26761,-0.052073,-0.323758,0.549238,-0.06505,-0.221637,0.343625,0.050158
179,2.983333,0.179652,0.310566,-0.001957,0.050403,0.33473,0.01342,0.110355,0.264572,-0.049738,-0.323714,0.54924,-0.065068,-0.221541,0.343651,0.050142
180,3,0.179758,0.309882,-0.002222,0.050531,0.334605,0.013213,0.110824,0.262351,-0.047843,-0.323668,0.549236,-0.065079,-0.221444,0.343661,0.050137
181,3.016667,0.179846,0.309078,-0.002417,0.050661,0.334467,0.013133,0.111078,0.261078,-0.046689,-0.323621,0.549225,-0.06508,-0.221358,0.343656,0.050144
182,3.033333,0.179908,0.308193,-0.00254,0.050787,0.334325,0.013174,0.111097,0.26081,-0.046445,-0.323575,0.549208,-0.065072,-0.221288,0.343637,0.050164
183,3.05,0.179939,0.307251,-0.002615,0.050906,0.334185,0.013316,0.110888,0.261561,-0.047088,-0.323533,0.549187,-0.065052,-0.221239,0.343608,0.050196
184,3.066667,0.179938,0.30627,-0.002676,0.051017,0.33405,0.013527,0.110492,0.263333,-0.048453,-0.323496,0.549163,-0.065023,-0.221211,0.343569,0.050235
185,3.083333,0.179909,0.305272,-0.002747,0.051125,0.333917,0.013776,0.109967,0.266126,-0.050298,-0.323462,0.549136,-0.064984,-0.2212,0.343522,0.050277
186,3.1,0.179861,0.304286,-0.00284,0.051241,0.333782,0.014038,0.109382,0.269889,-0.052332,-0.323432,0.549102,-0.064937,-0.221205,0.343466,0.05032
187,3.116667,0.179806,0.30334,-0.00296,0.051372,0.333642,0.014297,0.108798,0.274425,-0.05423,-0.323403,0.549058,-0.064881,-0.221222,0.343399,0.05036
188,3.133333,0.179756,0.302464,-0.003121,0.051521,0.333502,0.014547,0.108264,0.279325,-0.055706,-0.323374,0.549001,-0.064816,-0.22125,0.343318,0.050395
189,3.15,0.179714,0.301704,-0.003334,0.051676,0.333375,0.014787,0.10781,0.283976,-0.056648,-0.323344,0.548927,-0.064739,-0.221286,0.343216,0.050422
190,3.166667,0.179679,0.301122,-0.003594,0.051813,0.333273,0.015005,0.107434,0.287721,-0.057191,-0.323313,0.548834,-0.06465,-0.221325,0.343089,0.050438
191,3.183333,0.179655,0.30079,-0.003877,0.051906,0.333189,0.015154,0.107114,0.290169,-0.057577,-0.323282,0.548725,-0.064548,-0.221359,0.342933,0.05044
192,3.2,0.179643,0.30071,-0.004175,0.051944,0.333107,0.015183,0.106846,0.291255,-0.057929,-0.323248,0.548602,-0.064434,-0.221377,0.342752,0.050424
193,3.216667,0.179639,0.300802,-0.004482,0.051932,0.333019,0.015089,0.106677,0.291031,-0.058216,-0.323209,0.548467,-0.064311,-0.221377,0.342549,0.05039
194,3.233333,0.179639,0.300971,-0.004768,0.051891,0.332922,0.0149,0.106665,0.289513,-0.058345,-0.323154,0.548322,-0.064182,-0.221367,0.342328,0.050346
195,3.25,0.179651,0.301136,-0.005009,0.051852,0.332807,0.014652,0.106844,0.286701,-0.058207,-0.32308,0.548168,-0.064052,-0.221356,0.342096,0.050299
196,3.266667,0.179685,0.301201,-0.005212,0.051845,0.332659,0.014362,0.107215,0.282671,-0.057655,-0.322986,0.548009,-0.063925,-0.221348,0.341861,0.050252
197,3.283333,0.179744,0.301049,-0.005412,0.051894,0.332457,0.014021,0.107741,0.277673,-0.056546,-0.322879,0.547857,-0.063804,-0.221337,0.341632,0.050197
198,3.3,0.179825,0.300567,-0.005653,0.052006,0.332181,0.013612,0.10837,0.272157,-0.054816,-0.322765,0.547721,-0.063694,-0.22131,0.341417,0.050127
199,3.316667,0.179911,0.299672,-0.005953,0.052174,0.331819,0.013152,0.109042,0.266652,-0.052548,-0.322647,0.547606,-0.063598,-0.221257,0.341216,0.050037
200,3.333333,0.179984,0.298355,-0.006294,0.052382,0.331378,0.012697,0.109702,0.261615,-0.050004,-0.322519,0.547508,-0.06352,-0.221177,0.341023,0.049933
201,3.35,0.180025,0.296682,-0.006629,0.052611,0.33088,0.012317,0.110301,0.257333,-0.047544,-0.322378,0.547419,-0.063459,-0.221079,0.340827,0.049826
202,3.366667,0.180023,0.29476,-0.006919,0.052844,0.330351,0.012054,0.110804,0.25391,-0.045485,-0.322218,0.547329,-0.063413,-0.220978,0.340621,0.049724
203,3.383333,0.179976,0.292712,-0.007149,0.053071,0.329811,0.011916,0.111199,0.251315,-0.043998,-0.322039,0.547229,-0.063381,-0.220883,0.340396,0.049627
204,3.4,0.179895,0.290682,-0.007324,0.053281,0.329271,0.011873,0.111502,0.249429,-0.043077,-0.321845,0.547116,-0.063357,-0.220799,0.340151,0.049535
205,3.416667,0.179802,0.288822,-0.007463,0.053463,0.328736,0.011877,0.111745,0.248108,-0.042606,-0.321643,0.546991,-0.063337,-0.220727,0.339886,0.049444
206,3.433333,0.179717,0.287246,-0.007582,0.053602,0.328211,0.011883,0.111956,0.247227,-0.042467,-0.321438,0.546855,-0.063318,-0.220661,0.339603,0.04935
207,3.45,0.179646,0.28599,-0.007699,0.053689,0.327701,0.01187,0.112149,0.246685,-0.042573,-0.321238,0.546711,-0.063297,-0.220598,0.339305,0.04925
208,3.466667,0.179587,0.285016,-0.007827,0.053729,0.327219,0.011829,0.112325,0.246403,-0.042867,-0.321049,0.54656,-0.063272,-0.220537,0.338995,0.049142
209,3.483333,0.179533,0.284255,-0.007978,0.053733,0.32677,0.011765,0.112475,0.246319,-0.043312,-0.320875,0.546405,-0.063238,-0.220481,0.33868,0.049031
210,3.5,0.179482,0.283648,-0.008154,0.053717,0.326358,0.011684,0.112592,0.246381,-0.043872,-0.32072,0.546249,-0.063192,-0.220433,0.338368,0.048921
211,3.516667,0.179433,0.283154,-0.008349,0.053688,0.325982,0.011594,0.112681,0.246542,-0.044504,-0.320586,0.546097,-0.063134,-0.220393,0.338064,0.048819
212,3.533333,0.179385,0.282742,-0.008561,0.053653,0.325639,0.011494,0.112749,0.246764,-0.045164,-0.320472,0.545953,-0.063067,-0.220359,0.337774,0.048725
213,3.55,0.179336,0.282387,-0.008791,0.053614,0.325327,0.011382,0.112801,0.247011,-0.045818,-0.320378,0.545819,-0.062994,-0.220328,0.337504,0.048638
214,3.566667,0.179286,0.282066,-0.009038,0.053575,0.325045,0.011257,0.112838,0.247251,-0.046444,-0.320302,0.545696,-0.062917,-0.220298,0.337254,0.048558
215,3.583333,0.179233,0.281763,-0.009298,0.053538,0.324793,0.011123,0.112863,0.247461,-0.047022,-0.32024,0.545579,-0.062838,-0.220267,0.337026,0.048486
216,3.6,0.17918,0.281467,-0.009567,0.053506,0.32457,0.010986,0.112879,0.247625,-0.047533,-0.32019,0.545469,-0.062759,-0.220234,0.336818,0.048424
217,3.616667,0.179127,0.281175,-0.009847,0.05348,0.324373,0.010851,0.112892,0.247729,-0.047963,-0.320147,0.545364,-0.062686,-0.220201,0.33663,0.048371
218,3.633333,0.179076,0.280889,-0.010136,0.053459,0.324199,0.010722,0.112905,0.247766,-0.048303,-0.320111,0.545265,-0.062619,-0.220165,0.336462,0.048326
219,3.65,0.179028,0.280618,-0.010428,0.053443,0.324045,0.010598,0.112915,0.247738,-0.048566,-0.320079,0.545171,-0.062561,-0.220126,0.336313,0.048288
220,3.666667,0.178986,0.280372,-0.010711,0.053429,0.323905,0.01048,0.112917,0.247661,-0.048783,-0.320048,0.545085,-0.062512,-0.220083,0.336183,0.048258
221,3.683333,0.178948,0.28015,-0.010977,0.053417,0.323778,0.010364,0.112908,0.247561,-0.048983,-0.320014,0.545006,-0.062473,-0.220038,0.336071,0.048235
222,3.7,0.178915,0.279945,-0.011226,0.053411,0.323662,0.010246,0.112888,0.247453,-0.04919,-0.319975,0.54493,-0.062444,-0.219991,0.335974,0.048219
223,3.716667,0.178888,0.279753,-0.011461,0.053409,0.323553,0.010121,0.112856,0.247343,-0.049415,-0.319932,0.54486,-0.062422,-0.219942,0.335889,0.048209
224,3.733333,0.178864,0.279574,-0.011687,0.053412,0.32345,0.009982,0.112812,0.247229,-0.049661,-0.319883,0.544793,-0.062406,-0.21989,0.335814,0.048202
225,3.75,0.178843,0.279411,-0.011908,0.053417,0.323352,0.00983,0.112758,0.24711,-0.049928,-0.31983,0.544729,-0.062393,-0.219835,0.335747,0.048197
226,3.766667,0.178825,0.279266,-0.012129,0.053421,0.32326,0.009669,0.112698,0.246993,-0.05021,-0.319771,0.54467,-0.062383,-0.219778,0.335684,0.04819
227,3.783333,0.178811,0.279141,-0.012349,0.053425,0.323173,0.009502,0.112638,0.246883,-0.050498,-0.319708,0.544616,-0.062375,-0.21972,0.335626,0.04818
228,3.8,0.178803,0.279033,-0.012563,0.053431,0.323091,0.009336,0.112586,0.246782,-0.050785,-0.319642,0.544569,-0.062368,-0.219659,0.335572,0.048168
229,3.816667,0.178805,0.278932,-0.012767,0.053444,0.323014,0.009172,0.112543,0.246692,-0.051062,-0.319578,0.544529,-0.062362,-0.219594,0.335523,0.048151
230,3.833333,0.178816,0.278831,-0.012958,0.05347,0.322942,0.009016,0.11251,0.246612,-0.051328,-0.319514,0.544493,-0.062356,-0.219526,0.335478,0.048134
231,3.85,0.178838,0.278725,-0.013137,0.05351,0.322875,0.008872,0.11249,0.246547,-0.051581,-0.319453,0.54446,-0.062351,-0.219452,0.335438,0.048116
232,3.866667,0.178869,0.27861,-0.013299,0.053567,0.322813,0.008745,0.112484,0.246497,-0.051817,-0.319394,0.544428,-0.062349,-0.219374,0.335403,0.0481
233,3.883333,0.178907,0.278488,-0.013442,0.053637,0.322756,0.008637,0.11249,0.246457,-0.05203,-0.319337,0.544396,-0.062349,-0.219291,0.335373,0.048088
234,3.9,0.17895,0.278362,-0.013565,0.053714,0.322706,0.008548,0.112505,0.246419,-0.052213,-0.319281,0.544365,-0.062353,-0.219208,0.335348,0.048079
235,3.916667,0.178995,0.278237,-0.013667,0.053792,0.322663,0.008476,0.112525,0.246372,-0.05236,-0.319228,0.544335,-0.06236,-0.219126,0.33533,0.048075
236,3.933333,0.179036,0.278115,-0.013746,0.053867,0.322631,0.008421,0.112548,0.246319,-0.052468,-0.319179,0.544309,-0.062369,-0.219051,0.335317,0.048076
237,3.95,0.17907,0.277997,-0.0138,0.053937,0.322613,0.008386,0.11257,0.246269,-0.052541,-0.319135,0.544288,-0.062379,-0.218984,0.335311,0.048083
238,3.966667,0.179095,0.277883,-0.013826,0.054001,0.32261,0.008375,0.112587,0.246235,-0.052583,-0.319097,0.544271,-0.062391,-0.21893,0.335314,0.048098
239,3.983333,0.17911,0.277782,-0.01382,0.054055,0.322625,0.008394,0.1126,0.246226,-0.052593,-0.319065,0.544257,-0.062404,-0.21889,0.335324,0.048127
240,4,0.179115,0.277705,-0.013776,0.054098,0.32266,0.008448,0.11261,0.246242,-0.052563,-0.319038,0.544243,-0.062418,-0.218865,0.33534,0.04817
241,4.016667,0.179114,0.277667,-0.013685,0.054124,0.322715,0.008542,0.112619,0.24628,-0.052477,-0.319015,0.544228,-0.062433,-0.218855,0.33536,0.048229
242,4.033333,0.179106,0.277676,-0.013534,0.054133,0.322792,0.008681,0.112632,0.246335,-0.052324,-0.318994,0.544211,-0.062448,-0.218861,0.335383,0.048303
243,4.05,0.179093,0.277727,-0.013308,0.054125,0.32289,0.008875,0.112651,0.246411,-0.052092,-0.318973,0.544191,-0.062464,-0.218883,0.335406,0.048393
244,4.066667,0.179078,0.277807,-0.012991,0.054106,0.323008,0.009135,0.112682,0.246513,-0.051774,-0.318952,0.544169,-0.06248,-0.218922,0.33543,0.048499
245,4.083333,0.179061,0.277907,-0.012567,0.054082,0.323145,0.009474,0.112728,0.246647,-0.051361,-0.318931,0.544147,-0.062497,-0.218979,0.335457,0.048623
246,4.1,0.179046,0.278022,-0.012022,0.054056,0.323301,0.009904,0.112796,0.246822,-0.050842,-0.318907,0.544124,-0.062517,-0.219052,0.335486,0.048765
247,4.116667,0.179036,0.278156,-0.011341,0.054031,0.323478,0.010435,0.112891,0.247037,-0.050205,-0.318881,0.544098,-0.062543,-0.219141,0.335516,0.048927
248,4.133333,0.179035,0.278318,-0.01051,0.054009,0.323683,0.011078,0.113016,0.247288,-0.049429,-0.31885,0.544068,-0.062576,-0.219245,0.335546,0.049109
249,4.15,0.179046,0.278521,-0.009512,0.053988,0.323919,0.011844,0.113173,0.247568,-0.048499,-0.31881,0.54403,-0.062617,-0.219364,0.335573,0.049312
250,4.166667,0.179072,0.278776,-0.00833,0.053968,0.324191,0.012747,0.113367,0.247883,-0.047402,-0.31876,0.543982,-0.062667,-0.219497,0.335599,0.049537
251,4.183333,0.179112,0.279096,-0.00695,0.053946,0.324501,0.013797,0.113598,0.248243,-0.046137,-0.318699,0.543924,-0.062726,-0.219642,0.335625,0.04979
252,4.2,0.179166,0.279488,-0.005364,0.053921,0.32485,0.015002,0.11386,0.24866,-0.044707,-0.318628,0.54386,-0.062794,-0.219799,0.335657,0.050076
253,4.216667,0.179232,0.279953,-0.003566,0.053891,0.325242,0.016368,0.114148,0.249139,-0.043112,-0.318549,0.543792,-0.06287,-0.219972,0.3357,0.050402
254,4.233333,0.179303,0.280483,-0.001556,0.053853,0.325677,0.017897,0.114456,0.249677,-0.041347,-0.318465,0.543724,-0.062951,-0.220162,0.335759,0.050776
255,4.25,0.179373,0.281075,0.000668,0.053803,0.32616,0.019591,0.114779,0.250272,-0.0394,-0.31838,0.543659,-0.063032,-0.220373,0.335841,0.051204
256,4.266667,0.179436,0.281727,0.003109,0.053737,0.326695,0.021451,0.115113,0.250918,-0.037262,-0.318296,0.543599,-0.06311,-0.220606,0.33595,0.051693
257,4.283333,0.179488,0.282448,0.005772,0.05365,0.327287,0.023484,0.115454,0.251617,-0.034919,-0.318213,0.543545,-0.063182,-0.220862,0.33609,0.052249
258,4.3,0.179524,0.283247,0.008664,0.053539,0.327942,0.025697,0.115801,0.252374,-0.032361,-0.318132,0.543496,-0.063243,-0.221142,0.336263,0.052878
259,4.316667,0.179543,0.284138,0.011798,0.053399,0.328663,0.028099,0.116156,0.253204,-0.029579,-0.318054,0.54345,-0.063288,-0.221446,0.336469,0.053587
260,4.333333,0.179545,0.285131,0.015187,0.05323,0.329454,0.030696,0.116518,0.254115,-0.026564,-0.317979,0.543407,-0.063314,-0.221776,0.33671,0.05438
261,4.35,0.179527,0.286223,0.018841,0.053032,0.330317,0.033494,0.11689,0.255106,-0.023306,-0.317908,0.543367,-0.063322,-0.222131,0.336984,0.055256
262,4.366667,0.179489,0.287404,0.022762,0.052807,0.33125,0.036495,0.117272,0.25617,-0.019798,-0.317841,0.543331,-0.06331,-0.222507,0.337293,0.05621
263,4.383333,0.179431,0.288665,0.026951,0.052558,0.33225,0.039697,0.117668,0.257301,-0.016043,-0.317782,0.5433,-0.063281,-0.222902,0.337636,0.057235
264,4.4,0.17935,0.289997,0.0314,0.052289,0.333312,0.043093,0.118078,0.258496,-0.012051,-0.317733,0.543274,-0.063236,-0.22331,0.338013,0.058328
265,4.416667,0.179247,0.291396,0.036093,0.051999,0.334431,0.046675,0.118499,0.259753,-0.007842,-0.317692,0.543252,-0.063178,-0.223729,0.338421,0.059484
266,4.433333,0.17912,0.29286,0.041014,0.051687,0.335605,0.050431,0.118927,0.261074,-0.003435,-0.317656,0.543234,-0.063112,-0.224155,0.33886,0.060697
267,4.45,0.178963,0.294393,0.046147,0.051348,0.336834,0.054349,0.119348,0.262457,0.001164,-0.317622,0.543217,-0.063039,-0.22459,0.339327,0.061958
268,4.466667,0.178768,0.296001,0.051481,0.050975,0.338118,0.058424,0.119737,0.2639,0.005962,-0.317589,0.543204,-0.062964,-0.225033,0.339818,0.063263
269,4.483333,0.17853,0.29769,0.057009,0.050563,0.339457,0.062649,0.120085,0.265402,0.010955,-0.317555,0.543193,-0.062886,-0.225488,0.340331,0.064604
270,4.5,0.178239,0.29946,0.062725,0.050104,0.340851,0.067015,0.120391,0.266964,0.016127,-0.31752,0.543186,-0.062803,-0.225959,0.340864,0.065977
271,4.516667,0.177886,0.301308,0.068624,0.049588,0.3423,0.071519,0.120654,0.268587,0.021466,-0.317487,0.543182,-0.062714,-0.22645,0.341412,0.067379
272,4.533333,0.177461,0.303229,0.074701,0.049009,0.343801,0.076157,0.120874,0.270276,0.026963,-0.317455,0.543182,-0.062618,-0.226964,0.341973,0.068807
273,4.55,0.176953,0.305216,0.080955,0.048358,0.345349,0.080928,0.121045,0.272036,0.032611,-0.317423,0.543187,-0.062516,-0.227503,0.342544,0.070256
274,4.566667,0.176352,0.307259,0.087384,0.047628,0.346937,0.085831,0.121158,0.273865,0.038404,-0.317391,0.543197,-0.062411,-0.228071,0.343125,0.071723
275,4.583333,0.175652,0.309346,0.093978,0.046812,0.348556,0.090857,0.121205,0.275751,0.044336,-0.317358,0.543213,-0.062306,-0.228673,0.343713,0.07321
276,4.6,0.174843,0.311457,0.100724,0.045909,0.350195,0.095991,0.121175,0.277676,0.050397,-0.317326,0.543236,-0.062199,-0.229311,0.344311,0.074715
277,4.616667,0.173923,0.313571,0.1076,0.044917,0.35184,0.101216,0.121056,0.279615,0.056574,-0.317297,0.543264,-0.062091,-0.229987,0.344918,0.07624
278,4.633333,0.172887,0.315666,0.114579,0.043837,0.353479,0.106513,0.12084,0.281538,0.062853,-0.317275,0.543297,-0.061981,-0.230701,0.345538,0.077785
279,4.65,0.171735,0.317724,0.121635,0.04267,0.355098,0.111864,0.120516,0.283424,0.069217,-0.317265,0.543336,-0.061867,-0.231454,0.34617,0.079351
280,4.666667,0.170471,0.319734,0.128743,0.041417,0.356685,0.117257,0.12008,0.285257,0.075643,-0.31727,0.54338,-0.061747,-0.232245,0.346816,0.08094
281,4.683333,0.169092,0.321685,0.135885,0.040076,0.358227,0.122679,0.119529,0.287027,0.082114,-0.317293,0.543431,-0.061618,-0.233074,0.347475,0.08255
282,4.7,0.167599,0.323566,0.143047,0.038648,0.359713,0.128118,0.118861,0.288724,0.088614,-0.317336,0.543491,-0.06148,-0.233942,0.348146,0.084178
283,4.716667,0.165986,0.325358,0.150218,0.037133,0.361136,0.133564,0.118072,0.290338,0.095132,-0.317399,0.543559,-0.061333,-0.234853,0.348823,0.085818
284,4.733333,0.164253,0.327049,0.15739,0.03553,0.362491,0.139014,0.11716,0.291863,0.101658,-0.317481,0.543634,-0.061175,-0.235806,0.3495,0.087464
285,4.75,0.162398,0.328637,0.164562,0.033837,0.363772,0.144466,0.116127,0.2933,0.108187,-0.317582,0.543712,-0.061005,-0.236804,0.350166,0.089111
286,4.766667,0.160421,0.330124,0.171735,0.032054,0.364972,0.149919,0.114976,0.294654,0.114714,-0.317698,0.543788,-0.060825,-0.237846,0.350813,0.090755
287,4.783333,0.158321,0.33151,0.17891,0.030179,0.366084,0.155373,0.113709,0.295922,0.121237,-0.317825,0.543856,-0.060635,-0.238928,0.351432,0.09239
288,4.8,0.156099,0.33279,0.186083,0.028211,0.3671,0.160823,0.112327,0.29709,0.127755,-0.31796,0.543913,-0.060438,-0.24005,0.352018,0.094013
289,4.816667,0.153756,0.333952,0.193247,0.026152,0.368016,0.166262,0.110827,0.298138,0.134267,-0.318099,0.543959,-0.060232,-0.241211,0.352564,0.09562
290,4.833333,0.151292,0.33498,0.200391,0.024004,0.368822,0.171678,0.109207,0.299048,0.140769,-0.31824,0.543992,-0.060021,-0.242412,0.353069,0.097209
291,4.85,0.14871,0.335862,0.207504,0.021769,0.369513,0.177062,0.107464,0.299808,0.14725,-0.318378,0.544012,-0.059807,-0.243651,0.35353,0.098776
292,4.866667,0.146011,0.336592,0.214575,0.019449,0.370081,0.18241,0.105602,0.300417,0.153698,-0.318512,0.544019,-0.059591,-0.244929,0.353946,0.100319
293,4.883333,0.143199,0.337169,0.221597,0.017044,0.370521,0.18772,0.103623,0.300881,0.1601,-0.318638,0.544013,-0.059372,-0.246244,0.35432,0.101842
294,4.9,0.14028,0.337587,0.228569,0.014562,0.370828,0.192997,0.101537,0.301205,0.166455,-0.318755,0.543993,-0.05915,-0.247592,0.354655,0.103349
295,4.916667,0.137262,0.337837,0.235497,0.01201,0.371002,0.198244,0.099351,0.30139,0.172765,-0.318862,0.543959,-0.058922,-0.248969,0.354954,0.104843
296,4.933333,0.134151,0.337915,0.242393,0.009401,0.371045,0.20347,0.097071,0.30143,0.179042,-0.318963,0.54391,-0.058687,-0.250366,0.355221,0.106329
297,4.95,0.130956,0.337822,0.249271,0.006745,0.370965,0.208682,0.094706,0.301327,0.185298,-0.319063,0.543844,-0.058443,-0.251773,0.35546,0.10781
298,4.966667,0.12769,0.337571,0.256143,0.004051,0.370764,0.213892,0.09227,0.301084,0.191548,-0.319164,0.543762,-0.05819,-0.253178,0.355674,0.109291
299,4.983333,0.124363,0.337178,0.263023,0.001329,0.370447,0.219111,0.089779,0.300714,0.197806,-0.319272,0.543665,-0.057929,-0.254563,0.355873,0.110773
300,5,0.120987,0.336654,0.269928,-0.001406,0.370017,0.224349,0.08725,0.300225,0.204082,-0.319393,0.543557,-0.057661,-0.255911,0.356067,0.112255
301,5.016667,0.117569,0.335997,0.276864,-0.004144,0.369474,0.229609,0.084691,0.299611,0.210388,-0.319533,0.543446,-0.05739,-0.257204,0.356267,0.113736
302,5.033333,0.114113,0.335195,0.28383,-0.006875,0.368814,0.234883,0.082097,0.298853,0.216732,-0.319696,0.54334,-0.057121,-0.258429,0.356483,0.11521
303,5.05,0.110622,0.334227,0.290808,-0.009592,0.368026,0.240152,0.079468,0.297928,0.223099,-0.319879,0.543249,-0.056861,-0.259582,0.356717,0.116668
304,5.066667,0.107102,0.333076,0.297771,-0.012289,0.367097,0.245395,0.076808,0.296818,0.229455,-0.320078,0.54318,-0.056616,-0.26066,0.356967,0.118094
305,5.083333,0.10356,0.331719,0.304681,-0.014962,0.366022,0.250592,0.074118,0.295508,0.235756,-0.320284,0.543138,-0.05639,-0.261674,0.357221,0.119492
306,5.1,0.100002,0.330137,0.311502,-0.017612,0.364798,0.255731,0.0714,0.293992,0.241956,-0.320486,0.543121,-0.056187,-0.262648,0.357461,0.120873
307,5.116667,0.09643,0.328314,0.318197,-0.020242,0.363428,0.260793,0.06865,0.292266,0.248018,-0.320678,0.543125,-0.056005,-0.263596,0.357676,0.122235
308,5.133333,0.092842,0.326242,0.324728,-0.022857,0.36191,0.265752,0.065854,0.290327,0.25392,-0.320853,0.543143,-0.055845,-0.264526,0.357866,0.123563
309,5.15,0.089236,0.323922,0.331061,-0.025465,0.360245,0.27058,0.063002,0.288171,0.25964,-0.321008,0.543172,-0.055704,-0.265441,0.35804,0.12485
310,5.166667,0.085611,0.321354,0.337159,-0.028066,0.358434,0.275249,0.06009,0.285797,0.26515,-0.321144,0.543208,-0.055579,-0.266349,0.358197,0.126087
311,5.183333,0.08197,0.318534,0.342987,-0.030662,0.356479,0.279731,0.057114,0.283205,0.270426,-0.321262,0.543248,-0.055464,-0.267263,0.358323,0.127271
312,5.2,0.078321,0.315461,0.348514,-0.03325,0.354378,0.284002,0.054071,0.280398,0.275441,-0.321364,0.543287,-0.055352,-0.268193,0.358409,0.128397
313,5.216667,0.074676,0.312146,0.353716,-0.035827,0.352128,0.288045,0.050964,0.277379,0.280172,-0.321454,0.543318,-0.055239,-0.269151,0.358447,0.129467
314,5.233333,0.071044,0.308598,0.35858,-0.038386,0.349731,0.291854,0.047796,0.27415,0.284602,-0.321531,0.543339,-0.055122,-0.270141,0.358431,0.130484
315,5.25,0.067437,0.304817,0.363102,-0.040922,0.347186,0.29543,0.044572,0.270711,0.288724,-0.321597,0.543345,-0.054999,-0.271163,0.358359,0.131448
316,5.266667,0.063856,0.300792,0.36729,-0.043428,0.344493,0.298786,0.041302,0.267068,0.292529,-0.321651,0.543337,-0.054872,-0.272213,0.35823,0.132357
317,5.283333,0.060298,0.296506,0.37116,-0.045896,0.341652,0.30194,0.037988,0.263221,0.296027,-0.321695,0.543314,-0.054741,-0.273281,0.358043,0.133212
318,5.3,0.056765,0.291944,0.374727,-0.048317,0.338666,0.304908,0.034624,0.259161,0.299241,-0.321731,0.543276,-0.054606,-0.27436,0.357802,0.134015
319,5.316667,0.053258,0.287092,0.378003,-0.050681,0.335535,0.307704,0.031209,0.254882,0.302189,-0.321761,0.543225,-0.054468,-0.275436,0.35751,0.134767
320,5.333333,0.04978,0.281937,0.380996,-0.052982,0.332259,0.310345,0.027744,0.250384,0.304881,-0.321785,0.543162,-0.05433,-0.276499,0.357171,0.135473
321,5.35,0.046329,0.276472,0.383714,-0.055212,0.328843,0.312846,0.024232,0.245676,0.307326,-0.321803,0.543089,-0.054194,-0.277538,0.356792,0.136134
322,5.366667,0.042901,0.270692,0.386171,-0.057366,0.325292,0.315221,0.020678,0.24077,0.309527,-0.321819,0.543007,-0.054061,-0.278543,0.356375,0.136752
323,5.383333,0.039489,0.264607,0.38838,-0.059435,0.321609,0.317482,0.017093,0.235681,0.311486,-0.321834,0.542915,-0.053934,-0.279503,0.355927,0.137328
324,5.4,0.036092,0.258241,0.390356,-0.061414,0.317802,0.319636,0.013487,0.230431,0.31321,-0.321847,0.542814,-0.053814,-0.280407,0.355452,0.137864
325,5.416667,0.032711,0.251631,0.392116,-0.063299,0.313879,0.32169,0.009867,0.225042,0.314708,-0.321859,0.542704,-0.053705,-0.281244,0.354959,0.138365
326,5.433333,0.029346,0.244814,0.393673,-0.065089,0.309853,0.323653,0.006235,0.219537,0.315994,-0.321866,0.542589,-0.053613,-0.282007,0.354455,0.13883
327,5.45,0.025992,0.23783,0.395035,-0.066789,0.305743,0.325532,0.002597,0.213947,0.317083,-0.321869,0.542471,-0.053539,-0.282689,0.353946,0.139263
328,5.466667,0.022651,0.230727,0.396212,-0.068405,0.301568,0.327327,-0.001037,0.20831,0.317994,-0.321866,0.542352,-0.053483,-0.283287,0.353442,0.139669
329,5.483333,0.019331,0.223575,0.397216,-0.069944,0.297354,0.329033,-0.004652,0.202666,0.318748,-0.321857,0.542233,-0.053446,-0.283799,0.352948,0.140055
330,5.5,0.016049,0.216458,0.398059,-0.071414,0.293135,0.330641,-0.008231,0.197064,0.319371,-0.32184,0.54211,-0.053425,-0.284227,0.352466,0.140428
331,5.516667,0.012824,0.209475,0.398759,-0.072828,0.288953,0.332148,-0.011752,0.191564,0.319888,-0.321812,0.541981,-0.053418,-0.284581,0.35199,0.140788
332,5.533333,0.009673,0.202721,0.399344,-0.074201,0.284858,0.333559,-0.015188,0.186235,0.320324,-0.32177,0.54184,-0.053421,-0.284875,0.351505,0.141132
333,5.55,0.006611,0.19629,0.399845,-0.075552,0.280898,0.334882,-0.018505,0.181152,0.320699,-0.321714,0.541685,-0.053431,-0.285124,0.351005,0.141451
334,5.566667,0.003663,0.190274,0.400293,-0.076903,0.277118,0.336111,-0.021662,0.17638,0.321032,-0.321645,0.541512,-0.053441,-0.285347,0.350494,0.141745
335,5.583333,0.000871,0.184772,0.400712,-0.07827,0.273572,0.337228,-0.024619,0.171979,0.321349,-0.321567,0.541323,-0.05345,-0.285563,0.349973,0.142013
336,5.6,-0.001719,0.179877,0.401131,-0.079646,0.270306,0.338225,-0.027336,0.167996,0.321684,-0.321484,0.541121,-0.05345,-0.28579,0.349444,0.142258
337,5.616667,-0.004069,0.17566,0.401576,-0.081014,0.267358,0.339099,-0.029788,0.164466,0.322069,-0.3214,0.540905,-0.053439,-0.286036,0.348906,0.142483
338,5.633333,-0.006166,0.17213,0.40206,-0.082352,0.264756,0.33985,-0.031969,0.161398,0.322512,-0.321316,0.540679,-0.053413,-0.286301,0.348366,0.142687
339,5.65,-0.00802,0.169234,0.402566,-0.083631,0.262511,0.340489,-0.033894,0.158779,0.322999,-0.321231,0.540443,-0.053371,-0.286583,0.347837,0.142868
340,5.666667,-0.009654,0.166884,0.403068,-0.084827,0.260613,0.341037,-0.035579,0.156584,0.323503,-0.321143,0.540203,-0.053314,-0.286884,0.347336,0.143029
341,5.683333,-0.011088,0.16499,0.403543,-0.085923,0.259042,0.341513,-0.037044,0.154778,0.323999,-0.321053,0.539964,-0.053245,-0.287202,0.34688,0.143178
342,5.7,-0.012341,0.163475,0.403976,-0.086909,0.257768,0.341934,-0.038307,0.153322,0.324468,-0.320964,0.539738,-0.053166,-0.287533,0.346487,0.143326
343,5.716667,-0.013426,0.162273,0.404358,-0.08778,0.256759,0.342313,-0.039387,0.152175,0.324897,-0.320879,0.539534,-0.053079,-0.287867,0.346166,0.143479
344,5.733333,-0.014355,0.161339,0.404685,-0.088539,0.255987,0.342651,-0.040306,0.151295,0.325283,-0.3208,0.539363,-0.052986,-0.288194,0.345919,0.143636
345,5.75,-0.015142,0.160634,0.404961,-0.089191,0.255422,0.34295,-0.041084,0.150645,0.325628,-0.320731,0.539228,-0.052888,-0.288507,0.345744,0.143793
346,5.766667,-0.015805,0.160127,0.405192,-0.089741,0.255036,0.343211,-0.041739,0.150192,0.325935,-0.320674,0.53913,-0.052787,-0.288803,0.345634,0.143948
347,5.783333,-0.016356,0.159791,0.405389,-0.090203,0.254802,0.343438,-0.042285,0.149904,0.326208,-0.320628,0.539063,-0.052684,-0.289081,0.345576,0.144097
348,5.8,-0.016807,0.159606,0.405562,-0.090589,0.254692,0.343637,-0.042731,0.149757,0.326454,-0.320592,0.53902,-0.052578,-0.289343,0.345559,0.144239
349,5.816667,-0.017167,0.159553,0.405722,-0.090918,0.254683,0.343813,-0.043084,0.14973,0.32668,-0.320566,0.538994,-0.052472,-0.289589,0.345569,0.144375
350,5.833333,-0.017446,0.15962,0.405878,-0.091202,0.254752,0.343972,-0.043347,0.149805,0.326895,-0.320547,0.538976,-0.052364,-0.289819,0.345594,0.144503
351,5.85,-0.01765,0.159796,0.40604,-0.091455,0.254878,0.344114,-0.043523,0.149965,0.327105,-0.32053,0.538961,-0.052257,-0.290032,0.345623,0.144623
352,5.866667,-0.017785,0.160066,0.406215,-0.091681,0.255042,0.34424,-0.043616,0.15019,0.327314,-0.320513,0.538946,-0.05215,-0.290225,0.34565,0.144735
353,5.883333,-0.017859,0.160414,0.406401,-0.091886,0.255227,0.344346,-0.043638,0.150461,0.327524,-0.320495,0.53893,-0.052046,-0.290399,0.345671,0.14484
354,5.9,-0.017885,0.160817,0.406595,-0.092074,0.255423,0.344436,-0.043605,0.150761,0.327739,-0.320473,0.538912,-0.051946,-0.290554,0.345682,0.144936
355,5.916667,-0.017879,0.16125,0.406792,-0.092246,0.255623,0.344512,-0.043535,0.151072,0.327959,-0.320446,0.538893,-0.051849,-0.290688,0.345684,0.145023
356,5.933333,-0.017859,0.161683,0.406987,-0.092402,0.255818,0.344577,-0.043446,0.151377,0.328182,-0.320415,0.538871,-0.051758,-0.290803,0.345675,0.145098
357,5.95,-0.017841,0.162086,0.407174,-0.092538,0.256,0.344633,-0.043357,0.151661,0.328398,-0.32038,0.538847,-0.051671,-0.290898,0.345658,0.145161
358,5.966667,-0.017832,0.162434,0.407339,-0.092652,0.256163,0.344683,-0.043278,0.151913,0.328597,-0.320344,0.538823,-0.05159,-0.290977,0.345638,0.145212
359,5.983333,-0.017835,0.162716,0.407474,-0.092745,0.256304,0.344728,-0.043213,0.152127,0.328768,-0.320309,0.538802,-0.051516,-0.291043,0.345616,0.145253
360,6,-0.017843,0.16293,0.407573,-0.09282,0.25642,0.344769,-0.043156,0.152307,0.328903,-0.320276,0.538785,-0.05145,-0.291098,0.345595,0.145285
361,6.016667,-0.017852,0.163084,0.407637,-0.092879,0.256511,0.344802,-0.043101,0.152456,0.329,-0.320245,0.538771,-0.051393,-0.291143,0.345574,0.145308
362,6.033333,-0.017858,0.163186,0.407669,-0.092923,0.256574,0.344823,-0.043048,0.152573,0.329061,-0.320217,0.538762,-0.051346,-0.291178,0.345554,0.145323
363,6.05,-0.017861,0.163244,0.407672,-0.092953,0.256611,0.344831,-0.042995,0.152659,0.329091,-0.32019,0.538755,-0.051309,-0.291203,0.345533,0.145328
364,6.066667,-0.017858,0.163268,0.407657,-0.092971,0.256624,0.344824,-0.042944,0.152718,0.329097,-0.320164,0.53875,-0.051284,-0.291216,0.34551,0.145323
365,6.083333,-0.017849,0.163272,0.407628,-0.092979,0.256618,0.344803,-0.042893,0.152754,0.329084,-0.320141,0.538745,-0.051268,-0.291221,0.345487,0.145309
366,6.1,-0.017829,0.163264,0.40759,-0.092977,0.256596,0.344769,-0.042839,0.152772,0.329053,-0.320121,0.53874,-0.051262,-0.291218,0.345463,0.145288
367,6.116667,-0.017794,0.163254,0.407542,-0.092967,0.256562,0.344721,-0.04278,0.152777,0.329008,-0.320105,0.538735,-0.051264,-0.291211,0.34544,0.145261
368,6.133333,-0.017742,0.16325,0.407486,-0.092949,0.256521,0.344659,-0.042717,0.152774,0.328948,-0.320094,0.538732,-0.051274,-0.291198,0.345417,0.145228
369,6.15,-0.017671,0.163265,0.40743,-0.092926,0.256478,0.344584,-0.042647,0.152767,0.328877,-0.32009,0.538733,-0.051291,-0.291182,0.345395,0.145186
370,6.166667,-0.017578,0.163314,0.407383,-0.092902,0.256435,0.344498,-0.042569,0.152765,0.328797,-0.320095,0.538736,-0.051313,-0.291165,0.345373,0.145138
371,6.183333,-0.017462,0.163411,0.407353,-0.092882,0.256397,0.344401,-0.042476,0.152774,0.328712,-0.32011,0.538744,-0.051337,-0.291149,0.34535,0.145083
372,6.2,-0.017327,0.16355,0.407333,-0.092869,0.256367,0.344297,-0.042367,0.152802,0.328624,-0.320138,0.538754,-0.051363,-0.291136,0.345325,0.145022
373,6.216667,-0.017181,0.163712,0.407309,-0.092864,0.256346,0.344192,-0.04224,0.152853,0.32853,-0.320176,0.538764,-0.051387,-0.29113,0.345298,0.144958
374,6.233333,-0.017033,0.163876,0.407269,-0.092867,0.256334,0.344092,-0.042093,0.152929,0.328428,-0.320225,0.538774,-0.051409,-0.291132,0.345267,0.144893
375,6.25,-0.016886,0.164032,0.407209,-0.092879,0.25633,0.344003,-0.041933,0.153025,0.328317,-0.320282,0.538781,-0.05143,-0.291141,0.345235,0.144829
376,6.266667,-0.016748,0.164174,0.407136,-0.092897,0.256333,0.343924,-0.04177,0.153133,0.328204,-0.320346,0.538785,-0.05145,-0.291156,0.345203,0.144767
377,6.283333,-0.016624,0.164302,0.407058,-0.092915,0.256341,0.34385,-0.041622,0.153237,0.328099,-0.320415,0.538789,-0.051471,-0.291173,0.345172,0.144707
378,6.3,-0.01652,0.164412,0.406981,-0.092926,0.256353,0.343773,-0.0415,0.153325,0.32801,-0.320487,0.538795,-0.051495,-0.291187,0.345146,0.144646
379,6.316667,-0.016435,0.164504,0.406904,-0.092929,0.256368,0.343694,-0.041406,0.153396,0.327936,-0.320559,0.538806,-0.051525,-0.291195,0.345128,0.144584
380,6.333333,-0.016367,0.164581,0.406827,-0.092925,0.256386,0.343614,-0.041333,0.153457,0.327873,-0.32063,0.538822,-0.051562,-0.291199,0.345122,0.144522
381,6.35,-0.016309,0.164651,0.406752,-0.092921,0.256412,0.343542,-0.041271,0.15352,0.327819,-0.320699,0.538846,-0.051606,-0.291201,0.34513,0.144463
382,6.366667,-0.016255,0.164728,0.406685,-0.09292,0.256447,0.34348,-0.041213,0.153596,0.327773,-0.320764,0.538875,-0.051655,-0.291203,0.345153,0.144407
383,6.383333,-0.016201,0.16483,0.406635,-0.092925,0.256497,0.343431,-0.041154,0.153692,0.327741,-0.320826,0.538909,-0.051711,-0.291206,0.345187,0.144354
384,6.4,-0.016146,0.164973,0.406611,-0.092939,0.256568,0.343394,-0.041092,0.153816,0.327731,-0.320884,0.538948,-0.051774,-0.291207,0.345233,0.144301
385,6.416667,-0.016088,0.165171,0.406617,-0.092967,0.256664,0.343369,-0.041027,0.153976,0.327748,-0.32094,0.538994,-0.051844,-0.291209,0.345289,0.144246
386,6.433333,-0.016029,0.165425,0.406648,-0.093011,0.256788,0.343355,-0.040957,0.154176,0.327796,-0.320992,0.539049,-0.051921,-0.291212,0.345355,0.144187
387,6.45,-0.015973,0.165727,0.406696,-0.093079,0.256943,0.343356,-0.040886,0.154419,0.327868,-0.32104,0.539115,-0.052007,-0.291221,0.345435,0.144124
388,6.466667,-0.015925,0.166068,0.406755,-0.093174,0.257125,0.343377,-0.040815,0.154705,0.327957,-0.321085,0.539195,-0.052102,-0.291238,0.345531,0.144056
389,6.483333,-0.015892,0.166438,0.406826,-0.093299,0.257332,0.343421,-0.040749,0.155029,0.328057,-0.321125,0.539288,-0.052206,-0.291266,0.345645,0.143985
390,6.5,-0.015879,0.166831,0.406913,-0.09345,0.257562,0.343486,-0.040694,0.155381,0.328171,-0.321158,0.539389,-0.052322,-0.291301,0.345775,0.143915
391,6.516667,-0.015895,0.167237,0.407027,-0.093615,0.257809,0.343563,-0.040661,0.155742,0.328306,-0.321183,0.539496,-0.05245,-0.291339,0.345919,0.143848
392,6.533333,-0.015942,0.167645,0.407168,-0.093779,0.25807,0.343643,-0.040661,0.156092,0.328467,-0.321205,0.539605,-0.052589,-0.291372,0.346075,0.143786
393,6.55,-0.01602,0.168042,0.407331,-0.093934,0.258337,0.343717,-0.040698,0.156416,0.32865,-0.321229,0.539713,-0.052737,-0.291399,0.346242,0.143732
394,6.566667,-0.016122,0.168416,0.407503,-0.094074,0.258602,0.343782,-0.040771,0.156708,0.328843,-0.321261,0.539821,-0.052889,-0.291424,0.346416,0.143685
395,6.583333,-0.016238,0.16876,0.407668,-0.094204,0.258858,0.343839,-0.040872,0.156968,0.329032,-0.321304,0.539927,-0.053041,-0.291454,0.346599,0.14365
396,6.6,-0.01636,0.169072,0.407814,-0.094326,0.259103,0.343887,-0.040989,0.157204,0.329201,-0.321361,0.540034,-0.053188,-0.291495,0.346788,0.143627
397,6.616667,-0.016483,0.169354,0.407932,-0.094442,0.259335,0.343924,-0.041113,0.157423,0.329341,-0.321438,0.540143,-0.053327,-0.29155,0.346982,0.143615
398,6.633333,-0.016603,0.169614,0.408018,-0.094548,0.259559,0.343943,-0.041244,0.157628,0.329448,-0.321538,0.540256,-0.053455,-0.291621,0.34718,0.143611
399,6.65,-0.016713,0.169865,0.40807,-0.094643,0.259783,0.343941,-0.041375,0.157827,0.329524,-0.321661,0.540373,-0.053569,-0.291709,0.34738,0.143612
400,6.666667,-0.016802,0.170127,0.408089,-0.094726,0.260017,0.343915,-0.041493,0.158036,0.329569,-0.321807,0.540494,-0.053667,-0.291814,0.347579,0.143614
401,6.683333,-0.016858,0.170422,0.408076,-0.094794,0.26027,0.343865,-0.041581,0.158276,0.329586,-0.321968,0.540615,-0.053749,-0.291934,0.347773,0.143616
402,6.7,-0.016871,0.170765,0.408031,-0.094848,0.260553,0.343792,-0.041625,0.158562,0.329571,-0.32214,0.540735,-0.053816,-0.292068,0.347959,0.143615
403,6.716667,-0.016827,0.171168,0.407946,-0.094881,0.260874,0.343693,-0.041618,0.158903,0.32952,-0.322314,0.540851,-0.053868,-0.292215,0.348136,0.143608
404,6.733333,-0.016717,0.171634,0.407816,-0.094886,0.261238,0.343565,-0.041552,0.159304,0.329425,-0.322482,0.540964,-0.053905,-0.292369,0.348306,0.14359
405,6.75,-0.01653,0.172164,0.407638,-0.094854,0.261646,0.343407,-0.041419,0.159765,0.329281,-0.322641,0.541075,-0.053929,-0.29252,0.348471,0.143561
406,6.766667,-0.016262,0.172752,0.407413,-0.094773,0.262097,0.34322,-0.041208,0.160285,0.329087,-0.322784,0.541186,-0.053944,-0.292659,0.348636,0.143521
407,6.783333,-0.015913,0.173392,0.407147,-0.094629,0.262592,0.343004,-0.040915,0.16086,0.328848,-0.322911,0.541296,-0.053954,-0.292771,0.348804,0.143473
408,6.8,-0.015482,0.174079,0.406845,-0.09441,0.26313,0.342756,-0.040542,0.161482,0.328574,-0.32302,0.541408,-0.053965,-0.292846,0.34898,0.143417
409,6.816667,-0.014966,0.174812,0.40651,-0.094101,0.263714,0.342468,-0.040095,0.162139,0.328272,-0.323109,0.541526,-0.053981,-0.29287,0.34917,0.143353
410,6.833333,-0.01436,0.175586,0.406138,-0.093687,0.264346,0.342134,-0.039578,0.162824,0.327945,-0.32318,0.541653,-0.054005,-0.292835,0.349381,0.143279
411,6.85,-0.013656,0.176403,0.40572,-0.093159,0.265029,0.341748,-0.038985,0.163539,0.327586,-0.323232,0.541792,-0.054041,-0.292735,0.349621,0.143198
412,6.866667,-0.012837,0.177269,0.405248,-0.09251,0.265769,0.341308,-0.038299,0.164297,0.327184,-0.323266,0.541944,-0.054092,-0.292569,0.349894,0.143111
413,6.883333,-0.011888,0.178199,0.40471,-0.091738,0.266572,0.340812,-0.037501,0.165113,0.326725,-0.323281,0.542106,-0.054158,-0.292339,0.350202,0.143019
414,6.9,-0.010791,0.179209,0.404096,-0.090838,0.267447,0.340255,-0.036569,0.166008,0.326196,-0.323279,0.542278,-0.054241,-0.292046,0.350546,0.142923
415,6.916667,-0.009529,0.180316,0.403391,-0.089808,0.268401,0.339629,-0.035486,0.166997,0.325583,-0.323263,0.542457,-0.054339,-0.291691,0.350923,0.14282
416,6.933333,-0.00809,0.181529,0.402582,-0.08864,0.269442,0.338922,-0.03424,0.168091,0.324871,-0.323238,0.542642,-0.054451,-0.291277,0.351331,0.142706
417,6.95,-0.00646,0.182859,0.401649,-0.087335,0.270578,0.338124,-0.032819,0.169301,0.324042,-0.323205,0.542835,-0.054576,-0.290806,0.351767,0.142575
418,6.966667,-0.004624,0.184317,0.400572,-0.085904,0.271813,0.337223,-0.031208,0.170637,0.32307,-0.323169,0.543035,-0.054715,-0.290281,0.352227,0.142422
419,6.983333,-0.002569,0.185913,0.399329,-0.084343,0.273149,0.336207,-0.029389,0.172116,0.321932,-0.323129,0.54324,-0.054868,-0.289707,0.352709,0.142242
420,7,-0.000281,0.187662,0.397903,-0.082643,0.274592,0.335062,-0.027349,0.173753,0.320605,-0.323087,0.543449,-0.055036,-0.28909,0.353209,0.142033
421,7.016667,0.002246,0.189576,0.396277,-0.080801,0.276147,0.333782,-0.025082,0.17556,0.319068,-0.323044,0.54366,-0.055219,-0.288435,0.353725,0.141793
422,7.033333,0.005018,0.191665,0.394442,-0.078804,0.277811,0.332366,-0.02259,0.177539,0.317311,-0.323001,0.543867,-0.055415,-0.287747,0.354254,0.14152
423,7.05,0.008032,0.19394,0.392394,-0.076637,0.279578,0.330817,-0.019883,0.179692,0.315335,-0.322962,0.544066,-0.055623,-0.287028,0.354791,0.141209
424,7.066667,0.011281,0.196403,0.390129,-0.074308,0.281454,0.329123,-0.016975,0.182009,0.313153,-0.322931,0.544254,-0.055838,-0.28627,0.355333,0.140851
425,7.083333,0.014748,0.199046,0.387649,-0.071829,0.283449,0.32726,-0.01389,0.18447,0.310783,-0.322911,0.544429,-0.05606,-0.285463,0.355874,0.140437
426,7.1,0.018412,0.201848,0.384955,-0.069201,0.285563,0.325206,-0.010656,0.187046,0.308242,-0.322903,0.54459,-0.056288,-0.284593,0.356412,0.139961
427,7.116667,0.022253,0.204787,0.382057,-0.066422,0.287785,0.322956,-0.007297,0.189707,0.305543,-0.322908,0.54474,-0.056521,-0.283654,0.356947,0.139423
428,7.133333,0.026251,0.207839,0.378959,-0.063497,0.290096,0.32051,-0.003834,0.192426,0.302696,-0.322923,0.544881,-0.056758,-0.282643,0.357479,0.13883
429,7.15,0.030392,0.210981,0.375669,-0.060437,0.292478,0.317878,-0.000278,0.195185,0.299701,-0.322947,0.545015,-0.056995,-0.281562,0.358008,0.138191
430,7.166667,0.034659,0.214188,0.372189,-0.057257,0.294911,0.315074,0.003366,0.197971,0.296555,-0.322982,0.545144,-0.057228,-0.280415,0.358536,0.137511
431,7.183333,0.039039,0.217435,0.36852,-0.053972,0.297374,0.312113,0.00709,0.200774,0.29325,-0.323032,0.545276,-0.057455,-0.279203,0.359066,0.136794
432,7.2,0.043514,0.220692,0.364661,-0.050592,0.299847,0.309,0.010886,0.203575,0.289781,-0.323099,0.545413,-0.057677,-0.277928,0.3596,0.136045
433,7.216667,0.048073,0.22393,0.36061,-0.04712,0.302311,0.305737,0.014741,0.206351,0.286142,-0.323186,0.545559,-0.057895,-0.276589,0.360141,0.135267
434,7.233333,0.052707,0.227122,0.356366,-0.043557,0.304747,0.30232,0.018645,0.20908,0.282332,-0.323291,0.545713,-0.058107,-0.275187,0.360692,0.134464
435,7.25,0.057414,0.230251,0.35192,-0.039902,0.307143,0.298743,0.022589,0.211742,0.278347,-0.32341,0.545875,-0.058315,-0.273717,0.361254,0.133638
436,7.266667,0.062194,0.2333,0.347262,-0.036153,0.309486,0.295003,0.02657,0.214322,0.274177,-0.323538,0.546042,-0.058523,-0.272175,0.36183,0.132791
437,7.283333,0.06705,0.236256,0.342377,-0.032314,0.311765,0.2911,0.030587,0.216813,0.269815,-0.323668,0.546213,-0.058731,-0.270561,0.362419,0.131926
438,7.3,0.071975,0.239112,0.33726,-0.028393,0.313976,0.287038,0.03464,0.219217,0.265254,-0.323798,0.546388,-0.058941,-0.268875,0.363019,0.131043
439,7.316667,0.076961,0.241861,0.331911,-0.024398,0.316116,0.28282,0.038728,0.221536,0.260498,-0.323923,0.546564,-0.059154,-0.26712,0.363629,0.130139
440,7.333333,0.081998,0.244498,0.326334,-0.020333,0.318184,0.278447,0.042842,0.223767,0.255551,-0.324041,0.546742,-0.059371,-0.265294,0.364248,0.129208
441,7.35,0.087073,0.247019,0.320534,-0.016203,0.320178,0.273914,0.046977,0.225904,0.250419,-0.324153,0.546921,-0.059592,-0.263393,0.364875,0.128246
442,7.366667,0.092176,0.24942,0.314519,-0.012013,0.3221,0.269219,0.051123,0.227945,0.245102,-0.324257,0.547101,-0.059819,-0.261417,0.365508,0.127245
443,7.383333,0.097294,0.251707,0.308295,-0.007772,0.323956,0.264365,0.055264,0.229894,0.239608,-0.324351,0.547282,-0.06005,-0.25937,0.366142,0.126201
444,7.4,0.102414,0.253902,0.301876,-0.003499,0.325755,0.259362,0.059389,0.231763,0.233952,-0.324432,0.547461,-0.060287,-0.257262,0.366769,0.125108
445,7.416667,0.107523,0.256033,0.295278,0.000785,0.327505,0.254221,0.0635,0.233576,0.228142,-0.324497,0.547634,-0.060529,-0.2551,0.367377,0.123961
446,7.433333,0.112611,0.258128,0.288514,0.00506,0.329215,0.248946,0.067595,0.235352,0.222186,-0.324544,0.547799,-0.060773,-0.252895,0.36796,0.122757
447,7.45,0.117666,0.260202,0.281593,0.009315,0.330887,0.243532,0.071668,0.237097,0.216088,-0.324575,0.547951,-0.06102,-0.250653,0.368512,0.121492
448,7.466667,0.12268,0.262258,0.274507,0.013542,0.332524,0.237971,0.075706,0.238809,0.209843,-0.324592,0.548091,-0.061266,-0.248382,0.369031,0.120167
449,7.483333,0.127641,0.264289,0.267242,0.017733,0.334127,0.232258,0.079697,0.240489,0.203441,-0.324598,0.548218,-0.061512,-0.246091,0.369515,0.118776
450,7.5,0.13254,0.266295,0.25979,0.021877,0.335702,0.226392,0.083633,0.242146,0.196871,-0.324591,0.548333,-0.061757,-0.243791,0.369965,0.117319
451,7.516667,0.137369,0.26829,0.252149,0.025962,0.337254,0.220378,0.087511,0.243794,0.190126,-0.324572,0.548437,-0.062003,-0.24149,0.370377,0.115795
452,7.533333,0.142124,0.270287,0.244317,0.029977,0.338789,0.214216,0.091332,0.245448,0.183204,-0.324541,0.548531,-0.062249,-0.239195,0.370755,0.114207
453,7.55,0.1468,0.272296,0.236294,0.033917,0.340312,0.207908,0.095091,0.247115,0.176104,-0.324497,0.548612,-0.062496,-0.236905,0.371099,0.112554
454,7.566667,0.15139,0.27432,0.228077,0.03778,0.341826,0.201452,0.098776,0.248792,0.168831,-0.324442,0.548678,-0.062744,-0.23462,0.371413,0.110837
455,7.583333,0.155885,0.276357,0.219667,0.041563,0.343335,0.194844,0.102378,0.25047,0.161392,-0.324375,0.54873,-0.062998,-0.23234,0.3717,0.109056
456,7.6,0.160276,0.278404,0.211066,0.045261,0.344839,0.188085,0.10588,0.252143,0.153792,-0.324296,0.54877,-0.063258,-0.230066,0.371966,0.107208
457,7.616667,0.164551,0.280459,0.202277,0.048868,0.34634,0.181174,0.109262,0.253813,0.146044,-0.324206,0.548803,-0.063524,-0.227802,0.372215,0.105293
458,7.633333,0.168701,0.28252,0.193303,0.052374,0.347837,0.174116,0.112509,0.255486,0.13815,-0.324107,0.548835,-0.063796,-0.225553,0.372451,0.10331
459,7.65,0.172717,0.28459,0.184146,0.055771,0.349328,0.16692,0.115629,0.257162,0.1301,-0.324002,0.548868,-0.064072,-0.223328,0.372672,0.101263
460,7.666667,0.176588,0.286667,0.174807,0.05905,0.350813,0.159593,0.118625,0.258845,0.121886,-0.323894,0.548906,-0.064351,-0.221136,0.372873,0.099159
461,7.683333,0.180303,0.288747,0.165292,0.062202,0.352289,0.152145,0.121488,0.260536,0.113512,-0.323786,0.548947,-0.064631,-0.218985,0.373046,0.097007
462,7.7,0.183854,0.290826,0.15561,0.065221,0.353753,0.14458,0.124206,0.262227,0.104987,-0.323679,0.548991,-0.064913,-0.216875,0.373189,0.094806
463,7.716667,0.187233,0.292898,0.145771,0.068102,0.3552,0.1369,0.126773,0.263916,0.096317,-0.323573,0.549036,-0.065196,-0.214801,0.373307,0.092543
464,7.733333,0.190433,0.294959,0.135784,0.070838,0.356623,0.129112,0.129184,0.265603,0.087505,-0.323465,0.549078,-0.065482,-0.212761,0.373399,0.09021
465,7.75,0.193448,0.297001,0.125658,0.073426,0.358017,0.121222,0.131431,0.267276,0.078564,-0.323353,0.549117,-0.065772,-0.210758,0.37346,0.087809
466,7.766667,0.196272,0.299016,0.115403,0.075862,0.359373,0.113235,0.133508,0.268922,0.06951,-0.323232,0.549149,-0.066068,-0.208792,0.373486,0.085344
467,7.783333,0.198899,0.300988,0.105028,0.078144,0.360678,0.105159,0.135411,0.270525,0.06035,-0.323099,0.549175,-0.066368,-0.206865,0.373476,0.082819
468,7.8,0.201326,0.302899,0.094537,0.080273,0.36192,0.096996,0.13713,0.272068,0.051096,-0.322953,0.549197,-0.066674,-0.204974,0.373432,0.080241
469,7.816667,0.203549,0.304722,0.083933,0.082252,0.363086,0.08875,0.138652,0.273528,0.041763,-0.322793,0.549214,-0.066986,-0.203117,0.37336,0.077615
470,7.833333,0.205565,0.306431,0.073223,0.084087,0.364163,0.080425,0.139979,0.274888,0.032353,-0.322618,0.549226,-0.067309,-0.201288,0.373262,0.074948
471,7.85,0.207372,0.308007,0.062418,0.085781,0.365146,0.072027,0.141113,0.276133,0.022871,-0.322426,0.549231,-0.067647,-0.199484,0.373144,0.072245
472,7.866667,0.208969,0.309438,0.051535,0.087336,0.366029,0.063561,0.142053,0.277251,0.013333,-0.322216,0.549229,-0.068,-0.197701,0.373011,0.069511
473,7.883333,0.210354,0.310718,0.040588,0.088752,0.36681,0.055034,0.142797,0.278236,0.003752,-0.321987,0.549218,-0.068366,-0.195937,0.372865,0.066751
474,7.9,0.211525,0.31184,0.029583,0.090029,0.367488,0.046454,0.143344,0.279082,-0.005855,-0.321739,0.5492,-0.068745,-0.194194,0.372711,0.063966
475,7.916667,0.212481,0.312801,0.018535,0.091167,0.368061,0.037831,0.143692,0.27979,-0.015477,-0.321475,0.549177,-0.069134,-0.19247,0.372549,0.061156
476,7.933333,0.213224,0.313599,0.007455,0.092168,0.368528,0.029177,0.143844,0.280358,-0.025103,-0.321201,0.54915,-0.069535,-0.190767,0.372382,0.058323
477,7.95,0.213756,0.314233,-0.003644,0.093032,0.368887,0.020499,0.1438,0.280783,-0.03472,-0.320918,0.549121,-0.069951,-0.189082,0.37221,0.05547
478,7.966667,0.214079,0.314701,-0.014753,0.093763,0.369137,0.011806,0.143564,0.281064,-0.04432,-0.320629,0.549094,-0.070374,-0.187413,0.372036,0.052602
479,7.983333,0.214196,0.315003,-0.025863,0.094362,0.369278,0.003109,0.143139,0.281205,-0.053897,-0.320332,0.549073,-0.070792,-0.185764,0.371862,0.049721
480,8,0.214109,0.315141,-0.036959,0.094833,0.369312,-0.005578,0.142527,0.28121,-0.063438,-0.320026,0.54905,-0.071214,-0.184138,0.371687,0.046831
481,8.016667,0.213824,0.315128,-0.048021,0.095178,0.369244,-0.014238,0.141735,0.281088,-0.072925,-0.319713,0.54902,-0.071644,-0.182536,0.371506,0.043932
482,8.033333,0.21335,0.314981,-0.059024,0.095398,0.369078,-0.022853,0.140776,0.280852,-0.082343,-0.319396,0.548983,-0.072081,-0.18096,0.371316,0.041023
483,8.05,0.212696,0.314718,-0.069939,0.095495,0.36882,-0.031404,0.139662,0.280517,-0.091674,-0.319077,0.548938,-0.072523,-0.179413,0.37111,0.038108
484,8.066667,0.211873,0.314351,-0.080737,0.09547,0.368476,-0.039871,0.138403,0.280093,-0.100898,-0.318755,0.548884,-0.072971,-0.1779,0.370881,0.035189
485,8.083333,0.210889,0.313888,-0.091394,0.095327,0.36805,-0.048236,0.13701,0.279585,-0.109996,-0.318428,0.54882,-0.07342,-0.176425,0.370624,0.032269
486,8.1,0.209753,0.313333,-0.101886,0.095073,0.367547,-0.056474,0.135492,0.279003,-0.118949,-0.318093,0.548743,-0.073869,-0.174993,0.370331,0.029351
487,8.116667,0.208477,0.312695,-0.112184,0.094716,0.366971,-0.064561,0.133867,0.27836,-0.127739,-0.317752,0.548652,-0.074316,-0.173612,0.369992,0.026433
488,8.133333,0.207081,0.311985,-0.12225,0.094266,0.366327,-0.072465,0.132156,0.277674,-0.136346,-0.317406,0.548545,-0.074761,-0.172291,0.369596,0.023507
489,8.15,0.205589,0.311209,-0.132044,0.093736,0.36562,-0.08016,0.130386,0.276957,-0.144748,-0.317058,0.54842,-0.075201,-0.171035,0.369138,0.020578
490,8.166667,0.204022,0.31037,-0.141532,0.093141,0.36485,-0.087629,0.128581,0.276202,-0.152913,-0.316709,0.548278,-0.075633,-0.169844,0.36862,0.017657
491,8.183333,0.202402,0.309464,-0.15069,0.09249,0.364017,-0.094859,0.126755,0.275393,-0.160808,-0.316361,0.548118,-0.076057,-0.168716,0.36805,0.014755
492,8.2,0.200743,0.308485,-0.159509,0.091796,0.36312,-0.101848,0.124918,0.274515,-0.168414,-0.316019,0.547942,-0.076473,-0.16765,0.367439,0.01188
493,8.216667,0.199057,0.307425,-0.167987,0.091068,0.362158,-0.108591,0.123073,0.273565,-0.175729,-0.315684,0.547753,-0.076885,-0.166643,0.366797,0.009043
494,8.233333,0.19735,0.306277,-0.176126,0.090316,0.361131,-0.115088,0.121223,0.27254,-0.182755,-0.31536,0.547554,-0.077294,-0.16569,0.366139,0.006253
495,8.25,0.195629,0.305034,-0.183929,0.089546,0.36004,-0.121338,0.119373,0.271439,-0.18949,-0.31505,0.547351,-0.077698,-0.164792,0.365475,0.003522
496,8.266667,0.193898,0.303694,-0.1914,0.088763,0.358886,-0.127346,0.117533,0.270255,-0.195931,-0.314753,0.547149,-0.078098,-0.163944,0.364816,0.000858
497,8.283333,0.192161,0.302254,-0.198541,0.087967,0.357671,-0.133115,0.115709,0.268983,-0.202071,-0.314472,0.546954,-0.078493,-0.163147,0.364173,-0.001733
498,8.3,0.190419,0.300714,-0.205358,0.087156,0.356398,-0.138656,0.113899,0.267616,-0.207911,-0.314208,0.546773,-0.07888,-0.162397,0.363556,-0.004244
499,8.316667,0.188671,0.299075,-0.211862,0.086326,0.355067,-0.143977,0.11209,0.266154,-0.213454,-0.313964,0.54661,-0.079257,-0.161693,0.362973,-0.00667
500,8.333333,0.186911,0.297337,-0.218068,0.085476,0.353684,-0.149086,0.110262,0.264596,-0.218707,-0.313741,0.546471,-0.079622,-0.161037,0.362427,-0.009005
501,8.35,0.185135,0.295505,-0.223987,0.084606,0.352252,-0.153984,0.108407,0.262951,-0.223681,-0.313535,0.546358,-0.079974,-0.160428,0.361918,-0.011244
502,8.366667,0.18334,0.29359,-0.229626,0.083714,0.350778,-0.158669,0.106529,0.261241,-0.228399,-0.313344,0.546271,-0.080314,-0.159873,0.361443,-0.013385
503,8.383333,0.181525,0.291604,-0.23499,0.082801,0.349266,-0.163139,0.104638,0.259487,-0.232875,-0.313164,0.54621,-0.080642,-0.159375,0.360996,-0.015426
504,8.4,0.179692,0.289559,-0.240078,0.081862,0.347719,-0.167388,0.102734,0.257696,-0.23711,-0.31299,0.546175,-0.080958,-0.158939,0.36057,-0.017369
505,8.416667,0.177841,0.287464,-0.244888,0.080894,0.346138,-0.171414,0.100822,0.255875,-0.241101,-0.312819,0.546164,-0.081261,-0.158571,0.360157,-0.019213
506,8.433333,0.175976,0.285326,-0.249417,0.079893,0.344531,-0.175221,0.098902,0.254026,-0.244846,-0.312651,0.546174,-0.081549,-0.158275,0.35975,-0.020958
507,8.45,0.174098,0.283151,-0.253668,0.078857,0.342904,-0.178812,0.096975,0.25215,-0.248344,-0.312488,0.546199,-0.081823,-0.158055,0.359338,-0.022603
508,8.466667,0.172208,0.280945,-0.257643,0.077787,0.34126,-0.182189,0.095042,0.250253,-0.251603,-0.312333,0.546231,-0.082081,-0.157912,0.358912,-0.024145
509,8.483333,0.17031,0.278711,-0.26135,0.076682,0.339596,-0.185354,0.093108,0.248338,-0.254631,-0.31219,0.546262,-0.082323,-0.157843,0.358467,-0.025585
510,8.5,0.168403,0.276448,-0.264804,0.075544,0.337905,-0.188316,0.091173,0.2464,-0.257439,-0.312063,0.546284,-0.08255,-0.157843,0.358,-0.026922
511,8.516667,0.166488,0.274144,-0.268018,0.074375,0.336177,-0.191086,0.089233,0.244428,-0.260038,-0.311953,0.546291,-0.082763,-0.157904,0.357513,-0.028159
512,8.533333,0.164559,0.271776,-0.271011,0.073179,0.334403,-0.193679,0.087283,0.2424,-0.262435,-0.311859,0.54628,-0.082963,-0.158014,0.357011,-0.029296
513,8.55,0.162611,0.269321,-0.273802,0.07196,0.332569,-0.19611,0.085316,0.240294,-0.264632,-0.31178,0.546251,-0.083155,-0.158163,0.356499,-0.030335
514,8.566667,0.16064,0.266751,-0.276402,0.070727,0.330667,-0.198391,0.083328,0.238091,-0.266632,-0.311714,0.546208,-0.083339,-0.15834,0.355986,-0.031272
515,8.583333,0.158645,0.264048,-0.278818,0.069485,0.32869,-0.200533,0.081315,0.235777,-0.268436,-0.311662,0.546153,-0.083516,-0.158536,0.355481,-0.03211
516,8.6,0.156627,0.261199,-0.281056,0.068241,0.326635,-0.202542,0.079277,0.233346,-0.270048,-0.311623,0.546091,-0.083686,-0.158744,0.354989,-0.03285
517,8.616667,0.154591,0.258207,-0.28312,0.066997,0.324506,-0.204427,0.077216,0.230801,-0.271474,-0.311601,0.546024,-0.08385,-0.158958,0.354516,-0.033497
518,8.633333,0.152544,0.255085,-0.285014,0.065757,0.322307,-0.206192,0.075139,0.22815,-0.272718,-0.311595,0.545957,-0.084008,-0.159172,0.354067,-0.03406
519,8.65,0.150496,0.251856,-0.286744,0.064526,0.320054,-0.207841,0.073057,0.22541,-0.273789,-0.311604,0.545892,-0.084161,-0.159383,0.353643,-0.034548
520,8.666667,0.148458,0.248552,-0.288312,0.063309,0.317766,-0.209374,0.070982,0.222608,-0.2747,-0.311628,0.545832,-0.08431,-0.159591,0.353244,-0.034972
521,8.683333,0.146448,0.24521,-0.289717,0.062113,0.315466,-0.210792,0.068933,0.219779,-0.275464,-0.311666,0.545779,-0.084455,-0.159795,0.352871,-0.035338
522,8.7,0.144482,0.241871,-0.290962,0.060947,0.313182,-0.212094,0.066927,0.216958,-0.276094,-0.311715,0.545733,-0.084595,-0.159998,0.352521,-0.035654
523,8.716667,0.142572,0.238573,-0.292051,0.059818,0.310941,-0.213282,0.064982,0.214183,-0.276604,-0.311774,0.545694,-0.084727,-0.1602,0.352195,-0.035926
524,8.733333,0.140731,0.23536,-0.292992,0.05873,0.308767,-0.21436,0.063118,0.211494,-0.277009,-0.31184,0.545662,-0.084853,-0.160398,0.351891,-0.036162
525,8.75,0.138972,0.23228,-0.293798,0.057687,0.306687,-0.215331,0.061353,0.20893,-0.277329,-0.311912,0.545636,-0.084973,-0.160592,0.351608,-0.036366
526,8.766667,0.137316,0.229384,-0.294486,0.056699,0.304726,-0.216199,0.059698,0.206525,-0.277582,-0.311989,0.545614,-0.085089,-0.160779,0.351347,-0.036544
527,8.783333,0.13579,0.226721,-0.29508,0.055775,0.302907,-0.21697,0.058178,0.204304,-0.277795,-0.312071,0.545596,-0.0852,-0.160956,0.351109,-0.036703
528,8.8,0.134411,0.224315,-0.295596,0.054926,0.301248,-0.217652,0.056816,0.202286,-0.277989,-0.312154,0.545582,-0.085308,-0.161122,0.350895,-0.036846
529,8.816667,0.133182,0.222175,-0.296042,0.054159,0.29976,-0.218252,0.055604,0.200483,-0.278161,-0.312238,0.545571,-0.085413,-0.161275,0.35071,-0.036976
530,8.833333,0.132102,0.220302,-0.296427,0.053476,0.29845,-0.218777,0.054535,0.1989,-0.278307,-0.312319,0.545566,-0.085515,-0.161413,0.350553,-0.037093
531,8.85,0.131165,0.218694,-0.296762,0.052876,0.297317,-0.219236,0.053608,0.197535,-0.278434,-0.312395,0.545566,-0.085613,-0.161535,0.350424,-0.037199
532,8.866667,0.130363,0.217337,-0.297057,0.052355,0.296355,-0.219637,0.052816,0.196379,-0.27855,-0.312464,0.545573,-0.085707,-0.161638,0.350325,-0.037298
533,8.883333,0.129687,0.216209,-0.297318,0.051909,0.295554,-0.21999,0.052153,0.195417,-0.278659,-0.312524,0.545588,-0.085798,-0.161722,0.350252,-0.037392
534,8.9,0.129125,0.215286,-0.297551,0.051535,0.294899,-0.220302,0.051606,0.194632,-0.278767,-0.312577,0.545609,-0.085886,-0.161786,0.350206,-0.037484
535,8.916667,0.128665,0.214542,-0.297761,0.051227,0.294374,-0.22058,0.051163,0.194003,-0.278876,-0.312622,0.545636,-0.085972,-0.161829,0.350184,-0.037575
536,8.933333,0.128293,0.21395,-0.297954,0.050979,0.29396,-0.220828,0.050811,0.193509,-0.278991,-0.31266,0.545667,-0.086056,-0.161852,0.350183,-0.037666
537,8.95,0.127997,0.213486,-0.298131,0.050782,0.293642,-0.221052,0.050536,0.19313,-0.279111,-0.312692,0.545701,-0.08614,-0.16186,0.350198,-0.037756
538,8.966667,0.127765,0.21313,-0.298291,0.050627,0.293401,-0.221252,0.05033,0.192848,-0.279238,-0.312716,0.545736,-0.086223,-0.161857,0.350222,-0.037849
539,8.983333,0.127588,0.212865,-0.298432,0.050504,0.293223,-0.221426,0.050186,0.192645,-0.279366,-0.312735,0.545771,-0.086309,-0.161851,0.350249,-0.037942
540,9,0.127459,0.212668,-0.298546,0.050405,0.293091,-0.221572,0.050096,0.192501,-0.279491,-0.312748,0.545806,-0.086396,-0.161846,0.350272,-0.038036
541,9.016667,0.127368,0.212517,-0.298626,0.050323,0.292986,-0.221688,0.050052,0.192396,-0.279606,-0.312757,0.54584,-0.086485,-0.161848,0.350288,-0.038128
542,9.033333,0.127307,0.212385,-0.298668,0.05025,0.292891,-0.221774,0.050044,0.192309,-0.279705,-0.312763,0.545875,-0.086578,-0.161861,0.350295,-0.038219
543,9.05,0.127263,0.212246,-0.298669,0.050181,0.292787,-0.221834,0.050059,0.192216,-0.279783,-0.31277,0.545913,-0.086675,-0.161886,0.350292,-0.038309
544,9.066667,0.127223,0.212073,-0.298632,0.050109,0.292658,-0.221872,0.050084,0.192093,-0.279831,-0.312779,0.545952,-0.086776,-0.161924,0.350279,-0.038398
545,9.083333,0.127175,0.21184,-0.298563,0.050033,0.292492,-0.221899,0.0501,0.191918,-0.279843,-0.312793,0.545991,-0.086879,-0.161974,0.350257,-0.038486
546,9.1,0.127107,0.211532,-0.298472,0.049952,0.292281,-0.221921,0.050092,0.191682,-0.279822,-0.312815,0.546026,-0.086985,-0.162033,0.350227,-0.038571
547,9.116667,0.127013,0.211147,-0.298369,0.04987,0.292024,-0.221939,0.050047,0.191387,-0.279777,-0.312843,0.546056,-0.087093,-0.162099,0.35019,-0.038652
548,9.133333,0.126893,0.210695,-0.298263,0.049786,0.291723,-0.221953,0.049961,0.191043,-0.279719,-0.312877,0.546078,-0.087205,-0.162171,0.350146,-0.038726
549,9.15,0.126745,0.21019,-0.298164,0.049699,0.291385,-0.221967,0.049835,0.190659,-0.279654,-0.312914,0.546091,-0.08732,-0.162248,0.350093,-0.038796
550,9.166667,0.126569,0.209645,-0.298077,0.049601,0.291017,-0.221984,0.049674,0.19024,-0.279585,-0.312954,0.546097,-0.087439,-0.16233,0.350034,-0.038863
551,9.183333,0.126368,0.209077,-0.298004,0.049489,0.290629,-0.222012,0.049483,0.189795,-0.279514,-0.312997,0.546098,-0.087562,-0.162417,0.34997,-0.038929
552,9.2,0.126143,0.208497,-0.29795,0.049357,0.290231,-0.222055,0.049264,0.189334,-0.279447,-0.313045,0.546096,-0.087689,-0.16251,0.349902,-0.038998
553,9.216667,0.125895,0.207918,-0.297916,0.049206,0.289832,-0.222115,0.04902,0.188869,-0.279392,-0.313097,0.546095,-0.087818,-0.16261,0.349834,-0.03907
554,9.233333,0.125627,0.207352,-0.297908,0.049038,0.289441,-0.222192,0.048755,0.188416,-0.279357,-0.313156,0.546095,-0.087949,-0.162717,0.349767,-0.039148
555,9.25,0.125341,0.20681,-0.297926,0.048854,0.289065,-0.222287,0.048471,0.187983,-0.279346,-0.31322,0.546099,-0.088081,-0.162832,0.349702,-0.039231
556,9.266667,0.125038,0.206296,-0.297972,0.048654,0.288709,-0.222401,0.048173,0.187571,-0.279357,-0.313289,0.546108,-0.088213,-0.162952,0.349641,-0.03932
557,9.283333,0.124723,0.205812,-0.298044,0.048436,0.288372,-0.222536,0.047866,0.187179,-0.279387,-0.313359,0.546121,-0.088343,-0.163075,0.349583,-0.039416
558,9.3,0.124397,0.205355,-0.29814,0.048202,0.288054,-0.222692,0.047552,0.186802,-0.279433,-0.31343,0.546141,-0.088472,-0.163202,0.34953,-0.039518
559,9.316667,0.124063,0.20492,-0.298256,0.047955,0.28775,-0.222867,0.047234,0.186437,-0.279497,-0.313499,0.546169,-0.088599,-0.163333,0.34948,-0.03963
560,9.333333,0.123726,0.204499,-0.298389,0.047699,0.287456,-0.223058,0.046913,0.186082,-0.279576,-0.313568,0.546206,-0.088726,-0.163465,0.349435,-0.039752
561,9.35,0.123389,0.204087,-0.298536,0.047442,0.28717,-0.223261,0.046592,0.185735,-0.279668,-0.313641,0.546251,-0.08885,-0.163596,0.349397,-0.039885
562,9.366667,0.123055,0.203682,-0.298692,0.047192,0.286893,-0.223473,0.046274,0.185397,-0.27977,-0.313718,0.5463,-0.088973,-0.163723,0.349366,-0.040024
563,9.383333,0.12273,0.203285,-0.298855,0.046957,0.286627,-0.223689,0.045963,0.185073,-0.27988,-0.3138,0.546349,-0.089094,-0.163843,0.349344,-0.040167
564,9.4,0.122423,0.202905,-0.29902,0.046742,0.286379,-0.223906,0.045668,0.184769,-0.279995,-0.313887,0.546393,-0.089212,-0.163951,0.349329,-0.040309
565,9.416667,0.122141,0.20255,-0.299186,0.04655,0.28615,-0.224121,0.045397,0.184487,-0.280111,-0.313975,0.54643,-0.089328,-0.164044,0.349321,-0.040449
566,9.433333,0.121888,0.202225,-0.299347,0.046379,0.285944,-0.224332,0.045154,0.184229,-0.280224,-0.314063,0.546458,-0.08944,-0.164122,0.349317,-0.040588
567,9.45,0.121666,0.201933,-0.299502,0.046227,0.285762,-0.224539,0.044943,0.183996,-0.280332,-0.31415,0.546477,-0.089547,-0.164187,0.349316,-0.040724
568,9.466667,0.121472,0.201679,-0.299652,0.046091,0.285606,-0.22474,0.044763,0.18379,-0.280437,-0.314236,0.54649,-0.089649,-0.16424,0.349319,-0.040858
569,9.483333,0.1213,0.201462,-0.299799,0.045966,0.285475,-0.224934,0.044609,0.183612,-0.28054,-0.314322,0.546498,-0.089744,-0.164285,0.349327,-0.040987
570,9.5,0.121145,0.201282,-0.299945,0.045852,0.285368,-0.225123,0.044474,0.183462,-0.280642,-0.314409,0.546503,-0.089834,-0.164325,0.349338,-0.041112
571,9.516667,0.121001,0.201134,-0.300091,0.045745,0.285284,-0.225305,0.044352,0.183338,-0.280746,-0.314498,0.546507,-0.089916,-0.164362,0.349355,-0.041232
572,9.533333,0.120866,0.201016,-0.300238,0.045642,0.285221,-0.225482,0.044237,0.183241,-0.280855,-0.314589,0.546511,-0.089991,-0.164397,0.349375,-0.041345
573,9.55,0.120736,0.200925,-0.300388,0.045543,0.285176,-0.225652,0.044129,0.183169,-0.28097,-0.314682,0.546515,-0.090058,-0.16443,0.349398,-0.041449
574,9.566667,0.120613,0.200854,-0.300537,0.045448,0.285144,-0.225817,0.044024,0.183115,-0.281089,-0.314774,0.54652,-0.090117,-0.164461,0.349424,-0.041547
575,9.583333,0.120496,0.200799,-0.300684,0.045356,0.285122,-0.225976,0.043924,0.183075,-0.281209,-0.314866,0.546526,-0.090167,-0.16449,0.349451,-0.04164
576,9.6,0.120387,0.20075,-0.300825,0.045271,0.285104,-0.226129,0.043833,0.183041,-0.281325,-0.314956,0.546534,-0.090208,-0.164516,0.349478,-0.04173
577,9.616667,0.120291,0.200703,-0.300957,0.045196,0.285085,-0.226273,0.043751,0.183011,-0.281437,-0.315042,0.546545,-0.09024,-0.16454,0.349505,-0.041818
578,9.633333,0.120208,0.200651,-0.301078,0.045134,0.285061,-0.226407,0.04368,0.18298,-0.281544,-0.315126,0.546559,-0.090265,-0.164559,0.349533,-0.041904
579,9.65,0.120141,0.200586,-0.301183,0.045085,0.285027,-0.226529,0.043621,0.182941,-0.281642,-0.315206,0.546577,-0.090284,-0.164574,0.349561,-0.041988
580,9.666667,0.12009,0.2005,-0.301271,0.04505,0.284978,-0.226641,0.043575,0.182885,-0.281728,-0.315282,0.546598,-0.090299,-0.164581,0.349589,-0.042071
581,9.683333,0.120054,0.200386,-0.301342,0.04503,0.284908,-0.226743,0.043542,0.182806,-0.281798,-0.315352,0.54662,-0.090311,-0.164581,0.349615,-0.042154
582,9.7,0.120032,0.200241,-0.301396,0.045021,0.284814,-0.226839,0.043524,0.182696,-0.28185,-0.315413,0.546641,-0.090322,-0.16457,0.34964,-0.042238
583,9.716667,0.120023,0.20006,-0.301436,0.045024,0.284689,-0.226928,0.043521,0.182552,-0.281887,-0.315466,0.546661,-0.090334,-0.164546,0.34966,-0.042323
584,9.733333,0.120027,0.199842,-0.301462,0.045042,0.284532,-0.227009,0.043531,0.182373,-0.281912,-0.315509,0.546678,-0.090346,-0.16451,0.349674,-0.042409
585,9.75,0.120042,0.199584,-0.301473,0.045076,0.284341,-0.227081,0.043552,0.182162,-0.281927,-0.315542,0.546692,-0.090358,-0.164462,0.349682,-0.042498
586,9.766667,0.12007,0.199285,-0.301467,0.045125,0.284119,-0.227143,0.043582,0.181922,-0.281931,-0.315563,0.546702,-0.090371,-0.164404,0.349681,-0.042589
587,9.783333,0.120108,0.198952,-0.301442,0.045186,0.28387,-0.227196,0.04362,0.181655,-0.281923,-0.315573,0.546708,-0.090385,-0.164339,0.349669,-0.042681
588,9.8,0.120157,0.198593,-0.301402,0.045255,0.283599,-0.227239,0.043667,0.181361,-0.2819,-0.315573,0.546709,-0.090398,-0.164271,0.349645,-0.042773
589,9.816667,0.120213,0.198216,-0.301349,0.045325,0.283311,-0.227278,0.043723,0.181045,-0.28186,-0.315562,0.546705,-0.090409,-0.164199,0.349609,-0.042864
590,9.833333,0.120273,0.197829,-0.301289,0.045393,0.283012,-0.227313,0.043786,0.180709,-0.281805,-0.315541,0.546695,-0.090419,-0.164127,0.349564,-0.042952
591,9.85,0.120334,0.197438,-0.301225,0.045457,0.282709,-0.227348,0.043851,0.180362,-0.28174,-0.315512,0.546679,-0.090425,-0.164054,0.349508,-0.043035
592,9.866667,0.12039,0.19705,-0.301165,0.045516,0.282408,-0.227386,0.043911,0.180014,-0.281673,-0.315475,0.546657,-0.090427,-0.163981,0.349444,-0.043113
593,9.883333,0.120436,0.196673,-0.301116,0.045571,0.282116,-0.227427,0.043962,0.179677,-0.281618,-0.31543,0.546629,-0.090426,-0.16391,0.349373,-0.043184
594,9.9,0.120469,0.196319,-0.301089,0.045622,0.281838,-0.227473,0.043999,0.179364,-0.281585,-0.315377,0.546596,-0.090421,-0.163842,0.349294,-0.043249
595,9.916667,0.120489,0.195997,-0.301092,0.045664,0.281579,-0.227527,0.044024,0.17908,-0.281581,-0.315317,0.546559,-0.090416,-0.163775,0.349208,-0.04331
596,9.933333,0.120494,0.195708,-0.301128,0.045699,0.281339,-0.227593,0.044038,0.178826,-0.281608,-0.315249,0.546519,-0.090412,-0.16371,0.349115,-0.043372
597,9.95,0.120489,0.19545,-0.301197,0.045725,0.281119,-0.227675,0.044044,0.178599,-0.281665,-0.315171,0.546476,-0.09041,-0.163643,0.349018,-0.043438
598,9.966667,0.120475,0.195221,-0.3013,0.045747,0.280918,-0.227773,0.044045,0.178397,-0.281751,-0.315082,0.54643,-0.090413,-0.163572,0.348916,-0.04351
599,9.983333,0.120455,0.195015,-0.301434,0.045767,0.280735,-0.227892,0.044044,0.178216,-0.281864,-0.314979,0.546383,-0.090422,-0.163494,0.348812,-0.043588
600,10,0.12043,0.194829,-0.301599,0.045788,0.280567,-0.228031,0.044039,0.178053,-0.282005,-0.314864,0.546336,-0.090439,-0.163405,0.348708,-0.043674
601,10.016667,0.120401,0.194657,-0.301795,0.04581,0.280411,-0.228194,0.044034,0.177903,-0.282173,-0.314735,0.546294,-0.090467,-0.163301,0.348608,-0.043769
602,10.033333,0.120371,0.19449,-0.30202,0.045835,0.280262,-0.228383,0.044029,0.177761,-0.282363,-0.314596,0.546257,-0.090509,-0.163181,0.348516,-0.043875
603,10.05,0.12034,0.194322,-0.302271,0.045865,0.280118,-0.228598,0.044026,0.177619,-0.282571,-0.314445,0.546227,-0.090566,-0.16304,0.348437,-0.043993
604,10.066667,0.120309,0.194151,-0.302546,0.045903,0.279979,-0.22884,0.044027,0.177475,-0.282792,-0.314284,0.546207,-0.090639,-0.162875,0.348374,-0.044121
605,10.083333,0.120282,0.193976,-0.302842,0.045951,0.279846,-0.229105,0.044035,0.177329,-0.283023,-0.314112,0.546194,-0.090729,-0.162683,0.348332,-0.044258
606,10.1,0.120261,0.193803,-0.303152,0.046012,0.279722,-0.229389,0.044051,0.177185,-0.283262,-0.313928,0.546191,-0.090838,-0.162463,0.348311,-0.044403
607,10.116667,0.120253,0.193638,-0.30347,0.046086,0.279608,-0.229684,0.044081,0.177049,-0.283504,-0.313731,0.546195,-0.090963,-0.162218,0.348313,-0.044554
608,10.133333,0.120259,0.193484,-0.303787,0.046174,0.279507,-0.229983,0.044126,0.176923,-0.283743,-0.313523,0.546206,-0.0911,-0.161953,0.348335,-0.044708
609,10.15,0.120283,0.193342,-0.304095,0.046275,0.279419,-0.230278,0.044188,0.176808,-0.283976,-0.313308,0.546223,-0.091245,-0.161677,0.348375,-0.044862
610,10.166667,0.120323,0.193216,-0.304389,0.046386,0.279345,-0.230565,0.044265,0.176708,-0.284198,-0.313094,0.546245,-0.091394,-0.161398,0.348428,-0.045015
611,10.183333,0.120378,0.19311,-0.304664,0.046505,0.279289,-0.230836,0.044353,0.176628,-0.284411,-0.312885,0.54627,-0.091543,-0.161124,0.348489,-0.045164
612,10.2,0.120445,0.19303,-0.304921,0.046628,0.279251,-0.231088,0.04445,0.176571,-0.284615,-0.312686,0.546295,-0.09169,-0.160866,0.348551,-0.045308
613,10.216667,0.120519,0.192979,-0.305158,0.046748,0.279233,-0.231319,0.04455,0.176539,-0.284807,-0.3125,0.546318,-0.091832,-0.160631,0.348612,-0.045447
614,10.233333,0.120595,0.192957,-0.305372,0.046861,0.279233,-0.231525,0.044648,0.176529,-0.284986,-0.312332,0.546338,-0.091967,-0.160425,0.348667,-0.045578
615,10.25,0.120669,0.192958,-0.305565,0.046962,0.279247,-0.231707,0.044741,0.176541,-0.285151,-0.312184,0.546357,-0.092092,-0.160251,0.348715,-0.045699
616,10.266667,0.120735,0.192978,-0.305735,0.047051,0.279271,-0.23186,0.044824,0.17657,-0.285303,-0.312055,0.546374,-0.092205,-0.160109,0.348755,-0.045806
617,10.283333,0.12079,0.19301,-0.305881,0.047126,0.2793,-0.231986,0.044894,0.17661,-0.285441,-0.311944,0.546389,-0.092306,-0.159996,0.348787,-0.045899
618,10.3,0.120832,0.193047,-0.306006,0.047185,0.279331,-0.232089,0.04495,0.176656,-0.285565,-0.31185,0.546401,-0.092395,-0.159911,0.348809,-0.045979
619,10.316667,0.12086,0.193084,-0.306111,0.047226,0.27936,-0.232171,0.044988,0.176703,-0.285676,-0.311771,0.54641,-0.092473,-0.159849,0.348824,-0.046046
620,10.333333,0.120873,0.193112,-0.306202,0.047251,0.27938,-0.23224,0.045008,0.176744,-0.285774,-0.311708,0.546415,-0.092543,-0.159806,0.348832,-0.046102
621,10.35,0.120868,0.193127,-0.306283,0.04726,0.27939,-0.2323,0.04501,0.176771,-0.28586,-0.311658,0.546416,-0.092605,-0.159779,0.348835,-0.046151
622,10.366667,0.120845,0.193124,-0.306358,0.047254,0.279386,-0.232357,0.044993,0.176781,-0.285936,-0.31162,0.546412,-0.092662,-0.159763,0.348832,-0.046193
623,10.383333,0.120808,0.193105,-0.30643,0.047231,0.279368,-0.232413,0.044961,0.176774,-0.286005,-0.311593,0.546406,-0.092715,-0.159756,0.348824,-0.046232
624,10.4,0.120757,0.19307,-0.3065,0.047193,0.279335,-0.232471,0.044916,0.176748,-0.286069,-0.311577,0.546397,-0.092764,-0.159758,0.348813,-0.04627
625,10.416667,0.120693,0.193019,-0.306572,0.047143,0.27929,-0.232534,0.044859,0.176705,-0.28613,-0.311572,0.546387,-0.092809,-0.159767,0.348798,-0.04631
626,10.433333,0.120615,0.192951,-0.306648,0.047083,0.279234,-0.232603,0.044787,0.176647,-0.286192,-0.311576,0.546375,-0.092849,-0.159781,0.34878,-0.046351
627,10.45,0.120523,0.192872,-0.306736,0.047018,0.279171,-0.23268,0.0447,0.176582,-0.286263,-0.311586,0.546361,-0.092883,-0.159797,0.34876,-0.046393
628,10.466667,0.120416,0.19279,-0.306839,0.046947,0.279105,-0.232766,0.044597,0.176517,-0.286348,-0.311597,0.546342,-0.092912,-0.159814,0.348733,-0.046435
629,10.483333,0.120301,0.192712,-0.306961,0.046871,0.279038,-0.23286,0.044484,0.176457,-0.286453,-0.311605,0.546318,-0.092935,-0.159831,0.348699,-0.046478
630,10.5,0.12018,0.192644,-0.3071,0.046792,0.278973,-0.232962,0.044369,0.176406,-0.286575,-0.311608,0.54629,-0.09295,-0.159847,0.348655,-0.046524
631,10.516667,0.120061,0.192583,-0.307251,0.046713,0.27891,-0.233069,0.044256,0.176361,-0.286713,-0.311606,0.546257,-0.092959,-0.159863,0.3486,-0.046573
632,10.533333,0.119946,0.192527,-0.30741,0.046635,0.278848,-0.233181,0.044146,0.176319,-0.28686,-0.3116,0.546221,-0.092961,-0.159879,0.348535,-0.046627
633,10.55,0.119833,0.192471,-0.307572,0.04656,0.278784,-0.233295,0.044037,0.17628,-0.287015,-0.31159,0.546183,-0.092958,-0.159898,0.348459,-0.046685
634,10.566667,0.119721,0.192411,-0.307736,0.046488,0.278716,-0.23341,0.043927,0.176238,-0.287176,-0.311579,0.546144,-0.09295,-0.159919,0.348377,-0.046747
635,10.583333,0.119605,0.192346,-0.307903,0.046415,0.278642,-0.233527,0.043812,0.176192,-0.287342,-0.311567,0.546105,-0.092939,-0.159943,0.348289,-0.04681
636,10.6,0.119484,0.192271,-0.308075,0.04634,0.278559,-0.233648,0.043691,0.176136,-0.287512,-0.311556,0.546064,-0.092927,-0.159966,0.348198,-0.046874
637,10.616667,0.119356,0.192183,-0.308252,0.04626,0.278467,-0.233776,0.043567,0.176069,-0.287682,-0.311545,0.54602,-0.092914,-0.159987,0.348106,-0.046939
638,10.633333,0.119223,0.192082,-0.308432,0.046178,0.278366,-0.233912,0.043441,0.175987,-0.287849,-0.311535,0.545973,-0.092903,-0.160004,0.348015,-0.047004
639,10.65,0.11909,0.191967,-0.308615,0.046096,0.278257,-0.234055,0.043315,0.175894,-0.288014,-0.311525,0.545924,-0.092894,-0.160015,0.347927,-0.047072
640,10.666667,0.11896,0.191844,-0.308799,0.046017,0.278144,-0.234203,0.043195,0.175792,-0.288176,-0.311517,0.545873,-0.092887,-0.160019,0.347843,-0.047144
641,10.683333,0.118836,0.191718,-0.308984,0.045943,0.278032,-0.234357,0.043082,0.175688,-0.288336,-0.311513,0.545824,-0.092881,-0.160017,0.347766,-0.04722
642,10.7,0.11872,0.191601,-0.30917,0.045873,0.277929,-0.234515,0.042978,0.175589,-0.288497,-0.311515,0.545779,-0.092875,-0.160011,0.347698,-0.047299
643,10.716667,0.118613,0.191503,-0.309357,0.045806,0.277843,-0.234677,0.042885,0.175509,-0.288663,-0.311523,0.545738,-0.092866,-0.160004,0.347638,-0.047381
644,10.733333,0.118515,0.191436,-0.309549,0.045743,0.277781,-0.234841,0.042803,0.17546,-0.28884,-0.311538,0.545701,-0.092853,-0.159998,0.347588,-0.047464
645,10.75,0.118424,0.191408,-0.309749,0.045681,0.277749,-0.235006,0.04273,0.175448,-0.28903,-0.311562,0.545667,-0.092836,-0.159993,0.347546,-0.047548
646,10.766667,0.11834,0.191422,-0.309957,0.04562,0.27775,-0.235173,0.042665,0.17547,-0.289226,-0.311596,0.545635,-0.092815,-0.159993,0.347515,-0.047632
647,10.783333,0.118262,0.191477,-0.310174,0.04556,0.277783,-0.235343,0.042606,0.175521,-0.289426,-0.311641,0.545606,-0.092791,-0.159996,0.347495,-0.047719
648,10.8,0.11819,0.191569,-0.310397,0.0455,0.277847,-0.235518,0.042553,0.175601,-0.289627,-0.311701,0.545578,-0.092764,-0.160003,0.347486,-0.047807
649,10.816667,0.118125,0.191693,-0.310626,0.045444,0.277939,-0.235697,0.042508,0.175706,-0.289831,-0.311775,0.545552,-0.092733,-0.160014,0.347487,-0.047898
650,10.833333,0.118068,0.191846,-0.31086,0.045392,0.278056,-0.235878,0.042471,0.175834,-0.290037,-0.311862,0.545526,-0.092698,-0.160027,0.347498,-0.047992
651,10.85,0.118016,0.192026,-0.311098,0.045344,0.278195,-0.236063,0.04244,0.175984,-0.290247,-0.31196,0.545498,-0.092661,-0.160041,0.347518,-0.04809
652,10.866667,0.117974,0.19223,-0.311341,0.045302,0.278353,-0.236251,0.042418,0.176154,-0.290463,-0.312062,0.545469,-0.092624,-0.160052,0.347546,-0.04819
653,10.883333,0.117941,0.192454,-0.311589,0.045267,0.278525,-0.236442,0.042407,0.17634,-0.290684,-0.312162,0.545437,-0.09259,-0.160057,0.34758,-0.048292
654,10.9,0.11792,0.192691,-0.311841,0.045242,0.278709,-0.236636,0.04241,0.176537,-0.29091,-0.312258,0.545404,-0.092562,-0.160053,0.34762,-0.048396
655,10.916667,0.117912,0.192934,-0.312094,0.045227,0.2789,-0.236834,0.04243,0.176743,-0.291139,-0.312347,0.545374,-0.092542,-0.160038,0.347668,-0.048505
656,10.933333,0.117915,0.193178,-0.312346,0.045224,0.279097,-0.237037,0.042463,0.17695,-0.291367,-0.312429,0.54535,-0.092533,-0.160011,0.347726,-0.048618
657,10.95,0.11793,0.193422,-0.312598,0.04523,0.279298,-0.237245,0.042507,0.177156,-0.291592,-0.312504,0.545333,-0.092533,-0.159972,0.347793,-0.048736
658,10.966667,0.117955,0.193671,-0.312853,0.045245,0.279505,-0.237457,0.042559,0.177366,-0.291817,-0.312568,0.545321,-0.092542,-0.159921,0.347866,-0.048855
659,10.983333,0.117985,0.193932,-0.313115,0.045267,0.27972,-0.237673,0.042617,0.177584,-0.29205,-0.312615,0.545312,-0.092558,-0.159858,0.34794,-0.048975
660,11,0.118021,0.194207,-0.31339,0.045296,0.279941,-0.237891,0.042681,0.177816,-0.292296,-0.312639,0.5453,-0.09258,-0.159783,0.348008,-0.049093
661,11.016667,0.118061,0.194494,-0.313679,0.045328,0.280166,-0.238114,0.042751,0.178056,-0.292557,-0.312637,0.545282,-0.092605,-0.159695,0.348064,-0.04921
662,11.033333,0.118105,0.194785,-0.313983,0.045362,0.280387,-0.238346,0.042827,0.178297,-0.29283,-0.312609,0.545258,-0.09263,-0.159596,0.348103,-0.049328
663,11.05,0.11815,0.195069,-0.314298,0.045397,0.280598,-0.238586,0.042904,0.178527,-0.293112,-0.312557,0.545227,-0.092654,-0.159491,0.348122,-0.049448
664,11.066667,0.118191,0.195335,-0.314623,0.04543,0.28079,-0.238833,0.042978,0.178741,-0.293404,-0.312485,0.545192,-0.092675,-0.159383,0.34812,-0.04957
665,11.083333,0.118222,0.195577,-0.314955,0.04546,0.280961,-0.239085,0.043042,0.178936,-0.293702,-0.312398,0.545155,-0.092692,-0.159279,0.348097,-0.049693
666,11.1,0.118237,0.195793,-0.315292,0.045482,0.281107,-0.239338,0.043086,0.17911,-0.294006,-0.312298,0.545119,-0.092704,-0.159181,0.348052,-0.049816
667,11.116667,0.118229,0.195981,-0.315633,0.045489,0.28123,-0.239589,0.043105,0.179262,-0.294313,-0.312187,0.545083,-0.092713,-0.159096,0.347984,-0.049938
668,11.133333,0.118191,0.196144,-0.315975,0.045474,0.281328,-0.239837,0.043092,0.179393,-0.29462,-0.312062,0.545049,-0.092724,-0.159027,0.347894,-0.050053
669,11.15,0.118119,0.19628,-0.316318,0.045433,0.281399,-0.240079,0.043043,0.179498,-0.294927,-0.311925,0.545016,-0.092743,-0.158975,0.347785,-0.050161
670,11.166667,0.118008,0.196378,-0.316662,0.045365,0.281436,-0.240317,0.042958,0.179569,-0.295228,-0.311779,0.544981,-0.092771,-0.158935,0.347665,-0.050263
671,11.183333,0.117859,0.196419,-0.317004,0.045274,0.281434,-0.240559,0.042833,0.179593,-0.295518,-0.311631,0.544942,-0.092809,-0.1589,0.347543,-0.050362
672,11.2,0.117677,0.19639,-0.317338,0.045164,0.281387,-0.240807,0.042673,0.17956,-0.295792,-0.311489,0.5449,-0.092855,-0.158866,0.347428,-0.05046
673,11.216667,0.117469,0.19629,-0.31766,0.045041,0.281298,-0.24106,0.042483,0.17947,-0.296045,-0.311355,0.544858,-0.092911,-0.158829,0.347324,-0.050558
674,11.233333,0.117247,0.196133,-0.317964,0.044911,0.281172,-0.241311,0.042274,0.179332,-0.296275,-0.311231,0.544818,-0.09298,-0.158792,0.347234,-0.050656
675,11.25,0.11702,0.195939,-0.318246,0.044781,0.281021,-0.241551,0.042058,0.179163,-0.296484,-0.311119,0.544784,-0.093059,-0.158757,0.347156,-0.050754
676,11.266667,0.116801,0.195727,-0.318497,0.044656,0.280858,-0.241772,0.041843,0.178981,-0.296669,-0.311019,0.544757,-0.093148,-0.158729,0.34709,-0.050851
677,11.283333,0.1166,0.195512,-0.318714,0.04454,0.280693,-0.241966,0.041641,0.178799,-0.296829,-0.310932,0.544735,-0.093245,-0.158709,0.347032,-0.050944
678,11.3,0.116423,0.195307,-0.318889,0.044437,0.280535,-0.242126,0.04146,0.178624,-0.296957,-0.310855,0.544717,-0.093349,-0.158697,0.346984,-0.051029
679,11.316667,0.116275,0.195114,-0.319018,0.04435,0.280386,-0.242251,0.041306,0.178456,-0.297048,-0.310788,0.544704,-0.09346,-0.158695,0.346943,-0.051104
680,11.333333,0.11616,0.194931,-0.319096,0.04428,0.280246,-0.242337,0.041183,0.178294,-0.297097,-0.31073,0.544694,-0.093575,-0.158702,0.346911,-0.051168
681,11.35,0.116076,0.194753,-0.319121,0.044228,0.280113,-0.242385,0.041091,0.178134,-0.297101,-0.310681,0.544688,-0.093693,-0.158716,0.346886,-0.051219
682,11.366667,0.116021,0.194582,-0.319098,0.044192,0.279986,-0.242394,0.041029,0.177978,-0.297062,-0.310639,0.544686,-0.093811,-0.158737,0.346868,-0.051256
683,11.383333,0.115991,0.194416,-0.31903,0.04417,0.279863,-0.242366,0.04099,0.177823,-0.296985,-0.310604,0.544688,-0.093927,-0.158764,0.346853,-0.051277
684,11.4,0.115981,0.194252,-0.318923,0.04416,0.279741,-0.242307,0.04097,0.177669,-0.296875,-0.310575,0.544694,-0.094037,-0.158797,0.346841,-0.051284
685,11.416667,0.115984,0.194085,-0.318784,0.04416,0.279619,-0.242223,0.04096,0.177511,-0.296736,-0.310552,0.544703,-0.09414,-0.158832,0.34683,-0.051278
686,11.433333,0.115995,0.193914,-0.318623,0.044164,0.279496,-0.242122,0.040957,0.177349,-0.296575,-0.310533,0.544713,-0.094235,-0.15887,0.346821,-0.05126
687,11.45,0.116011,0.193742,-0.318448,0.044172,0.279371,-0.242009,0.040958,0.177183,-0.296399,-0.310517,0.544722,-0.094322,-0.158908,0.34681,-0.051232
688,11.466667,0.116029,0.19357,-0.318269,0.044183,0.279245,-0.24189,0.040962,0.177023,-0.296223,-0.310507,0.544726,-0.094399,-0.158946,0.346797,-0.051198
689,11.483333,0.116048,0.193399,-0.318089,0.044195,0.279119,-0.241769,0.040971,0.176874,-0.296058,-0.310502,0.544725,-0.094466,-0.158983,0.346779,-0.051163
690,11.5,0.116066,0.193231,-0.317914,0.044208,0.278997,-0.241651,0.040979,0.176735,-0.295904,-0.310503,0.544717,-0.094524,-0.159022,0.346755,-0.051126
691,11.516667,0.116079,0.193074,-0.31775,0.044215,0.278882,-0.241541,0.040982,0.176605,-0.29576,-0.31051,0.544703,-0.09457,-0.159064,0.346725,-0.051091
692,11.533333,0.116084,0.192935,-0.317603,0.044211,0.278778,-0.241443,0.04098,0.176488,-0.295633,-0.310524,0.544683,-0.094605,-0.159113,0.346691,-0.051057
693,11.55,0.116076,0.192821,-0.317478,0.044193,0.278691,-0.241359,0.040967,0.176389,-0.295524,-0.310545,0.54466,-0.09463,-0.15917,0.346652,-0.051026
694,11.566667,0.116051,0.192736,-0.317379,0.044158,0.278623,-0.241291,0.040941,0.176313,-0.295438,-0.310572,0.544634,-0.094645,-0.159235,0.346611,-0.050997
695,11.583333,0.116006,0.192678,-0.317308,0.044107,0.278575,-0.241239,0.040899,0.176261,-0.295375,-0.310604,0.544606,-0.094649,-0.159307,0.346569,-0.05097
696,11.6,0.115944,0.192648,-0.317265,0.044043,0.278548,-0.241203,0.040839,0.176233,-0.295337,-0.31064,0.544576,-0.094645,-0.159382,0.346527,-0.050944
697,11.616667,0.115867,0.192642,-0.317248,0.043968,0.278538,-0.241181,0.040765,0.176228,-0.295323,-0.310679,0.544543,-0.094633,-0.159459,0.346488,-0.050918
698,11.633333,0.11578,0.192658,-0.317254,0.043883,0.278543,-0.241174,0.040683,0.17624,-0.295329,-0.310721,0.54451,-0.094617,-0.159536,0.34645,-0.050897
699,11.65,0.115687,0.192692,-0.31728,0.04379,0.278559,-0.241179,0.040596,0.176265,-0.295353,-0.310765,0.544477,-0.094596,-0.159612,0.346414,-0.050879
700,11.666667,0.115591,0.192737,-0.317321,0.043693,0.278583,-0.241196,0.040507,0.176299,-0.295391,-0.310814,0.544445,-0.094573,-0.159687,0.346379,-0.050867
701,11.683333,0.115493,0.192789,-0.317373,0.043596,0.278611,-0.241222,0.040416,0.17634,-0.295442,-0.310867,0.544412,-0.094548,-0.159762,0.346345,-0.05086
702,11.7,0.115395,0.192845,-0.317437,0.043501,0.278643,-0.241258,0.040323,0.176386,-0.295505,-0.310925,0.54438,-0.094522,-0.159837,0.346311,-0.050859
703,11.716667,0.115295,0.192903,-0.317512,0.043407,0.278677,-0.241302,0.040228,0.176437,-0.29558,-0.31099,0.544348,-0.0945,-0.159913,0.346278,-0.050864
704,11.733333,0.115195,0.192964,-0.317597,0.043311,0.278712,-0.241355,0.040131,0.176491,-0.295667,-0.311062,0.544316,-0.094482,-0.159992,0.346246,-0.05088
705,11.75,0.115095,0.193027,-0.317691,0.043213,0.278747,-0.241416,0.040033,0.176544,-0.295759,-0.311143,0.544284,-0.09447,-0.160076,0.346214,-0.050905
706,11.766667,0.114992,0.193089,-0.31779,0.04311,0.278781,-0.241486,0.039936,0.176596,-0.295856,-0.311233,0.544255,-0.094466,-0.160166,0.346184,-0.05094
707,11.783333,0.114885,0.193147,-0.317893,0.043002,0.278814,-0.241563,0.039838,0.17665,-0.295961,-0.311331,0.54423,-0.094468,-0.160262,0.346156,-0.050984
708,11.8,0.11477,0.193196,-0.317998,0.042889,0.278845,-0.241645,0.039733,0.1767,-0.296069,-0.311437,0.54421,-0.094477,-0.160364,0.346134,-0.051035
709,11.816667,0.114647,0.193237,-0.318105,0.042771,0.278872,-0.24173,0.039617,0.176743,-0.296176,-0.311552,0.544197,-0.094493,-0.160471,0.346118,-0.051091
710,11.833333,0.114513,0.193269,-0.318213,0.042644,0.278895,-0.241819,0.039489,0.176775,-0.296278,-0.311673,0.54419,-0.094516,-0.160579,0.346112,-0.051149
711,11.85,0.114369,0.19329,-0.318322,0.04251,0.278912,-0.24191,0.039352,0.176794,-0.296372,-0.311799,0.54419,-0.094544,-0.160689,0.346113,-0.051209
712,11.866667,0.114219,0.1933,-0.318427,0.042372,0.278923,-0.242,0.039208,0.1768,-0.296456,-0.311925,0.544196,-0.094578,-0.160798,0.346121,-0.051268
713,11.883333,0.114066,0.193294,-0.318525,0.042236,0.278924,-0.242089,0.039065,0.176797,-0.296534,-0.312048,0.544206,-0.094615,-0.160903,0.346135,-0.051326
714,11.9,0.113917,0.193269,-0.318614,0.042107,0.278914,-0.242173,0.038928,0.176786,-0.296609,-0.312165,0.544219,-0.094656,-0.161002,0.346154,-0.051382
715,11.916667,0.113777,0.19322,-0.318688,0.041992,0.278887,-0.242251,0.038801,0.176758,-0.296671,-0.312274,0.544236,-0.0947,-0.161089,0.346177,-0.051437
716,11.933333,0.113649,0.193144,-0.318747,0.041892,0.278844,-0.242324,0.038683,0.176705,-0.296716,-0.312371,0.544256,-0.094746,-0.161164,0.346204,-0.051492
717,11.95,0.113536,0.193045,-0.318793,0.041808,0.278784,-0.242391,0.038577,0.176629,-0.296746,-0.312457,0.544276,-0.094793,-0.161223,0.346232,-0.051547
718,11.966667,0.113436,0.192929,-0.31883,0.04174,0.278711,-0.24245,0.038484,0.176538,-0.296764,-0.312528,0.544297,-0.094842,-0.161266,0.346262,-0.0516
719,11.983333,0.113351,0.192804,-0.31886,0.041688,0.278628,-0.242503,0.038405,0.176437,-0.296775,-0.312585,0.544317,-0.094889,-0.161293,0.346291,-0.05165
720,12,0.113282,0.192672,-0.318885,0.041651,0.278539,-0.24255,0.038342,0.176328,-0.296779,-0.312628,0.544335,-0.094937,-0.161305,0.34632,-0.051697
721,12.016667,0.11323,0.192532,-0.318905,0.041633,0.278447,-0.242593,0.038294,0.176212,-0.296775,-0.312658,0.544353,-0.094983,-0.161302,0.346348,-0.051745
722,12.033333,0.113196,0.192387,-0.318918,0.041635,0.278354,-0.242633,0.038264,0.17609,-0.296762,-0.312677,0.54437,-0.095029,-0.161285,0.346379,-0.051793
723,12.05,0.113181,0.192242,-0.318927,0.041655,0.278264,-0.24267,0.038251,0.175967,-0.296744,-0.312687,0.544389,-0.095077,-0.161253,0.346413,-0.051843
724,12.066667,0.113187,0.192105,-0.318932,0.041693,0.278181,-0.242705,0.038258,0.175848,-0.296723,-0.312689,0.544408,-0.095126,-0.161208,0.34645,-0.051895
725,12.083333,0.113216,0.19198,-0.318935,0.041748,0.278106,-0.242739,0.038286,0.175739,-0.296702,-0.312684,0.544429,-0.095177,-0.161154,0.346492,-0.051951
726,12.1,0.113266,0.19187,-0.318934,0.04182,0.278045,-0.242773,0.038334,0.175645,-0.296682,-0.312676,0.544452,-0.095232,-0.161093,0.346538,-0.052013
727,12.116667,0.113338,0.191777,-0.31893,0.041908,0.278002,-0.242806,0.038401,0.175568,-0.29666,-0.312663,0.544478,-0.095289,-0.161027,0.346591,-0.052078
728,12.133333,0.113428,0.191708,-0.318924,0.04201,0.27798,-0.242839,0.038485,0.175511,-0.296636,-0.312647,0.544506,-0.095349,-0.160957,0.34665,-0.052145
729,12.15,0.113531,0.191669,-0.31892,0.042122,0.277983,-0.242873,0.038584,0.175475,-0.296609,-0.312627,0.544536,-0.095414,-0.160884,0.346716,-0.052212
730,12.166667,0.113641,0.191663,-0.318923,0.042237,0.278013,-0.242909,0.038692,0.175463,-0.296581,-0.312603,0.54457,-0.095483,-0.160809,0.346791,-0.052279
731,12.183333,0.113754,0.191694,-0.318934,0.042351,0.278073,-0.242952,0.038806,0.175475,-0.296552,-0.312574,0.544607,-0.095557,-0.160733,0.346874,-0.052344
732,12.2,0.113865,0.191758,-0.318955,0.042462,0.278165,-0.243004,0.03892,0.175511,-0.296522,-0.31254,0.544647,-0.09564,-0.160656,0.346968,-0.052407
733,12.216667,0.113973,0.191856,-0.318986,0.042569,0.278288,-0.243065,0.039031,0.175573,-0.296494,-0.312501,0.544691,-0.095732,-0.160578,0.347073,-0.05247
734,12.233333,0.114077,0.191985,-0.319028,0.042673,0.278442,-0.243134,0.03914,0.175662,-0.296474,-0.31246,0.544741,-0.095836,-0.160499,0.347191,-0.052532
735,12.25,0.114178,0.192142,-0.319078,0.042774,0.278624,-0.243211,0.039247,0.175779,-0.296462,-0.312416,0.544796,-0.095951,-0.160422,0.347321,-0.052596
736,12.266667,0.114274,0.192321,-0.319135,0.042873,0.278833,-0.243295,0.039346,0.175915,-0.296451,-0.312368,0.544858,-0.096079,-0.160346,0.347462,-0.052661
737,12.283333,0.114367,0.192523,-0.3192,0.042972,0.279066,-0.243384,0.039436,0.176067,-0.296434,-0.31231,0.544924,-0.096217,-0.160273,0.347609,-0.052725
738,12.3,0.11446,0.192757,-0.319275,0.043068,0.279325,-0.243474,0.039522,0.176238,-0.296417,-0.31224,0.544996,-0.096364,-0.160199,0.347762,-0.052787
739,12.316667,0.11456,0.193033,-0.319362,0.043163,0.279608,-0.243564,0.039613,0.176438,-0.296413,-0.312157,0.545074,-0.096517,-0.160122,0.34792,-0.052847
740,12.333333,0.114673,0.193357,-0.319459,0.043258,0.279916,-0.243651,0.039722,0.17668,-0.296436,-0.312064,0.545161,-0.096675,-0.160037,0.348084,-0.052908
741,12.35,0.114799,0.193719,-0.319565,0.04336,0.280247,-0.243735,0.039846,0.176964,-0.296484,-0.311962,0.545256,-0.096837,-0.159946,0.348256,-0.05297
742,12.366667,0.11494,0.194109,-0.319671,0.043475,0.280602,-0.243817,0.03998,0.177282,-0.296547,-0.311855,0.545362,-0.097002,-0.159849,0.348439,-0.053033
743,12.383333,0.115096,0.194521,-0.319772,0.043605,0.280979,-0.243894,0.040127,0.177636,-0.296622,-0.311748,0.545483,-0.09717,-0.159748,0.34864,-0.053099
744,12.4,0.115269,0.194957,-0.319861,0.043749,0.28138,-0.24396,0.040292,0.178031,-0.296708,-0.311649,0.545625,-0.097341,-0.159647,0.348864,-0.05317
745,12.416667,0.11546,0.195423,-0.319931,0.043904,0.281807,-0.244013,0.040478,0.178467,-0.296797,-0.311565,0.545792,-0.097519,-0.159553,0.349116,-0.053245
746,12.433333,0.115666,0.195922,-0.319976,0.044062,0.282263,-0.244047,0.040681,0.178938,-0.296873,-0.311504,0.54599,-0.097705,-0.159474,0.3494,-0.053324
747,12.45,0.115882,0.196453,-0.319986,0.044222,0.282749,-0.244056,0.040891,0.179439,-0.296921,-0.311468,0.54622,-0.097902,-0.15942,0.349715,-0.053403
748,12.466667,0.116103,0.197014,-0.319955,0.044377,0.283261,-0.244033,0.041106,0.179971,-0.296938,-0.31146,0.546482,-0.098109,-0.159399,0.35006,-0.053476
749,12.483333,0.116322,0.197599,-0.31988,0.044522,0.283797,-0.243974,0.04132,0.180533,-0.296925,-0.311476,0.546771,-0.098325,-0.159414,0.350427,-0.053537
750,12.5,0.11653,0.1982,-0.319762,0.044648,0.284348,-0.243879,0.041521,0.181112,-0.296878,-0.311515,0.547078,-0.098543,-0.159467,0.350805,-0.053582
751,12.516667,0.116717,0.198804,-0.319607,0.044749,0.284902,-0.243751,0.041698,0.181692,-0.296798,-0.311575,0.547386,-0.098755,-0.159556,0.351181,-0.053605
752,12.533333,0.116875,0.199397,-0.319426,0.044821,0.285448,-0.2436,0.041841,0.182263,-0.296692,-0.311652,0.547679,-0.098953,-0.159677,0.351541,-0.053607
753,12.55,0.116999,0.19997,-0.319232,0.044862,0.285976,-0.243433,0.041949,0.182813,-0.296571,-0.311743,0.547942,-0.099134,-0.159822,0.351875,-0.053584
754,12.566667,0.117086,0.200516,-0.319035,0.044877,0.286479,-0.243256,0.042021,0.183337,-0.296438,-0.311841,0.548168,-0.099296,-0.159983,0.352176,-0.053539
755,12.583333,0.117145,0.201028,-0.318838,0.044875,0.286953,-0.243075,0.042065,0.18383,-0.296297,-0.311943,0.548355,-0.099443,-0.16015,0.352445,-0.053475
756,12.6,0.11719,0.201502,-0.31864,0.044866,0.287397,-0.242891,0.042098,0.184294,-0.296154,-0.312045,0.548509,-0.099576,-0.160317,0.352686,-0.053398
757,12.616667,0.117236,0.201935,-0.318436,0.044866,0.287814,-0.242707,0.042133,0.18473,-0.296009,-0.312147,0.548637,-0.099698,-0.160475,0.352905,-0.053315
758,12.633333,0.117296,0.202329,-0.318226,0.044889,0.288208,-0.242528,0.042179,0.185136,-0.295851,-0.31225,0.548744,-0.099813,-0.160616,0.35311,-0.053234
759,12.65,0.117381,0.202687,-0.318008,0.044946,0.288587,-0.242357,0.042243,0.185512,-0.295678,-0.312356,0.548837,-0.099925,-0.160737,0.35331,-0.053161
760,12.666667,0.117495,0.203018,-0.317785,0.04504,0.288958,-0.242197,0.042331,0.185867,-0.29549,-0.312468,0.548923,-0.100037,-0.160836,0.353512,-0.053101
761,12.683333,0.11764,0.203331,-0.31756,0.045171,0.289329,-0.242048,0.04245,0.186213,-0.295296,-0.312587,0.549003,-0.10015,-0.160915,0.353719,-0.053056
762,12.7,0.117814,0.203637,-0.317334,0.045335,0.289705,-0.241907,0.042605,0.186561,-0.295104,-0.312715,0.549081,-0.100264,-0.160978,0.353931,-0.053025
763,12.716667,0.118014,0.203947,-0.317113,0.045522,0.290087,-0.241774,0.042791,0.186913,-0.294914,-0.312853,0.549157,-0.100377,-0.16103,0.354145,-0.053006
764,12.733333,0.118232,0.204268,-0.316899,0.045723,0.290473,-0.241647,0.042998,0.187264,-0.294726,-0.313003,0.54923,-0.100486,-0.161079,0.354354,-0.052997
765,12.75,0.118454,0.204592,-0.316697,0.045923,0.290854,-0.241527,0.043213,0.187605,-0.294541,-0.313165,0.549299,-0.100588,-0.161135,0.354547,-0.052998
766,12.766667,0.118666,0.204898,-0.31651,0.046111,0.291215,-0.24142,0.043419,0.187918,-0.294359,-0.313337,0.549358,-0.100676,-0.161204,0.354717,-0.053008
767,12.783333,0.118848,0.205165,-0.316339,0.046276,0.291543,-0.241331,0.043594,0.188194,-0.294189,-0.313515,0.549406,-0.100747,-0.161289,0.354858,-0.053027
768,12.8,0.118987,0.20538,-0.316191,0.046411,0.291826,-0.241261,0.04372,0.18843,-0.294047,-0.313693,0.549437,-0.100797,-0.161388,0.354965,-0.053051
769,12.816667,0.119078,0.20555,-0.316074,0.04651,0.292063,-0.241207,0.043789,0.188638,-0.29395,-0.313864,0.549453,-0.100831,-0.161498,0.355039,-0.053076
770,12.833333,0.119124,0.205696,-0.315997,0.046573,0.292255,-0.241162,0.043809,0.188832,-0.293914,-0.314024,0.549454,-0.100852,-0.161613,0.355083,-0.053101
771,12.85,0.119135,0.205832,-0.315957,0.046601,0.292413,-0.241126,0.043799,0.189022,-0.293936,-0.314169,0.549445,-0.100862,-0.161728,0.355102,-0.053124
772,12.866667,0.119119,0.205962,-0.315949,0.046599,0.292544,-0.241102,0.043768,0.189203,-0.293995,-0.314299,0.549428,-0.100864,-0.161838,0.355106,-0.053145
773,12.883333,0.119086,0.206086,-0.315964,0.046578,0.292659,-0.241095,0.043726,0.18937,-0.294073,-0.314414,0.549408,-0.100858,-0.161937,0.355106,-0.053165
774,12.9,0.119049,0.206212,-0.315999,0.046548,0.292774,-0.241107,0.043686,0.18953,-0.294159,-0.314517,0.54939,-0.100847,-0.162018,0.355116,-0.053186
775,12.916667,0.119017,0.206356,-0.316052,0.046522,0.292905,-0.241139,0.043659,0.1897,-0.29425,-0.314611,0.549377,-0.100833,-0.162074,0.355148,-0.05321
776,12.933333,0.119004,0.206543,-0.316124,0.046507,0.293076,-0.241191,0.043657,0.189901,-0.29435,-0.314697,0.549373,-0.100815,-0.162099,0.355213,-0.053236
777,12.95,0.11902,0.206805,-0.316218,0.046512,0.293312,-0.241264,0.043688,0.19016,-0.294459,-0.31478,0.54938,-0.100795,-0.162091,0.355321,-0.053263
778,12.966667,0.119075,0.207172,-0.316336,0.046544,0.293639,-0.241356,0.043765,0.190504,-0.294579,-0.314859,0.549401,-0.100772,-0.162049,0.355478,-0.05329
779,12.983333,0.119179,0.207673,-0.31648,0.046608,0.294079,-0.241466,0.043895,0.19096,-0.294716,-0.314939,0.54944,-0.100745,-0.161972,0.355692,-0.053318
780,13,0.11934,0.208329,-0.316651,0.046715,0.294654,-0.241595,0.044085,0.191549,-0.294871,-0.315021,0.549501,-0.100714,-0.16186,0.35597,-0.053347
781,13.016667,0.119564,0.209161,-0.316853,0.04687,0.295382,-0.241743,0.044341,0.19229,-0.295049,-0.315105,0.549585,-0.100679,-0.161708,0.356319,-0.053377
782,13.033333,0.119857,0.210188,-0.31709,0.047079,0.296277,-0.24191,0.044669,0.193197,-0.295254,-0.315192,0.549693,-0.10064,-0.161511,0.356742,-0.053407
783,13.05,0.120226,0.211426,-0.317367,0.047346,0.297353,-0.242098,0.045074,0.194286,-0.295487,-0.315279,0.549823,-0.1006,-0.161263,0.357242,-0.053437
784,13.066667,0.120674,0.21289,-0.317685,0.047672,0.298621,-0.242305,0.045565,0.195572,-0.295758,-0.315361,0.549974,-0.100557,-0.160962,0.357822,-0.053465
785,13.083333,0.121206,0.21459,-0.318045,0.048059,0.300088,-0.242531,0.046147,0.197069,-0.296073,-0.315435,0.550144,-0.100515,-0.160605,0.35848,-0.053493
786,13.1,0.121825,0.216535,-0.318444,0.048509,0.301763,-0.242776,0.046821,0.198782,-0.29643,-0.315501,0.550335,-0.100474,-0.160195,0.359219,-0.053522
787,13.116667,0.122533,0.218728,-0.318878,0.049024,0.30365,-0.243036,0.047593,0.20072,-0.296829,-0.315563,0.550547,-0.100436,-0.159732,0.36004,-0.053552
788,13.133333,0.123335,0.221176,-0.319344,0.04961,0.305743,-0.243304,0.048466,0.202891,-0.297274,-0.315626,0.550781,-0.1004,-0.159219,0.360946,-0.053584
789,13.15,0.124231,0.223885,-0.31984,0.050274,0.308028,-0.243568,0.04944,0.2053,-0.297761,-0.315692,0.551037,-0.100365,-0.158657,0.361936,-0.053616
790,13.166667,0.125224,0.226862,-0.320362,0.051015,0.310511,-0.243825,0.050516,0.207948,-0.298287,-0.315767,0.551312,-0.100328,-0.158052,0.363009,-0.053652
791,13.183333,0.126318,0.230117,-0.320905,0.051826,0.313212,-0.244079,0.0517,0.210838,-0.298845,-0.315851,0.551602,-0.100291,-0.157406,0.364164,-0.053694
792,13.2,0.127519,0.233667,-0.321466,0.052699,0.316144,-0.244332,0.052999,0.213975,-0.299433,-0.315949,0.551903,-0.100254,-0.156723,0.365394,-0.053746
793,13.216667,0.128833,0.237525,-0.322038,0.053632,0.319315,-0.244579,0.054422,0.217366,-0.300047,-0.316062,0.552212,-0.100218,-0.156009,0.366693,-0.053811
794,13.233333,0.130266,0.241704,-0.32262,0.054617,0.322727,-0.244818,0.055976,0.221018,-0.30069,-0.316189,0.552526,-0.100183,-0.155269,0.368054,-0.053893
795,13.25,0.131816,0.246212,-0.323208,0.055646,0.326374,-0.245048,0.057657,0.224932,-0.301357,-0.316331,0.552846,-0.100147,-0.15451,0.369467,-0.053996
796,13.266667,0.133474,0.251041,-0.323801,0.056711,0.330246,-0.245271,0.059454,0.229098,-0.302047,-0.316495,0.553169,-0.100109,-0.15374,0.370927,-0.054126
797,13.283333,0.135228,0.256175,-0.324398,0.057807,0.334332,-0.245489,0.061353,0.233506,-0.302756,-0.316686,0.553493,-0.100069,-0.152965,0.37243,-0.054288
798,13.3,0.137064,0.261602,-0.325,0.058931,0.33862,-0.2457,0.063345,0.238153,-0.303496,-0.316909,0.553811,-0.100022,-0.152187,0.37397,-0.054482
799,13.316667,0.138964,0.267312,-0.325615,0.060083,0.343101,-0.245902,0.065423,0.243036,-0.304277,-0.317156,0.554115,-0.099961,-0.151405,0.375535,-0.054706
800,13.333333,0.140913,0.273295,-0.326241,0.061258,0.347762,-0.246089,0.067562,0.248133,-0.305085,-0.317421,0.554397,-0.099881,-0.150618,0.377114,-0.054956
801,13.35,0.142901,0.279533,-0.326878,0.062445,0.352581,-0.246258,0.069748,0.253428,-0.305916,-0.317695,0.554652,-0.099779,-0.149826,0.378698,-0.055229
802,13.366667,0.144914,0.28599,-0.327515,0.063632,0.357531,-0.246407,0.07198,0.258906,-0.306784,-0.317973,0.554877,-0.099655,-0.149028,0.380282,-0.055522
803,13.383333,0.146937,0.292619,-0.328143,0.064807,0.362584,-0.246539,0.074247,0.26454,-0.307687,-0.318248,0.555075,-0.099509,-0.148223,0.381864,-0.055831
804,13.4,0.148947,0.299365,-0.328758,0.065966,0.367711,-0.24666,0.076521,0.27028,-0.308593,-0.31852,0.555248,-0.099346,-0.14741,0.383448,-0.056151
805,13.416667,0.150931,0.306182,-0.329353,0.067102,0.372881,-0.246771,0.078776,0.276078,-0.309471,-0.318784,0.5554,-0.099167,-0.146586,0.38504,-0.056478
806,13.433333,0.152878,0.313036,-0.329924,0.068214,0.378069,-0.246873,0.081006,0.281908,-0.310323,-0.319042,0.555539,-0.098978,-0.145752,0.386645,-0.056808
807,13.45,0.154781,0.319902,-0.330467,0.069294,0.383252,-0.246961,0.083207,0.287752,-0.311154,-0.319293,0.555672,-0.098782,-0.144909,0.388271,-0.057137
808,13.466667,0.156633,0.326762,-0.330981,0.070337,0.388412,-0.247033,0.085371,0.293583,-0.311954,-0.319538,0.555808,-0.098586,-0.144059,0.38992,-0.057462
809,13.483333,0.158425,0.333593,-0.331466,0.071335,0.393539,-0.247093,0.087487,0.299378,-0.312717,-0.319778,0.555952,-0.098396,-0.143204,0.391595,-0.057782
810,13.5,0.160148,0.340375,-0.331924,0.072283,0.398622,-0.247147,0.089542,0.305115,-0.313438,-0.320012,0.556105,-0.098217,-0.142347,0.393295,-0.058092
811,13.516667,0.161793,0.347092,-0.332364,0.073175,0.40365,-0.247196,0.091525,0.31078,-0.314116,-0.320242,0.556268,-0.098051,-0.141492,0.395021,-0.058387
812,13.533333,0.163357,0.353741,-0.33279,0.07401,0.40861,-0.24724,0.09343,0.316367,-0.314757,-0.320466,0.55644,-0.0979,-0.14064,0.396769,-0.058665
813,13.55,0.164836,0.360319,-0.333202,0.074788,0.413496,-0.247278,0.095258,0.32188,-0.315367,-0.320682,0.556618,-0.097764,-0.139792,0.398535,-0.058925
814,13.566667,0.166225,0.36682,-0.333588,0.07551,0.418308,-0.247311,0.097013,0.327329,-0.315952,-0.320889,0.556801,-0.097645,-0.13895,0.400313,-0.059169
815,13.583333,0.167529,0.373247,-0.333944,0.076178,0.423053,-0.247341,0.098707,0.332721,-0.316515,-0.321086,0.556986,-0.097541,-0.138111,0.402098,-0.059402
816,13.6,0.168757,0.37961,-0.334271,0.076793,0.427739,-0.247368,0.100349,0.33806,-0.317054,-0.321274,0.55717,-0.097456,-0.137279,0.403878,-0.059628
817,13.616667,0.169917,0.385916,-0.33457,0.077358,0.432371,-0.24739,0.101944,0.343353,-0.317572,-0.321454,0.557349,-0.09739,-0.136455,0.405643,-0.059853
818,13.633333,0.171013,0.39217,-0.334844,0.077882,0.436953,-0.247406,0.103492,0.348607,-0.318073,-0.321627,0.55752,-0.097341,-0.135642,0.407394,-0.060081
819,13.65,0.172053,0.398372,-0.335095,0.078371,0.441486,-0.247414,0.104994,0.353823,-0.318562,-0.321795,0.557681,-0.097309,-0.13484,0.409133,-0.060313
820,13.666667,0.173039,0.404526,-0.335328,0.078829,0.44597,-0.247416,0.106448,0.358997,-0.319038,-0.321958,0.55783,-0.097293,-0.13405,0.410858,-0.060551
821,13.683333,0.173972,0.410637,-0.335549,0.07926,0.450404,-0.247414,0.107857,0.364124,-0.319498,-0.322118,0.557969,-0.097288,-0.133272,0.412571,-0.060794
822,13.7,0.174851,0.416699,-0.335761,0.079665,0.45479,-0.247412,0.109221,0.369198,-0.31994,-0.322275,0.558098,-0.09729,-0.132505,0.414273,-0.061045
823,13.716667,0.175677,0.422701,-0.335961,0.080045,0.459134,-0.247408,0.110537,0.37422,-0.320361,-0.322428,0.558222,-0.097296,-0.131752,0.415965,-0.061303
824,13.733333,0.176452,0.428637,-0.336141,0.080403,0.463443,-0.247398,0.111804,0.3792,-0.320758,-0.322575,0.558344,-0.097304,-0.131014,0.417648,-0.061565
825,13.75,0.177179,0.434514,-0.336292,0.080738,0.467726,-0.247374,0.113023,0.384152,-0.321131,-0.322718,0.558467,-0.097313,-0.130297,0.419323,-0.061831
826,13.766667,0.177861,0.440354,-0.336404,0.08105,0.471989,-0.247326,0.114197,0.38909,-0.321475,-0.322855,0.558596,-0.09732,-0.129605,0.42099,-0.062097
827,13.783333,0.1785,0.446172,-0.336472,0.081335,0.476237,-0.247247,0.115327,0.394024,-0.32179,-0.322989,0.558736,-0.097326,-0.128943,0.422649,-0.062365
828,13.8,0.179093,0.451977,-0.336492,0.081591,0.480471,-0.247134,0.116414,0.398959,-0.322073,-0.323118,0.55889,-0.097331,-0.128316,0.424297,-0.062637
829,13.816667,0.179635,0.457774,-0.336467,0.081812,0.484691,-0.246987,0.117452,0.403898,-0.322324,-0.323242,0.55906,-0.097339,-0.127723,0.425938,-0.062908
830,13.833333,0.180119,0.463566,-0.336403,0.081992,0.488895,-0.246808,0.118441,0.40884,-0.322548,-0.323363,0.559246,-0.097352,-0.127149,0.427583,-0.063166
831,13.85,0.180539,0.469352,-0.33631,0.082128,0.493083,-0.246603,0.119377,0.413782,-0.32275,-0.323482,0.559448,-0.097373,-0.126587,0.429236,-0.063404
832,13.866667,0.180889,0.475131,-0.336196,0.082215,0.497249,-0.246377,0.120257,0.418719,-0.322941,-0.323596,0.559667,-0.097406,-0.126038,0.430895,-0.063626
833,13.883333,0.181167,0.4809,-0.336071,0.082254,0.501382,-0.246136,0.121082,0.423643,-0.323126,-0.323706,0.5599,-0.097452,-0.125501,0.43256,-0.063836
834,13.9,0.181378,0.486643,-0.335941,0.082247,0.505472,-0.245887,0.121851,0.428539,-0.323307,-0.323809,0.560149,-0.097514,-0.124975,0.434231,-0.064037
835,13.916667,0.181525,0.492348,-0.335812,0.082197,0.509511,-0.245634,0.122564,0.433396,-0.32349,-0.323907,0.560412,-0.097593,-0.124458,0.435904,-0.064235
836,13.933333,0.181607,0.498003,-0.335693,0.082106,0.513488,-0.245377,0.123221,0.43821,-0.323678,-0.324,0.560687,-0.097692,-0.123949,0.437576,-0.064431
837,13.95,0.181624,0.503601,-0.335589,0.081974,0.517404,-0.245125,0.123821,0.442977,-0.323879,-0.324091,0.560971,-0.097813,-0.123447,0.439245,-0.064627
838,13.966667,0.181574,0.509135,-0.335509,0.0818,0.521279,-0.244903,0.124362,0.447697,-0.324099,-0.32418,0.561263,-0.097957,-0.12295,0.440911,-0.064827
839,13.983333,0.181458,0.514602,-0.33546,0.081586,0.525127,-0.244728,0.124842,0.452365,-0.324344,-0.324267,0.561561,-0.098123,-0.122457,0.442573,-0.065033
840,14,0.181274,0.519999,-0.33545,0.081329,0.528943,-0.2446,0.125258,0.456983,-0.32462,-0.324353,0.561859,-0.098306,-0.121969,0.444234,-0.065248
841,14.016667,0.181019,0.525327,-0.335484,0.08103,0.532727,-0.244521,0.12561,0.461555,-0.324928,-0.324439,0.562154,-0.098498,-0.121484,0.445893,-0.065474
842,14.033333,0.18069,0.530594,-0.335564,0.080691,0.536485,-0.244486,0.125896,0.466089,-0.32527,-0.32453,0.56244,-0.098694,-0.121007,0.447551,-0.065715
843,14.05,0.180286,0.535814,-0.335688,0.080311,0.540228,-0.244489,0.126115,0.470595,-0.325646,-0.324631,0.562711,-0.098901,-0.120539,0.449204,-0.06597
844,14.066667,0.179806,0.541004,-0.335847,0.079889,0.543957,-0.244522,0.126266,0.47508,-0.326052,-0.32474,0.562965,-0.09912,-0.120085,0.450851,-0.066239
845,14.083333,0.179248,0.546173,-0.336032,0.079422,0.54767,-0.244575,0.126352,0.47955,-0.326485,-0.324843,0.563213,-0.099335,-0.119648,0.452491,-0.066521
846,14.1,0.178614,0.551328,-0.336231,0.078908,0.55136,-0.244639,0.126376,0.484008,-0.326936,-0.324933,0.563462,-0.09954,-0.119229,0.45412,-0.066812
847,14.116667,0.17791,0.556477,-0.336433,0.078341,0.555024,-0.244707,0.126338,0.488449,-0.327396,-0.325015,0.563714,-0.099738,-0.118834,0.455737,-0.067107
848,14.133333,0.177136,0.561623,-0.336629,0.07772,0.558659,-0.244772,0.126239,0.492868,-0.327857,-0.325088,0.56397,-0.099933,-0.118465,0.457338,-0.067402
849,14.15,0.176287,0.566762,-0.336815,0.077047,0.562261,-0.244824,0.126079,0.497258,-0.328307,-0.325154,0.564229,-0.10013,-0.118122,0.45892,-0.067691
850,14.166667,0.175376,0.571893,-0.336977,0.076325,0.565825,-0.244854,0.125865,0.501621,-0.328728,-0.325215,0.564492,-0.100331,-0.117807,0.460478,-0.067969
851,14.183333,0.174411,0.577006,-0.337103,0.075561,0.569346,-0.244851,0.125607,0.505965,-0.329102,-0.325276,0.56476,-0.100539,-0.11752,0.46201,-0.06823
852,14.2,0.173397,0.582084,-0.337191,0.074763,0.57282,-0.24481,0.125316,0.510297,-0.329421,-0.325342,0.565029,-0.100753,-0.117258,0.463515,-0.068472
853,14.216667,0.172345,0.587099,-0.337237,0.07394,0.576245,-0.24473,0.124996,0.514605,-0.329692,-0.325415,0.565297,-0.10097,-0.117021,0.464996,-0.068692
854,14.233333,0.171269,0.592021,-0.337238,0.073102,0.57962,-0.244612,0.124646,0.518865,-0.329925,-0.325489,0.565568,-0.101179,-0.116806,0.466457,-0.068886
855,14.25,0.17018,0.596832,-0.337188,0.072257,0.582941,-0.244451,0.124269,0.523058,-0.330116,-0.325563,0.565846,-0.101375,-0.11661,0.467896,-0.06905
856,14.266667,0.169085,0.60153,-0.337076,0.071414,0.586204,-0.244239,0.123872,0.527179,-0.330257,-0.32564,0.566128,-0.101563,-0.116432,0.469309,-0.069181
857,14.283333,0.167991,0.606126,-0.336892,0.070576,0.589404,-0.243974,0.123462,0.531227,-0.330341,-0.325722,0.566412,-0.101744,-0.116269,0.470693,-0.06928
858,14.3,0.166899,0.61062,-0.336629,0.069744,0.59253,-0.243657,0.123045,0.535196,-0.330368,-0.32581,0.566692,-0.101918,-0.11612,0.47204,-0.069344
859,14.316667,0.165808,0.614997,-0.336289,0.068917,0.595572,-0.24329,0.122624,0.539069,-0.330333,-0.325906,0.566963,-0.102083,-0.115985,0.473342,-0.069371
860,14.333333,0.164716,0.619233,-0.335873,0.068096,0.598517,-0.242871,0.122195,0.542826,-0.330238,-0.326008,0.567224,-0.10224,-0.115869,0.474587,-0.069358
861,14.35,0.163627,0.623308,-0.335385,0.067279,0.601351,-0.242402,0.121748,0.546453,-0.330086,-0.326117,0.56747,-0.102385,-0.115775,0.475762,-0.069304
862,14.366667,0.162544,0.627211,-0.334821,0.066471,0.604062,-0.241884,0.12128,0.549941,-0.329886,-0.326231,0.5677,-0.102517,-0.115708,0.476856,-0.069216
863,14.383333,0.161475,0.630938,-0.334184,0.065675,0.606641,-0.241325,0.120793,0.553282,-0.329646,-0.32635,0.567914,-0.102635,-0.115671,0.477859,-0.069111
864,14.4,0.160432,0.634486,-0.33349,0.064892,0.60908,-0.240734,0.120298,0.556468,-0.329372,-0.326474,0.568112,-0.102741,-0.11567,0.478764,-0.069007
865,14.416667,0.159425,0.637851,-0.332762,0.064124,0.61137,-0.240126,0.119803,0.559489,-0.329069,-0.326601,0.568293,-0.10284,-0.115706,0.479566,-0.068919
866,14.433333,0.15846,0.641022,-0.332016,0.063373,0.613504,-0.239509,0.119319,0.562334,-0.328741,-0.32673,0.568455,-0.102932,-0.115779,0.480265,-0.068852
867,14.45,0.157541,0.643982,-0.331267,0.062645,0.615471,-0.238896,0.118853,0.56499,-0.328398,-0.326862,0.568598,-0.103018,-0.115884,0.480865,-0.068808
868,14.466667,0.156674,0.64671,-0.330532,0.061945,0.617261,-0.238299,0.118412,0.567442,-0.328051,-0.326995,0.568722,-0.103099,-0.116016,0.481376,-0.068782
869,14.483333,0.155866,0.649185,-0.329831,0.061283,0.618867,-0.237733,0.118002,0.569671,-0.32771,-0.327129,0.568829,-0.103176,-0.116169,0.48181,-0.068771
870,14.5,0.155128,0.651382,-0.329182,0.06067,0.620286,-0.237211,0.11763,0.571657,-0.32738,-0.327262,0.568923,-0.103251,-0.116336,0.48218,-0.068768
871,14.516667,0.154476,0.653281,-0.328595,0.060116,0.621517,-0.236742,0.117303,0.573379,-0.327064,-0.327394,0.569007,-0.103327,-0.116511,0.482497,-0.068768
872,14.533333,0.153925,0.654869,-0.328076,0.059632,0.622563,-0.236334,0.117028,0.574826,-0.326762,-0.327525,0.569086,-0.103406,-0.116689,0.482772,-0.068767
873,14.55,0.153482,0.656153,-0.327622,0.059225,0.623426,-0.235981,0.116812,0.575997,-0.326471,-0.327656,0.569162,-0.103491,-0.116866,0.48301,-0.068757
874,14.566667,0.153151,0.657151,-0.327224,0.058903,0.624111,-0.235674,0.116661,0.576904,-0.326189,-0.327787,0.569236,-0.10358,-0.117038,0.483219,-0.068732
875,14.583333,0.152929,0.657888,-0.326869,0.058668,0.624629,-0.235404,0.116577,0.577565,-0.325913,-0.327917,0.569307,-0.103672,-0.117201,0.483402,-0.06869
876,14.6,0.152816,0.658386,-0.326547,0.058518,0.624989,-0.235161,0.116561,0.578003,-0.325638,-0.328045,0.569377,-0.103764,-0.117357,0.483559,-0.068632
877,14.616667,0.152809,0.658664,-0.326246,0.058447,0.625208,-0.23494,0.116612,0.578241,-0.325358,-0.328168,0.569443,-0.103854,-0.117504,0.483688,-0.06856
878,14.633333,0.152904,0.658747,-0.325958,0.058447,0.625303,-0.234736,0.11673,0.5783,-0.325066,-0.328284,0.569506,-0.10394,-0.117645,0.483791,-0.068475
879,14.65,0.153089,0.658665,-0.325678,0.05851,0.625293,-0.234545,0.116907,0.578209,-0.324763,-0.328393,0.569563,-0.104019,-0.117778,0.483868,-0.068379
880,14.666667,0.153345,0.658456,-0.325402,0.058628,0.625198,-0.234361,0.117133,0.578002,-0.324452,-0.328496,0.569615,-0.104091,-0.117903,0.483922,-0.068277
881,14.683333,0.153654,0.658155,-0.325127,0.058791,0.625037,-0.23418,0.117393,0.57771,-0.324136,-0.328592,0.569664,-0.104157,-0.118019,0.483956,-0.068173
882,14.7,0.154001,0.65779,-0.324853,0.058991,0.624827,-0.233999,0.117678,0.57736,-0.323821,-0.328684,0.569709,-0.104217,-0.118126,0.483973,-0.068069
883,14.716667,0.154381,0.657377,-0.324587,0.059219,0.624585,-0.233823,0.117983,0.576969,-0.32351,-0.328768,0.569752,-0.104275,-0.118222,0.483979,-0.067966
884,14.733333,0.154788,0.656924,-0.324338,0.05947,0.624327,-0.233658,0.118304,0.576548,-0.323204,-0.328846,0.569795,-0.104333,-0.118307,0.483984,-0.067863
885,14.75,0.155218,0.656446,-0.324112,0.059737,0.624062,-0.233508,0.118637,0.576109,-0.322911,-0.328917,0.569839,-0.104394,-0.118379,0.483993,-0.067761
886,14.766667,0.15566,0.655957,-0.32391,0.060017,0.623798,-0.233375,0.118974,0.575663,-0.322633,-0.328983,0.569888,-0.104461,-0.118438,0.484012,-0.067661
887,14.783333,0.156103,0.655472,-0.323738,0.060304,0.62354,-0.233257,0.11931,0.575221,-0.322374,-0.329042,0.569939,-0.104536,-0.11848,0.484045,-0.067561
888,14.8,0.156539,0.654995,-0.323596,0.060591,0.623292,-0.233154,0.119641,0.574791,-0.322134,-0.329094,0.569992,-0.104616,-0.118506,0.484094,-0.067458
889,14.816667,0.156961,0.654532,-0.323482,0.060873,0.623056,-0.233065,0.119964,0.574377,-0.321912,-0.329137,0.570046,-0.1047,-0.118515,0.484157,-0.06735
890,14.833333,0.157369,0.654082,-0.323393,0.061147,0.622834,-0.232992,0.120279,0.573979,-0.321705,-0.329168,0.570098,-0.104783,-0.118505,0.484232,-0.067238
891,14.85,0.157759,0.653648,-0.323333,0.06141,0.622626,-0.23294,0.120586,0.573595,-0.321516,-0.329186,0.570145,-0.104861,-0.11848,0.484317,-0.067125
892,14.866667,0.158128,0.653233,-0.323305,0.061657,0.622432,-0.23291,0.12088,0.573224,-0.321347,-0.329191,0.57019,-0.104931,-0.118441,0.48441,-0.067015
893,14.883333,0.15847,0.652837,-0.323308,0.061885,0.62225,-0.232904,0.121155,0.572868,-0.321204,-0.329188,0.570233,-0.104995,-0.118396,0.484509,-0.066914
894,14.9,0.158775,0.652462,-0.323336,0.062092,0.622079,-0.232921,0.121404,0.572528,-0.32109,-0.32918,0.570278,-0.105055,-0.11835,0.484613,-0.066825
895,14.916667,0.159041,0.652107,-0.323388,0.062275,0.621918,-0.232962,0.121621,0.572205,-0.321009,-0.329173,0.570329,-0.105114,-0.11831,0.484722,-0.066753
896,14.933333,0.159265,0.651772,-0.323466,0.062431,0.621766,-0.233025,0.121802,0.5719,-0.320961,-0.32917,0.570387,-0.105173,-0.11828,0.484831,-0.0667
897,14.95,0.159448,0.651458,-0.323565,0.062559,0.621622,-0.233106,0.121946,0.571614,-0.320946,-0.329176,0.570451,-0.105235,-0.118264,0.484939,-0.066667
898,14.966667,0.159591,0.651169,-0.323682,0.062657,0.621488,-0.233202,0.122051,0.571352,-0.320961,-0.329191,0.570522,-0.105302,-0.118265,0.48504,-0.066656
899,14.983333,0.159696,0.650904,-0.323812,0.062726,0.621361,-0.233309,0.12212,0.571113,-0.321002,-0.329219,0.570595,-0.105374,-0.118282,0.485132,-0.066663
900,15,0.159765,0.65066,-0.323953,0.062767,0.62124,-0.233426,0.122156,0.570896,-0.321063,-0.329258,0.570668,-0.105452,-0.118316,0.485211,-0.066688
901,15.016667,0.159802,0.65043,-0.3241,0.062782,0.621124,-0.233553,0.122165,0.570694,-0.321138,-0.329307,0.570739,-0.105539,-0.118365,0.485276,-0.066728
902,15.033333,0.159812,0.650212,-0.32425,0.062774,0.621009,-0.233684,0.12215,0.570505,-0.321225,-0.329364,0.570808,-0.105634,-0.118429,0.485323,-0.066781
903,15.05,0.159803,0.65,-0.324398,0.06275,0.620892,-0.233814,0.122117,0.570326,-0.321321,-0.329426,0.570873,-0.105737,-0.118505,0.485352,-0.066846
904,15.066667,0.159785,0.649792,-0.32454,0.062716,0.620771,-0.233942,0.122073,0.570152,-0.321421,-0.329491,0.570936,-0.105848,-0.118591,0.485363,-0.066921
905,15.083333,0.159768,0.649583,-0.324675,0.062682,0.620643,-0.234069,0.122028,0.569976,-0.321524,-0.329556,0.570999,-0.105967,-0.118682,0.485358,-0.06701
906,15.1,0.159764,0.649365,-0.324806,0.062656,0.620507,-0.234197,0.121989,0.569791,-0.321628,-0.329619,0.571063,-0.106091,-0.118773,0.485344,-0.06711
907,15.116667,0.159778,0.649134,-0.324939,0.062645,0.620361,-0.234329,0.121962,0.569592,-0.321735,-0.329678,0.571127,-0.10622,-0.118859,0.485325,-0.067217
908,15.133333,0.159809,0.648886,-0.325081,0.06265,0.620205,-0.234469,0.121948,0.569377,-0.321849,-0.329731,0.571192,-0.106352,-0.118936,0.485307,-0.067329
909,15.15,0.159855,0.648625,-0.325235,0.062671,0.62004,-0.234619,0.121949,0.569149,-0.321973,-0.329774,0.571256,-0.106487,-0.119001,0.485289,-0.067443
910,15.166667,0.159916,0.648356,-0.325401,0.062704,0.619867,-0.234779,0.121964,0.568912,-0.322106,-0.329808,0.571318,-0.106626,-0.119053,0.48527,-0.067562
911,15.183333,0.159989,0.648077,-0.325579,0.062748,0.619691,-0.234952,0.121992,0.568668,-0.322248,-0.329833,0.571372,-0.106768,-0.119094,0.485248,-0.067689
912,15.2,0.160074,0.647786,-0.325766,0.0628,0.619511,-0.235134,0.122028,0.568417,-0.322396,-0.329851,0.571417,-0.106915,-0.119124,0.485218,-0.067824
913,15.216667,0.160163,0.647485,-0.325959,0.062858,0.619325,-0.235322,0.122066,0.568159,-0.322553,-0.329862,0.571449,-0.107063,-0.119148,0.485177,-0.067966
914,15.233333,0.160251,0.647174,-0.326158,0.062917,0.619131,-0.235511,0.122098,0.567897,-0.322716,-0.329867,0.57147,-0.107211,-0.119167,0.485121,-0.06811
915,15.25,0.160332,0.646856,-0.326361,0.062974,0.618923,-0.235699,0.122122,0.56763,-0.322885,-0.329867,0.571482,-0.107357,-0.119184,0.48505,-0.068258
916,15.266667,0.16041,0.646528,-0.326563,0.06303,0.618697,-0.235883,0.122143,0.567352,-0.323055,-0.329863,0.571484,-0.107498,-0.119202,0.484961,-0.068407
917,15.283333,0.160494,0.646185,-0.326762,0.063089,0.618453,-0.236061,0.122166,0.567056,-0.32322,-0.329859,0.571478,-0.107632,-0.119223,0.484856,-0.068556
918,15.3,0.160593,0.64582,-0.326952,0.063157,0.618193,-0.236233,0.122197,0.566738,-0.323378,-0.329856,0.571464,-0.107759,-0.119247,0.484736,-0.068704
919,15.316667,0.160712,0.645433,-0.327132,0.063236,0.617918,-0.236398,0.122239,0.566399,-0.323527,-0.329854,0.571444,-0.107877,-0.119274,0.484602,-0.06885
920,15.333333,0.160849,0.645029,-0.327299,0.063327,0.617628,-0.236554,0.122293,0.566043,-0.323665,-0.329855,0.571418,-0.107983,-0.119302,0.484457,-0.068993
921,15.35,0.160994,0.644613,-0.327452,0.063426,0.617326,-0.236698,0.122357,0.565676,-0.323793,-0.32986,0.571388,-0.108077,-0.11933,0.484303,-0.069131
922,15.366667,0.161139,0.644193,-0.327589,0.06353,0.617015,-0.236832,0.122427,0.565306,-0.323911,-0.329867,0.571354,-0.108159,-0.119358,0.484142,-0.069264
923,15.383333,0.161281,0.643776,-0.327712,0.063634,0.616702,-0.236956,0.122499,0.564938,-0.32402,-0.329877,0.571317,-0.108231,-0.119387,0.483976,-0.069395
924,15.4,0.161421,0.643367,-0.327823,0.063739,0.616393,-0.237069,0.12257,0.564578,-0.324122,-0.329888,0.571279,-0.108293,-0.119416,0.483807,-0.06952
925,15.416667,0.161563,0.64297,-0.327926,0.063844,0.616094,-0.23717,0.122636,0.564231,-0.324216,-0.3299,0.571239,-0.108349,-0.119444,0.483638,-0.069639
926,15.433333,0.161701,0.642589,-0.328019,0.063946,0.615808,-0.237263,0.122697,0.563901,-0.324303,-0.329912,0.571199,-0.108401,-0.119469,0.483473,-0.069748
927,15.45,0.161829,0.642229,-0.328105,0.064041,0.615539,-0.237349,0.122754,0.563591,-0.324384,-0.329925,0.571158,-0.10845,-0.119492,0.483316,-0.069849
928,15.466667,0.161942,0.641895,-0.328187,0.064128,0.615286,-0.237429,0.122805,0.563304,-0.324461,-0.329937,0.571119,-0.108494,-0.119511,0.48317,-0.06994
929,15.483333,0.162041,0.641588,-0.328265,0.064207,0.615051,-0.237501,0.12285,0.56304,-0.324536,-0.329949,0.571084,-0.108536,-0.119527,0.483037,-0.070024
930,15.5,0.162127,0.641306,-0.328338,0.064277,0.614832,-0.237569,0.122889,0.562797,-0.324607,-0.329963,0.571055,-0.108577,-0.119543,0.482918,-0.0701
931,15.516667,0.162207,0.641041,-0.328409,0.064338,0.614631,-0.237637,0.122924,0.562569,-0.324674,-0.329982,0.571032,-0.108619,-0.119562,0.482814,-0.070171
932,15.533333,0.16228,0.640789,-0.328478,0.06439,0.614446,-0.237708,0.122951,0.562352,-0.324738,-0.330008,0.571016,-0.108663,-0.119586,0.482725,-0.070237
933,15.55,0.162346,0.640548,-0.328547,0.064434,0.614276,-0.237781,0.122971,0.562148,-0.324802,-0.330043,0.571006,-0.108712,-0.119617,0.482652,-0.070301
934,15.566667,0.162403,0.640321,-0.328616,0.064469,0.61412,-0.237853,0.122981,0.561959,-0.324866,-0.330087,0.571,-0.108768,-0.119657,0.482592,-0.070364
935,15.583333,0.162451,0.640106,-0.328682,0.064494,0.613979,-0.237918,0.122984,0.561786,-0.324926,-0.330141,0.570997,-0.108832,-0.119706,0.482544,-0.070427
936,15.6,0.162489,0.639903,-0.328743,0.06451,0.613851,-0.237977,0.122979,0.561627,-0.324981,-0.330205,0.570996,-0.108906,-0.119767,0.482505,-0.070492
937,15.616667,0.162521,0.639709,-0.328793,0.064516,0.613734,-0.238027,0.122968,0.56148,-0.325026,-0.330279,0.570995,-0.108995,-0.119842,0.48247,-0.070558
938,15.633333,0.162547,0.63952,-0.328828,0.064514,0.613622,-0.238066,0.12295,0.561342,-0.32506,-0.330361,0.570995,-0.1091,-0.119931,0.482434,-0.070626
939,15.65,0.162569,0.639334,-0.328847,0.064504,0.613509,-0.238094,0.122928,0.561205,-0.32508,-0.330448,0.570994,-0.109224,-0.120033,0.482391,-0.070695
940,15.666667,0.162589,0.639142,-0.328849,0.064492,0.613387,-0.23811,0.122905,0.561063,-0.325084,-0.330534,0.57099,-0.109367,-0.120142,0.482335,-0.070762
941,15.683333,0.162615,0.638941,-0.328835,0.064484,0.613252,-0.238113,0.122887,0.56091,-0.325075,-0.330609,0.570982,-0.109531,-0.120251,0.482261,-0.070825
942,15.7,0.162658,0.638722,-0.328805,0.064494,0.613098,-0.238105,0.122885,0.560737,-0.325052,-0.330658,0.570967,-0.109715,-0.12035,0.482166,-0.070885
943,15.716667,0.162738,0.63848,-0.328754,0.064536,0.612921,-0.238085,0.122919,0.560542,-0.325014,-0.330668,0.570949,-0.109917,-0.120426,0.482051,-0.070942
944,15.733333,0.162875,0.63821,-0.328676,0.064628,0.61272,-0.238047,0.123007,0.560319,-0.324956,-0.330627,0.57093,-0.110138,-0.120467,0.481915,-0.070999
945,15.75,0.163088,0.637904,-0.328564,0.064785,0.612489,-0.237982,0.123166,0.560066,-0.324867,-0.330527,0.570915,-0.110379,-0.120466,0.481761,-0.071056
946,15.766667,0.163393,0.637553,-0.328407,0.065018,0.612224,-0.237886,0.123407,0.559774,-0.32474,-0.330361,0.570906,-0.110638,-0.120417,0.481587,-0.071107
947,15.783333,0.163798,0.637143,-0.328203,0.065334,0.611919,-0.237755,0.123737,0.559433,-0.324566,-0.330123,0.5709,-0.110907,-0.120313,0.481396,-0.071139
948,15.8,0.164305,0.636665,-0.327947,0.065737,0.611574,-0.237584,0.124156,0.559039,-0.324342,-0.329803,0.570897,-0.111176,-0.12015,0.481185,-0.071141
949,15.816667,0.164912,0.63612,-0.327631,0.066228,0.611184,-0.23736,0.124657,0.558593,-0.324062,-0.329393,0.570895,-0.111435,-0.119922,0.48095,-0.071101
950,15.833333,0.165611,0.635509,-0.327243,0.066804,0.610745,-0.237068,0.125237,0.558101,-0.323719,-0.328887,0.570892,-0.111676,-0.119627,0.480682,-0.071012
951,15.85,0.166399,0.634836,-0.326769,0.067462,0.610253,-0.236696,0.125896,0.557566,-0.323302,-0.328276,0.570884,-0.111889,-0.119263,0.480373,-0.070866
952,15.866667,0.167273,0.634099,-0.326199,0.0682,0.609707,-0.236233,0.126631,0.556984,-0.322798,-0.327554,0.570869,-0.112061,-0.118827,0.480015,-0.070652
953,15.883333,0.168229,0.633291,-0.325524,0.069016,0.609101,-0.235669,0.127437,0.556352,-0.3222,-0.32672,0.570841,-0.112179,-0.118318,0.4796,-0.070354
954,15.9,0.169264,0.632411,-0.324736,0.06991,0.608433,-0.234991,0.128312,0.555665,-0.321498,-0.325772,0.570794,-0.112231,-0.117736,0.479122,-0.06996
955,15.916667,0.170375,0.631456,-0.323821,0.070882,0.607696,-0.234189,0.129254,0.554922,-0.320682,-0.324711,0.570722,-0.112209,-0.117083,0.478576,-0.069462
956,15.933333,0.17156,0.63043,-0.322767,0.071928,0.606885,-0.233253,0.130265,0.554117,-0.319742,-0.323539,0.570618,-0.112104,-0.116363,0.477953,-0.068853
957,15.95,0.172818,0.62933,-0.321563,0.073045,0.605991,-0.232178,0.131347,0.55325,-0.318667,-0.322256,0.570479,-0.11191,-0.115579,0.477247,-0.068132
958,15.966667,0.174146,0.628151,-0.320202,0.074231,0.605007,-0.230959,0.132496,0.552318,-0.317458,-0.320863,0.570302,-0.111623,-0.114731,0.476451,-0.067296
959,15.983333,0.175543,0.626884,-0.318686,0.075489,0.603928,-0.229593,0.133711,0.551314,-0.316116,-0.31936,0.570084,-0.111236,-0.113821,0.475562,-0.066343
960,16,0.177008,0.625518,-0.317023,0.076824,0.602747,-0.228084,0.134994,0.550229,-0.314643,-0.317747,0.569822,-0.110742,-0.112848,0.474578,-0.065273
961,16.016667,0.178545,0.624043,-0.315219,0.07824,0.601463,-0.22644,0.136353,0.549053,-0.31304,-0.316028,0.569519,-0.110136,-0.111815,0.473504,-0.06409
962,16.033333,0.180164,0.622455,-0.313281,0.079741,0.60007,-0.224668,0.137794,0.54778,-0.311312,-0.314208,0.569179,-0.109419,-0.110724,0.472344,-0.062801
963,16.05,0.181887,0.620757,-0.311214,0.081332,0.598569,-0.222773,0.139321,0.546411,-0.309463,-0.312287,0.568809,-0.108592,-0.109572,0.471104,-0.061415
964,16.066667,0.183724,0.618952,-0.309019,0.083019,0.596965,-0.220756,0.140936,0.544957,-0.307501,-0.310264,0.568415,-0.107658,-0.108356,0.469788,-0.059936
965,16.083333,0.185676,0.617039,-0.306701,0.084809,0.595266,-0.218618,0.142636,0.543428,-0.30543,-0.308133,0.568,-0.106616,-0.107068,0.4684,-0.058365
966,16.1,0.187744,0.615011,-0.304262,0.086703,0.593483,-0.216359,0.144421,0.541833,-0.303248,-0.305884,0.567562,-0.105462,-0.105697,0.46694,-0.056696
967,16.116667,0.189924,0.612868,-0.301702,0.088704,0.591628,-0.213972,0.146296,0.540181,-0.30095,-0.303501,0.567097,-0.104194,-0.104231,0.465406,-0.05492
968,16.133333,0.192211,0.610611,-0.299017,0.090814,0.589706,-0.211449,0.148266,0.538484,-0.298525,-0.300961,0.566599,-0.102808,-0.102654,0.463796,-0.053025
969,16.15,0.194601,0.608235,-0.2962,0.093034,0.587716,-0.208776,0.150341,0.536755,-0.29596,-0.298239,0.566064,-0.101301,-0.100951,0.462101,-0.050994
970,16.166667,0.197094,0.605718,-0.293238,0.095371,0.58565,-0.205933,0.152528,0.534996,-0.293237,-0.29531,0.565488,-0.099667,-0.099105,0.460311,-0.048813
971,16.183333,0.199695,0.603018,-0.290114,0.097834,0.583491,-0.202897,0.154833,0.533198,-0.290332,-0.292144,0.564864,-0.097897,-0.097101,0.458408,-0.046459
972,16.2,0.202414,0.600073,-0.286805,0.100438,0.581211,-0.199636,0.157258,0.531343,-0.287218,-0.288707,0.564182,-0.095978,-0.094923,0.456367,-0.043902
973,16.216667,0.205259,0.596811,-0.283281,0.1032,0.578774,-0.19611,0.159808,0.529402,-0.283856,-0.284965,0.563426,-0.093893,-0.092558,0.45416,-0.0411
974,16.233333,0.208243,0.593147,-0.279503,0.10614,0.576134,-0.19227,0.162501,0.527326,-0.280191,-0.280884,0.562578,-0.091622,-0.089996,0.451753,-0.038012
975,16.25,0.211384,0.588987,-0.275407,0.109278,0.57324,-0.188057,0.165365,0.525053,-0.27615,-0.276433,0.561617,-0.089144,-0.087234,0.449104,-0.034597
976,16.266667,0.214706,0.584236,-0.27091,0.112633,0.570036,-0.1834,0.168435,0.522519,-0.271639,-0.271585,0.560522,-0.086439,-0.084274,0.446162,-0.030815
977,16.283333,0.218232,0.578799,-0.26591,0.116225,0.566456,-0.178219,0.171748,0.519664,-0.266558,-0.266318,0.559265,-0.083482,-0.081128,0.442877,-0.026622
978,16.3,0.221977,0.572584,-0.260294,0.120068,0.562434,-0.172432,0.175335,0.516422,-0.260805,-0.260621,0.557821,-0.08024,-0.077819,0.439203,-0.021972
979,16.316667,0.225936,0.565522,-0.253952,0.124169,0.557898,-0.165963,0.179222,0.512712,-0.254279,-0.254497,0.556166,-0.07668,-0.07437,0.435101,-0.016816
980,16.333333,0.230092,0.557617,-0.246784,0.128519,0.552779,-0.158746,0.183421,0.508438,-0.246889,-0.247967,0.554285,-0.072757,-0.070823,0.430549,-0.011105
981,16.35,0.234427,0.548947,-0.238699,0.133094,0.547013,-0.150727,0.187923,0.503486,-0.238562,-0.241073,0.552177,-0.068429,-0.067268,0.425541,-0.00482
982,16.366667,0.238934,0.539608,-0.229626,0.137842,0.54054,-0.141868,0.19269,0.497743,-0.229255,-0.233876,0.549855,-0.063648,-0.063829,0.42008,0.002026
983,16.383333,0.243585,0.529634,-0.21952,0.142691,0.533318,-0.132141,0.19765,0.491122,-0.21895,-0.226462,0.547356,-0.058362,-0.060629,0.414181,0.009413
984,16.4,0.24829,0.518972,-0.208363,0.147543,0.525324,-0.121534,0.202702,0.48358,-0.207639,-0.218933,0.544741,-0.052519,-0.057782,0.407878,0.017347
985,16.416667,0.252898,0.507524,-0.19617,0.152275,0.516557,-0.110051,0.207715,0.47511,-0.195324,-0.211417,0.542094,-0.046065,-0.055422,0.401224,0.025821
986,16.433333,0.25723,0.495219,-0.182983,0.156741,0.507042,-0.097712,0.212529,0.465733,-0.182021,-0.20406,0.539518,-0.038959,-0.053717,0.394294,0.034794
987,16.45,0.261082,0.482039,-0.168879,0.160783,0.496827,-0.084549,0.216946,0.455481,-0.167772,-0.19702,0.537137,-0.03117,-0.052841,0.387188,0.044208
988,16.466667,0.264237,0.468022,-0.153954,0.164227,0.485977,-0.07061,0.220739,0.444414,-0.152659,-0.190464,0.535091,-0.022678,-0.052969,0.380039,0.053989
989,16.483333,0.266478,0.453259,-0.138318,0.1669,0.474575,-0.055965,0.223683,0.432624,-0.136788,-0.184559,0.533526,-0.013484,-0.05426,0.373002,0.064045
990,16.5,0.267604,0.437873,-0.122087,0.16863,0.462718,-0.040704,0.225559,0.420287,-0.120399,-0.179466,0.532579,-0.003611,-0.056843,0.36625,0.074275
991,16.516667,0.267424,0.422009,-0.105379,0.16925,0.450517,-0.024926,0.226181,0.407599,-0.103716,-0.175329,0.532365,0.006897,-0.060813,0.359958,0.084577
992,16.533333,0.265774,0.40582,-0.088311,0.168609,0.438092,-0.008739,0.22544,0.394656,-0.086691,-0.17227,0.53296,0.017983,-0.066228,0.354291,0.094858
993,16.55,0.262517,0.389472,-0.071009,0.166567,0.425571,0.007736,0.223245,0.38154,-0.069304,-0.170383,0.534407,0.029599,-0.073104,0.34939,0.105044
994,16.566667,0.257559,0.373153,-0.053611,0.163008,0.413081,0.024359,0.219487,0.368376,-0.051711,-0.169741,0.536723,0.041696,-0.081424,0.345363,0.115074
995,16.583333,0.250844,0.357069,-0.036261,0.157835,0.400756,0.040984,0.214065,0.3553,-0.034103,-0.170387,0.539913,0.054226,-0.091151,0.3423,0.124889
996,16.6,0.242346,0.341429,-0.019096,0.150979,0.388727,0.057479,0.206899,0.342464,-0.016675,-0.172336,0.543967,0.067137,-0.102234,0.340274,0.134437
997,16.616667,0.232066,0.326422,-0.002243,0.142406,0.377121,0.073736,0.197939,0.330018,0.000411,-0.175573,0.548861,0.080376,-0.114601,0.339316,0.143676
998,16.633333,0.220032,0.312207,0.014193,0.132116,0.366053,0.089671,0.187186,0.318101,0.017038,-0.180074,0.554542,0.093886,-0.128169,0.339421,0.152573
999,16.65,0.206298,0.298902,0.030133,0.120148,0.355629,0.105213,0.174699,0.306834,0.03313,-0.185821,0.560931,0.107616,-0.142845,0.340562,0.161096
1000,16.666667,0.190944,0.286591,0.04552,0.106578,0.345939,0.120296,0.160597,0.29631,0.048653,-0.192794,0.56793,0.121509,-0.158517,0.342696,0.169217
1001,16.683333,0.174096,0.275322,0.060321,0.091515,0.337056,0.134858,0.145055,0.286589,0.063616,-0.200972,0.575438,0.135488,-0.175052,0.345775,0.176912
1002,16.7,0.155938,0.265126,0.074526,0.075092,0.329028,0.148856,0.128289,0.277689,0.078043,-0.210312,0.583357,0.149456,-0.192299,0.349737,0.184163
1003,16.716667,0.136673,0.256025,0.088151,0.057479,0.321881,0.162291,0.110539,0.269585,0.091956,-0.220744,0.591596,0.163299,-0.210098,0.354506,0.190962
1004,16.733333,0.11651,0.248023,0.101241,0.038863,0.315605,0.175197,0.092069,0.262213,0.105416,-0.232162,0.600069,0.176893,-0.228287,0.359993,0.197307
1005,16.75,0.095647,0.241075,0.113858,0.019427,0.310167,0.187619,0.073162,0.255451,0.118533,-0.244424,0.608701,0.190114,-0.246704,0.366104,0.203201
1006,16.766667,0.074258,0.235088,0.126073,-0.000655,0.305538,0.199595,0.054065,0.249063,0.131454,-0.257356,0.61743,0.202835,-0.265192,0.372747,0.208643
1007,16.783333,0.052487,0.22994,0.137952,-0.021217,0.301683,0.211145,,,,-0.270762,0.626209,0.214939,-0.283599,0.379842,0.213624
1008,16.8,0.030462,0.225508,0.149544,-0.042109,0.298553,0.222291,,,,-0.28445,0.635006,0.226326,-0.301783,0.387315,0.21813
1009,16.816667,0.008297,0.221684,0.160896,-0.063209,0.296067,0.233073,,,,-0.298248,0.643811,0.23693,-0.31962,0.395107,0.222178
1010,16.833333,-0.013914,0.218375,0.172062,-0.08443,0.294131,0.24354,,,,-0.312005,0.65262,0.246739,-0.337009,0.403159,0.225821
1011,16.85,-0.036078,0.215503,0.18311,-0.105714,0.292651,0.253742,,,,-0.325588,0.661418,0.255794,-0.353874,0.411402,0.229117
1012,16.866667,-0.058134,0.212995,0.194103,-0.12702,0.291553,0.263717,,,,-0.338899,0.670177,0.26417,-0.370155,0.419769,0.232109
1013,16.883333,-0.080083,0.210761,0.20508,-0.148311,0.290787,0.273493,,,,-0.351892,0.67888,0.271966,-0.385807,0.428205,0.234832
1014,16.9,-0.101951,0.208729,0.216064,-0.16955,0.290308,0.283078,,,,-0.364562,0.687521,0.279317,-0.400787,0.43667,0.23733
1015,16.916667,-0.123747,0.206856,0.227066,-0.190704,0.290058,0.292481,,,,-0.376955,0.696112,0.286369,-0.415053,0.445141,0.239662
1016,16.933333,-0.145467,0.205124,0.238093,-0.211754,0.289999,0.301719,,,,-0.389185,0.704677,0.293271,-0.428582,0.453583,0.241889
1017,16.95,-0.167103,0.203536,0.249145,-0.232687,0.29012,0.310815,,,,,,,-0.441384,0.461956,0.244067
1018,16.966667,-0.188647,0.202119,0.260209,-0.253477,0.290437,0.319789,,,,,,,-0.453479,0.470217,0.246247
1019,16.983333,-0.210078,0.200919,0.271267,-0.274087,0.29099,0.328648,,,,,,,-0.464901,0.478329,0.248471
1020,17,-0.231356,0.199996,0.282303,-0.294473,0.291825,0.3374,,,,,,,-0.475695,0.486259,0.250771
1021,17.016667,-0.252418,0.199414,0.29332,-0.314604,0.292982,0.346049,-0.328194,0.18298,0.262035,,,,-0.485912,0.493976,0.253183
1022,17.033333,-0.273197,0.199235,0.304341,-0.334439,0.294496,0.354614,,,,,,,-0.495598,0.501454,0.255738
1023,17.05,-0.293636,0.199495,0.31539,-0.353921,0.2964,0.363137,,,,,,,-0.504795,0.508667,0.258461
1024,17.066667,-0.313697,0.200206,0.326479,-0.373,0.298709,0.371652,,,,,,,-0.513546,0.515595,0.261361
1025,17.083333,-0.333357,0.201362,0.337606,-0.391623,0.301424,0.380174,,,,,,,-0.521898,0.522222,0.264424
1026,17.1,-0.352607,0.202945,0.348763,-0.409735,0.304548,0.388718,,,,,,,-0.529883,0.528524,0.267603
1027,17.116667,-0.371448,0.204924,0.359955,-0.427287,0.308077,0.397303,,,,,,,-0.537496,0.53444,0.270768
1028,17.133333,-0.389903,0.20725,0.371194,-0.444319,0.311969,0.405936,,,,,,,-0.544688,0.539859,0.273675
1029,17.15,-0.408037,0.209844,0.382496,-0.460968,0.316143,0.414618,,,,,,,-0.551377,0.544638,0.275998
1030,17.166667,-0.425982,0.212589,0.393844,-0.477353,0.320513,0.423346,,,,,,,-0.557465,0.548614,0.277389
1031,17.183333,,,,-0.493581,0.32499,0.432107,,,,,,,-0.562848,0.551616,0.277526
1032,17.2,,,,,,,,,,,,,-0.567435,0.553476,0.276178
1033,17.216667,,,,,,,,,,,,,-0.571134,0.554021,0.273213
1034,17.233333,,,,,,,,,,,,,-0.573925,0.553149,0.268752
1035,17.25,,,,,,,,,,,,,-0.575975,0.550996,0.263447
1036,17.266667,,,,,,,,,,,,,-0.577633,0.547933,0.258406
1037,17.283333,,,,,,,,,,,,,-0.579309,0.544426,0.254853
1038,17.3,,,,,,,,,,,,,-0.581362,0.540916,0.253798
1039,17.316667,,,,,,,,,,,,,-0.583989,0.537677,0.255686
1040,17.333333,,,,,,,,,,,,,-0.587152,0.534751,0.260219
1041,17.35,,,,,,,,,,,,,-0.590704,0.53201,0.266739
1042,17.366667,,,,,,,,,,,,,-0.594544,0.5293,0.274751
1043,17.383333,,,,,,,,,,,,,-0.598632,0.526517,0.283961
1044,17.4,,,,,,,,,,,,,-0.602942,0.52361,0.294145
1045,17.416667,,,,,,,,,,,,,-0.607462,0.520571,0.305131
1046,17.433333,,,,,,,,,,,,,-0.61219,0.517424,0.316787
1047,17.45,,,,,,,,,,,,,-0.617133,0.514216,0.329008
1048,17.466667,,,,,,,,,,,,,-0.622317,0.510994,0.341708
1049,17.483333,,,,,,,,,,,,,-0.627795,0.507784,0.354798
1050,17.5,,,,,,,,,,,,,-0.633629,0.504587,0.368181
1051,17.516667,,,,,,,,,,,,,-0.639867,0.501392,0.381751
1052,17.533333,,,,,,,,,,,,,-0.646518,0.498198,0.395404
1053,17.55,,,,,,,,,,,,,-0.653533,0.495032,0.409053
1054,17.566667,,,,,,,,,,,,,-0.660818,0.491948,0.422643
1055,17.583333,,,,,,,,,,,,,-0.668254,0.489012,0.436145
1056,17.6,,,,,,,,,,,,,-0.675733,0.486276,0.449555
1057,17.616667,,,,,,,,,,,,,-0.683183,0.48377,0.462875
1058,17.633333,,,,,,,,,,,,,-0.690569,0.481501,0.476096
1059,17.65,,,,,,,,,,,,,-0.697889,0.479471,0.489196
1060,17.666667,,,,,,,,,,,,,-0.705165,0.477671,0.502145
1061,17.683333,,,,,,,,,,,,,-0.712431,0.476082,0.514921
1062,17.7,,,,,,,,,,,,,-0.719719,0.474672,0.527504
1063,17.716667,,,,,,,,,,,,,-0.727065,0.473391,0.539874
1064,17.733333,,,,,,,,,,,,,-0.734515,0.472179,0.55202
1065,17.75,,,,,,,,,,,,,-0.742125,0.47096,0.563939
1066,17.766667,,,,,,,,,,,,,-0.74995,0.46965,0.575624
1067,17.783333,,,,,,,,,,,,,-0.758033,0.468167,0.58707
1068,17.8,,,,,,,,,,,,,-0.766397,0.466436,0.598273
1069,17.816667,,,,,,,,,,,,,-0.775044,0.464395,0.609235
1070,17.833333,,,,,,,,,,,,,-0.783963,0.461997,0.619957
1071,17.85,,,,,,,,,,,,,-0.793135,0.459216,0.630441
1072,17.866667,,,,,,,,,,,,,-0.802533,0.456041,0.640685
1073,17.883333,,,,,,,,,,,,,-0.812123,0.452481,0.650679
1074,17.9,,,,,,,,,,,,,-0.821864,0.448551,0.660407
1075,17.916667,,,,,,,,,,,,,-0.831706,0.444274,0.66984
1076,17.933333,,,,,,,,,,,,,-0.841596,0.439673,0.678939
1077,17.95,,,,,,,,,,,,,-0.851485,0.434772,0.687663
1078,17.966667,,,,,,,,,,,,,-0.861325,0.429594,0.695973
1079,17.983333,,,,,,,,,,,,,-0.871073,0.424167,0.703824
1080,18,,,,,,,,,,,,,-0.880694,0.418514,0.711182
1081,18.016667,,,,,,,,,,,,,-0.890167,0.412664,0.718024
1082,18.033333,,,,,,,,,,,,,-0.89948,0.406651,0.724338
1083,18.05,,,,,,,,,,,,,-0.90863,0.400504,0.73012
1084,18.066667,,,,,,,,,,,,,-0.91762,0.394255,0.735381
1085,18.083333,,,,,,,,,,,,,-0.926443,0.387945,0.740135
1086,18.1,,,,,,,,,,,,,-0.935064,0.381636,0.744391
1087,18.116667,,,,,,,,,,,,,-0.943438,0.375395,0.748165
1088,18.133333,,,,,,,,,,,,,-0.951524,0.369274,0.751471
1089,18.15,,,,,,,,,,,,,-0.959304,0.363288,0.754321
1090,18.166667,,,,,,,,,,,,,-0.966793,0.357415,0.756739
1091,18.183333,,,,,,,,,,,,,-0.974018,0.351617,0.758756
1092,18.2,,,,,,,,,,,,,-0.981,0.345855,0.76041
1093,18.216667,,,,,,,,,,,,,-0.987756,0.340095,0.76175
1094,18.233333,,,,,,,,,,,,,-0.994302,0.334306,0.762825
1095,18.25,,,,,,,,,,,,,-1.000654,0.328449,0.763684
1096,18.266667,,,,,,,,,,,,,-1.006832,0.322493,0.764378
1097,18.283333,,,,,,,,,,,,,-1.012855,0.316427,0.76496
1098,18.3,,,,,,,,,,,,,-1.018726,0.31026,0.765468
1099,18.316667,,,,,,,,,,,,,-1.024433,0.30401,0.765928
1100,18.333333,,,,,,,,,,,,,-1.029949,0.297689,0.766345
1101,18.35,,,,,,,,,,,,,-1.035236,0.291303,0.766707
1102,18.366667,,,,,,,,,,,,,-1.040254,0.284862,0.766979
1103,18.383333,,,,,,,,,,,,,-1.044968,0.278394,0.767098
1104,18.4,,,,,,,,,,,,,-1.049361,0.271942,0.766963
1105,18.416667,,,,,,,,,,,,,-1.053513,0.26553,0.766579
1106,18.433333,,,,,,,,,,,,,,,
1107,18.45,,,,,,,,,,,,,,,
1108,18.466667,,,,,,,,,,,,,,,
1109,18.483333,,,,,,,,,,,,,,,
1110,18.5,,,,,,,,,,,,,,,
1111,18.516667,,,,,,,,,,,,,,,
1112,18.533333,,,,,,,,,,,,,,,
1113,18.55,,,,,,,,,,,,,,,
1114,18.566667,,,,,,,,,,,,,,,
1115,18.583333,,,,,,,,,,,,,,,
1116,18.6,,,,,,,,,,,,,,,
1117,18.616667,,,,,,,,,,,,,,,
1118,18.633333,,,,,,,,,,,,,,,
1119,18.65,,,,,,,,,,,,,,,
1120,18.666667,,,,,,,,,,,,,,,
