Format Version,1.2,Take Name,Take 2025-02-21 08.41.09 AM,Capture Frame Rate,60.000000,Export Frame Rate,60.000000,Capture Start Time,2025-02-21 08.41.09.231 AM,Total Frames,2276,Rotation Type,Quaternion,Length Units,Meters,Coordinate Space,Global

,,Marker,Marker,Marker,Marker,Marker,Marker,Marker,Marker,Marker,Marker,Marker,Marker,Marker,Marker,Marker,Marker,Marker,Marker,Marker,Marker,Marker,Marker,Marker,Marker,Marker,Marker,Marker
,,Arm_shoulder,Arm_shoulder,Arm_shoulder,Arm_finger,Arm_finger,Arm_finger,Arm_hand,Arm_hand,Arm_hand,Arm_elbow,Arm_elbow,Arm_elbow,Arm_thumb,Arm_thumb,Arm_thumb,Marker_650,Marker_650,Marker_650,Marker_655,Marker_655,Marker_655,Marker_658,Marker_658,Marker_658,Marker_659,Marker_659,Marker_659
,,"8392B20CF49E357145CE0C9500000005","8392B20CF49E357145CE0C9500000005","8392B20CF49E357145CE0C9500000005","8392B20CF49E357145CE0C9500000001","8392B20CF49E357145CE0C9500000001","8392B20CF49E357145CE0C9500000001","8392B20CF49E357145CE0C9500000002","8392B20CF49E357145CE0C9500000002","8392B20CF49E357145CE0C9500000002","8392B20CF49E357145CE0C9500000003","8392B20CF49E357145CE0C9500000003","8392B20CF49E357145CE0C9500000003","8392B20CF49E357145CE0C9500000000","8392B20CF49E357145CE0C9500000000","8392B20CF49E357145CE0C9500000000","8392B20CF49E357028A","8392B20CF49E357028A","8392B20CF49E357028A","8392B20CF49E357028F","8392B20CF49E357028F","8392B20CF49E357028F","8392B20CF49E3570292","8392B20CF49E3570292","8392B20CF49E3570292","8392B20CF49E3570293","8392B20CF49E3570293","8392B20CF49E3570293"
,,Position,Position,Position,Position,Position,Position,Position,Position,Position,Position,Position,Position,Position,Position,Position,Position,Position,Position,Position,Position,Position,Position,Position,Position,Position,Position,Position
Frame,Time,X,Y,Z,X,Y,Z,X,Y,Z,X,Y,Z,X,Y,Z,X,Y,Z,X,Y,Z,X,Y,Z,X,Y,Z
0,0.000000,0.281586,0.257418,0.344671,-0.093273,0.239239,-0.231465,-0.000209,0.219157,-0.134558,0.165708,0.208538,0.084733,-0.068911,0.163640,-0.204027,,,,,,,,,,,,
1,0.016667,0.281539,0.257369,0.344390,-0.093264,0.239383,-0.231746,-0.000191,0.219535,-0.134742,0.165853,0.208565,0.084420,-0.068763,0.164014,-0.204395,,,,,,,,,,,,
2,0.033333,0.281499,0.257322,0.344105,-0.093243,0.239521,-0.232038,-0.000167,0.219905,-0.134934,0.166001,0.208594,0.084104,-0.068606,0.164377,-0.204773,,,,,,,,,,,,
3,0.050000,0.281473,0.257279,0.343814,-0.093201,0.239648,-0.232348,-0.000128,0.220259,-0.135141,0.166152,0.208623,0.083783,-0.068431,0.164723,-0.205167,,,,,,,,,,,,
4,0.066667,0.281467,0.257243,0.343514,-0.093127,0.239757,-0.232687,-0.000068,0.220591,-0.135370,0.166308,0.208654,0.083453,-0.068232,0.165041,-0.205583,,,,,,,,,,,,
5,0.083333,0.281485,0.257212,0.343204,-0.093011,0.239846,-0.233063,0.000019,0.220895,-0.135628,0.166470,0.208687,0.083116,-0.068007,0.165327,-0.206024,,,,,,,,,,,,
6,0.100000,0.281528,0.257186,0.342884,-0.092847,0.239911,-0.233483,0.000136,0.221166,-0.135920,0.166636,0.208719,0.082770,-0.067756,0.165576,-0.206491,,,,,,,,,,,,
7,0.116667,0.281596,0.257163,0.342556,-0.092628,0.239949,-0.233954,0.000287,0.221398,-0.136251,0.166805,0.208749,0.082415,-0.067479,0.165783,-0.206983,,,,,,,,,,,,
8,0.133333,0.281689,0.257141,0.342218,-0.092353,0.239958,-0.234476,0.000471,0.221589,-0.136623,0.166976,0.208774,0.082053,-0.067179,0.165946,-0.207500,,,,,,,,,,,,
9,0.150000,0.281803,0.257118,0.341873,-0.092023,0.239933,-0.235052,0.000687,0.221733,-0.137035,0.167145,0.208790,0.081685,-0.066857,0.166061,-0.208040,,,,,,,,,,,,
10,0.166667,0.281936,0.257092,0.341521,-0.091643,0.239873,-0.235676,0.000932,0.221828,-0.137486,0.167312,0.208794,0.081311,-0.066516,0.166126,-0.208602,,,,,,,,,,,,
11,0.183333,0.282082,0.257062,0.341164,-0.091220,0.239773,-0.236344,0.001202,0.221871,-0.137971,0.167472,0.208782,0.080932,-0.066160,0.166138,-0.209182,,,,,,,,,,,,
12,0.200000,0.282237,0.257026,0.340804,-0.090761,0.239632,-0.237048,0.001492,0.221863,-0.138488,0.167627,0.208753,0.080550,-0.065794,0.166097,-0.209777,,,,,,,,,,,,
13,0.216667,0.282396,0.256985,0.340442,-0.090274,0.239453,-0.237781,0.001799,0.221806,-0.139029,0.167776,0.208704,0.080166,-0.065419,0.166005,-0.210381,,,,,,,,,,,,
14,0.233333,0.282557,0.256940,0.340079,-0.089764,0.239239,-0.238535,0.002122,0.221702,-0.139589,0.167922,0.208634,0.079780,-0.065038,0.165868,-0.210990,,,,,,,,,,,,
15,0.250000,0.282717,0.256891,0.339716,-0.089235,0.238994,-0.239302,0.002457,0.221558,-0.140163,0.168066,0.208544,0.079395,-0.064655,0.165691,-0.211600,,,,,,,,,,,,
16,0.266667,0.282874,0.256842,0.339354,-0.088691,0.238724,-0.240076,0.002805,0.221381,-0.140746,0.168210,0.208434,0.079010,-0.064268,0.165481,-0.212206,,,,,,,,,,,,
17,0.283333,0.283028,0.256791,0.338997,-0.088135,0.238436,-0.240852,0.003162,0.221175,-0.141331,0.168358,0.208308,0.078629,-0.063879,0.165244,-0.212804,,,,,,,,,,,,
18,0.300000,0.283177,0.256741,0.338644,-0.087570,0.238135,-0.241624,0.003527,0.220949,-0.141916,0.168509,0.208168,0.078253,-0.063488,0.164985,-0.213394,,,,,,,,,,,,
19,0.316667,0.283323,0.256692,0.338299,-0.087000,0.237828,-0.242389,0.003898,0.220707,-0.142496,0.168666,0.208019,0.077886,-0.063095,0.164708,-0.213970,,,,,,,,,,,,
20,0.333333,0.283465,0.256644,0.337964,-0.086429,0.237518,-0.243141,0.004273,0.220456,-0.143069,0.168826,0.207864,0.077528,-0.062702,0.164419,-0.214532,,,,,,,,,,,,
21,0.350000,0.283606,0.256597,0.337641,-0.085862,0.237212,-0.243876,0.004647,0.220199,-0.143628,0.168989,0.207708,0.077184,-0.062310,0.164119,-0.215074,,,,,,,,,,,,
22,0.366667,0.283746,0.256550,0.337333,-0.085306,0.236912,-0.244586,0.005016,0.219940,-0.144170,0.169153,0.207554,0.076856,-0.061923,0.163812,-0.215594,,,,,,,,,,,,
23,0.383333,0.283886,0.256504,0.337041,-0.084770,0.236623,-0.245265,0.005377,0.219683,-0.144689,0.169318,0.207405,0.076545,-0.061545,0.163501,-0.216088,,,,,,,,,,,,
24,0.400000,0.284026,0.256459,0.336766,-0.084262,0.236350,-0.245902,0.005725,0.219431,-0.145179,0.169481,0.207262,0.076253,-0.061178,0.163193,-0.216551,,,,,,,,,,,,
25,0.416667,0.284165,0.256414,0.336509,-0.083788,0.236099,-0.246493,0.006058,0.219191,-0.145637,0.169643,0.207126,0.075980,-0.060826,0.162893,-0.216982,,,,,,,,,,,,
26,0.433333,0.284303,0.256368,0.336271,-0.083354,0.235877,-0.247031,0.006375,0.218967,-0.146059,0.169805,0.206998,0.075728,-0.060494,0.162612,-0.217376,,,,,,,,,,,,
27,0.450000,0.284438,0.256322,0.336050,-0.082961,0.235689,-0.247515,0.006676,0.218764,-0.146443,0.169967,0.206878,0.075495,-0.060182,0.162356,-0.217732,,,,,,,,,,,,
28,0.466667,0.284570,0.256276,0.335848,-0.082611,0.235534,-0.247944,0.006960,0.218585,-0.146790,0.170128,0.206766,0.075282,-0.059894,0.162132,-0.218051,,,,,,,,,,,,
29,0.483333,0.284697,0.256231,0.335664,-0.082304,0.235408,-0.248323,0.007230,0.218434,-0.147100,0.170287,0.206663,0.075088,-0.059631,0.161945,-0.218331,,,,,,,,,,,,
30,0.500000,0.284819,0.256188,0.335497,-0.082038,0.235297,-0.248656,0.007485,0.218312,-0.147375,0.170444,0.206572,0.074912,-0.059393,0.161796,-0.218576,,,,,,,,,,,,
31,0.516667,0.284933,0.256148,0.335347,-0.081811,0.235181,-0.248952,0.007728,0.218218,-0.147620,0.170596,0.206492,0.074753,-0.059179,0.161688,-0.218787,,,,,,,,,,,,
32,0.533333,0.285039,0.256112,0.335213,-0.081621,0.235036,-0.249218,0.007957,0.218152,-0.147836,0.170742,0.206426,0.074610,-0.058989,0.161618,-0.218967,,,,,,,,,,,,
33,0.550000,0.285135,0.256081,0.335095,-0.081461,0.234829,-0.249461,0.008176,0.218110,-0.148025,0.170879,0.206372,0.074481,-0.058821,0.161587,-0.219121,,,,,,,,,,,,
34,0.566667,0.285221,0.256056,0.334992,-0.081329,0.234525,-0.249688,0.008386,0.218092,-0.148190,0.171007,0.206332,0.074366,-0.058671,0.161595,-0.219251,,,,,,,,,,,,
35,0.583333,0.285296,0.256036,0.334903,-0.081218,0.234086,-0.249903,0.008586,0.218093,-0.148331,0.171123,0.206303,0.074264,-0.058538,0.161639,-0.219361,,,,,,,,,,,,
36,0.600000,0.285359,0.256021,0.334827,-0.081124,0.233474,-0.250110,0.008780,0.218112,-0.148447,0.171228,0.206285,0.074174,-0.058418,0.161722,-0.219455,,,,,,,,,,,,
37,0.616667,0.285412,0.256012,0.334763,-0.081040,0.232655,-0.250311,0.008968,0.218145,-0.148540,0.171323,0.206275,0.074095,-0.058307,0.161843,-0.219533,,,,,,,,,,,,
38,0.633333,0.285454,0.256007,0.334709,-0.080960,0.231600,-0.250506,0.009151,0.218193,-0.148610,0.171408,0.206273,0.074026,-0.058204,0.162000,-0.219599,,,,,,,,,,,,
39,0.650000,0.285486,0.256006,0.334666,-0.080879,0.230283,-0.250694,0.009329,0.218252,-0.148657,0.171485,0.206276,0.073967,-0.058105,0.162191,-0.219654,,,,,,,,,,,,
40,0.666667,0.285510,0.256008,0.334632,-0.080787,0.228686,-0.250874,0.009503,0.218322,-0.148685,0.171556,0.206284,0.073917,-0.058008,0.162412,-0.219701,,,,,,,,,,,,
41,0.683333,0.285526,0.256012,0.334606,-0.080678,0.226800,-0.251044,0.009671,0.218402,-0.148697,0.171622,0.206296,0.073875,-0.057910,0.162659,-0.219742,,,,,,,,,,,,
42,0.700000,0.285536,0.256017,0.334588,-0.080545,0.224632,-0.251200,0.009832,0.218493,-0.148698,0.171684,0.206311,0.073840,-0.057808,0.162923,-0.219781,,,,,,,,,,,,
43,0.716667,0.285540,0.256023,0.334577,-0.080380,0.222208,-0.251335,0.009986,0.218591,-0.148691,0.171743,0.206329,0.073812,-0.057701,0.163198,-0.219820,,,,,,,,,,,,
44,0.733333,0.285540,0.256029,0.334572,-0.080179,0.219586,-0.251446,0.010131,0.218696,-0.148682,0.171800,0.206350,0.073789,-0.057586,0.163475,-0.219862,,,,,,,,,,,,
45,0.750000,0.285535,0.256034,0.334573,-0.079942,0.216854,-0.251526,0.010266,0.218805,-0.148676,0.171854,0.206374,0.073772,-0.057464,0.163745,-0.219909,,,,,,,,,,,,
46,0.766667,0.285527,0.256039,0.334579,-0.079676,0.214134,-0.251578,0.010390,0.218915,-0.148677,0.171905,0.206402,0.073758,-0.057335,0.163999,-0.219963,,,,,,,,,,,,
47,0.783333,0.285515,0.256044,0.334588,-0.079396,0.211568,-0.251609,0.010502,0.219022,-0.148686,0.171954,0.206432,0.073746,-0.057199,0.164229,-0.220024,,,,,,,,,,,,
48,0.800000,0.285501,0.256049,0.334601,-0.079124,0.209299,-0.251635,0.010603,0.219124,-0.148706,0.172000,0.206464,0.073737,-0.057059,0.164433,-0.220091,,,,,,,,,,,,
49,0.816667,0.285486,0.256054,0.334616,-0.078884,0.207454,-0.251679,0.010694,0.219219,-0.148735,0.172045,0.206499,0.073728,-0.056918,0.164609,-0.220162,,,,,,,,,,,,
50,0.833333,0.285469,0.256059,0.334632,-0.078701,0.206128,-0.251760,0.010778,0.219309,-0.148773,0.172089,0.206536,0.073718,-0.056782,0.164762,-0.220234,,,,,,,,,,,,
51,0.850000,0.285451,0.256064,0.334647,-0.078592,0.205368,-0.251894,0.010858,0.219396,-0.148817,0.172133,0.206576,0.073708,-0.056655,0.164899,-0.220301,,,,,,,,,,,,
52,0.866667,0.285434,0.256069,0.334660,-0.078562,0.205164,-0.252082,0.010934,0.219485,-0.148865,0.172180,0.206619,0.073697,-0.056543,0.165028,-0.220358,,,,,,,,,,,,
53,0.883333,0.285418,0.256075,0.334671,-0.078602,0.205443,-0.252311,0.011006,0.219581,-0.148915,0.172230,0.206666,0.073684,-0.056449,0.165158,-0.220402,,,,,,,,,,,,
54,0.900000,0.285404,0.256080,0.334680,-0.078687,0.206065,-0.252555,0.011073,0.219691,-0.148962,0.172285,0.206717,0.073671,-0.056378,0.165297,-0.220428,,,,,,,,,,,,
55,0.916667,0.285394,0.256086,0.334686,-0.078787,0.206843,-0.252784,0.011131,0.219822,-0.149005,0.172345,0.206774,0.073658,-0.056332,0.165451,-0.220434,,,,,,,,,,,,
56,0.933333,0.285387,0.256092,0.334689,-0.078873,0.207582,-0.252972,0.011178,0.219976,-0.149039,0.172408,0.206838,0.073646,-0.056312,0.165625,-0.220419,,,,,,,,,,,,
57,0.950000,0.285384,0.256097,0.334690,-0.078926,0.208110,-0.253100,0.011211,0.220158,-0.149061,0.172474,0.206909,0.073637,-0.056319,0.165822,-0.220381,,,,,,,,,,,,
58,0.966667,0.285384,0.256102,0.334690,-0.078935,0.208306,-0.253159,0.011227,0.220366,-0.149069,0.172540,0.206987,0.073630,-0.056352,0.166042,-0.220322,,,,,,,,,,,,
59,0.983333,0.285388,0.256107,0.334690,-0.078894,0.208107,-0.253143,0.011228,0.220597,-0.149061,0.172604,0.207071,0.073627,-0.056408,0.166284,-0.220242,,,,,,,,,,,,
60,1.000000,0.285394,0.256111,0.334689,-0.078802,0.207508,-0.253053,0.011212,0.220846,-0.149037,0.172665,0.207161,0.073626,-0.056486,0.166547,-0.220145,,,,,,,,,,,,
61,1.016667,0.285403,0.256114,0.334689,-0.078662,0.206564,-0.252894,0.011183,0.221110,-0.149000,0.172722,0.207254,0.073629,-0.056583,0.166828,-0.220031,,,,,,,,,,,,
62,1.033333,0.285413,0.256117,0.334690,-0.078481,0.205375,-0.252680,0.011142,0.221383,-0.148952,0.172773,0.207349,0.073635,-0.056698,0.167122,-0.219904,,,,,,,,,,,,
63,1.050000,0.285424,0.256120,0.334690,-0.078278,0.204082,-0.252430,0.011094,0.221659,-0.148896,0.172819,0.207446,0.073644,-0.056831,0.167426,-0.219764,,,,,,,,,,,,
64,1.066667,0.285437,0.256124,0.334692,-0.078078,0.202836,-0.252172,0.011044,0.221932,-0.148837,0.172860,0.207543,0.073653,-0.056983,0.167736,-0.219610,,,,,,,,,,,,
65,1.083333,0.285451,0.256127,0.334693,-0.077905,0.201777,-0.251932,0.010996,0.222199,-0.148776,0.172897,0.207641,0.073663,-0.057155,0.168050,-0.219440,,,,,,,,,,,,
66,1.100000,0.285467,0.256131,0.334695,-0.077785,0.201005,-0.251739,0.010955,0.222457,-0.148715,0.172930,0.207739,0.073673,-0.057350,0.168369,-0.219255,,,,,,,,,,,,
67,1.116667,0.285484,0.256134,0.334696,-0.077729,0.200577,-0.251606,0.010925,0.222706,-0.148652,0.172960,0.207835,0.073682,-0.057567,0.168694,-0.219052,,,,,,,,,,,,
68,1.133333,0.285502,0.256137,0.334698,-0.077742,0.200501,-0.251538,0.010906,0.222946,-0.148589,0.172989,0.207928,0.073691,-0.057808,0.169028,-0.218829,,,,,,,,,,,,
69,1.150000,0.285523,0.256138,0.334698,-0.077817,0.200749,-0.251528,0.010899,0.223180,-0.148525,0.173018,0.208019,0.073698,-0.058075,0.169370,-0.218582,,,,,,,,,,,,
70,1.166667,0.285548,0.256136,0.334698,-0.077941,0.201265,-0.251562,0.010902,0.223410,-0.148461,0.173049,0.208107,0.073704,-0.058369,0.169720,-0.218310,,,,,,,,,,,,
71,1.183333,0.285575,0.256133,0.334696,-0.078099,0.201987,-0.251623,0.010914,0.223636,-0.148398,0.173084,0.208191,0.073708,-0.058691,0.170077,-0.218006,,,,,,,,,,,,
72,1.200000,0.285607,0.256128,0.334693,-0.078277,0.202853,-0.251697,0.010934,0.223860,-0.148336,0.173124,0.208272,0.073710,-0.059043,0.170438,-0.217668,,,,,,,,,,,,
73,1.216667,0.285644,0.256120,0.334689,-0.078462,0.203817,-0.251772,0.010961,0.224082,-0.148276,0.173171,0.208349,0.073711,-0.059429,0.170802,-0.217290,,,,,,,,,,,,
74,1.233333,0.285685,0.256109,0.334684,-0.078646,0.204842,-0.251844,0.010995,0.224300,-0.148219,0.173224,0.208421,0.073709,-0.059850,0.171167,-0.216867,,,,,,,,,,,,
75,1.250000,0.285729,0.256096,0.334677,-0.078824,0.205904,-0.251909,0.011035,0.224514,-0.148166,0.173285,0.208486,0.073705,-0.060309,0.171530,-0.216394,,,,,,,,,,,,
76,1.266667,0.285776,0.256080,0.334669,-0.078990,0.206985,-0.251964,0.011082,0.224723,-0.148118,0.173354,0.208545,0.073698,-0.060812,0.171896,-0.215862,,,,,,,,,,,,
77,1.283333,0.285825,0.256060,0.334660,-0.079141,0.208071,-0.252011,0.011138,0.224926,-0.148079,0.173432,0.208596,0.073688,-0.061365,0.172266,-0.215260,,,,,,,,,,,,
78,1.300000,0.285875,0.256038,0.334649,-0.079274,0.209156,-0.252051,0.011204,0.225121,-0.148048,0.173518,0.208639,0.073675,-0.061973,0.172649,-0.214577,,,,,,,,,,,,
79,1.316667,0.285925,0.256012,0.334637,-0.079387,0.210237,-0.252085,0.011281,0.225307,-0.148027,0.173613,0.208674,0.073659,-0.062644,0.173051,-0.213800,,,,,,,,,,,,
80,1.333333,0.285975,0.255983,0.334623,-0.079480,0.211312,-0.252116,0.011370,0.225483,-0.148016,0.173716,0.208698,0.073640,-0.063382,0.173479,-0.212918,,,,,,,,,,,,
81,1.350000,0.286023,0.255951,0.334608,-0.079553,0.212373,-0.252144,0.011470,0.225646,-0.148016,0.173825,0.208713,0.073619,-0.064189,0.173938,-0.211926,,,,,,,,,,,,
82,1.366667,0.286070,0.255918,0.334591,-0.079609,0.213409,-0.252170,0.011578,0.225795,-0.148027,0.173940,0.208719,0.073595,-0.065056,0.174429,-0.210826,,,,,,,,,,,,
83,1.383333,0.286114,0.255884,0.334574,-0.079653,0.214404,-0.252193,0.011689,0.225930,-0.148047,0.174060,0.208717,0.073571,-0.065967,0.174945,-0.209636,,,,,,,,,,,,
84,1.400000,0.286155,0.255850,0.334555,-0.079690,0.215342,-0.252214,0.011799,0.226049,-0.148077,0.174182,0.208707,0.073546,-0.066893,0.175470,-0.208392,,,,,,,,,,,,
85,1.416667,0.286192,0.255817,0.334538,-0.079724,0.216212,-0.252231,0.011901,0.226151,-0.148112,0.174306,0.208693,0.073521,-0.067793,0.175972,-0.207144,,,,,,,,,,,,
86,1.433333,0.286223,0.255786,0.334521,-0.079761,0.217010,-0.252240,0.011990,0.226234,-0.148148,0.174427,0.208675,0.073498,-0.068628,0.176408,-0.205956,,,,,,,,,,,,
87,1.450000,0.286249,0.255756,0.334508,-0.079804,0.217735,-0.252240,0.012061,0.226297,-0.148181,0.174543,0.208656,0.073478,-0.069359,0.176729,-0.204892,,,,,,,,,,,,
88,1.466667,0.286270,0.255730,0.334498,-0.079858,0.218395,-0.252226,0.012112,0.226340,-0.148208,0.174650,0.208637,0.073460,-0.069957,0.176894,-0.204009,,,,,,,,,,,,
89,1.483333,0.286284,0.255705,0.334491,-0.079922,0.218997,-0.252200,0.012140,0.226364,-0.148224,0.174746,0.208620,0.073445,-0.070401,0.176878,-0.203347,,,,,,,,,,,,
90,1.500000,0.286292,0.255684,0.334487,-0.079995,0.219549,-0.252162,0.012147,0.226371,-0.148229,0.174829,0.208606,0.073433,-0.070680,0.176671,-0.202933,,,,,,,,,,,,
91,1.516667,0.286295,0.255665,0.334485,-0.080076,0.220054,-0.252115,0.012132,0.226363,-0.148223,0.174900,0.208597,0.073422,-0.070788,0.176279,-0.202780,,,,,,,,,,,,
92,1.533333,0.286293,0.255650,0.334482,-0.080162,0.220514,-0.252065,0.012097,0.226345,-0.148208,0.174959,0.208591,0.073411,-0.070729,0.175723,-0.202884,,,,,,,,,,,,
93,1.550000,0.286286,0.255637,0.334479,-0.080252,0.220927,-0.252015,0.012042,0.226321,-0.148187,0.175007,0.208588,0.073401,-0.070515,0.175032,-0.203224,,,,,,,,,,,,
94,1.566667,0.286275,0.255626,0.334473,-0.080346,0.221288,-0.251969,0.011970,0.226294,-0.148162,0.175045,0.208589,0.073390,-0.070172,0.174252,-0.203758,,,,,,,,,,,,
95,1.583333,0.286261,0.255615,0.334463,-0.080442,0.221589,-0.251928,0.011884,0.226265,-0.148137,0.175074,0.208592,0.073378,-0.069740,0.173439,-0.204420,,,,,,,,,,,,
96,1.600000,0.286243,0.255606,0.334449,-0.080542,0.221824,-0.251889,0.011791,0.226237,-0.148113,0.175094,0.208595,0.073365,-0.069274,0.172659,-0.205123,,,,,,,,,,,,
97,1.616667,0.286222,0.255597,0.334430,-0.080642,0.221996,-0.251850,0.011697,0.226211,-0.148091,0.175104,0.208598,0.073348,-0.068837,0.171974,-0.205777,,,,,,,,,,,,
98,1.633333,0.286200,0.255588,0.334406,-0.080742,0.222113,-0.251807,0.011610,0.226186,-0.148071,0.175107,0.208597,0.073327,-0.068491,0.171438,-0.206297,,,,,,,,,,,,
99,1.650000,0.286176,0.255579,0.334376,-0.080840,0.222189,-0.251760,0.011534,0.226165,-0.148054,0.175104,0.208591,0.073303,-0.068280,0.171090,-0.206625,,,,,,,,,,,,
100,1.666667,0.286151,0.255570,0.334339,-0.080934,0.222238,-0.251707,0.011471,0.226148,-0.148040,0.175099,0.208579,0.073273,-0.068224,0.170950,-0.206736,,,,,,,,,,,,
101,1.683333,0.286126,0.255560,0.334294,-0.081027,0.222271,-0.251651,0.011419,0.226136,-0.148029,0.175094,0.208559,0.073239,-0.068319,0.171019,-0.206630,,,,,,,,,,,,
102,1.700000,0.286103,0.255549,0.334243,-0.081119,0.222299,-0.251592,0.011373,0.226128,-0.148021,0.175091,0.208532,0.073201,-0.068544,0.171279,-0.206335,,,,,,,,,,,,
103,1.716667,0.286080,0.255536,0.334186,-0.081216,0.222325,-0.251533,0.011328,0.226123,-0.148016,0.175090,0.208497,0.073161,-0.068861,0.171693,-0.205897,,,,,,,,,,,,
104,1.733333,0.286058,0.255522,0.334124,-0.081320,0.222355,-0.251474,0.011279,0.226119,-0.148013,0.175090,0.208456,0.073120,-0.069223,0.172203,-0.205382,,,,,,,,,,,,
105,1.750000,0.286037,0.255506,0.334059,-0.081434,0.222390,-0.251413,0.011218,0.226114,-0.148009,0.175091,0.208409,0.073079,-0.069576,0.172738,-0.204866,,,,,,,,,,,,
106,1.766667,0.286017,0.255488,0.333991,-0.081561,0.222428,-0.251351,0.011142,0.226105,-0.148001,0.175089,0.208358,0.073040,-0.069867,0.173216,-0.204434,,,,,,,,,,,,
107,1.783333,0.285998,0.255469,0.333922,-0.081700,0.222468,-0.251288,0.011043,0.226091,-0.147985,0.175082,0.208304,0.073003,-0.070049,0.173563,-0.204166,,,,,,,,,,,,
108,1.800000,0.285977,0.255450,0.333854,-0.081851,0.222506,-0.251227,0.010917,0.226067,-0.147959,0.175069,0.208248,0.072971,-0.070081,0.173719,-0.204129,,,,,,,,,,,,
109,1.816667,0.285956,0.255431,0.333786,-0.082011,0.222538,-0.251171,0.010762,0.226031,-0.147924,0.175048,0.208192,0.072942,-0.069938,0.173658,-0.204364,,,,,,,,,,,,
110,1.833333,0.285934,0.255413,0.333719,-0.082175,0.222563,-0.251127,0.010579,0.225982,-0.147883,0.175018,0.208136,0.072918,-0.069606,0.173383,-0.204883,,,,,,,,,,,,
111,1.850000,0.285910,0.255396,0.333656,-0.082338,0.222582,-0.251100,0.010373,0.225919,-0.147838,0.174978,0.208081,0.072896,-0.069089,0.172930,-0.205670,,,,,,,,,,,,
112,1.866667,0.285883,0.255380,0.333596,-0.082490,0.222599,-0.251096,0.010153,0.225842,-0.147797,0.174928,0.208027,0.072877,-0.068406,0.172357,-0.206678,,,,,,,,,,,,
113,1.883333,0.285855,0.255365,0.333538,-0.082622,0.222625,-0.251117,0.009930,0.225754,-0.147764,0.174870,0.207974,0.072859,-0.067598,0.171731,-0.207841,,,,,,,,,,,,
114,1.900000,0.285824,0.255350,0.333484,-0.082727,0.222671,-0.251163,0.009717,0.225657,-0.147743,0.174804,0.207920,0.072840,-0.066719,0.171115,-0.209078,,,,,,,,,,,,
115,1.916667,0.285791,0.255335,0.333433,-0.082800,0.222750,-0.251233,0.009524,0.225554,-0.147737,0.174733,0.207867,0.072821,-0.065825,0.170553,-0.210312,,,,,,,,,,,,
116,1.933333,0.285756,0.255320,0.333385,-0.082842,0.222871,-0.251322,0.009357,0.225448,-0.147748,0.174661,0.207813,0.072800,-0.064965,0.170071,-0.211486,,,,,,,,,,,,
117,1.950000,0.285721,0.255304,0.333340,-0.082853,0.223037,-0.251426,0.009218,0.225342,-0.147774,0.174589,0.207758,0.072778,-0.064170,0.169672,-0.212566,,,,,,,,,,,,
118,1.966667,0.285685,0.255289,0.333297,-0.082837,0.223245,-0.251541,0.009104,0.225238,-0.147812,0.174521,0.207703,0.072754,-0.063456,0.169348,-0.213534,,,,,,,,,,,,
119,1.983333,0.285649,0.255273,0.333257,-0.082801,0.223488,-0.251662,0.009013,0.225137,-0.147859,0.174458,0.207649,0.072730,-0.062829,0.169084,-0.214387,,,,,,,,,,,,
120,2.000000,0.285614,0.255259,0.333221,-0.082748,0.223759,-0.251783,0.008940,0.225041,-0.147911,0.174399,0.207596,0.072706,-0.062288,0.168870,-0.215127,,,,,,,,,,,,
121,2.016667,0.285580,0.255246,0.333189,-0.082684,0.224051,-0.251898,0.008884,0.224954,-0.147963,0.174346,0.207546,0.072683,-0.061833,0.168694,-0.215760,,,,,,,,,,,,
122,2.033333,0.285547,0.255235,0.333160,-0.082613,0.224357,-0.252006,0.008842,0.224877,-0.148013,0.174299,0.207499,0.072661,-0.061458,0.168552,-0.216292,,,,,,,,,,,,
123,2.050000,0.285514,0.255226,0.333134,-0.082539,0.224669,-0.252101,0.008810,0.224815,-0.148057,0.174258,0.207457,0.072642,-0.061157,0.168439,-0.216734,,,,,,,,,,,,
124,2.066667,0.285482,0.255219,0.333112,-0.082465,0.224983,-0.252183,0.008784,0.224772,-0.148093,0.174223,0.207420,0.072625,-0.060923,0.168351,-0.217096,,,,,,,,,,,,
125,2.083333,0.285451,0.255215,0.333093,-0.082398,0.225297,-0.252249,0.008759,0.224750,-0.148118,0.174193,0.207388,0.072612,-0.060750,0.168288,-0.217388,,,,,,,,,,,,
126,2.100000,0.285419,0.255214,0.333078,-0.082344,0.225612,-0.252295,0.008732,0.224753,-0.148130,0.174167,0.207363,0.072602,-0.060634,0.168249,-0.217616,,,,,,,,,,,,
127,2.116667,0.285387,0.255217,0.333065,-0.082308,0.225934,-0.252316,0.008697,0.224783,-0.148124,0.174142,0.207346,0.072598,-0.060572,0.168238,-0.217787,,,,,,,,,,,,
128,2.133333,0.285354,0.255223,0.333055,-0.082298,0.226269,-0.252308,0.008649,0.224842,-0.148099,0.174113,0.207339,0.072599,-0.060564,0.168258,-0.217903,,,,,,,,,,,,
129,2.150000,0.285321,0.255232,0.333049,-0.082320,0.226620,-0.252269,0.008582,0.224932,-0.148051,0.174078,0.207344,0.072606,-0.060609,0.168314,-0.217970,,,,,,,,,,,,
130,2.166667,0.285286,0.255246,0.333048,-0.082381,0.226987,-0.252195,0.008489,0.225055,-0.147979,0.174029,0.207364,0.072623,-0.060707,0.168407,-0.217989,,,,,,,,,,,,
131,2.183333,0.285250,0.255264,0.333052,-0.082487,0.227370,-0.252086,0.008366,0.225211,-0.147882,0.173961,0.207403,0.072650,-0.060859,0.168537,-0.217965,,,,,,,,,,,,
132,2.200000,0.285214,0.255286,0.333064,-0.082640,0.227770,-0.251942,0.008209,0.225400,-0.147759,0.173867,0.207464,0.072690,-0.061064,0.168703,-0.217900,,,,,,,,,,,,
133,2.216667,0.285179,0.255312,0.333083,-0.082844,0.228187,-0.251765,0.008014,0.225619,-0.147612,0.173742,0.207550,0.072745,-0.061324,0.168903,-0.217797,,,,,,,,,,,,
134,2.233333,0.285145,0.255343,0.333112,-0.083098,0.228625,-0.251555,0.007779,0.225866,-0.147440,0.173582,0.207663,0.072815,-0.061638,0.169138,-0.217658,,,,,,,,,,,,
135,2.250000,0.285112,0.255379,0.333152,-0.083402,0.229082,-0.251316,0.007506,0.226137,-0.147246,0.173383,0.207802,0.072903,-0.062005,0.169404,-0.217485,,,,,,,,,,,,
136,2.266667,0.285081,0.255420,0.333202,-0.083755,0.229557,-0.251048,0.007191,0.226428,-0.147029,0.173144,0.207968,0.073010,-0.062424,0.169699,-0.217280,,,,,,,,,,,,
137,2.283333,0.285053,0.255468,0.333263,-0.084156,0.230045,-0.250753,0.006837,0.226734,-0.146790,0.172866,0.208157,0.073135,-0.062893,0.170016,-0.217045,,,,,,,,,,,,
138,2.300000,0.285027,0.255521,0.333334,-0.084604,0.230542,-0.250432,0.006441,0.227050,-0.146528,0.172550,0.208366,0.073280,-0.063408,0.170350,-0.216779,,,,,,,,,,,,
139,2.316667,0.285004,0.255581,0.333415,-0.085100,0.231042,-0.250082,0.006006,0.227371,-0.146241,0.172200,0.208590,0.073444,-0.063969,0.170695,-0.216482,,,,,,,,,,,,
140,2.333333,0.284984,0.255647,0.333505,-0.085642,0.231543,-0.249699,0.005531,0.227692,-0.145927,0.171817,0.208826,0.073628,-0.064573,0.171045,-0.216153,,,,,,,,,,,,
141,2.350000,0.284967,0.255719,0.333604,-0.086232,0.232039,-0.249280,0.005018,0.228007,-0.145584,0.171406,0.209067,0.073832,-0.065218,0.171396,-0.215791,,,,,,,,,,,,
142,2.366667,0.284953,0.255797,0.333710,-0.086871,0.232524,-0.248820,0.004468,0.228312,-0.145207,0.170973,0.209308,0.074056,-0.065904,0.171741,-0.215391,,,,,,,,,,,,
143,2.383333,0.284943,0.255882,0.333823,-0.087560,0.232995,-0.248314,0.003881,0.228605,-0.144794,0.170522,0.209546,0.074299,-0.066630,0.172078,-0.214952,,,,,,,,,,,,
144,2.400000,0.284938,0.255973,0.333940,-0.088299,0.233448,-0.247757,0.003258,0.228883,-0.144344,0.170057,0.209777,0.074560,-0.067396,0.172404,-0.214468,,,,,,,,,,,,
145,2.416667,0.284937,0.256070,0.334060,-0.089088,0.233881,-0.247146,0.002601,0.229145,-0.143852,0.169584,0.209998,0.074839,-0.068201,0.172720,-0.213938,,,,,,,,,,,,
146,2.433333,0.284943,0.256172,0.334182,-0.089928,0.234296,-0.246476,0.001912,0.229391,-0.143319,0.169107,0.210208,0.075133,-0.069045,0.173026,-0.213357,,,,,,,,,,,,
147,2.450000,0.284954,0.256281,0.334306,-0.090815,0.234695,-0.245747,0.001191,0.229622,-0.142742,0.168626,0.210404,0.075444,-0.069927,0.173325,-0.212726,,,,,,,,,,,,
148,2.466667,0.284972,0.256393,0.334430,-0.091750,0.235079,-0.244958,0.000441,0.229840,-0.142123,0.168144,0.210588,0.075769,-0.070848,0.173620,-0.212044,,,,,,,,,,,,
149,2.483333,0.284995,0.256508,0.334555,-0.092729,0.235451,-0.244112,-0.000339,0.230048,-0.141464,0.167660,0.210760,0.076109,-0.071805,0.173912,-0.211314,,,,,,,,,,,,
150,2.500000,0.285023,0.256624,0.334681,-0.093752,0.235809,-0.243215,-0.001149,0.230248,-0.140768,0.167172,0.210922,0.076463,-0.072799,0.174201,-0.210538,,,,,,,,,,,,
151,2.516667,0.285052,0.256737,0.334810,-0.094817,0.236152,-0.242274,-0.001991,0.230443,-0.140038,0.166678,0.211077,0.076830,-0.073828,0.174486,-0.209720,,,,,,,,,,,,
152,2.533333,0.285081,0.256844,0.334943,-0.095924,0.236482,-0.241294,-0.002867,0.230635,-0.139279,0.166173,0.211227,0.077213,-0.074895,0.174766,-0.208864,,,,,,,,,,,,
153,2.550000,0.285108,0.256944,0.335082,-0.097071,0.236800,-0.240281,-0.003778,0.230826,-0.138494,0.165652,0.211374,0.077610,-0.076000,0.175041,-0.207972,,,,,,,,,,,,
154,2.566667,0.285130,0.257035,0.335226,-0.098257,0.237107,-0.239240,-0.004725,0.231016,-0.137685,0.165110,0.211519,0.078023,-0.077147,0.175313,-0.207046,,,,,,,,,,,,
155,2.583333,0.285145,0.257115,0.335375,-0.099485,0.237404,-0.238173,-0.005710,0.231206,-0.136855,0.164543,0.211664,0.078453,-0.078336,0.175581,-0.206087,,,,,,,,,,,,
156,2.600000,0.285155,0.257186,0.335530,-0.100756,0.237692,-0.237081,-0.006737,0.231397,-0.136004,0.163945,0.211808,0.078900,-0.079574,0.175843,-0.205095,,,,,,,,,,,,
157,2.616667,0.285159,0.257247,0.335688,-0.102075,0.237970,-0.235965,-0.007809,0.231589,-0.135132,0.163316,0.211955,0.079363,-0.080864,0.176099,-0.204068,,,,,,,,,,,,
158,2.633333,0.285159,0.257301,0.335848,-0.103445,0.238237,-0.234823,-0.008929,0.231783,-0.134237,0.162655,0.212106,0.079843,-0.082210,0.176346,-0.203002,,,,,,,,,,,,
159,2.650000,0.285156,0.257348,0.336008,-0.104871,0.238495,-0.233651,-0.010098,0.231980,-0.133319,0.161959,0.212260,0.080339,-0.083617,0.176586,-0.201896,,,,,,,,,,,,
160,2.666667,0.285151,0.257388,0.336166,-0.106358,0.238749,-0.232443,-0.011320,0.232181,-0.132374,0.161229,0.212420,0.080850,-0.085088,0.176820,-0.200745,,,,,,,,,,,,
161,2.683333,0.285143,0.257423,0.336321,-0.107908,0.239004,-0.231197,-0.012595,0.232387,-0.131400,0.160465,0.212584,0.081375,-0.086627,0.177050,-0.199548,,,,,,,,,,,,
162,2.700000,0.285135,0.257450,0.336470,-0.109524,0.239264,-0.229908,-0.013926,0.232602,-0.130394,0.159667,0.212754,0.081914,-0.088235,0.177278,-0.198302,,,,,,,,,,,,
163,2.716667,0.285126,0.257470,0.336612,-0.111209,0.239535,-0.228572,-0.015315,0.232828,-0.129355,0.158836,0.212928,0.082466,-0.089913,0.177507,-0.197005,,,,,,,,,,,,
164,2.733333,0.285116,0.257481,0.336747,-0.112965,0.239819,-0.227185,-0.016762,0.233068,-0.128279,0.157975,0.213108,0.083030,-0.091661,0.177741,-0.195658,,,,,,,,,,,,
165,2.750000,0.285107,0.257484,0.336873,-0.114792,0.240122,-0.225744,-0.018267,0.233325,-0.127163,0.157085,0.213293,0.083607,-0.093476,0.177982,-0.194258,,,,,,,,,,,,
166,2.766667,0.285099,0.257479,0.336988,-0.116691,0.240445,-0.224246,-0.019829,0.233600,-0.126006,0.156168,0.213483,0.084196,-0.095356,0.178235,-0.192808,,,,,,,,,,,,
167,2.783333,0.285092,0.257466,0.337094,-0.118659,0.240793,-0.222687,-0.021447,0.233895,-0.124807,0.155228,0.213676,0.084798,-0.097298,0.178506,-0.191306,,,,,,,,,,,,
168,2.800000,0.285086,0.257445,0.337189,-0.120694,0.241168,-0.221070,-0.023116,0.234213,-0.123567,0.154267,0.213873,0.085411,-0.099300,0.178799,-0.189754,,,,,,,,,,,,
169,2.816667,0.285080,0.257418,0.337272,-0.122791,0.241573,-0.219394,-0.024832,0.234555,-0.122287,0.153289,0.214072,0.086033,-0.101355,0.179119,-0.188153,,,,,,,,,,,,
170,2.833333,0.285072,0.257386,0.337345,-0.124944,0.242010,-0.217663,-0.026589,0.234923,-0.120972,0.152298,0.214272,0.086662,-0.103461,0.179472,-0.186504,,,,,,,,,,,,
171,2.850000,0.285061,0.257350,0.337406,-0.127146,0.242482,-0.215882,-0.028379,0.235317,-0.119626,0.151300,0.214474,0.087293,-0.105611,0.179861,-0.184811,,,,,,,,,,,,
172,2.866667,0.285043,0.257310,0.337455,-0.129387,0.242990,-0.214055,-0.030193,0.235737,-0.118255,0.150300,0.214673,0.087924,-0.107797,0.180290,-0.183078,,,,,,,,,,,,
173,2.883333,0.285018,0.257268,0.337491,-0.131658,0.243533,-0.212186,-0.032025,0.236181,-0.116864,0.149302,0.214869,0.088551,-0.110013,0.180761,-0.181309,,,,,,,,,,,,
174,2.900000,0.284985,0.257226,0.337513,-0.133950,0.244107,-0.210282,-0.033866,0.236646,-0.115456,0.148313,0.215059,0.089170,-0.112250,0.181272,-0.179510,,,,,,,,,,,,
175,2.916667,0.284943,0.257182,0.337522,-0.136252,0.244707,-0.208348,-0.035709,0.237127,-0.114037,0.147337,0.215239,0.089778,-0.114498,0.181820,-0.177686,,,,,,,,,,,,
176,2.933333,0.284892,0.257138,0.337518,-0.138556,0.245326,-0.206392,-0.037548,0.237618,-0.112611,0.146378,0.215407,0.090374,-0.116750,0.182397,-0.175841,,,,,,,,,,,,
177,2.950000,0.284833,0.257094,0.337501,-0.140855,0.245953,-0.204421,-0.039376,0.238112,-0.111186,0.145439,0.215561,0.090955,-0.119000,0.182994,-0.173981,,,,,,,,,,,,
178,2.966667,0.284766,0.257049,0.337472,-0.143142,0.246576,-0.202439,-0.041189,0.238602,-0.109764,0.144523,0.215697,0.091520,-0.121241,0.183598,-0.172108,,,,,,,,,,,,
179,2.983333,0.284690,0.257001,0.337431,-0.145413,0.247187,-0.200452,-0.042983,0.239080,-0.108348,0.143630,0.215813,0.092068,-0.123468,0.184199,-0.170227,,,,,,,,,,,,
180,3.000000,0.284606,0.256950,0.337379,-0.147664,0.247776,-0.198463,-0.044757,0.239541,-0.106940,0.142762,0.215907,0.092597,-0.125676,0.184789,-0.168341,,,,,,,,,,,,
181,3.016667,0.284512,0.256894,0.337317,-0.149892,0.248336,-0.196472,-0.046507,0.239980,-0.105536,0.141920,0.215975,0.093109,-0.127860,0.185359,-0.166453,,,,,,,,,,,,
182,3.033333,0.284409,0.256833,0.337244,-0.152093,0.248864,-0.194482,-0.048231,0.240394,-0.104134,0.141103,0.216014,0.093601,-0.130016,0.185906,-0.164566,,,,,,,,,,,,
183,3.050000,0.284297,0.256765,0.337162,-0.154266,0.249355,-0.192492,-0.049927,0.240782,-0.102732,0.140314,0.216024,0.094073,-0.132141,0.186423,-0.162683,,,,,,,,,,,,
184,3.066667,0.284174,0.256691,0.337070,-0.156408,0.249807,-0.190505,-0.051594,0.241141,-0.101329,0.139553,0.216002,0.094525,-0.134233,0.186909,-0.160806,,,,,,,,,,,,
185,3.083333,0.284042,0.256611,0.336968,-0.158516,0.250222,-0.188523,-0.053229,0.241471,-0.099927,0.138820,0.215948,0.094956,-0.136288,0.187360,-0.158937,,,,,,,,,,,,
186,3.100000,0.283899,0.256526,0.336857,-0.160590,0.250598,-0.186548,-0.054832,0.241771,-0.098527,0.138113,0.215863,0.095367,-0.138306,0.187775,-0.157082,,,,,,,,,,,,
187,3.116667,0.283746,0.256436,0.336736,-0.162626,0.250938,-0.184585,-0.056402,0.242040,-0.097131,0.137431,0.215749,0.095758,-0.140284,0.188155,-0.155243,,,,,,,,,,,,
188,3.133333,0.283583,0.256342,0.336606,-0.164621,0.251241,-0.182642,-0.057939,0.242275,-0.095747,0.136769,0.215608,0.096130,-0.142219,0.188498,-0.153429,,,,,,,,,,,,
189,3.150000,0.283411,0.256245,0.336470,-0.166574,0.251507,-0.180725,-0.059442,0.242477,-0.094380,0.136125,0.215444,0.096485,-0.144109,0.188803,-0.151644,,,,,,,,,,,,
190,3.166667,0.283230,0.256147,0.336328,-0.168483,0.251735,-0.178847,-0.060913,0.242643,-0.093041,0.135494,0.215262,0.096825,-0.145953,0.189070,-0.149898,,,,,,,,,,,,
191,3.183333,0.283040,0.256048,0.336182,-0.170346,0.251924,-0.177016,-0.062352,0.242773,-0.091738,0.134871,0.215068,0.097150,-0.147748,0.189296,-0.148199,,,,,,,,,,,,
192,3.200000,0.282843,0.255949,0.336035,-0.172161,0.252073,-0.175245,-0.063760,0.242868,-0.090479,0.134251,0.214867,0.097464,-0.149493,0.189481,-0.146554,,,,,,,,,,,,
193,3.216667,0.282641,0.255852,0.335888,-0.173924,0.252182,-0.173544,-0.065137,0.242929,-0.089270,0.133630,0.214666,0.097769,-0.151186,0.189623,-0.144971,,,,,,,,,,,,
194,3.233333,0.282435,0.255758,0.335744,-0.175635,0.252252,-0.171920,-0.066484,0.242959,-0.088118,0.133004,0.214469,0.098066,-0.152826,0.189725,-0.143457,,,,,,,,,,,,
195,3.250000,0.282227,0.255668,0.335605,-0.177291,0.252285,-0.170381,-0.067799,0.242960,-0.087024,0.132369,0.214282,0.098357,-0.154412,0.189789,-0.142016,,,,,,,,,,,,
196,3.266667,0.282020,0.255583,0.335471,-0.178890,0.252286,-0.168931,-0.069083,0.242939,-0.085992,0.131724,0.214110,0.098646,-0.155944,0.189820,-0.140651,,,,,,,,,,,,
197,3.283333,0.281814,0.255504,0.335344,-0.180432,0.252258,-0.167570,-0.070335,0.242899,-0.085019,0.131069,0.213956,0.098932,-0.157424,0.189823,-0.139361,,,,,,,,,,,,
198,3.300000,0.281611,0.255432,0.335225,-0.181919,0.252210,-0.166295,-0.071556,0.242847,-0.084103,0.130404,0.213822,0.099218,-0.158854,0.189806,-0.138142,,,,,,,,,,,,
199,3.316667,0.281412,0.255366,0.335115,-0.183352,0.252149,-0.165101,-0.072746,0.242790,-0.083240,0.129730,0.213710,0.099506,-0.160237,0.189777,-0.136990,,,,,,,,,,,,
200,3.333333,0.281218,0.255307,0.335013,-0.184733,0.252086,-0.163978,-0.073905,0.242733,-0.082424,0.129050,0.213621,0.099795,-0.161576,0.189744,-0.135895,,,,,,,,,,,,
201,3.350000,0.281029,0.255256,0.334922,-0.186069,0.252030,-0.162914,-0.075036,0.242682,-0.081645,0.128366,0.213555,0.100088,-0.162876,0.189716,-0.134851,,,,,,,,,,,,
202,3.366667,0.280845,0.255211,0.334840,-0.187362,0.251990,-0.161898,-0.076139,0.242643,-0.080896,0.127679,0.213512,0.100386,-0.164140,0.189700,-0.133846,,,,,,,,,,,,
203,3.383333,0.280667,0.255172,0.334770,-0.188618,0.251973,-0.160915,-0.077218,0.242620,-0.080168,0.126993,0.213490,0.100690,-0.165374,0.189702,-0.132872,,,,,,,,,,,,
204,3.400000,0.280496,0.255140,0.334710,-0.189845,0.251984,-0.159952,-0.078275,0.242618,-0.079451,0.126310,0.213489,0.101002,-0.166583,0.189728,-0.131916,,,,,,,,,,,,
205,3.416667,0.280333,0.255114,0.334662,-0.191048,0.252028,-0.158997,-0.079314,0.242639,-0.078735,0.125630,0.213509,0.101325,-0.167773,0.189782,-0.130967,,,,,,,,,,,,
206,3.433333,0.280179,0.255093,0.334625,-0.192233,0.252108,-0.158036,-0.080339,0.242688,-0.078012,0.124955,0.213547,0.101660,-0.168951,0.189869,-0.130013,,,,,,,,,,,,
207,3.450000,0.280036,0.255079,0.334600,-0.193409,0.252226,-0.157056,-0.081353,0.242765,-0.077273,0.124285,0.213603,0.102010,-0.170123,0.189992,-0.129041,,,,,,,,,,,,
208,3.466667,0.279907,0.255071,0.334584,-0.194581,0.252382,-0.156046,-0.082361,0.242871,-0.076510,0.123622,0.213676,0.102377,-0.171295,0.190150,-0.128042,,,,,,,,,,,,
209,3.483333,0.279792,0.255068,0.334578,-0.195757,0.252574,-0.154997,-0.083370,0.243004,-0.075716,0.122963,0.213762,0.102764,-0.172475,0.190343,-0.127005,,,,,,,,,,,,
210,3.500000,0.279694,0.255071,0.334581,-0.196944,0.252798,-0.153898,-0.084383,0.243163,-0.074884,0.122308,0.213862,0.103173,-0.173668,0.190569,-0.125920,,,,,,,,,,,,
211,3.516667,0.279613,0.255077,0.334592,-0.198149,0.253051,-0.152742,-0.085407,0.243345,-0.074007,0.121655,0.213972,0.103607,-0.174881,0.190822,-0.124782,,,,,,,,,,,,
212,3.533333,0.279553,0.255087,0.334611,-0.199377,0.253329,-0.151524,-0.086446,0.243545,-0.073081,0.121001,0.214089,0.104069,-0.176118,0.191098,-0.123582,,,,,,,,,,,,
213,3.550000,0.279512,0.255099,0.334637,-0.200633,0.253625,-0.150237,-0.087506,0.243757,-0.072102,0.120343,0.214212,0.104561,-0.177386,0.191391,-0.122315,,,,,,,,,,,,
214,3.566667,0.279493,0.255112,0.334669,-0.201922,0.253932,-0.148878,-0.088591,0.243976,-0.071066,0.119680,0.214336,0.105086,-0.178690,0.191695,-0.120976,,,,,,,,,,,,
215,3.583333,0.279495,0.255125,0.334706,-0.203249,0.254243,-0.147443,-0.089705,0.244197,-0.069972,0.119008,0.214460,0.105645,-0.180033,0.192001,-0.119558,,,,,,,,,,,,
216,3.600000,0.279518,0.255137,0.334749,-0.204618,0.254549,-0.145931,-0.090852,0.244413,-0.068816,0.118325,0.214580,0.106240,-0.181421,0.192303,-0.118058,,,,,,,,,,,,
217,3.616667,0.279560,0.255147,0.334796,-0.206035,0.254844,-0.144340,-0.092038,0.244621,-0.067600,0.117629,0.214694,0.106870,-0.182856,0.192594,-0.116474,,,,,,,,,,,,
218,3.633333,0.279617,0.255152,0.334847,-0.207502,0.255123,-0.142670,-0.093264,0.244815,-0.066321,0.116917,0.214801,0.107536,-0.184342,0.192869,-0.114805,,,,,,,,,,,,
219,3.650000,0.279684,0.255152,0.334903,-0.209023,0.255384,-0.140921,-0.094533,0.244993,-0.064981,0.116185,0.214896,0.108235,-0.185879,0.193126,-0.113053,,,,,,,,,,,,
220,3.666667,0.279754,0.255142,0.334962,-0.210599,0.255623,-0.139093,-0.095848,0.245154,-0.063580,0.115431,0.214977,0.108965,-0.187468,0.193363,-0.111223,,,,,,,,,,,,
221,3.683333,0.279818,0.255123,0.335026,-0.212231,0.255842,-0.137188,-0.097211,0.245296,-0.062120,0.114654,0.215043,0.109723,-0.189107,0.193578,-0.109320,,,,,,,,,,,,
222,3.700000,0.279871,0.255093,0.335094,-0.213920,0.256038,-0.135209,-0.098620,0.245419,-0.060602,0.113852,0.215093,0.110503,-0.190793,0.193771,-0.107351,,,,,,,,,,,,
223,3.716667,0.279906,0.255053,0.335165,-0.215664,0.256213,-0.133160,-0.100075,0.245525,-0.059030,0.113025,0.215125,0.111303,-0.192522,0.193941,-0.105326,,,,,,,,,,,,
224,3.733333,0.279918,0.255006,0.335240,-0.217460,0.256367,-0.131045,-0.101574,0.245613,-0.057407,0.112174,0.215141,0.112117,-0.194288,0.194090,-0.103252,,,,,,,,,,,,
225,3.750000,0.279905,0.254951,0.335320,-0.219301,0.256504,-0.128871,-0.103112,0.245686,-0.055739,0.111301,0.215141,0.112944,-0.196085,0.194220,-0.101136,,,,,,,,,,,,
226,3.766667,0.279865,0.254891,0.335404,-0.221181,0.256626,-0.126646,-0.104684,0.245746,-0.054032,0.110407,0.215127,0.113779,-0.197907,0.194332,-0.098989,,,,,,,,,,,,
227,3.783333,0.279797,0.254828,0.335493,-0.223093,0.256734,-0.124381,-0.106284,0.245794,-0.052293,0.109496,0.215102,0.114621,-0.199749,0.194429,-0.096817,,,,,,,,,,,,
228,3.800000,0.279701,0.254762,0.335589,-0.225030,0.256831,-0.122084,-0.107907,0.245835,-0.050529,0.108569,0.215069,0.115467,-0.201603,0.194514,-0.094629,,,,,,,,,,,,
229,3.816667,0.279579,0.254695,0.335691,-0.226986,0.256918,-0.119766,-0.109547,0.245870,-0.048748,0.107629,0.215030,0.116316,-0.203464,0.194590,-0.092433,,,,,,,,,,,,
230,3.833333,0.279430,0.254629,0.335799,-0.228953,0.256995,-0.117435,-0.111201,0.245903,-0.046956,0.106676,0.214988,0.117166,-0.205328,0.194658,-0.090236,,,,,,,,,,,,
231,3.850000,0.279257,0.254563,0.335915,-0.230928,0.257067,-0.115098,-0.112863,0.245934,-0.045158,0.105711,0.214947,0.118015,-0.207189,0.194721,-0.088045,,,,,,,,,,,,
232,3.866667,0.279061,0.254501,0.336036,-0.232904,0.257135,-0.112764,-0.114530,0.245966,-0.043361,0.104736,0.214909,0.118864,-0.209043,0.194782,-0.085868,,,,,,,,,,,,
233,3.883333,0.278843,0.254443,0.336163,-0.234876,0.257205,-0.110438,-0.116197,0.246003,-0.041569,0.103750,0.214878,0.119712,-0.210886,0.194844,-0.083710,,,,,,,,,,,,
234,3.900000,0.278605,0.254389,0.336294,-0.236840,0.257278,-0.108129,-0.117860,0.246046,-0.039789,0.102755,0.214855,0.120557,-0.212716,0.194912,-0.081578,,,,,,,,,,,,
235,3.916667,0.278348,0.254342,0.336428,-0.238791,0.257357,-0.105843,-0.119518,0.246099,-0.038024,0.101751,0.214844,0.121399,-0.214531,0.194987,-0.079475,,,,,,,,,,,,
236,3.933333,0.278077,0.254301,0.336566,-0.240725,0.257444,-0.103588,-0.121166,0.246162,-0.036281,0.100739,0.214847,0.122237,-0.216329,0.195071,-0.077403,,,,,,,,,,,,
237,3.950000,0.277792,0.254266,0.336706,-0.242641,0.257539,-0.101365,-0.122802,0.246238,-0.034560,0.099722,0.214864,0.123070,-0.218108,0.195164,-0.075364,,,,,,,,,,,,
238,3.966667,0.277498,0.254238,0.336848,-0.244534,0.257643,-0.099177,-0.124425,0.246324,-0.032864,0.098702,0.214896,0.123899,-0.219867,0.195267,-0.073356,,,,,,,,,,,,
239,3.983333,0.277197,0.254216,0.336991,-0.246404,0.257752,-0.097023,-0.126032,0.246419,-0.031192,0.097681,0.214940,0.124722,-0.221607,0.195376,-0.071377,,,,,,,,,,,,
240,4.000000,0.276892,0.254198,0.337136,-0.248250,0.257864,-0.094899,-0.127623,0.246519,-0.029539,0.096660,0.214993,0.125542,-0.223326,0.195488,-0.069423,,,,,,,,,,,,
241,4.016667,0.276586,0.254185,0.337281,-0.250072,0.257977,-0.092801,-0.129197,0.246623,-0.027903,0.095644,0.215052,0.126360,-0.225025,0.195601,-0.067489,,,,,,,,,,,,
242,4.033333,0.276284,0.254173,0.337427,-0.251870,0.258086,-0.090720,-0.130754,0.246725,-0.026278,0.094634,0.215113,0.127176,-0.226705,0.195711,-0.065566,,,,,,,,,,,,
243,4.050000,0.275989,0.254161,0.337573,-0.253646,0.258190,-0.088649,-0.132292,0.246825,-0.024659,0.093635,0.215171,0.127993,-0.228367,0.195817,-0.063646,,,,,,,,,,,,
244,4.066667,0.275703,0.254147,0.337719,-0.255400,0.258287,-0.086580,-0.133812,0.246920,-0.023041,0.092649,0.215224,0.128811,-0.230012,0.195918,-0.061722,,,,,,,,,,,,
245,4.083333,0.275430,0.254128,0.337863,-0.257135,0.258376,-0.084503,-0.135313,0.247010,-0.021416,0.091680,0.215269,0.129633,-0.231640,0.196013,-0.059785,,,,,,,,,,,,
246,4.100000,0.275172,0.254104,0.338007,-0.258850,0.258458,-0.082411,-0.136795,0.247095,-0.019780,0.090730,0.215303,0.130458,-0.233251,0.196103,-0.057830,,,,,,,,,,,,
247,4.116667,0.274931,0.254074,0.338148,-0.260547,0.258536,-0.080294,-0.138255,0.247176,-0.018129,0.089803,0.215325,0.131288,-0.234844,0.196188,-0.055851,,,,,,,,,,,,
248,4.133333,0.274708,0.254036,0.338287,-0.262224,0.258611,-0.078147,-0.139694,0.247255,-0.016458,0.088903,0.215335,0.132121,-0.236419,0.196273,-0.053844,,,,,,,,,,,,
249,4.150000,0.274507,0.253992,0.338422,-0.263880,0.258689,-0.075966,-0.141107,0.247335,-0.014766,0.088032,0.215332,0.132954,-0.237974,0.196360,-0.051806,,,,,,,,,,,,
250,4.166667,0.274328,0.253941,0.338552,-0.265512,0.258774,-0.073749,-0.142492,0.247416,-0.013054,0.087195,0.215318,0.133786,-0.239507,0.196453,-0.049735,,,,,,,,,,,,
251,4.183333,0.274173,0.253885,0.338675,-0.267118,0.258868,-0.071496,-0.143846,0.247502,-0.011322,0.086394,0.215294,0.134613,-0.241016,0.196556,-0.047631,,,,,,,,,,,,
252,4.200000,0.274043,0.253824,0.338791,-0.268694,0.258971,-0.069210,-0.145167,0.247592,-0.009572,0.085632,0.215261,0.135436,-0.242501,0.196668,-0.045496,,,,,,,,,,,,
253,4.216667,0.273939,0.253758,0.338898,-0.270241,0.259083,-0.066896,-0.146455,0.247686,-0.007809,0.084907,0.215220,0.136255,-0.243958,0.196788,-0.043332,,,,,,,,,,,,
254,4.233333,0.273861,0.253689,0.338998,-0.271755,0.259202,-0.064559,-0.147709,0.247783,-0.006036,0.084219,0.215171,0.137071,-0.245388,0.196916,-0.041144,,,,,,,,,,,,
255,4.250000,0.273808,0.253617,0.339090,-0.273235,0.259324,-0.062207,-0.148930,0.247881,-0.004256,0.083563,0.215115,0.137886,-0.246790,0.197048,-0.038939,,,,,,,,,,,,
256,4.266667,0.273780,0.253543,0.339175,-0.274682,0.259446,-0.059850,-0.150120,0.247976,-0.002475,0.082937,0.215054,0.138701,-0.248163,0.197182,-0.036723,,,,,,,,,,,,
257,4.283333,0.273774,0.253467,0.339253,-0.276096,0.259564,-0.057497,-0.151280,0.248065,-0.000696,0.082336,0.214989,0.139517,-0.249507,0.197313,-0.034504,,,,,,,,,,,,
258,4.300000,0.273788,0.253390,0.339326,-0.277478,0.259671,-0.055160,-0.152414,0.248145,0.001076,0.081755,0.214922,0.140333,-0.250825,0.197436,-0.032290,,,,,,,,,,,,
259,4.316667,0.273819,0.253313,0.339394,-0.278830,0.259764,-0.052846,-0.153525,0.248213,0.002835,0.081190,0.214853,0.141149,-0.252116,0.197548,-0.030089,,,,,,,,,,,,
260,4.333333,0.273863,0.253236,0.339458,-0.280154,0.259837,-0.050564,-0.154617,0.248266,0.004576,0.080636,0.214784,0.141964,-0.253384,0.197644,-0.027909,,,,,,,,,,,,
261,4.350000,0.273915,0.253161,0.339520,-0.281454,0.259885,-0.048320,-0.155692,0.248302,0.006295,0.080088,0.214715,0.142777,-0.254628,0.197719,-0.025755,,,,,,,,,,,,
262,4.366667,0.273970,0.253087,0.339582,-0.282731,0.259907,-0.046119,-0.156755,0.248318,0.007990,0.079542,0.214645,0.143587,-0.255851,0.197771,-0.023634,,,,,,,,,,,,
263,4.383333,0.274024,0.253014,0.339646,-0.283989,0.259898,-0.043963,-0.157808,0.248313,0.009660,0.078995,0.214575,0.144394,-0.257054,0.197795,-0.021550,,,,,,,,,,,,
264,4.400000,0.274072,0.252945,0.339712,-0.285230,0.259856,-0.041852,-0.158853,0.248285,0.011303,0.078445,0.214502,0.145196,-0.258239,0.197791,-0.019506,,,,,,,,,,,,
265,4.416667,0.274110,0.252879,0.339784,-0.286457,0.259780,-0.039784,-0.159893,0.248234,0.012922,0.077890,0.214427,0.145992,-0.259406,0.197755,-0.017503,,,,,,,,,,,,
266,4.433333,0.274136,0.252816,0.339861,-0.287671,0.259670,-0.037759,-0.160928,0.248159,0.014517,0.077330,0.214349,0.146782,-0.260557,0.197686,-0.015540,,,,,,,,,,,,
267,4.450000,0.274147,0.252758,0.339945,-0.288873,0.259527,-0.035771,-0.161959,0.248060,0.016090,0.076764,0.214268,0.147565,-0.261691,0.197588,-0.013616,,,,,,,,,,,,
268,4.466667,0.274142,0.252703,0.340035,-0.290062,0.259356,-0.033819,-0.162985,0.247939,0.017644,0.076194,0.214182,0.148340,-0.262810,0.197463,-0.011730,,,,,,,,,,,,
269,4.483333,0.274122,0.252653,0.340131,-0.291237,0.259163,-0.031899,-0.164004,0.247800,0.019181,0.075620,0.214091,0.149107,-0.263913,0.197315,-0.009877,,,,,,,,,,,,
270,4.500000,0.274086,0.252606,0.340232,-0.292398,0.258951,-0.030007,-0.165015,0.247644,0.020700,0.075044,0.213995,0.149868,-0.265001,0.197151,-0.008053,,,,,,,,,,,,
271,4.516667,0.274037,0.252561,0.340337,-0.293545,0.258726,-0.028139,-0.166016,0.247476,0.022204,0.074468,0.213895,0.150621,-0.266074,0.196973,-0.006254,,,,,,,,,,,,
272,4.533333,0.273977,0.252517,0.340447,-0.294678,0.258491,-0.026292,-0.167005,0.247299,0.023692,0.073893,0.213790,0.151369,-0.267135,0.196784,-0.004474,,,,,,,,,,,,
273,4.550000,0.273907,0.252476,0.340559,-0.295798,0.258247,-0.024461,-0.167981,0.247114,0.025165,0.073320,0.213682,0.152113,-0.268183,0.196589,-0.002708,,,,,,,,,,,,
274,4.566667,0.273830,0.252435,0.340674,-0.296905,0.257997,-0.022642,-0.168944,0.246924,0.026628,0.072751,0.213570,0.152854,-0.269220,0.196388,-0.000950,,,,,,,,,,,,
275,4.583333,0.273750,0.252394,0.340790,-0.298000,0.257741,-0.020828,-0.169896,0.246729,0.028083,0.072186,0.213454,0.153594,-0.270248,0.196184,0.000806,,,,,,,,,,,,
276,4.600000,0.273667,0.252354,0.340906,-0.299085,0.257479,-0.019016,-0.170837,0.246530,0.029535,0.071625,0.213335,0.154333,-0.271267,0.195976,0.002564,,,,,,,,,,,,
277,4.616667,0.273584,0.252315,0.341020,-0.300162,0.257211,-0.017200,-0.171770,0.246327,0.030987,0.071070,0.213211,0.155073,-0.272279,0.195764,0.004329,,,,,,,,,,,,
278,4.633333,0.273504,0.252277,0.341132,-0.301232,0.256933,-0.015376,-0.172696,0.246118,0.032444,0.070521,0.213082,0.155813,-0.273285,0.195547,0.006107,,,,,,,,,,,,
279,4.650000,0.273430,0.252241,0.341238,-0.302297,0.256646,-0.013537,-0.173616,0.245902,0.033908,0.069979,0.212947,0.156553,-0.274287,0.195324,0.007901,,,,,,,,,,,,
280,4.666667,0.273362,0.252209,0.341337,-0.303359,0.256349,-0.011679,-0.174530,0.245677,0.035384,0.069442,0.212806,0.157293,-0.275285,0.195093,0.009715,,,,,,,,,,,,
281,4.683333,0.273301,0.252181,0.341428,-0.304418,0.256041,-0.009798,-0.175441,0.245442,0.036874,0.068912,0.212656,0.158033,-0.276281,0.194852,0.011551,,,,,,,,,,,,
282,4.700000,0.273245,0.252157,0.341513,-0.305474,0.255721,-0.007894,-0.176347,0.245194,0.038378,0.068388,0.212498,0.158771,-0.277273,0.194599,0.013409,,,,,,,,,,,,
283,4.716667,0.273192,0.252136,0.341592,-0.306530,0.255386,-0.005965,-0.177250,0.244930,0.039898,0.067870,0.212329,0.159507,-0.278262,0.194330,0.015288,,,,,,,,,,,,
284,4.733333,0.273139,0.252119,0.341669,-0.307583,0.255032,-0.004014,-0.178151,0.244650,0.041430,0.067359,0.212150,0.160239,-0.279247,0.194043,0.017188,,,,,,,,,,,,
285,4.750000,0.273085,0.252105,0.341742,-0.308636,0.254655,-0.002043,-0.179049,0.244349,0.042974,0.066855,0.211959,0.160967,-0.280229,0.193733,0.019105,,,,,,,,,,,,
286,4.766667,0.273031,0.252096,0.341812,-0.309687,0.254252,-0.000058,-0.179945,0.244027,0.044527,0.066356,0.211759,0.161689,-0.281205,0.193396,0.021038,,,,,,,,,,,,
287,4.783333,0.272976,0.252090,0.341880,-0.310736,0.253820,0.001939,-0.180840,0.243681,0.046086,0.065862,0.211548,0.162407,-0.282177,0.193031,0.022981,,,,,,,,,,,,
288,4.800000,0.272920,0.252087,0.341944,-0.311784,0.253355,0.003943,-0.181734,0.243309,0.047650,0.065371,0.211328,0.163120,-0.283143,0.192634,0.024930,,,,,,,,,,,,
289,4.816667,0.272864,0.252087,0.342007,-0.312831,0.252858,0.005952,-0.182629,0.242911,0.049217,0.064881,0.211100,0.163832,-0.284103,0.192203,0.026882,,,,,,,,,,,,
290,4.833333,0.272808,0.252089,0.342066,-0.313878,0.252328,0.007964,-0.183525,0.242488,0.050787,0.064390,0.210865,0.164543,-0.285057,0.191738,0.028831,,,,,,,,,,,,
291,4.850000,0.272751,0.252091,0.342124,-0.314925,0.251769,0.009977,-0.184425,0.242043,0.052360,0.063897,0.210626,0.165257,-0.286007,0.191240,0.030775,,,,,,,,,,,,
292,4.866667,0.272694,0.252094,0.342179,-0.315974,0.251187,0.011991,-0.185329,0.241578,0.053936,0.063400,0.210384,0.165976,-0.286953,0.190716,0.032713,,,,,,,,,,,,
293,4.883333,0.272637,0.252096,0.342231,-0.317024,0.250588,0.014009,-0.186237,0.241100,0.055518,0.062896,0.210141,0.166702,-0.287895,0.190170,0.034645,,,,,,,,,,,,
294,4.900000,0.272580,0.252097,0.342281,-0.318076,0.249981,0.016033,-0.187150,0.240613,0.057108,0.062385,0.209899,0.167437,-0.288837,0.189611,0.036573,,,,,,,,,,,,
295,4.916667,0.272522,0.252096,0.342328,-0.319132,0.249375,0.018066,-0.188069,0.240123,0.058710,0.061865,0.209660,0.168184,-0.289779,0.189046,0.038498,,,,,,,,,,,,
296,4.933333,0.272464,0.252093,0.342374,-0.320193,0.248777,0.020113,-0.188996,0.239636,0.060327,0.061335,0.209427,0.168945,-0.290724,0.188482,0.040422,,,,,,,,,,,,
297,4.950000,0.272404,0.252086,0.342417,-0.321262,0.248194,0.022181,-0.189931,0.239156,0.061964,0.060792,0.209201,0.169722,-0.291674,0.187927,0.042349,,,,,,,,,,,,
298,4.966667,0.272343,0.252075,0.342460,-0.322340,0.247633,0.024274,-0.190878,0.238689,0.063625,0.060235,0.208986,0.170518,-0.292631,0.187387,0.044282,,,,,,,,,,,,
299,4.983333,0.272280,0.252061,0.342501,-0.323428,0.247100,0.026397,-0.191836,0.238239,0.065314,0.059663,0.208784,0.171335,-0.293597,0.186868,0.046222,,,,,,,,,,,,
300,5.000000,0.272217,0.252044,0.342540,-0.324527,0.246601,0.028552,-0.192806,0.237810,0.067033,0.059074,0.208598,0.172174,-0.294573,0.186375,0.048171,,,,,,,,,,,,
301,5.016667,0.272153,0.252025,0.342579,-0.325637,0.246139,0.030741,-0.193789,0.237406,0.068783,0.058470,0.208431,0.173036,-0.295560,0.185914,0.050131,,,,,,,,,,,,
302,5.033333,0.272092,0.252005,0.342617,-0.326759,0.245718,0.032963,-0.194784,0.237031,0.070563,0.057848,0.208288,0.173925,-0.296557,0.185488,0.052104,,,,,,,,,,,,
303,5.050000,0.272034,0.251985,0.342655,-0.327891,0.245342,0.035216,-0.195791,0.236689,0.072371,0.057212,0.208172,0.174840,-0.297567,0.185101,0.054093,,,,,,,,,,,,
304,5.066667,0.271981,0.251967,0.342693,-0.329034,0.245015,0.037498,-0.196809,0.236386,0.074203,0.056561,0.208087,0.175781,-0.298589,0.184759,0.056102,,,,,,,,,,,,
305,5.083333,0.271932,0.251952,0.342732,-0.330185,0.244742,0.039804,-0.197836,0.236129,0.076056,0.055898,0.208036,0.176747,-0.299623,0.184470,0.058135,,,,,,,,,,,,
306,5.100000,0.271890,0.251941,0.342771,-0.331342,0.244530,0.042130,-0.198871,0.235925,0.077926,0.055226,0.208020,0.177737,-0.300670,0.184240,0.060195,,,,,,,,,,,,
307,5.116667,0.271854,0.251934,0.342812,-0.332502,0.244386,0.044474,-0.199910,0.235780,0.079809,0.054548,0.208043,0.178749,-0.301727,0.184079,0.062287,,,,,,,,,,,,
308,5.133333,0.271825,0.251932,0.342855,-0.333662,0.244317,0.046832,-0.200951,0.235700,0.081706,0.053867,0.208104,0.179782,-0.302794,0.183993,0.064411,,,,,,,,,,,,
309,5.150000,0.271803,0.251936,0.342901,-0.334819,0.244326,0.049207,-0.201991,0.235689,0.083617,0.053186,0.208203,0.180834,-0.303869,0.183986,0.066571,,,,,,,,,,,,
310,5.166667,0.271787,0.251946,0.342952,-0.335972,0.244416,0.051599,-0.203029,0.235747,0.085544,0.052508,0.208339,0.181905,-0.304949,0.184061,0.068770,,,,,,,,,,,,
311,5.183333,0.271778,0.251962,0.343011,-0.337117,0.244582,0.054015,-0.204061,0.235875,0.087491,0.051836,0.208510,0.182994,-0.306033,0.184213,0.071011,,,,,,,,,,,,
312,5.200000,0.271775,0.251985,0.343080,-0.338254,0.244821,0.056459,-0.205086,0.236068,0.089462,0.051172,0.208711,0.184101,-0.307116,0.184440,0.073299,,,,,,,,,,,,
313,5.216667,0.271778,0.252016,0.343161,-0.339382,0.245124,0.058941,-0.206102,0.236320,0.091464,0.050521,0.208940,0.185225,-0.308195,0.184732,0.075636,,,,,,,,,,,,
314,5.233333,0.271788,0.252056,0.343257,-0.340496,0.245486,0.061466,-0.207104,0.236624,0.093499,0.049884,0.209190,0.186366,-0.309267,0.185082,0.078025,,,,,,,,,,,,
315,5.250000,0.271803,0.252106,0.343369,-0.341595,0.245896,0.064040,-0.208091,0.236972,0.095573,0.049264,0.209455,0.187525,-0.310327,0.185481,0.080465,,,,,,,,,,,,
316,5.266667,0.271825,0.252165,0.343499,-0.342674,0.246347,0.066666,-0.209057,0.237355,0.097688,0.048665,0.209732,0.188701,-0.311370,0.185919,0.082958,,,,,,,,,,,,
317,5.283333,0.271855,0.252235,0.343647,-0.343729,0.246828,0.069344,-0.209999,0.237764,0.099841,0.048091,0.210013,0.189892,-0.312393,0.186387,0.085500,,,,,,,,,,,,
318,5.300000,0.271894,0.252316,0.343813,-0.344758,0.247332,0.072072,-0.210914,0.238190,0.102033,0.047545,0.210295,0.191096,-0.313390,0.186875,0.088092,,,,,,,,,,,,
319,5.316667,0.271945,0.252408,0.343997,-0.345755,0.247849,0.074844,-0.211798,0.238627,0.104258,0.047030,0.210574,0.192313,-0.314357,0.187376,0.090727,,,,,,,,,,,,
320,5.333333,0.272009,0.252508,0.344196,-0.346717,0.248373,0.077655,-0.212648,0.239067,0.106513,0.046549,0.210845,0.193541,-0.315291,0.187883,0.093401,,,,,,,,,,,,
321,5.350000,0.272089,0.252615,0.344409,-0.347642,0.248899,0.080497,-0.213461,0.239505,0.108791,0.046102,0.211107,0.194778,-0.316189,0.188390,0.096108,,,,,,,,,,,,
322,5.366667,0.272188,0.252725,0.344631,-0.348530,0.249418,0.083362,-0.214238,0.239935,0.111089,0.045689,0.211358,0.196022,-0.317051,0.188890,0.098840,,,,,,,,,,,,
323,5.383333,0.272307,0.252834,0.344857,-0.349381,0.249927,0.086244,-0.214982,0.240353,0.113400,0.045307,0.211595,0.197272,-0.317878,0.189378,0.101591,,,,,,,,,,,,
324,5.400000,0.272445,0.252937,0.345082,-0.350201,0.250419,0.089134,-0.215695,0.240756,0.115720,0.044954,0.211818,0.198524,-0.318672,0.189848,0.104354,,,,,,,,,,,,
325,5.416667,0.272600,0.253031,0.345303,-0.350993,0.250891,0.092028,-0.216383,0.241143,0.118042,0.044624,0.212025,0.199773,-0.319439,0.190297,0.107123,,,,,,,,,,,,
326,5.433333,0.272767,0.253112,0.345515,-0.351762,0.251342,0.094921,-0.217050,0.241511,0.120363,0.044312,0.212215,0.201015,-0.320181,0.190723,0.109893,,,,,,,,,,,,
327,5.450000,0.272943,0.253177,0.345715,-0.352512,0.251772,0.097809,-0.217700,0.241860,0.122678,0.044013,0.212385,0.202245,-0.320904,0.191127,0.112657,,,,,,,,,,,,
328,5.466667,0.273119,0.253223,0.345902,-0.353247,0.252181,0.100689,-0.218337,0.242189,0.124984,0.043722,0.212533,0.203459,-0.321611,0.191509,0.115410,,,,,,,,,,,,
329,5.483333,0.273293,0.253248,0.346074,-0.353970,0.252568,0.103557,-0.218966,0.242496,0.127276,0.043434,0.212657,0.204653,-0.322307,0.191867,0.118147,,,,,,,,,,,,
330,5.500000,0.273458,0.253250,0.346231,-0.354685,0.252930,0.106409,-0.219587,0.242781,0.129551,0.043148,0.212756,0.205823,-0.322993,0.192201,0.120863,,,,,,,,,,,,
331,5.516667,0.273610,0.253229,0.346373,-0.355395,0.253265,0.109241,-0.220206,0.243042,0.131804,0.042861,0.212828,0.206967,-0.323673,0.192510,0.123553,,,,,,,,,,,,
332,5.533333,0.273744,0.253182,0.346501,-0.356101,0.253574,0.112049,-0.220823,0.243278,0.134031,0.042571,0.212874,0.208081,-0.324348,0.192793,0.126215,,,,,,,,,,,,
333,5.550000,0.273858,0.253108,0.346615,-0.356806,0.253857,0.114829,-0.221440,0.243490,0.136230,0.042275,0.212892,0.209164,-0.325022,0.193051,0.128845,,,,,,,,,,,,
334,5.566667,0.273949,0.253008,0.346713,-0.357510,0.254115,0.117577,-0.222060,0.243676,0.138397,0.041971,0.212882,0.210215,-0.325696,0.193286,0.131440,,,,,,,,,,,,
335,5.583333,0.274018,0.252881,0.346794,-0.358215,0.254348,0.120291,-0.222683,0.243838,0.140530,0.041655,0.212843,0.211234,-0.326373,0.193499,0.134001,,,,,,,,,,,,
336,5.600000,0.274065,0.252728,0.346859,-0.358924,0.254555,0.122970,-0.223312,0.243974,0.142629,0.041326,0.212776,0.212221,-0.327054,0.193690,0.136526,,,,,,,,,,,,
337,5.616667,0.274090,0.252549,0.346907,-0.359637,0.254736,0.125615,-0.223948,0.244083,0.144693,0.040982,0.212678,0.213175,-0.327740,0.193857,0.139016,,,,,,,,,,,,
338,5.633333,0.274094,0.252342,0.346942,-0.360356,0.254887,0.128227,-0.224592,0.244166,0.146724,0.040623,0.212551,0.214100,-0.328434,0.194001,0.141473,,,,,,,,,,,,
339,5.650000,0.274078,0.252109,0.346965,-0.361082,0.255007,0.130808,-0.225245,0.244220,0.148724,0.040248,0.212393,0.214996,-0.329134,0.194119,0.143898,,,,,,,,,,,,
340,5.666667,0.274044,0.251851,0.346980,-0.361814,0.255093,0.133358,-0.225905,0.244243,0.150694,0.039858,0.212205,0.215868,-0.329839,0.194208,0.146291,,,,,,,,,,,,
341,5.683333,0.273994,0.251567,0.346989,-0.362550,0.255144,0.135879,-0.226572,0.244235,0.152635,0.039454,0.211988,0.216718,-0.330549,0.194268,0.148653,,,,,,,,,,,,
342,5.700000,0.273931,0.251263,0.346994,-0.363289,0.255156,0.138371,-0.227243,0.244195,0.154551,0.039038,0.211743,0.217552,-0.331260,0.194296,0.150984,,,,,,,,,,,,
343,5.716667,0.273858,0.250944,0.346996,-0.364029,0.255129,0.140835,-0.227916,0.244122,0.156443,0.038613,0.211474,0.218372,-0.331969,0.194290,0.153285,,,,,,,,,,,,
344,5.733333,0.273775,0.250616,0.346996,-0.364765,0.255061,0.143270,-0.228589,0.244016,0.158313,0.038182,0.211185,0.219185,-0.332674,0.194248,0.155559,,,,,,,,,,,,
345,5.750000,0.273686,0.250290,0.346996,-0.365495,0.254950,0.145679,-0.229257,0.243877,0.160163,0.037750,0.210878,0.219993,-0.333369,0.194169,0.157809,,,,,,,,,,,,
346,5.766667,0.273593,0.249972,0.346997,-0.366217,0.254796,0.148063,-0.229918,0.243705,0.161997,0.037319,0.210561,0.220801,-0.334054,0.194050,0.160039,,,,,,,,,,,,
347,5.783333,0.273498,0.249669,0.347002,-0.366931,0.254597,0.150426,-0.230573,0.243501,0.163818,0.036892,0.210238,0.221612,-0.334727,0.193890,0.162255,,,,,,,,,,,,
348,5.800000,0.273402,0.249386,0.347011,-0.367635,0.254354,0.152771,-0.231221,0.243265,0.165630,0.036469,0.209913,0.222429,-0.335386,0.193688,0.164460,,,,,,,,,,,,
349,5.816667,0.273306,0.249124,0.347026,-0.368331,0.254072,0.155102,-0.231862,0.243000,0.167438,0.036052,0.209589,0.223256,-0.336033,0.193445,0.166660,,,,,,,,,,,,
350,5.833333,0.273207,0.248884,0.347049,-0.369019,0.253754,0.157424,-0.232497,0.242710,0.169244,0.035639,0.209269,0.224094,-0.336668,0.193167,0.168857,,,,,,,,,,,,
351,5.850000,0.273106,0.248666,0.347080,-0.369697,0.253407,0.159742,-0.233125,0.242398,0.171053,0.035231,0.208952,0.224945,-0.337291,0.192858,0.171055,,,,,,,,,,,,
352,5.866667,0.273001,0.248472,0.347119,-0.370365,0.253036,0.162060,-0.233745,0.242066,0.172867,0.034828,0.208640,0.225807,-0.337903,0.192524,0.173259,,,,,,,,,,,,
353,5.883333,0.272892,0.248299,0.347167,-0.371024,0.252645,0.164384,-0.234357,0.241718,0.174689,0.034428,0.208332,0.226680,-0.338503,0.192166,0.175470,,,,,,,,,,,,
354,5.900000,0.272779,0.248147,0.347223,-0.371675,0.252234,0.166717,-0.234963,0.241356,0.176520,0.034033,0.208027,0.227562,-0.339093,0.191787,0.177688,,,,,,,,,,,,
355,5.916667,0.272662,0.248015,0.347287,-0.372317,0.251803,0.169058,-0.235562,0.240980,0.178360,0.033641,0.207727,0.228452,-0.339672,0.191386,0.179913,,,,,,,,,,,,
356,5.933333,0.272542,0.247901,0.347359,-0.372953,0.251350,0.171407,-0.236156,0.240590,0.180209,0.033252,0.207432,0.229350,-0.340242,0.190963,0.182139,,,,,,,,,,,,
357,5.950000,0.272419,0.247803,0.347440,-0.373581,0.250876,0.173758,-0.236744,0.240188,0.182061,0.032865,0.207141,0.230254,-0.340801,0.190518,0.184361,,,,,,,,,,,,
358,5.966667,0.272294,0.247718,0.347530,-0.374203,0.250382,0.176103,-0.237325,0.239775,0.183913,0.032481,0.206855,0.231162,-0.341350,0.190052,0.186571,,,,,,,,,,,,
359,5.983333,0.272167,0.247645,0.347628,-0.374814,0.249868,0.178435,-0.237899,0.239350,0.185757,0.032100,0.206572,0.232071,-0.341887,0.189567,0.188763,,,,,,,,,,,,
360,6.000000,0.272041,0.247582,0.347733,-0.375415,0.249337,0.180743,-0.238464,0.238915,0.187585,0.031724,0.206294,0.232978,-0.342411,0.189066,0.190930,,,,,,,,,,,,
361,6.016667,0.271916,0.247528,0.347844,-0.376004,0.248788,0.183019,-0.239017,0.238471,0.189390,0.031354,0.206020,0.233879,-0.342919,0.188550,0.193065,,,,,,,,,,,,
362,6.033333,0.271794,0.247481,0.347961,-0.376579,0.248222,0.185253,-0.239558,0.238018,0.191167,0.030991,0.205750,0.234773,-0.343411,0.188022,0.195161,,,,,,,,,,,,
363,6.050000,0.271675,0.247440,0.348083,-0.377139,0.247642,0.187439,-0.240086,0.237557,0.192908,0.030635,0.205486,0.235657,-0.343886,0.187482,0.197213,,,,,,,,,,,,
364,6.066667,0.271559,0.247403,0.348209,-0.377683,0.247050,0.189570,-0.240600,0.237091,0.194610,0.030288,0.205227,0.236531,-0.344343,0.186932,0.199212,,,,,,,,,,,,
365,6.083333,0.271448,0.247369,0.348339,-0.378211,0.246450,0.191641,-0.241099,0.236622,0.196269,0.029950,0.204975,0.237392,-0.344783,0.186376,0.201155,,,,,,,,,,,,
366,6.100000,0.271339,0.247338,0.348472,-0.378722,0.245846,0.193648,-0.241582,0.236154,0.197881,0.029620,0.204731,0.238238,-0.345206,0.185815,0.203036,,,,,,,,,,,,
367,6.116667,0.271235,0.247309,0.348606,-0.379216,0.245242,0.195590,-0.242050,0.235688,0.199446,0.029302,0.204494,0.239066,-0.345612,0.185253,0.204856,,,,,,,,,,,,
368,6.133333,0.271134,0.247281,0.348741,-0.379692,0.244643,0.197468,-0.242501,0.235230,0.200964,0.028995,0.204267,0.239873,-0.346001,0.184695,0.206615,,,,,,,,,,,,
369,6.150000,0.271038,0.247254,0.348875,-0.380149,0.244055,0.199286,-0.242934,0.234783,0.202436,0.028700,0.204048,0.240659,-0.346372,0.184145,0.208316,,,,,,,,,,,,
370,6.166667,0.270946,0.247228,0.349006,-0.380585,0.243482,0.201050,-0.243349,0.234349,0.203867,0.028419,0.203838,0.241422,-0.346726,0.183610,0.209965,,,,,,,,,,,,
371,6.183333,0.270857,0.247203,0.349133,-0.381001,0.242931,0.202766,-0.243745,0.233932,0.205259,0.028151,0.203638,0.242162,-0.347062,0.183093,0.211566,,,,,,,,,,,,
372,6.200000,0.270772,0.247179,0.349254,-0.381397,0.242404,0.204442,-0.244121,0.233534,0.206617,0.027898,0.203445,0.242879,-0.347380,0.182598,0.213126,,,,,,,,,,,,
373,6.216667,0.270692,0.247156,0.349368,-0.381772,0.241904,0.206085,-0.244479,0.233155,0.207948,0.027658,0.203261,0.243574,-0.347682,0.182125,0.214653,,,,,,,,,,,,
374,6.233333,0.270618,0.247135,0.349473,-0.382128,0.241428,0.207704,-0.244820,0.232797,0.209257,0.027432,0.203084,0.244251,-0.347968,0.181676,0.216155,,,,,,,,,,,,
375,6.250000,0.270549,0.247115,0.349569,-0.382468,0.240977,0.209308,-0.245146,0.232457,0.210552,0.027219,0.202914,0.244911,-0.348240,0.181249,0.217638,,,,,,,,,,,,
376,6.266667,0.270489,0.247097,0.349654,-0.382793,0.240547,0.210905,-0.245458,0.232135,0.211838,0.027018,0.202750,0.245560,-0.348499,0.180841,0.219113,,,,,,,,,,,,
377,6.283333,0.270437,0.247078,0.349727,-0.383105,0.240138,0.212503,-0.245759,0.231829,0.213122,0.026827,0.202591,0.246201,-0.348747,0.180452,0.220585,,,,,,,,,,,,
378,6.300000,0.270394,0.247060,0.349789,-0.383407,0.239748,0.214110,-0.246050,0.231537,0.214412,0.026644,0.202436,0.246838,-0.348987,0.180081,0.222063,,,,,,,,,,,,
379,6.316667,0.270361,0.247040,0.349839,-0.383701,0.239375,0.215731,-0.246335,0.231257,0.215712,0.026468,0.202284,0.247478,-0.349220,0.179726,0.223554,,,,,,,,,,,,
380,6.333333,0.270337,0.247019,0.349876,-0.383989,0.239018,0.217374,-0.246616,0.230987,0.217029,0.026295,0.202133,0.248125,-0.349450,0.179385,0.225064,,,,,,,,,,,,
381,6.350000,0.270323,0.246994,0.349901,-0.384276,0.238674,0.219044,-0.246897,0.230726,0.218369,0.026124,0.201984,0.248783,-0.349680,0.179055,0.226599,,,,,,,,,,,,
382,6.366667,0.270317,0.246965,0.349914,-0.384564,0.238340,0.220746,-0.247181,0.230472,0.219736,0.025951,0.201836,0.249459,-0.349912,0.178733,0.228164,,,,,,,,,,,,
383,6.383333,0.270319,0.246929,0.349915,-0.384856,0.238014,0.222486,-0.247472,0.230223,0.221135,0.025775,0.201689,0.250154,-0.350149,0.178418,0.229766,,,,,,,,,,,,
384,6.400000,0.270326,0.246886,0.349907,-0.385154,0.237694,0.224270,-0.247770,0.229977,0.222571,0.025594,0.201540,0.250874,-0.350393,0.178109,0.231409,,,,,,,,,,,,
385,6.416667,0.270335,0.246833,0.349889,-0.385458,0.237380,0.226102,-0.248077,0.229732,0.224048,0.025404,0.201390,0.251619,-0.350646,0.177803,0.233100,,,,,,,,,,,,
386,6.433333,0.270343,0.246769,0.349865,-0.385771,0.237068,0.227989,-0.248396,0.229486,0.225572,0.025206,0.201237,0.252390,-0.350907,0.177499,0.234845,,,,,,,,,,,,
387,6.450000,0.270346,0.246694,0.349834,-0.386091,0.236757,0.229937,-0.248725,0.229236,0.227145,0.024998,0.201080,0.253187,-0.351177,0.177193,0.236649,,,,,,,,,,,,
388,6.466667,0.270341,0.246606,0.349800,-0.386417,0.236439,0.231951,-0.249065,0.228978,0.228773,0.024780,0.200916,0.254008,-0.351454,0.176881,0.238518,,,,,,,,,,,,
389,6.483333,0.270325,0.246509,0.349765,-0.386750,0.236110,0.234036,-0.249415,0.228708,0.230459,0.024551,0.200745,0.254855,-0.351738,0.176558,0.240454,,,,,,,,,,,,
390,6.500000,0.270298,0.246402,0.349730,-0.387088,0.235765,0.236195,-0.249774,0.228422,0.232205,0.024313,0.200567,0.255725,-0.352026,0.176216,0.242460,,,,,,,,,,,,
391,6.516667,0.270259,0.246289,0.349698,-0.387430,0.235399,0.238429,-0.250141,0.228119,0.234013,0.024065,0.200382,0.256622,-0.352316,0.175854,0.244535,,,,,,,,,,,,
392,6.533333,0.270211,0.246172,0.349670,-0.387773,0.235013,0.240738,-0.250514,0.227798,0.235883,0.023810,0.200190,0.257544,-0.352608,0.175471,0.246680,,,,,,,,,,,,
393,6.550000,0.270157,0.246054,0.349647,-0.388115,0.234608,0.243121,-0.250889,0.227460,0.237813,0.023549,0.199992,0.258492,-0.352900,0.175069,0.248895,,,,,,,,,,,,
394,6.566667,0.270097,0.245937,0.349630,-0.388456,0.234189,0.245578,-0.251265,0.227110,0.239801,0.023286,0.199789,0.259466,-0.353190,0.174653,0.251180,,,,,,,,,,,,
395,6.583333,0.270036,0.245824,0.349618,-0.388792,0.233763,0.248109,-0.251637,0.226752,0.241845,0.023021,0.199582,0.260464,-0.353474,0.174230,0.253532,,,,,,,,,,,,
396,6.600000,0.269973,0.245713,0.349612,-0.389121,0.233335,0.250711,-0.252003,0.226389,0.243942,0.022759,0.199372,0.261484,-0.353751,0.173806,0.255952,,,,,,,,,,,,
397,6.616667,0.269910,0.245608,0.349614,-0.389439,0.232911,0.253385,-0.252360,0.226027,0.246091,0.022500,0.199160,0.262525,-0.354020,0.173386,0.258439,,,,,,,,,,,,
398,6.633333,0.269848,0.245507,0.349623,-0.389744,0.232497,0.256130,-0.252705,0.225667,0.248290,0.022245,0.198946,0.263585,-0.354278,0.172975,0.260991,,,,,,,,,,,,
399,6.650000,0.269786,0.245411,0.349639,-0.390036,0.232094,0.258943,-0.253040,0.225313,0.250538,0.021996,0.198732,0.264664,-0.354525,0.172575,0.263604,,,,,,,,,,,,
400,6.666667,0.269724,0.245320,0.349663,-0.390314,0.231705,0.261821,-0.253363,0.224967,0.252832,0.021751,0.198521,0.265761,-0.354762,0.172189,0.266275,,,,,,,,,,,,
401,6.683333,0.269664,0.245234,0.349696,-0.390578,0.231331,0.264760,-0.253675,0.224630,0.255169,0.021510,0.198313,0.266877,-0.354989,0.171818,0.268997,,,,,,,,,,,,
402,6.700000,0.269603,0.245154,0.349736,-0.390830,0.230973,0.267751,-0.253978,0.224304,0.257545,0.021271,0.198110,0.268012,-0.355206,0.171463,0.271765,,,,,,,,,,,,
403,6.716667,0.269543,0.245080,0.349784,-0.391072,0.230631,0.270788,-0.254272,0.223988,0.259955,0.021035,0.197915,0.269168,-0.355415,0.171124,0.274570,,,,,,,,,,,,
404,6.733333,0.269486,0.245012,0.349840,-0.391303,0.230303,0.273860,-0.254560,0.223682,0.262393,0.020801,0.197730,0.270346,-0.355618,0.170801,0.277406,,,,,,,,,,,,
405,6.750000,0.269432,0.244951,0.349903,-0.391528,0.229987,0.276959,-0.254842,0.223387,0.264854,0.020567,0.197556,0.271549,-0.355815,0.170491,0.280265,,,,,,,,,,,,
406,6.766667,0.269382,0.244895,0.349974,-0.391747,0.229680,0.280075,-0.255122,0.223100,0.267335,0.020335,0.197397,0.272779,-0.356007,0.170191,0.283139,,,,,,,,,,,,
407,6.783333,0.269340,0.244846,0.350052,-0.391963,0.229376,0.283200,-0.255399,0.222821,0.269831,0.020103,0.197252,0.274038,-0.356195,0.169898,0.286024,,,,,,,,,,,,
408,6.800000,0.269304,0.244801,0.350137,-0.392178,0.229071,0.286328,-0.255676,0.222548,0.272340,0.019872,0.197124,0.275328,-0.356380,0.169606,0.288914,,,,,,,,,,,,
409,6.816667,0.269275,0.244760,0.350229,-0.392393,0.228760,0.289455,-0.255954,0.222278,0.274860,0.019643,0.197011,0.276650,-0.356562,0.169312,0.291806,,,,,,,,,,,,
410,6.833333,0.269252,0.244720,0.350329,-0.392607,0.228441,0.292578,-0.256232,0.222010,0.277388,0.019414,0.196913,0.278001,-0.356741,0.169013,0.294698,,,,,,,,,,,,
411,6.850000,0.269232,0.244682,0.350437,-0.392820,0.228111,0.295695,-0.256511,0.221742,0.279921,0.019186,0.196828,0.279381,-0.356916,0.168709,0.297589,,,,,,,,,,,,
412,6.866667,0.269214,0.244642,0.350552,-0.393031,0.227772,0.298804,-0.256788,0.221473,0.282456,0.018961,0.196752,0.280782,-0.357085,0.168398,0.300476,,,,,,,,,,,,
413,6.883333,0.269196,0.244602,0.350674,-0.393238,0.227424,0.301903,-0.257061,0.221204,0.284991,0.018740,0.196684,0.282198,-0.357247,0.168083,0.303360,,,,,,,,,,,,
414,6.900000,0.269176,0.244559,0.350802,-0.393438,0.227070,0.304990,-0.257329,0.220936,0.287521,0.018522,0.196622,0.283623,-0.357401,0.167765,0.306239,,,,,,,,,,,,
415,6.916667,0.269154,0.244514,0.350937,-0.393628,0.226715,0.308064,-0.257588,0.220671,0.290042,0.018312,0.196563,0.285048,-0.357543,0.167448,0.309110,,,,,,,,,,,,
416,6.933333,0.269128,0.244467,0.351075,-0.393804,0.226366,0.311123,-0.257836,0.220413,0.292552,0.018108,0.196507,0.286468,-0.357673,0.167136,0.311974,,,,,,,,,,,,
417,6.950000,0.269099,0.244417,0.351217,-0.393963,0.226030,0.314166,-0.258068,0.220166,0.295049,0.017914,0.196453,0.287876,-0.357789,0.166837,0.314830,,,,,,,,,,,,
418,6.966667,0.269068,0.244367,0.351361,-0.394102,0.225716,0.317192,-0.258283,0.219935,0.297529,0.017730,0.196402,0.289269,-0.357889,0.166558,0.317677,,,,,,,,,,,,
419,6.983333,0.269037,0.244315,0.351506,-0.394219,0.225430,0.320201,-0.258478,0.219725,0.299993,0.017559,0.196356,0.290645,-0.357972,0.166303,0.320514,,,,,,,,,,,,
420,7.000000,0.269006,0.244264,0.351651,-0.394311,0.225179,0.323193,-0.258651,0.219541,0.302439,0.017400,0.196315,0.292004,-0.358037,0.166081,0.323338,,,,,,,,,,,,
421,7.016667,0.268980,0.244216,0.351795,-0.394378,0.224970,0.326167,-0.258801,0.219388,0.304870,0.017257,0.196284,0.293348,-0.358082,0.165895,0.326150,,,,,,,,,,,,
422,7.033333,0.268961,0.244170,0.351936,-0.394420,0.224807,0.329125,-0.258928,0.219268,0.307287,0.017129,0.196266,0.294680,-0.358107,0.165751,0.328950,,,,,,,,,,,,
423,7.050000,0.268952,0.244130,0.352073,-0.394435,0.224693,0.332068,-0.259032,0.219187,0.309691,0.017019,0.196264,0.296003,-0.358112,0.165650,0.331739,,,,,,,,,,,,
424,7.066667,0.268955,0.244096,0.352205,-0.394424,0.224630,0.335002,-0.259111,0.219144,0.312088,0.016926,0.196282,0.297320,-0.358096,0.165595,0.334523,,,,,,,,,,,,
425,7.083333,0.268974,0.244069,0.352329,-0.394386,0.224617,0.337932,-0.259166,0.219142,0.314482,0.016852,0.196321,0.298636,-0.358057,0.165586,0.337307,,,,,,,,,,,,
426,7.100000,0.269009,0.244050,0.352443,-0.394319,0.224653,0.340869,-0.259195,0.219179,0.316879,0.016798,0.196382,0.299954,-0.357994,0.165623,0.340098,,,,,,,,,,,,
427,7.116667,0.269063,0.244039,0.352545,-0.394221,0.224736,0.343820,-0.259199,0.219252,0.319287,0.016765,0.196463,0.301278,-0.357906,0.165702,0.342904,,,,,,,,,,,,
428,7.133333,0.269136,0.244035,0.352635,-0.394093,0.224862,0.346795,-0.259175,0.219359,0.321712,0.016753,0.196563,0.302610,-0.357791,0.165822,0.345732,,,,,,,,,,,,
429,7.150000,0.269227,0.244037,0.352709,-0.393931,0.225025,0.349805,-0.259123,0.219497,0.324160,0.016762,0.196680,0.303951,-0.357648,0.165976,0.348590,,,,,,,,,,,,
430,7.166667,0.269335,0.244043,0.352767,-0.393735,0.225220,0.352856,-0.259044,0.219659,0.326634,0.016792,0.196810,0.305302,-0.357475,0.166161,0.351484,,,,,,,,,,,,
431,7.183333,0.269458,0.244052,0.352808,-0.393505,0.225444,0.355953,-0.258936,0.219843,0.329139,0.016843,0.196949,0.306661,-0.357271,0.166373,0.354417,,,,,,,,,,,,
432,7.200000,0.269593,0.244061,0.352831,-0.393239,0.225694,0.359099,-0.258800,0.220047,0.331673,0.016913,0.197095,0.308025,-0.357037,0.166609,0.357393,,,,,,,,,,,,
433,7.216667,0.269736,0.244069,0.352837,-0.392939,0.225967,0.362291,-0.258638,0.220267,0.334234,0.017000,0.197244,0.309389,-0.356772,0.166867,0.360411,,,,,,,,,,,,
434,7.233333,0.269886,0.244074,0.352827,-0.392606,0.226264,0.365524,-0.258449,0.220504,0.336819,0.017104,0.197394,0.310750,-0.356478,0.167146,0.363469,,,,,,,,,,,,
435,7.250000,0.270039,0.244074,0.352803,-0.392243,0.226583,0.368789,-0.258237,0.220756,0.339423,0.017223,0.197543,0.312103,-0.356155,0.167447,0.366562,,,,,,,,,,,,
436,7.266667,0.270193,0.244067,0.352768,-0.391851,0.226924,0.372079,-0.258002,0.221025,0.342040,0.017355,0.197688,0.313445,-0.355805,0.167767,0.369686,,,,,,,,,,,,
437,7.283333,0.270347,0.244054,0.352721,-0.391432,0.227285,0.375386,-0.257745,0.221308,0.344666,0.017499,0.197829,0.314771,-0.355429,0.168105,0.372835,,,,,,,,,,,,
438,7.300000,0.270498,0.244034,0.352666,-0.390985,0.227666,0.378705,-0.257466,0.221603,0.347297,0.017654,0.197962,0.316079,-0.355027,0.168461,0.376004,,,,,,,,,,,,
439,7.316667,0.270645,0.244005,0.352601,-0.390510,0.228062,0.382033,-0.257165,0.221906,0.349931,0.017819,0.198087,0.317368,-0.354600,0.168830,0.379189,,,,,,,,,,,,
440,7.333333,0.270789,0.243970,0.352527,-0.390007,0.228471,0.385370,-0.256840,0.222214,0.352569,0.017993,0.198201,0.318637,-0.354147,0.169210,0.382387,,,,,,,,,,,,
441,7.350000,0.270928,0.243928,0.352446,-0.389472,0.228889,0.388717,-0.256490,0.222521,0.355209,0.018175,0.198303,0.319887,-0.353667,0.169596,0.385595,,,,,,,,,,,,
442,7.366667,0.271063,0.243882,0.352359,-0.388906,0.229313,0.392072,-0.256115,0.222827,0.357852,0.018366,0.198392,0.321119,-0.353161,0.169986,0.388811,,,,,,,,,,,,
443,7.383333,0.271194,0.243833,0.352270,-0.388309,0.229739,0.395435,-0.255715,0.223127,0.360496,0.018564,0.198467,0.322332,-0.352628,0.170376,0.392033,,,,,,,,,,,,
444,7.400000,0.271323,0.243781,0.352180,-0.387683,0.230163,0.398804,-0.255291,0.223420,0.363140,0.018770,0.198530,0.323529,-0.352069,0.170764,0.395258,,,,,,,,,,,,
445,7.416667,0.271451,0.243729,0.352093,-0.387029,0.230585,0.402175,-0.254844,0.223706,0.365782,0.018983,0.198581,0.324710,-0.351485,0.171148,0.398484,,,,,,,,,,,,
446,7.433333,0.271576,0.243675,0.352009,-0.386348,0.231002,0.405546,-0.254376,0.223985,0.368420,0.019202,0.198619,0.325878,-0.350877,0.171528,0.401708,,,,,,,,,,,,
447,7.450000,0.271700,0.243621,0.351931,-0.385642,0.231417,0.408912,-0.253888,0.224257,0.371051,0.019426,0.198647,0.327031,-0.350247,0.171904,0.404926,,,,,,,,,,,,
448,7.466667,0.271823,0.243565,0.351859,-0.384913,0.231830,0.412271,-0.253382,0.224521,0.373672,0.019656,0.198663,0.328172,-0.349597,0.172278,0.408137,,,,,,,,,,,,
449,7.483333,0.271943,0.243509,0.351793,-0.384161,0.232240,0.415619,-0.252858,0.224779,0.376282,0.019889,0.198668,0.329298,-0.348927,0.172648,0.411337,,,,,,,,,,,,
450,7.500000,0.272060,0.243452,0.351735,-0.383388,0.232648,0.418955,-0.252318,0.225029,0.378878,0.020125,0.198661,0.330411,-0.348240,0.173014,0.414524,,,,,,,,,,,,
451,7.516667,0.272174,0.243395,0.351684,-0.382596,0.233048,0.422275,-0.251763,0.225270,0.381458,0.020364,0.198644,0.331509,-0.347536,0.173372,0.417694,,,,,,,,,,,,
452,7.533333,0.272285,0.243339,0.351641,-0.381787,0.233439,0.425578,-0.251195,0.225500,0.384021,0.020605,0.198616,0.332594,-0.346817,0.173719,0.420844,,,,,,,,,,,,
453,7.550000,0.272393,0.243283,0.351605,-0.380963,0.233815,0.428861,-0.250615,0.225718,0.386565,0.020847,0.198580,0.333664,-0.346084,0.174053,0.423968,,,,,,,,,,,,
454,7.566667,0.272496,0.243230,0.351575,-0.380126,0.234175,0.432118,-0.250026,0.225921,0.389087,0.021091,0.198535,0.334722,-0.345340,0.174370,0.427062,,,,,,,,,,,,
455,7.583333,0.272597,0.243180,0.351552,-0.379279,0.234513,0.435344,-0.249429,0.226108,0.391585,0.021336,0.198483,0.335766,-0.344588,0.174667,0.430118,,,,,,,,,,,,
456,7.600000,0.272695,0.243134,0.351535,-0.378427,0.234827,0.438533,-0.248828,0.226277,0.394053,0.021581,0.198426,0.336800,-0.343831,0.174940,0.433129,,,,,,,,,,,,
457,7.616667,0.272790,0.243093,0.351523,-0.377575,0.235111,0.441676,-0.248226,0.226427,0.396487,0.021826,0.198366,0.337824,-0.343071,0.175187,0.436091,,,,,,,,,,,,
458,7.633333,0.272885,0.243059,0.351516,-0.376728,0.235360,0.444768,-0.247626,0.226553,0.398885,0.022071,0.198306,0.338841,-0.342313,0.175402,0.438997,,,,,,,,,,,,
459,7.650000,0.272979,0.243031,0.351514,-0.375889,0.235568,0.447803,-0.247033,0.226654,0.401245,0.022316,0.198248,0.339854,-0.341561,0.175581,0.441840,,,,,,,,,,,,
460,7.666667,0.273074,0.243011,0.351516,-0.375066,0.235728,0.450778,-0.246449,0.226725,0.403564,0.022559,0.198192,0.340867,-0.340819,0.175716,0.444617,,,,,,,,,,,,
461,7.683333,0.273170,0.242999,0.351522,-0.374263,0.235830,0.453688,-0.245879,0.226761,0.405842,0.022801,0.198142,0.341884,-0.340092,0.175801,0.447322,,,,,,,,,,,,
462,7.700000,0.273269,0.242997,0.351532,-0.373484,0.235867,0.456532,-0.245325,0.226758,0.408082,0.023041,0.198099,0.342910,-0.339383,0.175827,0.449953,,,,,,,,,,,,
463,7.716667,0.273371,0.243003,0.351547,-0.372734,0.235834,0.459311,-0.244791,0.226714,0.410284,0.023278,0.198064,0.343947,-0.338697,0.175790,0.452507,,,,,,,,,,,,
464,7.733333,0.273476,0.243019,0.351565,-0.372015,0.235726,0.462023,-0.244279,0.226625,0.412450,0.023512,0.198037,0.344999,-0.338034,0.175686,0.454986,,,,,,,,,,,,
465,7.750000,0.273582,0.243041,0.351587,-0.371329,0.235544,0.464672,-0.243789,0.226491,0.414581,0.023742,0.198018,0.346067,-0.337397,0.175514,0.457391,,,,,,,,,,,,
466,7.766667,0.273691,0.243071,0.351613,-0.370674,0.235292,0.467259,-0.243321,0.226313,0.416678,0.023969,0.198004,0.347149,-0.336783,0.175278,0.459729,,,,,,,,,,,,
467,7.783333,0.273799,0.243104,0.351642,-0.370047,0.234977,0.469790,-0.242872,0.226096,0.418743,0.024192,0.197994,0.348243,-0.336191,0.174983,0.462005,,,,,,,,,,,,
468,7.800000,0.273905,0.243140,0.351675,-0.369444,0.234609,0.472268,-0.242441,0.225843,0.420777,0.024410,0.197982,0.349342,-0.335617,0.174640,0.464228,,,,,,,,,,,,
469,7.816667,0.274006,0.243176,0.351711,-0.368859,0.234200,0.474702,-0.242022,0.225560,0.422781,0.024623,0.197964,0.350440,-0.335056,0.174257,0.466409,,,,,,,,,,,,
470,7.833333,0.274100,0.243209,0.351748,-0.368286,0.233762,0.477097,-0.241613,0.225253,0.424756,0.024830,0.197934,0.351530,-0.334503,0.173846,0.468558,,,,,,,,,,,,
471,7.850000,0.274183,0.243238,0.351785,-0.367718,0.233306,0.479461,-0.241209,0.224927,0.426706,0.025031,0.197888,0.352604,-0.333953,0.173417,0.470685,,,,,,,,,,,,
472,7.866667,0.274254,0.243259,0.351822,-0.367151,0.232841,0.481801,-0.240808,0.224586,0.428631,0.025225,0.197821,0.353657,-0.333402,0.172978,0.472799,,,,,,,,,,,,
473,7.883333,0.274309,0.243272,0.351856,-0.366580,0.232374,0.484123,-0.240408,0.224234,0.430536,0.025410,0.197732,0.354686,-0.332848,0.172535,0.474909,,,,,,,,,,,,
474,7.900000,0.274347,0.243276,0.351888,-0.366003,0.231909,0.486433,-0.240006,0.223872,0.432423,0.025586,0.197619,0.355687,-0.332289,0.172093,0.477019,,,,,,,,,,,,
475,7.916667,0.274367,0.243272,0.351919,-0.365419,0.231448,0.488735,-0.239602,0.223503,0.434294,0.025752,0.197484,0.356662,-0.331722,0.171652,0.479133,,,,,,,,,,,,
476,7.933333,0.274369,0.243261,0.351948,-0.364826,0.230992,0.491032,-0.239197,0.223129,0.436153,0.025907,0.197328,0.357609,-0.331149,0.171214,0.481253,,,,,,,,,,,,
477,7.950000,0.274353,0.243244,0.351976,-0.364225,0.230541,0.493328,-0.238789,0.222750,0.438000,0.026051,0.197156,0.358532,-0.330569,0.170778,0.483380,,,,,,,,,,,,
478,7.966667,0.274320,0.243225,0.352005,-0.363617,0.230094,0.495624,-0.238381,0.222369,0.439838,0.026185,0.196970,0.359432,-0.329982,0.170346,0.485511,,,,,,,,,,,,
479,7.983333,0.274273,0.243206,0.352034,-0.363003,0.229651,0.497918,-0.237971,0.221988,0.441668,0.026311,0.196775,0.360314,-0.329390,0.169917,0.487646,,,,,,,,,,,,
480,8.000000,0.274215,0.243189,0.352064,-0.362384,0.229215,0.500210,-0.237560,0.221610,0.443491,0.026428,0.196576,0.361183,-0.328793,0.169494,0.489784,,,,,,,,,,,,
481,8.016667,0.274146,0.243175,0.352094,-0.361762,0.228788,0.502499,-0.237149,0.221239,0.445308,0.026541,0.196376,0.362044,-0.328191,0.169079,0.491923,,,,,,,,,,,,
482,8.033333,0.274071,0.243166,0.352123,-0.361136,0.228374,0.504785,-0.236737,0.220878,0.447120,0.026650,0.196180,0.362900,-0.327585,0.168677,0.494067,,,,,,,,,,,,
483,8.050000,0.273991,0.243162,0.352152,-0.360507,0.227978,0.507070,-0.236322,0.220531,0.448931,0.026758,0.195991,0.363756,-0.326972,0.168292,0.496218,,,,,,,,,,,,
484,8.066667,0.273910,0.243165,0.352178,-0.359873,0.227603,0.509356,-0.235905,0.220203,0.450743,0.026868,0.195810,0.364617,-0.326352,0.167929,0.498380,,,,,,,,,,,,
485,8.083333,0.273830,0.243173,0.352202,-0.359231,0.227254,0.511647,-0.235481,0.219897,0.452562,0.026982,0.195641,0.365487,-0.325720,0.167592,0.500559,,,,,,,,,,,,
486,8.100000,0.273753,0.243186,0.352220,-0.358577,0.226935,0.513950,-0.235047,0.219614,0.454393,0.027104,0.195483,0.366370,-0.325074,0.167285,0.502762,,,,,,,,,,,,
487,8.116667,0.273683,0.243203,0.352234,-0.357906,0.226650,0.516273,-0.234600,0.219356,0.456243,0.027237,0.195338,0.367270,-0.324409,0.167011,0.504997,,,,,,,,,,,,
488,8.133333,0.273621,0.243223,0.352241,-0.357213,0.226399,0.518626,-0.234134,0.219125,0.458118,0.027383,0.195203,0.368188,-0.323720,0.166772,0.507273,,,,,,,,,,,,
489,8.150000,0.273569,0.243243,0.352243,-0.356490,0.226184,0.521018,-0.233645,0.218921,0.460026,0.027543,0.195080,0.369128,-0.323000,0.166568,0.509598,,,,,,,,,,,,
490,8.166667,0.273526,0.243263,0.352238,-0.355731,0.226007,0.523459,-0.233127,0.218743,0.461973,0.027721,0.194964,0.370089,-0.322246,0.166401,0.511982,,,,,,,,,,,,
491,8.183333,0.273493,0.243280,0.352229,-0.354928,0.225867,0.525961,-0.232576,0.218590,0.463966,0.027915,0.194856,0.371071,-0.321451,0.166271,0.514430,,,,,,,,,,,,
492,8.200000,0.273468,0.243295,0.352215,-0.354076,0.225765,0.528533,-0.231988,0.218463,0.466012,0.028127,0.194752,0.372073,-0.320611,0.166178,0.516950,,,,,,,,,,,,
493,8.216667,0.273448,0.243308,0.352198,-0.353170,0.225700,0.531180,-0.231361,0.218359,0.468113,0.028355,0.194652,0.373094,-0.319726,0.166120,0.519543,,,,,,,,,,,,
494,8.233333,0.273431,0.243318,0.352180,-0.352207,0.225671,0.533908,-0.230691,0.218280,0.470272,0.028597,0.194553,0.374130,-0.318792,0.166097,0.522211,,,,,,,,,,,,
495,8.250000,0.273413,0.243328,0.352161,-0.351187,0.225677,0.536716,-0.229981,0.218223,0.472488,0.028852,0.194455,0.375180,-0.317811,0.166106,0.524951,,,,,,,,,,,,
496,8.266667,0.273392,0.243339,0.352145,-0.350111,0.225717,0.539600,-0.229232,0.218189,0.474757,0.029116,0.194358,0.376240,-0.316785,0.166145,0.527758,,,,,,,,,,,,
497,8.283333,0.273367,0.243352,0.352132,-0.348985,0.225789,0.542551,-0.228447,0.218177,0.477074,0.029388,0.194265,0.377309,-0.315719,0.166211,0.530623,,,,,,,,,,,,
498,8.300000,0.273337,0.243370,0.352125,-0.347814,0.225891,0.545558,-0.227631,0.218187,0.479429,0.029665,0.194176,0.378383,-0.314617,0.166304,0.533534,,,,,,,,,,,,
499,8.316667,0.273301,0.243393,0.352125,-0.346607,0.226020,0.548606,-0.226791,0.218217,0.481812,0.029944,0.194095,0.379461,-0.313487,0.166420,0.536480,,,,,,,,,,,,
500,8.333333,0.273259,0.243423,0.352133,-0.345374,0.226173,0.551680,-0.225933,0.218269,0.484212,0.030223,0.194023,0.380540,-0.312337,0.166558,0.539444,,,,,,,,,,,,
501,8.350000,0.273212,0.243459,0.352150,-0.344124,0.226350,0.554761,-0.225065,0.218340,0.486617,0.030499,0.193963,0.381619,-0.311178,0.166715,0.542411,,,,,,,,,,,,
502,8.366667,0.273162,0.243501,0.352177,-0.342868,0.226546,0.557833,-0.224194,0.218432,0.489016,0.030770,0.193916,0.382696,-0.310017,0.166891,0.545364,,,,,,,,,,,,
503,8.383333,0.273107,0.243550,0.352214,-0.341616,0.226762,0.560879,-0.223327,0.218542,0.491395,0.031034,0.193884,0.383769,-0.308865,0.167084,0.548288,,,,,,,,,,,,
504,8.400000,0.273048,0.243603,0.352261,-0.340376,0.226994,0.563882,-0.222469,0.218671,0.493745,0.031290,0.193867,0.384835,-0.307729,0.167293,0.551169,,,,,,,,,,,,
505,8.416667,0.272986,0.243661,0.352318,-0.339155,0.227242,0.566831,-0.221627,0.218818,0.496054,0.031534,0.193864,0.385889,-0.306614,0.167517,0.553995,,,,,,,,,,,,
506,8.433333,0.272922,0.243721,0.352382,-0.337960,0.227503,0.569712,-0.220804,0.218982,0.498314,0.031767,0.193876,0.386929,-0.305527,0.167756,0.556756,,,,,,,,,,,,
507,8.450000,0.272854,0.243784,0.352453,-0.336793,0.227777,0.572517,-0.220004,0.219161,0.500518,0.031988,0.193901,0.387951,-0.304471,0.168007,0.559442,,,,,,,,,,,,
508,8.466667,0.272783,0.243849,0.352529,-0.335660,0.228061,0.575237,-0.219229,0.219354,0.502658,0.032197,0.193937,0.388954,-0.303450,0.168269,0.562047,,,,,,,,,,,,
509,8.483333,0.272711,0.243916,0.352611,-0.334562,0.228353,0.577867,-0.218479,0.219559,0.504732,0.032394,0.193985,0.389934,-0.302464,0.168539,0.564563,,,,,,,,,,,,
510,8.500000,0.272637,0.243985,0.352696,-0.333502,0.228650,0.580402,-0.217757,0.219774,0.506734,0.032580,0.194044,0.390890,-0.301514,0.168815,0.566987,,,,,,,,,,,,
511,8.516667,0.272564,0.244056,0.352785,-0.332482,0.228952,0.582837,-0.217063,0.219998,0.508664,0.032756,0.194112,0.391819,-0.300600,0.169096,0.569316,,,,,,,,,,,,
512,8.533333,0.272492,0.244130,0.352877,-0.331504,0.229257,0.585171,-0.216398,0.220231,0.510518,0.032922,0.194191,0.392719,-0.299720,0.169381,0.571548,,,,,,,,,,,,
513,8.550000,0.272423,0.244206,0.352970,-0.330568,0.229565,0.587401,-0.215762,0.220471,0.512297,0.033081,0.194281,0.393585,-0.298876,0.169671,0.573684,,,,,,,,,,,,
514,8.566667,0.272358,0.244284,0.353065,-0.329675,0.229875,0.589528,-0.215154,0.220718,0.514000,0.033232,0.194381,0.394414,-0.298067,0.169965,0.575724,,,,,,,,,,,,
515,8.583333,0.272298,0.244365,0.353159,-0.328824,0.230187,0.591555,-0.214575,0.220972,0.515628,0.033376,0.194491,0.395201,-0.297294,0.170263,0.577671,,,,,,,,,,,,
516,8.600000,0.272242,0.244447,0.353254,-0.328014,0.230504,0.593483,-0.214023,0.221233,0.517184,0.033513,0.194611,0.395947,-0.296555,0.170565,0.579530,,,,,,,,,,,,
517,8.616667,0.272191,0.244530,0.353348,-0.327240,0.230825,0.595319,-0.213495,0.221500,0.518670,0.033645,0.194738,0.396654,-0.295846,0.170873,0.581306,,,,,,,,,,,,
518,8.633333,0.272144,0.244613,0.353440,-0.326497,0.231151,0.597070,-0.212987,0.221773,0.520090,0.033771,0.194870,0.397324,-0.295163,0.171187,0.583003,,,,,,,,,,,,
519,8.650000,0.272100,0.244695,0.353530,-0.325778,0.231483,0.598744,-0.212495,0.222051,0.521447,0.033893,0.195003,0.397960,-0.294503,0.171505,0.584627,,,,,,,,,,,,
520,8.666667,0.272059,0.244775,0.353615,-0.325077,0.231820,0.600349,-0.212015,0.222331,0.522746,0.034010,0.195134,0.398560,-0.293861,0.171827,0.586182,,,,,,,,,,,,
521,8.683333,0.272020,0.244853,0.353696,-0.324388,0.232162,0.601889,-0.211543,0.222614,0.523989,0.034125,0.195262,0.399125,-0.293232,0.172153,0.587672,,,,,,,,,,,,
522,8.700000,0.271984,0.244927,0.353772,-0.323708,0.232510,0.603364,-0.211076,0.222898,0.525177,0.034237,0.195384,0.399654,-0.292614,0.172482,0.589099,,,,,,,,,,,,
523,8.716667,0.271950,0.244998,0.353840,-0.323034,0.232861,0.604776,-0.210612,0.223181,0.526313,0.034348,0.195499,0.400147,-0.292004,0.172811,0.590466,,,,,,,,,,,,
524,8.733333,0.271920,0.245065,0.353900,-0.322367,0.233215,0.606127,-0.210150,0.223463,0.527398,0.034460,0.195608,0.400606,-0.291404,0.173139,0.591772,,,,,,,,,,,,
525,8.750000,0.271896,0.245128,0.353951,-0.321707,0.233567,0.607419,-0.209692,0.223741,0.528434,0.034575,0.195711,0.401036,-0.290812,0.173464,0.593018,,,,,,,,,,,,
526,8.766667,0.271878,0.245189,0.353992,-0.321059,0.233916,0.608654,-0.209237,0.224016,0.529423,0.034695,0.195812,0.401440,-0.290229,0.173783,0.594205,,,,,,,,,,,,
527,8.783333,0.271869,0.245247,0.354024,-0.320424,0.234258,0.609834,-0.208789,0.224287,0.530369,0.034820,0.195911,0.401822,-0.289657,0.174096,0.595337,,,,,,,,,,,,
528,8.800000,0.271869,0.245304,0.354047,-0.319805,0.234593,0.610965,-0.208347,0.224555,0.531274,0.034951,0.196012,0.402187,-0.289094,0.174401,0.596418,,,,,,,,,,,,
529,8.816667,0.271879,0.245361,0.354059,-0.319202,0.234919,0.612051,-0.207912,0.224818,0.532144,0.035090,0.196115,0.402540,-0.288542,0.174697,0.597452,,,,,,,,,,,,
530,8.833333,0.271898,0.245419,0.354061,-0.318614,0.235237,0.613099,-0.207483,0.225078,0.532988,0.035236,0.196223,0.402887,-0.287999,0.174984,0.598447,,,,,,,,,,,,
531,8.850000,0.271927,0.245477,0.354055,-0.318040,0.235547,0.614119,-0.207060,0.225335,0.533811,0.035390,0.196336,0.403235,-0.287464,0.175261,0.599411,,,,,,,,,,,,
532,8.866667,0.271965,0.245536,0.354041,-0.317477,0.235851,0.615120,-0.206641,0.225591,0.534624,0.035552,0.196456,0.403587,-0.286936,0.175530,0.600353,,,,,,,,,,,,
533,8.883333,0.272010,0.245595,0.354019,-0.316919,0.236151,0.616114,-0.206224,0.225845,0.535434,0.035721,0.196583,0.403950,-0.286411,0.175792,0.601284,,,,,,,,,,,,
534,8.900000,0.272062,0.245654,0.353992,-0.316363,0.236448,0.617112,-0.205804,0.226100,0.536249,0.035898,0.196714,0.404324,-0.285885,0.176050,0.602215,,,,,,,,,,,,
535,8.916667,0.272119,0.245712,0.353960,-0.315801,0.236744,0.618123,-0.205380,0.226355,0.537078,0.036082,0.196850,0.404714,-0.285357,0.176305,0.603159,,,,,,,,,,,,
536,8.933333,0.272180,0.245769,0.353922,-0.315227,0.237040,0.619159,-0.204946,0.226610,0.537928,0.036274,0.196989,0.405122,-0.284825,0.176560,0.604130,,,,,,,,,,,,
537,8.950000,0.272244,0.245825,0.353880,-0.314636,0.237335,0.620227,-0.204498,0.226863,0.538805,0.036475,0.197128,0.405551,-0.284287,0.176816,0.605141,,,,,,,,,,,,
538,8.966667,0.272313,0.245881,0.353833,-0.314023,0.237625,0.621338,-0.204033,0.227112,0.539717,0.036686,0.197267,0.406002,-0.283740,0.177071,0.606201,,,,,,,,,,,,
539,8.983333,0.272386,0.245936,0.353782,-0.313382,0.237910,0.622498,-0.203547,0.227356,0.540669,0.036910,0.197403,0.406478,-0.283180,0.177323,0.607318,,,,,,,,,,,,
540,9.000000,0.272465,0.245991,0.353728,-0.312708,0.238187,0.623712,-0.203037,0.227593,0.541665,0.037147,0.197537,0.406981,-0.282598,0.177571,0.608497,,,,,,,,,,,,
541,9.016667,0.272550,0.246045,0.353669,-0.311998,0.238455,0.624987,-0.202498,0.227822,0.542709,0.037400,0.197667,0.407511,-0.281986,0.177813,0.609740,,,,,,,,,,,,
542,9.033333,0.272643,0.246100,0.353607,-0.311246,0.238714,0.626323,-0.201926,0.228042,0.543802,0.037672,0.197792,0.408070,-0.281334,0.178047,0.611050,,,,,,,,,,,,
543,9.050000,0.272745,0.246154,0.353541,-0.310447,0.238965,0.627725,-0.201319,0.228253,0.544948,0.037964,0.197910,0.408657,-0.280635,0.178275,0.612426,,,,,,,,,,,,
544,9.066667,0.272858,0.246207,0.353471,-0.309598,0.239207,0.629193,-0.200672,0.228454,0.546145,0.038280,0.198019,0.409271,-0.279883,0.178496,0.613871,,,,,,,,,,,,
545,9.083333,0.272983,0.246260,0.353398,-0.308694,0.239439,0.630727,-0.199981,0.228645,0.547395,0.038620,0.198119,0.409913,-0.279072,0.178708,0.615385,,,,,,,,,,,,
546,9.100000,0.273123,0.246312,0.353320,-0.307734,0.239658,0.632328,-0.199246,0.228824,0.548696,0.038989,0.198208,0.410581,-0.278200,0.178910,0.616967,,,,,,,,,,,,
547,9.116667,0.273279,0.246364,0.353239,-0.306714,0.239861,0.633995,-0.198462,0.228988,0.550048,0.039386,0.198286,0.411273,-0.277262,0.179098,0.618617,,,,,,,,,,,,
548,9.133333,0.273454,0.246415,0.353156,-0.305634,0.240043,0.635725,-0.197630,0.229135,0.551449,0.039815,0.198351,0.411989,-0.276256,0.179269,0.620334,,,,,,,,,,,,
549,9.150000,0.273648,0.246468,0.353070,-0.304494,0.240203,0.637517,-0.196749,0.229263,0.552895,0.040276,0.198403,0.412726,-0.275180,0.179422,0.622114,,,,,,,,,,,,
550,9.166667,0.273863,0.246521,0.352983,-0.303293,0.240337,0.639366,-0.195819,0.229369,0.554384,0.040768,0.198443,0.413483,-0.274032,0.179554,0.623954,,,,,,,,,,,,
551,9.183333,0.274097,0.246576,0.352897,-0.302033,0.240445,0.641268,-0.194841,0.229453,0.555911,0.041292,0.198468,0.414256,-0.272811,0.179666,0.625849,,,,,,,,,,,,
552,9.200000,0.274347,0.246634,0.352814,-0.300717,0.240526,0.643218,-0.193818,0.229514,0.557471,0.041842,0.198480,0.415041,-0.271520,0.179757,0.627796,,,,,,,,,,,,
553,9.216667,0.274610,0.246694,0.352736,-0.299349,0.240579,0.645211,-0.192756,0.229552,0.559060,0.042417,0.198476,0.415835,-0.270158,0.179829,0.629789,,,,,,,,,,,,
554,9.233333,0.274879,0.246756,0.352665,-0.297936,0.240603,0.647242,-0.191659,0.229566,0.560673,0.043008,0.198456,0.416634,-0.268731,0.179882,0.631823,,,,,,,,,,,,
555,9.250000,0.275150,0.246820,0.352606,-0.296483,0.240597,0.649308,-0.190533,0.229555,0.562307,0.043611,0.198420,0.417435,-0.267245,0.179915,0.633890,,,,,,,,,,,,
556,9.266667,0.275417,0.246885,0.352559,-0.294998,0.240560,0.651403,-0.189385,0.229520,0.563959,0.044217,0.198365,0.418236,-0.265710,0.179928,0.635983,,,,,,,,,,,,
557,9.283333,0.275674,0.246950,0.352528,-0.293491,0.240491,0.653521,-0.188223,0.229459,0.565624,0.044821,0.198293,0.419036,-0.264141,0.179920,0.638091,,,,,,,,,,,,
558,9.300000,0.275917,0.247016,0.352513,-0.291968,0.240391,0.655656,-0.187054,0.229372,0.567300,0.045415,0.198201,0.419832,-0.262554,0.179889,0.640206,,,,,,,,,,,,
559,9.316667,0.276141,0.247082,0.352516,-0.290440,0.240264,0.657800,-0.185885,0.229260,0.568980,0.045994,0.198089,0.420623,-0.260965,0.179834,0.642317,0.075373,0.313662,0.460474,,,,,,,,,
560,9.333333,0.276343,0.247146,0.352537,-0.288914,0.240111,0.659946,-0.184724,0.229123,0.570659,0.046553,0.197958,0.421406,-0.259389,0.179752,0.644419,0.074939,0.313666,0.464499,,,,,,,,,
561,9.350000,0.276522,0.247209,0.352577,-0.287399,0.239935,0.662085,-0.183579,0.228962,0.572332,0.047087,0.197807,0.422180,-0.257835,0.179641,0.646504,0.074472,0.313668,0.468830,,,,,,,,,
562,9.366667,0.276677,0.247269,0.352635,-0.285902,0.239739,0.664211,-0.182454,0.228779,0.573995,0.047594,0.197638,0.422943,-0.256311,0.179503,0.648569,0.073996,0.313668,0.473260,,,,,,,,,
563,9.383333,0.276806,0.247327,0.352712,-0.284431,0.239525,0.666315,-0.181357,0.228575,0.575642,0.048070,0.197451,0.423696,-0.254824,0.179339,0.650607,0.073531,0.313666,0.477583,,,,,,,,,
564,9.400000,0.276911,0.247382,0.352806,-0.282992,0.239294,0.668391,-0.180291,0.228352,0.577267,0.048516,0.197248,0.424437,-0.253379,0.179151,0.652615,0.073101,0.313663,0.481592,,,,,,,,,
565,9.416667,0.276993,0.247434,0.352919,-0.281594,0.239049,0.670429,-0.179261,0.228111,0.578866,0.048931,0.197032,0.425167,-0.251980,0.178943,0.654585,,,,,,,,,,,,
566,9.433333,0.277053,0.247483,0.353048,-0.280241,0.238790,0.672423,-0.178271,0.227857,0.580433,0.049314,0.196804,0.425883,-0.250630,0.178719,0.656513,,,,,,,,,,,,
567,9.450000,0.277095,0.247529,0.353194,-0.278941,0.238520,0.674364,-0.177325,0.227589,0.581962,0.049668,0.196567,0.426587,-0.249335,0.178480,0.658391,,,,,,,,,,,,
568,9.466667,0.277120,0.247573,0.353354,-0.277698,0.238239,0.676244,-0.176426,0.227312,0.583447,0.049994,0.196324,0.427278,-0.248097,0.178230,0.660212,,,,,,,,,,,,
569,9.483333,0.277132,0.247613,0.353527,-0.276520,0.237950,0.678055,-0.175576,0.227027,0.584883,0.050293,0.196079,0.427955,-0.246923,0.177970,0.661971,,,,,,,,,,,,
570,9.500000,0.277132,0.247652,0.353711,-0.275410,0.237653,0.679790,-0.174779,0.226735,0.586266,0.050569,0.195835,0.428621,-0.245815,0.177702,0.663660,,,,,,,,,,,,
571,9.516667,0.277123,0.247688,0.353903,-0.274375,0.237349,0.681446,-0.174036,0.226438,0.587594,0.050823,0.195595,0.429275,-0.244777,0.177426,0.665275,,,,,,,,,,,,
572,9.533333,0.277108,0.247723,0.354102,-0.273418,0.237037,0.683019,-0.173350,0.226137,0.588865,0.051056,0.195364,0.429920,-0.243813,0.177142,0.666813,,,,,,,,,,,,
573,9.550000,0.277087,0.247757,0.354306,-0.272541,0.236716,0.684510,-0.172722,0.225834,0.590079,0.051271,0.195144,0.430556,-0.242923,0.176848,0.668274,,,,,,,,,,,,
574,9.566667,0.277062,0.247791,0.354513,-0.271745,0.236388,0.685918,-0.172151,0.225531,0.591238,0.051468,0.194939,0.431184,-0.242107,0.176546,0.669657,,,,,,,,,,,,
575,9.583333,0.277035,0.247824,0.354721,-0.271026,0.236053,0.687248,-0.171634,0.225231,0.592343,0.051648,0.194749,0.431802,-0.241362,0.176237,0.670964,,,,,,,,,,,,
576,9.600000,0.277005,0.247856,0.354930,-0.270378,0.235717,0.688501,-0.171169,0.224936,0.593394,0.051813,0.194576,0.432409,-0.240684,0.175926,0.672198,,,,,,,,,,,,
577,9.616667,0.276973,0.247888,0.355137,-0.269795,0.235382,0.689683,-0.170749,0.224649,0.594396,0.051965,0.194417,0.433004,-0.240066,0.175616,0.673363,,,,,,,,,,,,
578,9.633333,0.276939,0.247919,0.355342,-0.269267,0.235054,0.690801,-0.170369,0.224370,0.595349,0.052103,0.194274,0.433585,-0.239503,0.175310,0.674465,,,,,,,,,,,,
579,9.650000,0.276903,0.247949,0.355542,-0.268784,0.234734,0.691860,-0.170020,0.224103,0.596259,0.052231,0.194144,0.434151,-0.238985,0.175012,0.675508,,,,,,,,,,,,
580,9.666667,0.276865,0.247978,0.355736,-0.268337,0.234424,0.692869,-0.169697,0.223848,0.597130,0.052351,0.194026,0.434698,-0.238503,0.174722,0.676499,,,,,,,,,,,,
581,9.683333,0.276827,0.248007,0.355924,-0.267914,0.234125,0.693836,-0.169391,0.223606,0.597966,0.052462,0.193921,0.435225,-0.238050,0.174441,0.677444,,,,,,,,,,,,
582,9.700000,0.276787,0.248034,0.356104,-0.267506,0.233837,0.694769,-0.169095,0.223378,0.598772,0.052568,0.193824,0.435731,-0.237617,0.174170,0.678349,,,,,,,,,,,,
583,9.716667,0.276746,0.248061,0.356275,-0.267102,0.233563,0.695677,-0.168803,0.223162,0.599554,0.052669,0.193736,0.436215,-0.237195,0.173910,0.679220,,,,,,,,,,,,
584,9.733333,0.276703,0.248087,0.356434,-0.266694,0.233304,0.696564,-0.168509,0.222960,0.600315,0.052766,0.193655,0.436676,-0.236778,0.173663,0.680064,,,,,,,,,,,,
585,9.750000,0.276659,0.248112,0.356582,-0.266277,0.233061,0.697438,-0.168208,0.222771,0.601061,0.052862,0.193578,0.437118,-0.236361,0.173430,0.680888,,,,,,,,,,,,
586,9.766667,0.276612,0.248135,0.356716,-0.265848,0.232835,0.698303,-0.167899,0.222594,0.601794,0.052956,0.193504,0.437540,-0.235939,0.173210,0.681696,,,,,,,,,,,,
587,9.783333,0.276563,0.248156,0.356839,-0.265403,0.232626,0.699164,-0.167579,0.222430,0.602521,0.053050,0.193434,0.437947,-0.235508,0.173005,0.682496,,,,,,,,,,,,
588,9.800000,0.276513,0.248176,0.356950,-0.264942,0.232431,0.700027,-0.167249,0.222278,0.603243,0.053144,0.193366,0.438340,-0.235066,0.172813,0.683293,,,,,,,,,,,,
589,9.816667,0.276459,0.248193,0.357050,-0.264463,0.232250,0.700894,-0.166906,0.222135,0.603966,0.053238,0.193299,0.438723,-0.234609,0.172635,0.684093,,,,,,,,,,,,
590,9.833333,0.276403,0.248209,0.357141,-0.263965,0.232081,0.701770,-0.166552,0.222000,0.604691,0.053333,0.193231,0.439098,-0.234136,0.172468,0.684900,,,,,,,,,,,,
591,9.850000,0.276343,0.248223,0.357225,-0.263447,0.231923,0.702658,-0.166184,0.221872,0.605422,0.053428,0.193161,0.439466,-0.233647,0.172312,0.685718,,,,,,,,,,,,
592,9.866667,0.276279,0.248235,0.357302,-0.262909,0.231774,0.703559,-0.165802,0.221748,0.606160,0.053524,0.193088,0.439830,-0.233139,0.172166,0.686548,,,,,,,,,,,,
593,9.883333,0.276212,0.248245,0.357375,-0.262350,0.231632,0.704475,-0.165408,0.221627,0.606906,0.053621,0.193011,0.440191,-0.232612,0.172027,0.687391,,,,,,,,,,,,
594,9.900000,0.276142,0.248252,0.357444,-0.261770,0.231495,0.705406,-0.165000,0.221506,0.607662,0.053718,0.192929,0.440548,-0.232068,0.171894,0.688249,,,,,,,,,,,,
595,9.916667,0.276069,0.248258,0.357510,-0.261171,0.231362,0.706351,-0.164579,0.221386,0.608425,0.053817,0.192842,0.440903,-0.231507,0.171764,0.689119,,,,,,,,,,,,
596,9.933333,0.275994,0.248262,0.357573,-0.260554,0.231232,0.707309,-0.164146,0.221264,0.609197,0.053916,0.192750,0.441256,-0.230929,0.171638,0.690002,,,,,,,,,,,,
597,9.950000,0.275918,0.248265,0.357635,-0.259921,0.231103,0.708278,-0.163703,0.221141,0.609975,0.054017,0.192653,0.441608,-0.230337,0.171513,0.690894,,,,,,,,,,,,
598,9.966667,0.275842,0.248268,0.357695,-0.259275,0.230976,0.709256,-0.163251,0.221017,0.610759,0.054120,0.192554,0.441961,-0.229733,0.171391,0.691795,,,,,,,,,,,,
599,9.983333,0.275769,0.248270,0.357754,-0.258619,0.230850,0.710239,-0.162791,0.220892,0.611547,0.054228,0.192453,0.442315,-0.229119,0.171268,0.692702,,,,,,,,,,,,
600,10.000000,0.275699,0.248274,0.357812,-0.257955,0.230724,0.711227,-0.162324,0.220767,0.612338,0.054339,0.192351,0.442671,-0.228496,0.171146,0.693613,,,,,,,,,,,,
601,10.016667,0.275633,0.248278,0.357870,-0.257285,0.230599,0.712217,-0.161851,0.220643,0.613132,0.054456,0.192250,0.443029,-0.227866,0.171023,0.694527,,,,,,,,,,,,
602,10.033333,0.275573,0.248284,0.357930,-0.256609,0.230475,0.713208,-0.161373,0.220521,0.613927,0.054578,0.192150,0.443390,-0.227231,0.170898,0.695442,,,,,,,,,,,,
603,10.050000,0.275519,0.248292,0.357993,-0.255929,0.230353,0.714199,-0.160890,0.220402,0.614724,0.054706,0.192053,0.443753,-0.226591,0.170774,0.696357,,,,,,,,,,,,
604,10.066667,0.275471,0.248302,0.358059,-0.255243,0.230237,0.715190,-0.160402,0.220288,0.615521,0.054839,0.191959,0.444117,-0.225947,0.170654,0.697272,,,,,,,,,,,,
605,10.083333,0.275428,0.248314,0.358129,-0.254551,0.230128,0.716179,-0.159908,0.220180,0.616316,0.054976,0.191867,0.444481,-0.225296,0.170540,0.698185,,,,,,,,,,,,
606,10.100000,0.275391,0.248328,0.358205,-0.253852,0.230029,0.717166,-0.159408,0.220080,0.617110,0.055115,0.191779,0.444843,-0.224639,0.170436,0.699096,,,,,,,,,,,,
607,10.116667,0.275359,0.248344,0.358287,-0.253145,0.229942,0.718150,-0.158901,0.219989,0.617901,0.055257,0.191694,0.445202,-0.223976,0.170343,0.700004,,,,,,,,,,,,
608,10.133333,0.275333,0.248362,0.358376,-0.252429,0.229869,0.719130,-0.158387,0.219910,0.618687,0.055400,0.191612,0.445555,-0.223306,0.170265,0.700907,,,,,,,,,,,,
609,10.150000,0.275310,0.248383,0.358472,-0.251703,0.229814,0.720106,-0.157866,0.219844,0.619468,0.055542,0.191532,0.445901,-0.222630,0.170204,0.701804,,,,,,,,,,,,
610,10.166667,0.275292,0.248406,0.358576,-0.250968,0.229777,0.721076,-0.157338,0.219792,0.620242,0.055684,0.191457,0.446239,-0.221949,0.170161,0.702694,,,,,,,,,,,,
611,10.183333,0.275277,0.248432,0.358687,-0.250226,0.229763,0.722037,-0.156805,0.219757,0.621007,0.055824,0.191385,0.446566,-0.221265,0.170139,0.703574,,,,,,,,,,,,
612,10.200000,0.275264,0.248461,0.358804,-0.249477,0.229773,0.722989,-0.156267,0.219740,0.621762,0.055961,0.191319,0.446883,-0.220581,0.170141,0.704444,,,,,,,,,,,,
613,10.216667,0.275254,0.248495,0.358924,-0.248726,0.229810,0.723929,-0.155727,0.219743,0.622506,0.056097,0.191261,0.447191,-0.219899,0.170167,0.705301,,,,,,,,,,,,
614,10.233333,0.275246,0.248534,0.359044,-0.247978,0.229873,0.724855,-0.155188,0.219767,0.623239,0.056230,0.191214,0.447492,-0.219223,0.170219,0.706145,,,,,,,,,,,,
615,10.250000,0.275239,0.248580,0.359161,-0.247238,0.229961,0.725767,-0.154653,0.219813,0.623961,0.056363,0.191181,0.447789,-0.218558,0.170293,0.706977,,,,,,,,,,,,
616,10.266667,0.275234,0.248635,0.359271,-0.246511,0.230073,0.726665,-0.154126,0.219880,0.624677,0.056497,0.191166,0.448088,-0.217906,0.170389,0.707797,,,,,,,,,,,,
617,10.283333,0.275231,0.248698,0.359371,-0.245804,0.230206,0.727551,-0.153610,0.219967,0.625388,0.056636,0.191173,0.448395,-0.217272,0.170503,0.708610,,,,,,,,,,,,
618,10.300000,0.275231,0.248771,0.359460,-0.245120,0.230355,0.728428,-0.153105,0.220074,0.626101,0.056781,0.191204,0.448719,-0.216654,0.170629,0.709422,,,,,,,,,,,,
619,10.316667,0.275234,0.248853,0.359537,-0.244458,0.230516,0.729303,-0.152614,0.220196,0.626821,0.056935,0.191257,0.449063,-0.216049,0.170764,0.710241,,,,,,,,,,,,
620,10.333333,0.275239,0.248943,0.359601,-0.243815,0.230684,0.730185,-0.152131,0.220330,0.627557,0.057099,0.191330,0.449433,-0.215450,0.170902,0.711077,,,,,,,,,,,,
621,10.350000,0.275245,0.249038,0.359654,-0.243181,0.230852,0.731085,-0.151653,0.220470,0.628316,0.057276,0.191418,0.449833,-0.214849,0.171037,0.711940,,,,,,,,,,,,
622,10.366667,0.275249,0.249138,0.359697,-0.242543,0.231013,0.732017,-0.151169,0.220608,0.629107,0.057466,0.191516,0.450264,-0.214237,0.171162,0.712840,,,,,,,,,,,,
623,10.383333,0.275251,0.249240,0.359730,-0.241887,0.231160,0.732992,-0.150672,0.220738,0.629939,0.057670,0.191615,0.450727,-0.213603,0.171267,0.713785,,,,,,,,,,,,
624,10.400000,0.275249,0.249342,0.359754,-0.241197,0.231284,0.734022,-0.150149,0.220851,0.630818,0.057890,0.191710,0.451221,-0.212939,0.171344,0.714780,,,,,,,,,,,,
625,10.416667,0.275243,0.249440,0.359771,-0.240460,0.231380,0.735117,-0.149593,0.220941,0.631749,0.058125,0.191792,0.451745,-0.212234,0.171387,0.715830,,,,,,,,,,,,
626,10.433333,0.275231,0.249534,0.359782,-0.239666,0.231445,0.736280,-0.148996,0.221004,0.632734,0.058378,0.191857,0.452294,-0.211484,0.171391,0.716936,,,,,,,,,,,,
627,10.450000,0.275214,0.249621,0.359786,-0.238806,0.231475,0.737512,-0.148353,0.221035,0.633769,0.058647,0.191900,0.452864,-0.210682,0.171354,0.718098,,,,,,,,,,,,
628,10.466667,0.275191,0.249699,0.359786,-0.237880,0.231472,0.738809,-0.147662,0.221033,0.634852,0.058933,0.191915,0.453452,-0.209826,0.171278,0.719311,,,,,,,,,,,,
629,10.483333,0.275163,0.249768,0.359782,-0.236887,0.231437,0.740163,-0.146924,0.220998,0.635976,0.059235,0.191902,0.454051,-0.208914,0.171167,0.720573,,,,,,,,,,,,
630,10.500000,0.275131,0.249826,0.359776,-0.235836,0.231370,0.741565,-0.146144,0.220930,0.637134,0.059552,0.191859,0.454660,-0.207948,0.171025,0.721878,,,,,,,,,,,,
631,10.516667,0.275097,0.249874,0.359769,-0.234733,0.231272,0.743004,-0.145326,0.220830,0.638317,0.059883,0.191787,0.455275,-0.206931,0.170860,0.723220,,,,,,,,,,,,
632,10.533333,0.275061,0.249914,0.359764,-0.233591,0.231144,0.744466,-0.144478,0.220697,0.639519,0.060224,0.191689,0.455894,-0.205865,0.170675,0.724593,,,,,,,,,,,,
633,10.550000,0.275026,0.249946,0.359765,-0.232420,0.230984,0.745941,-0.143609,0.220531,0.640733,0.060574,0.191568,0.456516,-0.204760,0.170472,0.725988,,,,,,,,,,,,
634,10.566667,0.274993,0.249972,0.359776,-0.231232,0.230790,0.747420,-0.142725,0.220333,0.641955,0.060930,0.191427,0.457140,-0.203623,0.170247,0.727400,,,,,,,,,,,,
635,10.583333,0.274965,0.249994,0.359799,-0.230037,0.230559,0.748898,-0.141834,0.220101,0.643181,0.061289,0.191271,0.457767,-0.202466,0.169996,0.728819,,,,,,,,,,,,
636,10.600000,0.274942,0.250013,0.359834,-0.228845,0.230285,0.750372,-0.140943,0.219834,0.644408,0.061651,0.191102,0.458398,-0.201299,0.169715,0.730241,,,,,,,,,,,,
637,10.616667,0.274922,0.250032,0.359882,-0.227664,0.229966,0.751841,-0.140057,0.219532,0.645636,0.062012,0.190922,0.459035,-0.200130,0.169398,0.731660,,,,,,,,,,,,
638,10.633333,0.274906,0.250053,0.359941,-0.226497,0.229600,0.753303,-0.139179,0.219193,0.646863,0.062373,0.190730,0.459680,-0.198965,0.169044,0.733073,,,,,,,,,,,,
639,10.650000,0.274892,0.250077,0.360011,-0.225349,0.229185,0.754758,-0.138313,0.218816,0.648089,0.062732,0.190525,0.460334,-0.197808,0.168649,0.734480,,,,,,,,,,,,
640,10.666667,0.274878,0.250105,0.360091,-0.224219,0.228721,0.756206,-0.137459,0.218400,0.649313,0.063088,0.190308,0.460996,-0.196659,0.168211,0.735882,,,,,,,,,,,,
641,10.683333,0.274863,0.250137,0.360179,-0.223105,0.228207,0.757651,-0.136615,0.217943,0.650537,0.063440,0.190077,0.461665,-0.195516,0.167729,0.737282,,,,,,,,,,,,
642,10.700000,0.274845,0.250172,0.360274,-0.222004,0.227642,0.759095,-0.135780,0.217445,0.651762,0.063787,0.189831,0.462340,-0.194377,0.167201,0.738681,,,,,,,,,,,,
643,10.716667,0.274822,0.250207,0.360375,-0.220910,0.227027,0.760541,-0.134951,0.216905,0.652990,0.064130,0.189565,0.463021,-0.193237,0.166628,0.740083,,,,,,,,,,,,
644,10.733333,0.274792,0.250241,0.360480,-0.219818,0.226363,0.761994,-0.134124,0.216325,0.654223,0.064468,0.189275,0.463706,-0.192092,0.166010,0.741489,,,,,,,,,,,,
645,10.750000,0.274753,0.250269,0.360588,-0.218722,0.225653,0.763456,-0.133298,0.215706,0.655461,0.064801,0.188960,0.464396,-0.190941,0.165350,0.742900,,,,,,,,,,,,
646,10.766667,0.274706,0.250288,0.360698,-0.217619,0.224901,0.764925,-0.132470,0.215053,0.656703,0.065129,0.188618,0.465087,-0.189781,0.164653,0.744315,,,,,,,,,,,,
647,10.783333,0.274649,0.250296,0.360809,-0.216509,0.224116,0.766400,-0.131639,0.214371,0.657946,0.065453,0.188250,0.465776,-0.188615,0.163925,0.745730,,,,,,,,,,,,
648,10.800000,0.274584,0.250291,0.360921,-0.215393,0.223306,0.767875,-0.130808,0.213667,0.659185,0.065770,0.187859,0.466462,-0.187445,0.163175,0.747141,,,,,,,,,,,,
649,10.816667,0.274511,0.250272,0.361034,-0.214276,0.222479,0.769345,-0.129977,0.212949,0.660417,0.066081,0.187451,0.467143,-0.186277,0.162410,0.748542,,,,,,,,,,,,
650,10.833333,0.274431,0.250240,0.361148,-0.213164,0.221645,0.770804,-0.129153,0.212223,0.661638,0.066384,0.187031,0.467817,-0.185116,0.161639,0.749930,,,,,,,,,,,,
651,10.850000,0.274345,0.250196,0.361263,-0.212063,0.220810,0.772248,-0.128338,0.211497,0.662846,0.066679,0.186605,0.468483,-0.183971,0.160868,0.751301,,,,,,,,,,,,
652,10.866667,0.274253,0.250140,0.361381,-0.210981,0.219984,0.773673,-0.127538,0.210779,0.664039,0.066963,0.186180,0.469143,-0.182847,0.160104,0.752652,,,,,,,,,,,,
653,10.883333,0.274156,0.250076,0.361502,-0.209925,0.219172,0.775077,-0.126757,0.210075,0.665217,0.067236,0.185762,0.469800,-0.181751,0.159351,0.753981,,,,,,,,,,,,
654,10.900000,0.274055,0.250005,0.361628,-0.208898,0.218380,0.776462,-0.125999,0.209389,0.666382,0.067498,0.185357,0.470456,-0.180687,0.158615,0.755291,,,,,,,,,,,,
655,10.916667,0.273950,0.249930,0.361759,-0.207906,0.217611,0.777828,-0.125266,0.208726,0.667538,0.067746,0.184971,0.471117,-0.179659,0.157899,0.756583,,,,,,,,,,,,
656,10.933333,0.273841,0.249854,0.361896,-0.206949,0.216870,0.779180,-0.124559,0.208089,0.668688,0.067982,0.184608,0.471786,-0.178665,0.157207,0.757864,,,,,,,,,,,,
657,10.950000,0.273728,0.249778,0.362039,-0.206025,0.216156,0.780524,-0.123876,0.207479,0.669839,0.068206,0.184271,0.472468,-0.177702,0.156540,0.759140,,,,,,,,,,,,
658,10.966667,0.273610,0.249706,0.362189,-0.205127,0.215470,0.781868,-0.123212,0.206897,0.670996,0.068418,0.183962,0.473166,-0.176764,0.155899,0.760417,,,,,,,,,,,,
659,10.983333,0.273486,0.249639,0.362345,-0.204246,0.214814,0.783220,-0.122563,0.206343,0.672165,0.068621,0.183680,0.473879,-0.175844,0.155284,0.761703,,,,,,,,,,,,
660,11.000000,0.273354,0.249578,0.362507,-0.203370,0.214189,0.784587,-0.121919,0.205818,0.673349,0.068815,0.183421,0.474609,-0.174930,0.154697,0.763003,,,,,,,,,,,,
661,11.016667,0.273210,0.249524,0.362673,-0.202484,0.213596,0.785976,-0.121271,0.205322,0.674553,0.069004,0.183182,0.475352,-0.174012,0.154140,0.764324,,,,,,,,,,,,
662,11.033333,0.273056,0.249477,0.362842,-0.201575,0.213037,0.787392,-0.120609,0.204853,0.675777,0.069191,0.182957,0.476106,-0.173080,0.153612,0.765666,,,,,,,,,,,,
663,11.050000,0.272889,0.249436,0.363013,-0.200631,0.212511,0.788836,-0.119924,0.204411,0.677022,0.069380,0.182744,0.476866,-0.172126,0.153113,0.767030,,,,,,,,,,,,
664,11.066667,0.272714,0.249402,0.363182,-0.199640,0.212016,0.790310,-0.119208,0.203994,0.678286,0.069575,0.182537,0.477628,-0.171142,0.152643,0.768412,,,,,,,,,,,,
665,11.083333,0.272533,0.249375,0.363350,-0.198597,0.211552,0.791810,-0.118456,0.203601,0.679565,0.069778,0.182337,0.478387,-0.170124,0.152199,0.769810,,,,,,,,,,,,
666,11.100000,0.272349,0.249353,0.363513,-0.197499,0.211116,0.793330,-0.117665,0.203230,0.680852,0.069992,0.182141,0.479137,-0.169069,0.151780,0.771216,,,,,,,,,,,,
667,11.116667,0.272169,0.249337,0.363671,-0.196347,0.210705,0.794862,-0.116836,0.202879,0.682142,0.070220,0.181950,0.479873,-0.167975,0.151385,0.772626,,,,,,,,,,,,
668,11.133333,0.271995,0.249326,0.363823,-0.195145,0.210318,0.796398,-0.115972,0.202546,0.683427,0.070463,0.181763,0.480592,-0.166845,0.151014,0.774031,,,,,,,,,,,,
669,11.150000,0.271833,0.249319,0.363967,-0.193901,0.209948,0.797930,-0.115076,0.202229,0.684700,0.070721,0.181581,0.481291,-0.165683,0.150661,0.775426,,,,,,,,,,,,
670,11.166667,0.271685,0.249316,0.364104,-0.192621,0.209593,0.799449,-0.114154,0.201924,0.685956,0.070995,0.181404,0.481969,-0.164495,0.150321,0.776802,,,,,,,,,,,,
671,11.183333,0.271554,0.249314,0.364235,-0.191313,0.209246,0.800951,-0.113209,0.201629,0.687190,0.071285,0.181232,0.482624,-0.163288,0.149991,0.778154,,,,,,,,,,,,
672,11.200000,0.271440,0.249313,0.364359,-0.189983,0.208905,0.802429,-0.112248,0.201340,0.688399,0.071588,0.181063,0.483257,-0.162068,0.149664,0.779476,,,,,,,,,,,,
673,11.216667,0.271345,0.249312,0.364478,-0.188637,0.208564,0.803880,-0.111274,0.201053,0.689578,0.071903,0.180898,0.483866,-0.160841,0.149337,0.780764,,,,,,,,,,,,
674,11.233333,0.271268,0.249310,0.364593,-0.187281,0.208221,0.805300,-0.110293,0.200766,0.690726,0.072228,0.180735,0.484452,-0.159613,0.149005,0.782014,,,,,,,,,,,,
675,11.250000,0.271209,0.249306,0.364703,-0.185921,0.207872,0.806687,-0.109310,0.200474,0.691840,0.072559,0.180572,0.485014,-0.158389,0.148665,0.783224,,,,,,,,,,,,
676,11.266667,0.271167,0.249300,0.364811,-0.184562,0.207514,0.808037,-0.108327,0.200175,0.692919,0.072895,0.180410,0.485552,-0.157176,0.148313,0.784391,,,,,,,,,,,,
677,11.283333,0.271140,0.249294,0.364915,-0.183212,0.207143,0.809348,-0.107352,0.199866,0.693963,0.073233,0.180248,0.486068,-0.155982,0.147947,0.785513,,,,,,,,,,,,
678,11.300000,0.271127,0.249289,0.365015,-0.181878,0.206760,0.810616,-0.106387,0.199547,0.694971,0.073571,0.180087,0.486561,-0.154811,0.147564,0.786587,,,,,,,,,,,,
679,11.316667,0.271127,0.249286,0.365112,-0.180569,0.206366,0.811839,-0.105437,0.199219,0.695943,0.073906,0.179927,0.487032,-0.153670,0.147168,0.787613,,,,,,,,,,,,
680,11.333333,0.271137,0.249287,0.365204,-0.179294,0.205963,0.813014,-0.104509,0.198883,0.696881,0.074237,0.179772,0.487485,-0.152566,0.146761,0.788591,,,,,,,,,,,,
681,11.350000,0.271158,0.249294,0.365293,-0.178064,0.205557,0.814139,-0.103605,0.198546,0.697786,0.074563,0.179625,0.487920,-0.151505,0.146349,0.789520,,,,,,,,,,,,
682,11.366667,0.271188,0.249310,0.365379,-0.176886,0.205154,0.815211,-0.102729,0.198213,0.698660,0.074882,0.179489,0.488341,-0.150491,0.145940,0.790403,,,,,,,,,,,,
683,11.383333,0.271229,0.249336,0.365463,-0.175770,0.204763,0.816231,-0.101886,0.197891,0.699505,0.075197,0.179371,0.488753,-0.149529,0.145541,0.791242,,,,,,,,,,,,
684,11.400000,0.271280,0.249372,0.365547,-0.174718,0.204391,0.817199,-0.101079,0.197589,0.700323,0.075507,0.179272,0.489158,-0.148618,0.145163,0.792041,,,,,,,,,,,,
685,11.416667,0.271340,0.249419,0.365633,-0.173730,0.204047,0.818120,-0.100310,0.197313,0.701112,0.075812,0.179196,0.489559,-0.147756,0.144814,0.792807,,,,,,,,,,,,
686,11.433333,0.271408,0.249476,0.365720,-0.172801,0.203739,0.819000,-0.099578,0.197069,0.701874,0.076113,0.179142,0.489959,-0.146940,0.144501,0.793544,,,,,,,,,,,,
687,11.450000,0.271480,0.249541,0.365811,-0.171922,0.203472,0.819845,-0.098881,0.196860,0.702611,0.076409,0.179111,0.490356,-0.146161,0.144228,0.794261,,,,,,,,,,,,
688,11.466667,0.271553,0.249615,0.365904,-0.171083,0.203250,0.820665,-0.098212,0.196687,0.703328,0.076697,0.179099,0.490754,-0.145410,0.143999,0.794965,,,,,,,,,,,,
689,11.483333,0.271624,0.249696,0.366001,-0.170269,0.203075,0.821468,-0.097564,0.196551,0.704030,0.076979,0.179106,0.491150,-0.144676,0.143815,0.795663,,,,,,,,,,,,
690,11.500000,0.271691,0.249785,0.366100,-0.169470,0.202944,0.822266,-0.096930,0.196448,0.704724,0.077253,0.179129,0.491547,-0.143949,0.143673,0.796364,,,,,,,,,,,,
691,11.516667,0.271751,0.249881,0.366201,-0.168674,0.202852,0.823066,-0.096301,0.196374,0.705415,0.077520,0.179166,0.491943,-0.143219,0.143569,0.797075,,,,,,,,,,,,
692,11.533333,0.271803,0.249986,0.366305,-0.167870,0.202794,0.823877,-0.095672,0.196326,0.706111,0.077779,0.179216,0.492341,-0.142477,0.143497,0.797801,,,,,,,,,,,,
693,11.550000,0.271845,0.250101,0.366411,-0.167050,0.202763,0.824704,-0.095036,0.196296,0.706815,0.078030,0.179276,0.492741,-0.141716,0.143449,0.798546,,,,,,,,,,,,
694,11.566667,0.271878,0.250227,0.366519,-0.166208,0.202755,0.825553,-0.094389,0.196279,0.707530,0.078275,0.179345,0.493142,-0.140929,0.143420,0.799312,,,,,,,,,,,,
695,11.583333,0.271900,0.250365,0.366627,-0.165341,0.202762,0.826425,-0.093727,0.196269,0.708258,0.078514,0.179421,0.493547,-0.140115,0.143398,0.800099,,,,,,,,,,,,
696,11.600000,0.271913,0.250516,0.366735,-0.164446,0.202777,0.827322,-0.093047,0.196258,0.709000,0.078750,0.179502,0.493953,-0.139269,0.143374,0.800907,,,,,,,,,,,,
697,11.616667,0.271919,0.250683,0.366843,-0.163521,0.202792,0.828243,-0.092348,0.196240,0.709754,0.078985,0.179588,0.494361,-0.138391,0.143339,0.801733,,,,,,,,,,,,
698,11.633333,0.271920,0.250867,0.366948,-0.162569,0.202803,0.829186,-0.091629,0.196207,0.710521,0.079220,0.179678,0.494770,-0.137478,0.143283,0.802576,,,,,,,,,,,,
699,11.650000,0.271919,0.251070,0.367051,-0.161589,0.202805,0.830151,-0.090887,0.196154,0.711298,0.079458,0.179771,0.495179,-0.136531,0.143201,0.803432,,,,,,,,,,,,
700,11.666667,0.271920,0.251294,0.367150,-0.160584,0.202797,0.831132,-0.090124,0.196075,0.712082,0.079700,0.179865,0.495586,-0.135548,0.143084,0.804296,,,,,,,,,,,,
701,11.683333,0.271924,0.251541,0.367244,-0.159556,0.202778,0.832128,-0.089339,0.195966,0.712870,0.079949,0.179962,0.495989,-0.134532,0.142926,0.805165,,,,,,,,,,,,
702,11.700000,0.271936,0.251812,0.367333,-0.158511,0.202749,0.833134,-0.088535,0.195822,0.713659,0.080205,0.180062,0.496386,-0.133484,0.142722,0.806033,,,,,,,,,,,,
703,11.716667,0.271960,0.252108,0.367416,-0.157453,0.202712,0.834147,-0.087714,0.195644,0.714447,0.080469,0.180167,0.496774,-0.132407,0.142469,0.806897,,,,,,,,,,,,
704,11.733333,0.271999,0.252428,0.367492,-0.156388,0.202671,0.835164,-0.086879,0.195431,0.715230,0.080741,0.180278,0.497153,-0.131304,0.142168,0.807752,,,,,,,,,,,,
705,11.750000,0.272055,0.252768,0.367560,,,,-0.086031,0.195186,0.716006,0.081021,0.180396,0.497520,-0.130182,0.141821,0.808593,,,,,,,,,,,,
706,11.766667,0.272130,0.253125,0.367619,,,,-0.085176,0.194916,0.716772,0.081310,0.180522,0.497874,-0.129050,0.141436,0.809416,,,,,,,,,,,,
707,11.783333,0.272222,0.253489,0.367668,,,,-0.084320,0.194629,0.717524,0.081606,0.180655,0.498215,-0.127918,0.141022,0.810215,,,,,,,,,,,,
708,11.800000,0.272328,0.253854,0.367706,,,,-0.083470,0.194336,0.718258,0.081909,0.180793,0.498546,-0.126801,0.140593,0.810988,,,,,,,,,,,,
709,11.816667,0.272445,0.254210,0.367735,,,,-0.082634,0.194048,0.718972,0.082215,0.180936,0.498866,-0.125710,0.140164,0.811730,,,,,,,,,,,,
710,11.833333,0.272568,0.254550,0.367754,,,,-0.081821,0.193777,0.719662,0.082523,0.181082,0.499177,-0.124660,0.139751,0.812440,,,,,,,,,,,,
711,11.850000,0.272690,0.254870,0.367766,,,,-0.081040,0.193533,0.720327,0.082826,0.181232,0.499481,-0.123659,0.139368,0.813118,,,,,,,,,,,,
712,11.866667,0.272809,0.255166,0.367773,,,,-0.080298,0.193327,0.720967,0.083120,0.181389,0.499780,-0.122716,0.139030,0.813766,,,,,,,,,,,,
713,11.883333,0.272920,0.255439,0.367778,,,,-0.079600,0.193166,0.721584,0.083400,0.181554,0.500075,-0.121836,0.138748,0.814388,,,,,,,,,,,,
714,11.900000,0.273021,0.255688,0.367784,,,,-0.078949,0.193058,0.722179,0.083662,0.181732,0.500369,-0.121020,0.138530,0.814988,,,,,,,,,,,,
715,11.916667,0.273109,0.255915,0.367791,,,,-0.078346,0.193007,0.722756,0.083903,0.181926,0.500664,-0.120268,0.138383,0.815571,,,,,,,,,,,,
716,11.933333,0.273183,0.256124,0.367803,,,,-0.077789,0.193017,0.723319,0.084121,0.182138,0.500961,-0.119577,0.138310,0.816141,,,,,,,,,,,,
717,11.950000,0.273240,0.256316,0.367818,,,,-0.077272,0.193090,0.723872,0.084315,0.182369,0.501261,-0.118940,0.138315,0.816703,,,,,,,,,,,,
718,11.966667,0.273282,0.256496,0.367838,,,,-0.076791,0.193226,0.724417,0.084485,0.182621,0.501563,-0.118348,0.138397,0.817262,,,,,,,,,,,,
719,11.983333,0.273305,0.256666,0.367862,,,,-0.076337,0.193425,0.724959,0.084631,0.182893,0.501867,-0.117790,0.138557,0.817822,,,,,,,,,,,,
720,12.000000,0.273312,0.256829,0.367889,,,,-0.075902,0.193683,0.725499,0.084755,0.183182,0.502170,-0.117256,0.138792,0.818388,,,,,,,,,,,,
721,12.016667,0.273303,0.256987,0.367917,,,,-0.075476,0.193993,0.726038,0.084859,0.183484,0.502471,-0.116732,0.139095,0.818961,,,,,,,,,,,,
722,12.033333,0.273278,0.257141,0.367947,,,,-0.075052,0.194350,0.726577,0.084947,0.183795,0.502769,-0.116210,0.139460,0.819544,,,,,,,,,,,,
723,12.050000,0.273239,0.257292,0.367975,,,,-0.074624,0.194745,0.727115,0.085024,0.184108,0.503060,-0.115681,0.139879,0.820134,,,,,,,,,,,,
724,12.066667,0.273188,0.257437,0.368001,,,,-0.074188,0.195168,0.727647,0.085092,0.184417,0.503341,-0.115138,0.140342,0.820730,,,,,,,,,,,,
725,12.083333,0.273125,0.257576,0.368022,,,,-0.073741,0.195611,0.728169,0.085154,0.184715,0.503608,-0.114576,0.140839,0.821328,,,,,,,,,,,,
726,12.100000,0.273053,0.257706,0.368038,,,,-0.073283,0.196063,0.728675,0.085212,0.184992,0.503856,-0.113992,0.141359,0.821924,,,,,,,,,,,,
727,12.116667,0.272973,0.257824,0.368048,,,,-0.072814,0.196513,0.729161,0.085267,0.185243,0.504081,-0.113388,0.141888,0.822510,,,,,,,,,,,,
728,12.133333,0.272888,0.257928,0.368052,,,,-0.072337,0.196948,0.729621,0.085320,0.185462,0.504280,-0.112766,0.142412,0.823080,,,,,,,,,,,,
729,12.150000,0.272799,0.258017,0.368049,,,,-0.071856,0.197358,0.730051,0.085373,0.185645,0.504450,-0.112134,0.142914,0.823625,,,,,,,,,,,,
730,12.166667,0.272712,0.258090,0.368040,,,,-0.071377,0.197733,0.730446,0.085425,0.185789,0.504590,-0.111503,0.143381,0.824137,,,,,,,,,,,,
731,12.183333,0.272627,0.258146,0.368027,,,,-0.070908,0.198064,0.730803,0.085475,0.185894,0.504699,-0.110883,0.143802,0.824607,,,,,,,,,,,,
732,12.200000,0.272547,0.258186,0.368009,,,,-0.070460,0.198348,0.731116,0.085522,0.185962,0.504779,-0.110290,0.144169,0.825029,,,,,,,,,,,,
733,12.216667,0.272473,0.258210,0.367988,,,,-0.070044,0.198580,0.731382,0.085564,0.185994,0.504828,-0.109738,0.144478,0.825395,,,,,,,,,,,,
734,12.233333,0.272407,0.258218,0.367963,,,,-0.069672,0.198763,0.731594,0.085598,0.185995,0.504849,-0.109242,0.144730,0.825698,,,,,,,,,,,,
735,12.250000,0.272349,0.258212,0.367936,,,,-0.069354,0.198899,0.731749,0.085620,0.185969,0.504841,-0.108817,0.144927,0.825933,,,,,,,,,,,,
736,12.266667,0.272299,0.258192,0.367907,,,,-0.069102,0.198992,0.731843,0.085630,0.185919,0.504805,-0.108476,0.145074,0.826096,,,,,,,,,,,,
737,12.283333,0.272258,0.258160,0.367875,,,,-0.068922,0.199049,0.731872,0.085623,0.185851,0.504740,-0.108230,0.145179,0.826180,,,,,,,,,,,,
738,12.300000,0.272225,0.258119,0.367841,,,,-0.068822,0.199077,0.731832,0.085598,0.185769,0.504644,-0.108087,0.145248,0.826182,,,,,,,,,,,,
739,12.316667,0.272202,0.258070,0.367804,,,,-0.068804,0.199082,0.731720,0.085554,0.185676,0.504516,-0.108050,0.145288,0.826100,,,,,,,,,,,,
740,12.333333,0.272188,0.258015,0.367764,,,,-0.068869,0.199070,0.731533,0.085488,0.185579,0.504351,-0.108121,0.145306,0.825930,,,,,,,,,,,,
741,12.350000,0.272185,0.257956,0.367720,,,,-0.069015,0.199048,0.731271,0.085401,0.185479,0.504148,-0.108298,0.145308,0.825671,,,,,,,,,,,,
742,12.366667,0.272192,0.257894,0.367669,,,,-0.069239,0.199021,0.730929,0.085293,0.185380,0.503904,-0.108580,0.145301,0.825320,,,,,,,,,,,,
743,12.383333,0.272211,0.257832,0.367610,,,,-0.069537,0.198992,0.730509,0.085163,0.185284,0.503615,-0.108959,0.145290,0.824877,,,,,,,,,,,,
744,12.400000,0.272242,0.257770,0.367541,,,,-0.069903,0.198965,0.730009,0.085016,0.185193,0.503281,-0.109432,0.145277,0.824345,,,,,,,,,,,,
745,12.416667,0.272285,0.257710,0.367461,,,,-0.070332,0.198940,0.729432,0.084851,0.185110,0.502903,-0.109989,0.145266,0.823726,,,,,,,,,,,,
746,12.433333,0.272341,0.257653,0.367366,,,,-0.070817,0.198918,0.728785,0.084672,0.185034,0.502482,-0.110622,0.145256,0.823026,,,,,,,,,,,,
747,12.450000,0.272407,0.257599,0.367256,,,,-0.071350,0.198898,0.728074,0.084481,0.184966,0.502022,-0.111319,0.145245,0.822254,,,,,,,,,,,,
748,12.466667,0.272483,0.257549,0.367131,,,,-0.071923,0.198878,0.727309,0.084279,0.184906,0.501528,-0.112069,0.145230,0.821420,,,,,,,,,,,,
749,12.483333,0.272565,0.257499,0.366991,,,,-0.072527,0.198856,0.726499,0.084067,0.184850,0.501004,-0.112858,0.145212,0.820536,,,,,,,,,,,,
750,12.500000,0.272649,0.257449,0.366836,,,,-0.073152,0.198829,0.725653,0.083848,0.184795,0.500455,-0.113674,0.145189,0.819613,,,,,,,,,,,,
751,12.516667,0.272732,0.257397,0.366665,,,,-0.073790,0.198794,0.724781,0.083622,0.184736,0.499887,-0.114504,0.145161,0.818664,,,,,,,,,,,,
752,12.533333,0.272811,0.257341,0.366480,,,,-0.074433,0.198750,0.723893,0.083390,0.184670,0.499305,-0.115337,0.145126,0.817700,,,,,,,,,,,,
753,12.550000,0.272883,0.257280,0.366280,,,,-0.075073,0.198693,0.722999,0.083154,0.184594,0.498714,-0.116159,0.145079,0.816734,,,,,,,,,,,,
754,12.566667,0.272945,0.257211,0.366067,,,,-0.075705,0.198621,0.722107,0.082914,0.184506,0.498116,-0.116960,0.145020,0.815775,,,,,,,,,,,,
755,12.583333,0.272996,0.257135,0.365840,,,,-0.076321,0.198534,0.721223,0.082672,0.184404,0.497517,-0.117730,0.144946,0.814832,,,,,,,,,,,,
756,12.600000,0.273035,0.257048,0.365599,,,,-0.076916,0.198432,0.720354,0.082431,0.184287,0.496918,-0.118462,0.144860,0.813912,,,,,,,,,,,,
757,12.616667,0.273062,0.256951,0.365344,,,,-0.077486,0.198318,0.719502,0.082191,0.184153,0.496321,-0.119153,0.144766,0.813018,,,,,,,,,,,,
758,12.633333,0.273076,0.256840,0.365075,,,,-0.078029,0.198197,0.718669,0.081955,0.184001,0.495729,-0.119798,0.144669,0.812155,,,,,,,,,,,,
759,12.650000,0.273078,0.256713,0.364790,,,,-0.078541,0.198075,0.717856,0.081725,0.183832,0.495142,-0.120397,0.144578,0.811323,,,,,,,,,,,,
760,12.666667,0.273070,0.256568,0.364489,,,,-0.079023,0.197958,0.717061,0.081501,0.183644,0.494557,-0.120947,0.144501,0.810522,,,,,,,,,,,,
761,12.683333,0.273052,0.256404,0.364170,,,,-0.079473,0.197851,0.716283,0.081286,0.183439,0.493975,-0.121448,0.144446,0.809754,,,,,,,,,,,,
762,12.700000,0.273024,0.256218,0.363831,,,,-0.079890,0.197759,0.715520,0.081081,0.183215,0.493392,-0.121901,0.144419,0.809015,,,,,,,,,,,,
763,12.716667,0.272989,0.256011,0.363471,,,,-0.080273,0.197684,0.714772,0.080887,0.182976,0.492811,-0.122304,0.144422,0.808306,,,,,,,,,,,,
764,12.733333,0.272947,0.255784,0.363091,,,,-0.080620,0.197624,0.714039,0.080706,0.182722,0.492230,-0.122660,0.144456,0.807626,,,,,,,,,,,,
765,12.750000,0.272899,0.255539,0.362691,,,,-0.080931,0.197579,0.713326,0.080539,0.182456,0.491653,-0.122969,0.144514,0.806976,,,,,,,,,,,,
766,12.766667,0.272844,0.255280,0.362274,,,,-0.081205,0.197545,0.712636,0.080385,0.182180,0.491083,-0.123231,0.144591,0.806358,,,,,,,,,,,,
767,12.783333,0.272780,0.255011,0.361844,,,,-0.081443,0.197516,0.711975,0.080242,0.181898,0.490522,-0.123447,0.144678,0.805775,,,,,,,,,,,,
768,12.800000,0.272703,0.254735,0.361404,,,,-0.081646,0.197489,0.711346,0.080105,0.181609,0.489975,-0.123620,0.144771,0.805231,,,,,,,,,,,,
769,12.816667,0.272610,0.254458,0.360962,,,,-0.081814,0.197457,0.710755,0.079971,0.181313,0.489444,-0.123749,0.144862,0.804729,,,,,,,,,,,,
770,12.833333,0.272496,0.254184,0.360523,,,,-0.081950,0.197417,0.710207,0.079834,0.181011,0.488933,-0.123840,0.144945,0.804272,,,,,,,,,,,,
771,12.850000,0.272357,0.253917,0.360093,,,,-0.082060,0.197364,0.709706,0.079691,0.180705,0.488447,-0.123896,0.145013,0.803864,,,,,,,,,,,,
772,12.866667,0.272191,0.253658,0.359680,,,,-0.082147,0.197295,0.709255,0.079537,0.180394,0.487988,-0.123922,0.145057,0.803506,,,,,,,,,,,,
773,12.883333,0.271996,0.253411,0.359289,,,,-0.082217,0.197207,0.708857,0.079370,0.180083,0.487561,-0.123925,0.145073,0.803197,,,,,,,,,,,,
774,12.900000,0.271773,0.253176,0.358926,,,,-0.082277,0.197099,0.708514,0.079187,0.179773,0.487170,-0.123911,0.145054,0.802939,,,,,,,,,,,,
775,12.916667,0.271522,0.252955,0.358597,,,,-0.082333,0.196972,0.708226,0.078988,0.179466,0.486816,-0.123888,0.145003,0.802730,,,,,,,,,,,,
776,12.933333,0.271245,0.252746,0.358305,,,,-0.082390,0.196828,0.707990,0.078771,0.179163,0.486503,-0.123862,0.144921,0.802568,,,,,,,,,,,,
777,12.950000,0.270944,0.252549,0.358053,,,,-0.082452,0.196670,0.707803,0.078537,0.178865,0.486229,-0.123839,0.144813,0.802451,,,,,,,,,,,,
778,12.966667,0.270621,0.252362,0.357841,,,,-0.082526,0.196501,0.707662,0.078287,0.178572,0.485994,-0.123824,0.144686,0.802375,,,,,,,,,,,,
779,12.983333,0.270280,0.252184,0.357670,,,,-0.082612,0.196324,0.707562,0.078020,0.178285,0.485798,-0.123820,0.144543,0.802336,,,,,,,,,,,,
780,13.000000,0.269923,0.252014,0.357537,,,,-0.082712,0.196143,0.707499,0.077741,0.178002,0.485637,-0.123826,0.144389,0.802332,,,,,,,,,,,,
781,13.016667,0.269555,0.251851,0.357440,,,,-0.082824,0.195958,0.707467,0.077450,0.177723,0.485508,-0.123843,0.144229,0.802359,,,,,,,,,,,,
782,13.033333,0.269179,0.251693,0.357376,,,,-0.082947,0.195772,0.707463,0.077151,0.177447,0.485408,-0.123865,0.144068,0.802414,,,,,,,,,,,,
783,13.050000,0.268799,0.251540,0.357341,,,,-0.083076,0.195586,0.707481,0.076847,0.177171,0.485332,-0.123890,0.143909,0.802495,,,,,,,,,,,,
784,13.066667,0.268419,0.251390,0.357330,,,,-0.083205,0.195399,0.707518,0.076540,0.176893,0.485275,-0.123912,0.143756,0.802598,,,,,,,,,,,,
785,13.083333,0.268040,0.251242,0.357338,,,,-0.083330,0.195212,0.707568,0.076235,0.176611,0.485232,-0.123925,0.143606,0.802718,,,,,,,,,,,,
786,13.100000,0.267665,0.251093,0.357360,,,,-0.083444,0.195023,0.707629,0.075936,0.176323,0.485198,-0.123923,0.143460,0.802851,,,,,,,,,,,,
787,13.116667,0.267297,0.250944,0.357389,,,,-0.083542,0.194832,0.707696,0.075647,0.176028,0.485170,-0.123902,0.143314,0.802994,,,,,,,,,,,,
788,13.133333,0.266939,0.250794,0.357423,,,,-0.083619,0.194635,0.707767,0.075372,0.175727,0.485146,-0.123857,0.143164,0.803142,,,,,,,,,,,,
789,13.150000,0.266595,0.250643,0.357457,,,,-0.083672,0.194431,0.707841,0.075116,0.175422,0.485122,-0.123786,0.143006,0.803294,,,,,,,,,,,,
790,13.166667,0.266268,0.250493,0.357487,,,,-0.083697,0.194217,0.707917,0.074881,0.175114,0.485098,-0.123686,0.142838,0.803448,,,,,,,,,,,,
791,13.183333,0.265961,0.250345,0.357511,,,,-0.083693,0.193995,0.707994,0.074670,0.174804,0.485074,-0.123558,0.142658,0.803602,,,,,,,,,,,,
792,13.200000,0.265675,0.250198,0.357528,,,,-0.083661,0.193762,0.708072,0.074483,0.174495,0.485047,-0.123401,0.142466,0.803755,,,,,,,,,,,,
793,13.216667,0.265413,0.250054,0.357536,,,,-0.083599,0.193521,0.708150,0.074322,0.174188,0.485016,-0.123217,0.142263,0.803906,,,,,,,,,,,,
794,13.233333,0.265176,0.249914,0.357534,,,,-0.083509,0.193274,0.708226,0.074186,0.173886,0.484983,-0.123007,0.142051,0.804052,,,,,,,,,,,,
795,13.250000,0.264965,0.249778,0.357525,,,,-0.083395,0.193023,0.708298,0.074075,0.173591,0.484944,-0.122776,0.141832,0.804190,,,,,,,,,,,,
796,13.266667,0.264781,0.249647,0.357508,,,,-0.083258,0.192772,0.708365,0.073987,0.173306,0.484900,-0.122530,0.141607,0.804317,,,,,,,,,,,,
797,13.283333,0.264625,0.249522,0.357485,,,,-0.083105,0.192525,0.708422,0.073922,0.173032,0.484849,-0.122275,0.141382,0.804428,,,,,,,,,,,,
798,13.300000,0.264497,0.249402,0.357457,,,,-0.082941,0.192287,0.708467,0.073875,0.172773,0.484790,-0.122019,0.141162,0.804521,,,,,,,,,,,,
799,13.316667,0.264396,0.249289,0.357424,,,,-0.082772,0.192062,0.708494,0.073846,0.172530,0.484721,-0.121771,0.140951,0.804589,,,,,,,,,,,,
800,13.333333,0.264321,0.249183,0.357389,,,,-0.082607,0.191854,0.708499,0.073828,0.172305,0.484638,-0.121539,0.140756,0.804628,,,,,,,,,,,,
801,13.350000,0.264271,0.249084,0.357351,,,,-0.082454,0.191669,0.708474,0.073818,0.172099,0.484541,-0.121333,0.140583,0.804632,,,,,,,,,,,,
802,13.366667,0.264243,0.248991,0.357312,,,,-0.082323,0.191509,0.708415,0.073811,0.171912,0.484426,-0.121165,0.140435,0.804594,,,,,,,,,,,,
803,13.383333,0.264236,0.248904,0.357272,,,,-0.082222,0.191377,0.708316,0.073801,0.171746,0.484291,-0.121045,0.140317,0.804511,,,,,,,,,,,,
804,13.400000,0.264247,0.248823,0.357232,,,,-0.082163,0.191275,0.708171,0.073785,0.171601,0.484135,-0.120986,0.140232,0.804375,,,,,,,,,,,,
805,13.416667,0.264274,0.248747,0.357192,,,,-0.082155,0.191204,0.707974,0.073757,0.171476,0.483955,-0.120997,0.140182,0.804181,,,,,,,,,,,,
806,13.433333,0.264314,0.248675,0.357152,,,,-0.082209,0.191163,0.707719,0.073712,0.171371,0.483747,-0.121091,0.140167,0.803923,,,,,,,,,,,,
807,13.450000,0.264364,0.248606,0.357112,,,,-0.082333,0.191152,0.707402,0.073646,0.171286,0.483512,-0.121279,0.140186,0.803596,,,,,,,,,,,,
808,13.466667,0.264422,0.248541,0.357071,,,,-0.082538,0.191168,0.707018,0.073555,0.171221,0.483245,-0.121568,0.140236,0.803193,,,,,,,,,,,,
809,13.483333,0.264486,0.248478,0.357027,,,,-0.082828,0.191207,0.706562,0.073435,0.171173,0.482944,-0.121966,0.140312,0.802710,,,,,,,,,,,,
810,13.500000,0.264553,0.248417,0.356980,,,,-0.083210,0.191268,0.706031,0.073285,0.171143,0.482609,-0.122478,0.140411,0.802143,,,,,,,,,,,,
811,13.516667,0.264622,0.248356,0.356928,,,,-0.083685,0.191344,0.705425,0.073101,0.171127,0.482236,-0.123106,0.140526,0.801491,,,,,,,,,,,,
812,13.533333,0.264691,0.248297,0.356870,,,,-0.084254,0.191432,0.704743,0.072883,0.171125,0.481826,-0.123848,0.140653,0.800753,,,,,,,,,,,,
813,13.550000,0.264759,0.248237,0.356804,,,,-0.084912,0.191526,0.703986,0.072631,0.171134,0.481377,-0.124701,0.140787,0.799931,,,,,,,,,,,,
814,13.566667,0.264823,0.248177,0.356729,,,,-0.085655,0.191624,0.703160,0.072346,0.171152,0.480891,-0.125660,0.140923,0.799027,,,,,,,,,,,,
815,13.583333,0.264883,0.248114,0.356645,,,,-0.086477,0.191721,0.702267,0.072028,0.171175,0.480370,-0.126715,0.141056,0.798047,,,,,,,,,,,,
816,13.600000,0.264936,0.248050,0.356552,,,,-0.087370,0.191813,0.701315,0.071679,0.171203,0.479816,-0.127857,0.141183,0.796998,,,,,,,,,,,,
817,13.616667,0.264979,0.247981,0.356448,,,,-0.088329,0.191899,0.700309,0.071301,0.171232,0.479232,-0.129077,0.141301,0.795886,,,,,,,,,,,,
818,13.633333,0.265012,0.247910,0.356334,,,,-0.089344,0.191978,0.699256,0.070896,0.171261,0.478623,-0.130365,0.141406,0.794720,,,,,,,,,,,,
819,13.650000,0.265032,0.247835,0.356211,,,,-0.090409,0.192048,0.698162,0.070468,0.171289,0.477992,-0.131710,0.141500,0.793507,,,,,,,,,,,,
820,13.666667,0.265039,0.247758,0.356079,,,,-0.091515,0.192109,0.697031,0.070020,0.171315,0.477345,-0.133100,0.141581,0.792255,,,,,,,,,,,,
821,13.683333,0.265034,0.247680,0.355938,,,,-0.092652,0.192163,0.695869,0.069559,0.171339,0.476683,-0.134525,0.141650,0.790973,,,,,,,,,,,,
822,13.700000,0.265019,0.247604,0.355789,,,,-0.093810,0.192208,0.694683,0.069088,0.171361,0.476012,-0.135972,0.141709,0.789668,,,,,,,,,,,,
823,13.716667,0.264996,0.247531,0.355632,-0.160998,0.202985,0.814884,-0.094981,0.192247,0.693478,0.068614,0.171380,0.475333,-0.137431,0.141755,0.788347,,,,,,,,,,,,
824,13.733333,0.264970,0.247462,0.355469,-0.162533,0.203001,0.813411,-0.096153,0.192276,0.692260,0.068142,0.171399,0.474651,-0.138890,0.141786,0.787015,,,,,,,,,,,,
825,13.750000,0.264944,0.247399,0.355302,-0.164058,0.203014,0.811946,-0.097319,0.192297,0.691039,0.067679,0.171417,0.473969,-0.140340,0.141800,0.785681,,,,,,,,,,,,
826,13.766667,0.264920,0.247342,0.355130,-0.165564,0.203020,0.810496,-0.098468,0.192310,0.689822,0.067227,0.171436,0.473292,-0.141773,0.141798,0.784350,,,,,,,,,,,,
827,13.783333,0.264902,0.247290,0.354956,-0.167042,0.203018,0.809067,-0.099591,0.192314,0.688621,0.066793,0.171455,0.472623,-0.143178,0.141782,0.783032,,,,,,,,,,,,
828,13.800000,0.264892,0.247244,0.354781,-0.168483,0.203008,0.807666,-0.100679,0.192311,0.687445,0.066378,0.171476,0.471967,-0.144547,0.141756,0.781734,,,,,,,,,,,,
829,13.816667,0.264889,0.247204,0.354607,-0.169880,0.202992,0.806301,-0.101725,0.192303,0.686305,0.065985,0.171498,0.471327,-0.145874,0.141723,0.780465,,,,,,,,,,,,
830,13.833333,0.264895,0.247168,0.354437,-0.171226,0.202973,0.804977,-0.102725,0.192294,0.685205,0.065616,0.171521,0.470709,-0.147151,0.141687,0.779232,,,,,,,,,,,,
831,13.850000,0.264910,0.247137,0.354272,-0.172515,0.202954,0.803704,-0.103675,0.192286,0.684152,0.065273,0.171546,0.470116,-0.148373,0.141653,0.778044,,,,,,,,,,,,
832,13.866667,0.264933,0.247113,0.354117,-0.173740,0.202938,0.802487,-0.104574,0.192281,0.683149,0.064955,0.171573,0.469552,-0.149532,0.141623,0.776907,,,,,,,,,,,,
833,13.883333,0.264965,0.247094,0.353974,-0.174896,0.202927,0.801335,-0.105418,0.192283,0.682201,0.064663,0.171604,0.469019,-0.150625,0.141601,0.775829,,,,,,,,,,,,
834,13.900000,0.265006,0.247082,0.353846,-0.175976,0.202925,0.800254,-0.106205,0.192294,0.681312,0.064395,0.171641,0.468520,-0.151647,0.141589,0.774816,,,,,,,,,,,,
835,13.916667,0.265053,0.247078,0.353738,-0.176975,0.202936,0.799246,-0.106933,0.192317,0.680484,0.064152,0.171684,0.468057,-0.152596,0.141592,0.773870,,,,,,,,,,,,
836,13.933333,0.265108,0.247081,0.353651,-0.177891,0.202966,0.798314,-0.107599,0.192355,0.679717,0.063929,0.171733,0.467629,-0.153470,0.141615,0.772993,,,,,,,,,,,,
837,13.950000,0.265168,0.247093,0.353588,-0.178722,0.203021,0.797457,-0.108205,0.192411,0.679009,0.063727,0.171788,0.467235,-0.154271,0.141660,0.772183,,,,,,,,,,,,
838,13.966667,0.265234,0.247113,0.353550,-0.179469,0.203104,0.796670,-0.108750,0.192488,0.678357,0.063542,0.171848,0.466871,-0.155000,0.141733,0.771438,,,,,,,,,,,,
839,13.983333,0.265307,0.247141,0.353538,-0.180136,0.203219,0.795948,-0.109239,0.192587,0.677755,0.063373,0.171912,0.466533,-0.155660,0.141834,0.770753,,,,,,,,,,,,
840,14.000000,0.265387,0.247176,0.353549,-0.180728,0.203367,0.795283,-0.109674,0.192710,0.677196,0.063219,0.171980,0.466216,-0.156256,0.141967,0.770120,,,,,,,,,,,,
841,14.016667,0.265475,0.247219,0.353584,-0.181252,0.203545,0.794665,-0.110060,0.192854,0.676673,0.063078,0.172051,0.465917,-0.156793,0.142130,0.769533,,,,,,,,,,,,
842,14.033333,0.265569,0.247267,0.353637,-0.181716,0.203753,0.794086,-0.110403,0.193019,0.676178,0.062951,0.172124,0.465628,-0.157278,0.142322,0.768983,,,,,,,,,,,,
843,14.050000,0.265667,0.247322,0.353707,-0.182128,0.203987,0.793536,-0.110708,0.193201,0.675703,0.062837,0.172200,0.465347,-0.157717,0.142540,0.768461,,,,,,,,,,,,
844,14.066667,0.265769,0.247380,0.353791,-0.182497,0.204242,0.793006,-0.110982,0.193397,0.675241,0.062734,0.172277,0.465068,-0.158117,0.142779,0.767960,,,,,,,,,,,,
845,14.083333,0.265876,0.247444,0.353885,-0.182832,0.204511,0.792488,-0.111229,0.193603,0.674786,0.062643,0.172357,0.464789,-0.158485,0.143036,0.767471,,,,,,,,,,,,
846,14.100000,0.265987,0.247513,0.353988,-0.183141,0.204789,0.791977,-0.111456,0.193816,0.674333,0.062561,0.172439,0.464506,-0.158830,0.143303,0.766989,,,,,,,,,,,,
847,14.116667,0.266105,0.247589,0.354099,-0.183432,0.205068,0.791467,-0.111669,0.194031,0.673879,0.062490,0.172525,0.464220,-0.159157,0.143575,0.766506,,,,,,,,,,,,
848,14.133333,0.266231,0.247671,0.354216,-0.183713,0.205344,0.790953,-0.111873,0.194247,0.673421,0.062425,0.172615,0.463928,-0.159477,0.143846,0.766018,,,,,,,,,,,,
849,14.150000,0.266363,0.247760,0.354338,-0.183993,0.205611,0.790432,-0.112075,0.194460,0.672956,0.062366,0.172711,0.463631,-0.159795,0.144110,0.765519,,,,,,,,,,,,
850,14.166667,0.266501,0.247855,0.354462,-0.184280,0.205868,0.789900,-0.112280,0.194670,0.672480,0.062310,0.172812,0.463328,-0.160120,0.144366,0.765005,,,,,,,,,,,,
851,14.183333,0.266643,0.247952,0.354585,-0.184580,0.206113,0.789353,-0.112494,0.194876,0.671993,0.062255,0.172920,0.463019,-0.160459,0.144611,0.764473,,,,,,,,,,,,
852,14.200000,0.266788,0.248050,0.354705,-0.184900,0.206347,0.788787,-0.112722,0.195081,0.671490,0.062200,0.173036,0.462701,-0.160817,0.144846,0.763919,,,,,,,,,,,,
853,14.216667,0.266931,0.248145,0.354817,-0.185245,0.206572,0.788200,-0.112966,0.195285,0.670970,0.062141,0.173158,0.462373,-0.161198,0.145071,0.763338,,,,,,,,,,,,
854,14.233333,0.267072,0.248237,0.354920,-0.185618,0.206793,0.787586,-0.113231,0.195490,0.670429,0.062079,0.173286,0.462033,-0.161606,0.145288,0.762730,,,,,,,,,,,,
855,14.250000,0.267208,0.248321,0.355009,-0.186019,0.207013,0.786946,-0.113515,0.195699,0.669866,0.062011,0.173418,0.461680,-0.162040,0.145504,0.762093,,,,,,,,,,,,
856,14.266667,0.267337,0.248398,0.355084,-0.186447,0.207235,0.786279,-0.113818,0.195913,0.669281,0.061937,0.173554,0.461312,-0.162499,0.145720,0.761429,,,,,,,,,,,,
857,14.283333,0.267458,0.248466,0.355143,-0.186898,0.207457,0.785589,-0.114138,0.196132,0.668677,0.061857,0.173693,0.460931,-0.162978,0.145939,0.760743,,,,,,,,,,,,
858,14.300000,0.267572,0.248526,0.355187,-0.187369,0.207679,0.784879,-0.114472,0.196356,0.668057,0.061773,0.173835,0.460537,-0.163473,0.146161,0.760038,,,,,,,,,,,,
859,14.316667,0.267678,0.248580,0.355216,-0.187853,0.207899,0.784158,-0.114816,0.196583,0.667427,0.061685,0.173980,0.460135,-0.163980,0.146383,0.759320,,,,,,,,,,,,
860,14.333333,0.267776,0.248628,0.355232,-0.188344,0.208115,0.783433,-0.115165,0.196811,0.666794,0.061594,0.174129,0.459729,-0.164493,0.146605,0.758596,,,,,,,,,,,,
861,14.350000,0.267866,0.248673,0.355238,-0.188837,0.208325,0.782713,-0.115514,0.197038,0.666166,0.061503,0.174280,0.459325,-0.165008,0.146822,0.757875,,,,,,,,,,,,
862,14.366667,0.267947,0.248719,0.355236,-0.189326,0.208526,0.782006,-0.115860,0.197261,0.665550,0.061413,0.174434,0.458930,-0.165520,0.147031,0.757164,,,,,,,,,,,,
863,14.383333,0.268018,0.248768,0.355230,-0.189807,0.208715,0.781322,-0.116201,0.197477,0.664955,0.061325,0.174590,0.458551,-0.166025,0.147230,0.756472,,,,,,,,,,,,
864,14.400000,0.268080,0.248820,0.355223,-0.190278,0.208889,0.780669,-0.116535,0.197683,0.664389,0.061238,0.174747,0.458194,-0.166519,0.147413,0.755809,,,,,,,,,,,,
865,14.416667,0.268132,0.248877,0.355218,-0.190735,0.209044,0.780053,-0.116857,0.197875,0.663858,0.061155,0.174903,0.457864,-0.166997,0.147578,0.755181,,,,,,,,,,,,
866,14.433333,0.268176,0.248938,0.355216,-0.191173,0.209177,0.779481,-0.117167,0.198049,0.663367,0.061078,0.175055,0.457564,-0.167453,0.147723,0.754594,,,,,,,,,,,,
867,14.450000,0.268212,0.249004,0.355218,-0.191588,0.209286,0.778956,-0.117459,0.198202,0.662918,0.061007,0.175199,0.457296,-0.167883,0.147844,0.754053,,,,,,,,,,,,
868,14.466667,0.268243,0.249073,0.355225,-0.191974,0.209367,0.778481,-0.117729,0.198330,0.662514,0.060944,0.175333,0.457061,-0.168280,0.147939,0.753561,,,,,,,,,,,,
869,14.483333,0.268269,0.249144,0.355237,-0.192326,0.209419,0.778057,-0.117975,0.198432,0.662154,0.060890,0.175454,0.456857,-0.168640,0.148009,0.753120,,,,,,,,,,,,
870,14.500000,0.268290,0.249216,0.355253,-0.192641,0.209441,0.777685,-0.118193,0.198506,0.661840,0.060846,0.175560,0.456682,-0.168958,0.148051,0.752730,,,,,,,,,,,,
871,14.516667,0.268309,0.249286,0.355274,-0.192915,0.209434,0.777363,-0.118383,0.198553,0.661569,0.060810,0.175648,0.456533,-0.169234,0.148067,0.752389,,,,,,,,,,,,
872,14.533333,0.268323,0.249353,0.355299,-0.193149,0.209402,0.777089,-0.118544,0.198574,0.661337,0.060782,0.175717,0.456407,-0.169468,0.148061,0.752096,,,,,,,,,,,,
873,14.550000,0.268336,0.249416,0.355328,-0.193345,0.209348,0.776857,-0.118678,0.198570,0.661142,0.060762,0.175768,0.456302,-0.169663,0.148034,0.751847,,,,,,,,,,,,
874,14.566667,0.268346,0.249474,0.355361,-0.193507,0.209277,0.776663,-0.118788,0.198547,0.660978,0.060747,0.175801,0.456215,-0.169824,0.147992,0.751636,,,,,,,,,,,,
875,14.583333,0.268354,0.249526,0.355397,-0.193640,0.209196,0.776502,-0.118877,0.198507,0.660842,0.060737,0.175817,0.456144,-0.169956,0.147938,0.751458,,,,,,,,,,,,
876,14.600000,0.268360,0.249571,0.355437,-0.193749,0.209108,0.776369,-0.118950,0.198456,0.660729,0.060730,0.175820,0.456086,-0.170065,0.147874,0.751309,,,,,,,,,,,,
877,14.616667,0.268364,0.249611,0.355480,-0.193839,0.209020,0.776260,-0.119011,0.198399,0.660638,0.060723,0.175814,0.456040,-0.170159,0.147806,0.751185,,,,,,,,,,,,
878,14.633333,0.268366,0.249645,0.355527,-0.193916,0.208938,0.776171,-0.119063,0.198342,0.660563,0.060714,0.175800,0.456002,-0.170240,0.147738,0.751080,,,,,,,,,,,,
879,14.650000,0.268364,0.249676,0.355577,-0.193982,0.208866,0.776099,-0.119110,0.198289,0.660503,0.060701,0.175784,0.455973,-0.170313,0.147677,0.750994,,,,,,,,,,,,
880,14.666667,0.268359,0.249702,0.355628,-0.194040,0.208811,0.776041,-0.119153,0.198246,0.660455,0.060684,0.175768,0.455948,-0.170380,0.147630,0.750922,,,,,,,,,,,,
881,14.683333,0.268351,0.249726,0.355681,-0.194090,0.208777,0.775995,-0.119192,0.198218,0.660417,0.060663,0.175753,0.455928,-0.170441,0.147603,0.750863,,,,,,,,,,,,
882,14.700000,0.268341,0.249747,0.355735,-0.194133,0.208768,0.775959,-0.119228,0.198207,0.660387,0.060637,0.175744,0.455910,-0.170498,0.147598,0.750815,,,,,,,,,,,,
883,14.716667,0.268329,0.249766,0.355790,-0.194168,0.208787,0.775932,-0.119259,0.198218,0.660364,0.060607,0.175741,0.455894,-0.170549,0.147619,0.750778,,,,,,,,,,,,
884,14.733333,0.268316,0.249782,0.355844,-0.194192,0.208834,0.775915,-0.119283,0.198251,0.660348,0.060576,0.175744,0.455878,-0.170592,0.147669,0.750750,,,,,,,,,,,,
885,14.750000,0.268303,0.249796,0.355899,-0.194204,0.208910,0.775908,-0.119299,0.198308,0.660340,0.060544,0.175755,0.455864,-0.170624,0.147747,0.750734,,,,,,,,,,,,
886,14.766667,0.268290,0.249807,0.355952,-0.194199,0.209015,0.775912,-0.119303,0.198388,0.660340,0.060513,0.175773,0.455850,-0.170642,0.147853,0.750730,,,,,,,,,,,,
887,14.783333,0.268278,0.249816,0.356004,-0.194175,0.209146,0.775928,-0.119293,0.198491,0.660350,0.060485,0.175796,0.455837,-0.170645,0.147986,0.750740,,,,,,,,,,,,
888,14.800000,0.268265,0.249824,0.356054,-0.194131,0.209301,0.775958,-0.119268,0.198612,0.660370,0.060461,0.175825,0.455827,-0.170629,0.148143,0.750764,,,,,,,,,,,,
889,14.816667,0.268252,0.249831,0.356101,-0.194065,0.209474,0.776001,-0.119227,0.198748,0.660401,0.060442,0.175859,0.455820,-0.170594,0.148319,0.750804,,,,,,,,,,,,
890,14.833333,0.268238,0.249839,0.356144,-0.193979,0.209660,0.776060,-0.119172,0.198895,0.660443,0.060429,0.175897,0.455818,-0.170542,0.148509,0.750858,,,,,,,,,,,,
891,14.850000,0.268224,0.249848,0.356185,-0.193876,0.209852,0.776133,-0.119104,0.199047,0.660497,0.060423,0.175939,0.455824,-0.170473,0.148704,0.750927,,,,,,,,,,,,
892,14.866667,0.268210,0.249860,0.356221,-0.193760,0.210042,0.776220,-0.119027,0.199199,0.660564,0.060425,0.175985,0.455839,-0.170392,0.148898,0.751009,,,,,,,,,,,,
893,14.883333,0.268197,0.249874,0.356255,-0.193638,0.210224,0.776321,-0.118944,0.199346,0.660642,0.060434,0.176034,0.455864,-0.170304,0.149084,0.751103,,,,,,,,,,,,
894,14.900000,0.268185,0.249890,0.356285,-0.193514,0.210392,0.776431,-0.118858,0.199485,0.660731,0.060450,0.176088,0.455902,-0.170212,0.149257,0.751205,,,,,,,,,,,,
895,14.916667,0.268176,0.249909,0.356312,-0.193394,0.210540,0.776550,-0.118775,0.199611,0.660830,0.060474,0.176144,0.455953,-0.170122,0.149412,0.751315,,,,,,,,,,,,
896,14.933333,0.268169,0.249929,0.356337,-0.193284,0.210665,0.776675,-0.118697,0.199723,0.660936,0.060502,0.176202,0.456015,-0.170035,0.149547,0.751428,,,,,,,,,,,,
897,14.950000,0.268164,0.249950,0.356359,-0.193186,0.210765,0.776804,-0.118627,0.199818,0.661048,0.060535,0.176261,0.456088,-0.169956,0.149660,0.751544,,,,,,,,,,,,
898,14.966667,0.268160,0.249969,0.356379,-0.193101,0.210842,0.776933,-0.118566,0.199898,0.661163,0.060569,0.176321,0.456168,-0.169887,0.149749,0.751658,,,,,,,,,,,,
899,14.983333,0.268157,0.249987,0.356396,-0.193033,0.210896,0.777060,-0.118517,0.199963,0.661278,0.060603,0.176380,0.456254,-0.169831,0.149816,0.751767,,,,,,,,,,,,
900,15.000000,0.268154,0.250001,0.356409,-0.192980,0.210933,0.777181,-0.118480,0.200016,0.661389,0.060636,0.176441,0.456341,-0.169790,0.149865,0.751868,,,,,,,,,,,,
901,15.016667,0.268151,0.250013,0.356418,-0.192945,0.210959,0.777292,-0.118457,0.200062,0.661492,0.060665,0.176503,0.456426,-0.169764,0.149903,0.751958,,,,,,,,,,,,
902,15.033333,0.268150,0.250020,0.356420,-0.192929,0.210982,0.777388,-0.118447,0.200108,0.661583,0.060689,0.176570,0.456504,-0.169756,0.149939,0.752032,,,,,,,,,,,,
903,15.050000,0.268150,0.250025,0.356414,-0.192930,0.211014,0.777466,-0.118451,0.200162,0.661658,0.060709,0.176645,0.456572,-0.169766,0.149983,0.752086,,,,,,,,,,,,
904,15.066667,0.268152,0.250026,0.356400,-0.192950,0.211066,0.777520,-0.118469,0.200236,0.661712,0.060722,0.176734,0.456625,-0.169797,0.150048,0.752117,,,,,,,,,,,,
905,15.083333,0.268158,0.250024,0.356376,-0.192987,0.211155,0.777547,-0.118501,0.200340,0.661741,0.060728,0.176840,0.456659,-0.169850,0.150147,0.752119,,,,,,,,,,,,
906,15.100000,0.268167,0.250020,0.356343,-0.193042,0.211295,0.777541,-0.118546,0.200487,0.661740,0.060727,0.176969,0.456672,-0.169928,0.150296,0.752091,,,,,,,,,,,,
907,15.116667,0.268180,0.250015,0.356302,-0.193114,0.211502,0.777499,-0.118606,0.200689,0.661705,0.060717,0.177125,0.456661,-0.170033,0.150509,0.752027,,,,,,,,,,,,
908,15.133333,0.268200,0.250012,0.356256,-0.193206,0.211791,0.777416,-0.118679,0.200956,0.661635,0.060699,0.177314,0.456625,-0.170168,0.150798,0.751927,,,,,,,,,,,,
909,15.150000,0.268227,0.250011,0.356209,-0.193319,0.212171,0.777292,-0.118768,0.201296,0.661528,0.060672,0.177538,0.456565,-0.170335,0.151174,0.751789,,,,,,,,,,,,
910,15.166667,0.268264,0.250017,0.356165,-0.193456,0.212645,0.777126,-0.118874,0.201714,0.661384,0.060638,0.177803,0.456485,-0.170536,0.151639,0.751613,,,,,,,,,,,,
911,15.183333,0.268313,0.250030,0.356126,-0.193620,0.213214,0.776919,-0.118998,0.202209,0.661208,0.060600,0.178109,0.456389,-0.170775,0.152193,0.751401,,,,,,,,,,,,
912,15.200000,0.268378,0.250053,0.356094,-0.193812,0.213872,0.776674,-0.119139,0.202779,0.661003,0.060558,0.178458,0.456280,-0.171050,0.152831,0.751155,,,,,,,,,,,,
913,15.216667,0.268459,0.250087,0.356070,-0.194034,0.214611,0.776394,-0.119298,0.203417,0.660771,0.060515,0.178848,0.456165,-0.171359,0.153546,0.750880,,,,,,,,,,,,
914,15.233333,0.268557,0.250131,0.356053,-0.194284,0.215422,0.776081,-0.119472,0.204114,0.660518,0.060475,0.179274,0.456046,-0.171700,0.154328,0.750579,,,,,,,,,,,,
915,15.250000,0.268669,0.250183,0.356041,-0.194558,0.216295,0.775740,-0.119658,0.204860,0.660247,0.060438,0.179730,0.455924,-0.172065,0.155168,0.750257,,,,,,,,,,,,
916,15.266667,0.268795,0.250243,0.356031,-0.194850,0.217218,0.775374,-0.119852,0.205645,0.659958,0.060407,0.180207,0.455801,-0.172446,0.156053,0.749918,,,,,,,,,,,,
917,15.283333,0.268932,0.250308,0.356020,-0.195151,0.218179,0.774986,-0.120049,0.206458,0.659655,0.060384,0.180697,0.455673,-0.172834,0.156973,0.749566,,,,,,,,,,,,
918,15.300000,0.269080,0.250377,0.356005,-0.195452,0.219167,0.774580,-0.120242,0.207286,0.659339,0.060369,0.181190,0.455540,-0.173219,0.157915,0.749205,,,,,,,,,,,,
919,15.316667,0.269234,0.250447,0.355984,-0.195745,0.220165,0.774162,-0.120427,0.208118,0.659011,0.060362,0.181679,0.455398,-0.173592,0.158867,0.748837,,,,,,,,,,,,
920,15.333333,0.269395,0.250518,0.355954,-0.196021,0.221160,0.773733,-0.120598,0.208942,0.658671,0.060364,0.182156,0.455243,-0.173946,0.159816,0.748464,,,,,,,,,,,,
921,15.350000,0.269562,0.250589,0.355913,-0.196275,0.222135,0.773299,-0.120753,0.209747,0.658323,0.060377,0.182614,0.455076,-0.174276,0.160745,0.748087,,,,,,,,,,,,
922,15.366667,0.269733,0.250658,0.355861,-0.196504,0.223076,0.772860,-0.120889,0.210520,0.657966,0.060399,0.183048,0.454895,-0.174581,0.161641,0.747704,,,,,,,,,,,,
923,15.383333,0.269910,0.250725,0.355796,-0.196710,0.223967,0.772418,-0.121007,0.211251,0.657601,0.060433,0.183452,0.454700,-0.174859,0.162490,0.747315,,,,,,,,,,,,
924,15.400000,0.270093,0.250788,0.355720,-0.196893,0.224794,0.771973,-0.121107,0.211931,0.657230,0.060478,0.183822,0.454494,-0.175111,0.163280,0.746919,,,,,,,,,,,,
925,15.416667,0.270281,0.250846,0.355632,-0.197057,0.225546,0.771527,-0.121193,0.212550,0.656852,0.060534,0.184153,0.454277,-0.175339,0.163998,0.746516,,,,,,,,,,,,
926,15.433333,0.270472,0.250896,0.355533,-0.197206,0.226210,0.771078,-0.121266,0.213097,0.656468,0.060601,0.184440,0.454050,-0.175545,0.164634,0.746107,,,,,,,,,,,,
927,15.450000,0.270667,0.250938,0.355423,-0.197343,0.226777,0.770627,-0.121328,0.213566,0.656080,0.060678,0.184678,0.453817,-0.175731,0.165178,0.745690,,,,,,,,,,,,
928,15.466667,0.270861,0.250969,0.355305,-0.197473,0.227235,0.770177,-0.121383,0.213947,0.655689,0.060763,0.184863,0.453577,-0.175899,0.165619,0.745269,,,,,,,,,,,,
929,15.483333,0.271055,0.250988,0.355179,-0.197597,0.227576,0.769727,-0.121434,0.214234,0.655297,0.060854,0.184994,0.453333,-0.176051,0.165950,0.744842,,,,,,,,,,,,
930,15.500000,0.271244,0.250994,0.355047,-0.197719,0.227790,0.769281,-0.121482,0.214419,0.654906,0.060950,0.185070,0.453084,-0.176189,0.166161,0.744411,,,,,,,,,,,,
931,15.516667,0.271428,0.250987,0.354912,-0.197842,0.227868,0.768840,-0.121531,0.214495,0.654518,0.061046,0.185090,0.452831,-0.176318,0.166243,0.743978,,,,,,,,,,,,
932,15.533333,0.271603,0.250966,0.354775,-0.197970,0.227804,0.768404,-0.121583,0.214457,0.654133,0.061140,0.185055,0.452574,-0.176440,0.166190,0.743542,,,,,,,,,,,,
933,15.550000,0.271766,0.250931,0.354638,-0.198108,0.227590,0.767974,-0.121644,0.214297,0.653753,0.061228,0.184964,0.452315,-0.176561,0.165995,0.743104,,,,,,,,,,,,
934,15.566667,0.271916,0.250881,0.354502,-0.198264,0.227220,0.767550,-0.121719,0.214012,0.653378,0.061308,0.184816,0.452056,-0.176686,0.165652,0.742663,,,,,,,,,,,,
935,15.583333,0.272051,0.250817,0.354368,-0.198442,0.226688,0.767130,-0.121811,0.213596,0.653010,0.061379,0.184607,0.451800,-0.176820,0.165155,0.742220,,,,,,,,,,,,
936,15.600000,0.272167,0.250738,0.354236,-0.198650,0.225988,0.766715,-0.121926,0.213047,0.652646,0.061440,0.184335,0.451550,-0.176967,0.164500,0.741773,,,,,,,,,,,,
937,15.616667,0.272265,0.250643,0.354106,-0.198889,0.225115,0.766303,-0.122066,0.212359,0.652288,0.061490,0.183994,0.451308,-0.177128,0.163680,0.741322,,,,,,,,,,,,
938,15.633333,0.272341,0.250533,0.353978,-0.199161,0.224063,0.765896,-0.122231,0.211529,0.651936,0.061529,0.183581,0.451076,-0.177307,0.162690,0.740866,,,,,,,,,,,,
939,15.650000,0.272395,0.250407,0.353851,-0.199464,0.222826,0.765494,-0.122422,0.210552,0.651592,0.061558,0.183092,0.450855,-0.177502,0.161525,0.740407,,,,,,,,,,,,
940,15.666667,0.272425,0.250264,0.353727,-0.199798,0.221398,0.765099,-0.122637,0.209425,0.651256,0.061576,0.182526,0.450647,-0.177712,0.160179,0.739943,,,,,,,,,,,,
941,15.683333,0.272430,0.250104,0.353604,-0.200159,0.219775,0.764715,-0.122875,0.208144,0.650930,0.061583,0.181883,0.450450,-0.177936,0.158648,0.739475,,,,,,,,,,,,
942,15.700000,0.272409,0.249926,0.353483,-0.200543,0.217957,0.764342,-0.123133,0.206711,0.650616,0.061579,0.181165,0.450264,-0.178171,0.156933,0.739006,,,,,,,,,,,,
943,15.716667,0.272362,0.249728,0.353362,-0.200948,0.215948,0.763983,-0.123410,0.205127,0.650314,0.061564,0.180372,0.450089,-0.178416,0.155036,0.738535,,,,,,,,,,,,
944,15.733333,0.272287,0.249512,0.353243,-0.201370,0.213754,0.763638,-0.123703,0.203397,0.650026,0.061538,0.179509,0.449925,-0.178669,0.152965,0.738064,,,,,,,,,,,,
945,15.750000,0.272185,0.249277,0.353126,-0.201805,0.211387,0.763308,-0.124009,0.201530,0.649751,0.061500,0.178580,0.449771,-0.178928,0.150729,0.737593,,,,,,,,,,,,
946,15.766667,0.272058,0.249023,0.353009,-0.202251,0.208859,0.762993,-0.124326,0.199535,0.649491,0.061452,0.177591,0.449625,-0.179192,0.148340,0.737122,,,,,,,,,,,,
947,15.783333,0.271905,0.248753,0.352895,-0.202703,0.206183,0.762692,-0.124651,0.197425,0.649245,0.061394,0.176549,0.449488,-0.179457,0.145811,0.736653,,,,,,,,,,,,
948,15.800000,0.271730,0.248470,0.352781,-0.203158,0.203376,0.762405,-0.124981,0.195212,0.649011,0.061327,0.175459,0.449358,-0.179721,0.143159,0.736185,,,,,,,,,,,,
949,15.816667,0.271535,0.248176,0.352670,-0.203612,0.200454,0.762131,-0.125314,0.192908,0.648790,0.061252,0.174328,0.449234,-0.179981,0.140399,0.735719,,,,,,,,,,,,
950,15.833333,0.271322,0.247876,0.352560,-0.204062,0.197431,0.761868,-0.125646,0.190525,0.648580,0.061172,0.173162,0.449116,-0.180235,0.137545,0.735255,,,,,,,,,,,,
951,15.850000,0.271093,0.247572,0.352452,-0.204506,0.194323,0.761614,-0.125976,0.188073,0.648380,0.061087,0.171966,0.449004,-0.180479,0.134611,0.734795,,,,,,,,,,,,
952,15.866667,0.270850,0.247266,0.352343,-0.204944,0.191142,0.761368,-0.126302,0.185563,0.648188,0.060999,0.170744,0.448898,-0.180712,0.131610,0.734339,,,,,,,,,,,,
953,15.883333,0.270596,0.246961,0.352235,-0.205378,0.187900,0.761128,-0.126625,0.183002,0.648004,0.060910,0.169501,0.448799,-0.180933,0.128552,0.733889,,,,,,,,,,,,
954,15.900000,0.270330,0.246656,0.352125,-0.205807,0.184607,0.760891,-0.126946,0.180397,0.647827,0.060821,0.168237,0.448710,-0.181142,0.125449,0.733446,,,,,,,,,,,,
955,15.916667,0.270055,0.246352,0.352013,-0.206234,0.181274,0.760654,-0.127263,0.177754,0.647656,0.060733,0.166954,0.448630,-0.181336,0.122308,0.733012,,,,,,,,,,,,
956,15.933333,0.269771,0.246046,0.351898,-0.206658,0.177907,0.760417,-0.127577,0.175077,0.647489,0.060648,0.165652,0.448562,-0.181515,0.119136,0.732589,,,,,,,,,,,,
957,15.950000,0.269479,0.245738,0.351781,-0.207077,0.174514,0.760179,-0.127885,0.172370,0.647327,0.060568,0.164331,0.448503,-0.181675,0.115937,0.732177,,,,,,,,,,,,
958,15.966667,0.269179,0.245427,0.351660,-0.207486,0.171095,0.759942,-0.128185,0.169633,0.647169,0.060493,0.162988,0.448455,-0.181811,0.112714,0.731780,,,,,,,,,,,,
959,15.983333,0.268872,0.245111,0.351535,-0.207877,0.167651,0.759709,-0.128470,0.166866,0.647019,0.060424,0.161622,0.448414,-0.181918,0.109465,0.731400,,,,,,,,,,,,
960,16.000000,0.268559,0.244788,0.351408,-0.208241,0.164180,0.759487,-0.128734,0.164068,0.646878,0.060363,0.160232,0.448380,-0.181988,0.106192,0.731039,,,,,,,,,,,,
961,16.016667,0.268239,0.244459,0.351278,-0.208568,0.160680,0.759279,-0.128970,0.161239,0.646749,0.060312,0.158816,0.448351,-0.182015,0.102891,0.730700,,,,,,,,,,,,
962,16.033333,0.267914,0.244122,0.351144,-0.208849,0.157152,0.759091,-0.129172,0.158379,0.646635,0.060271,0.157373,0.448326,-0.181994,0.099564,0.730385,,,,,,,,,,,,
963,16.050000,0.267585,0.243777,0.351007,-0.209075,0.153593,0.758926,-0.129335,0.155488,0.646538,0.060243,0.155905,0.448306,-0.181920,0.096209,0.730094,,,,,,,,,,,,
964,16.066667,0.267254,0.243424,0.350868,-0.209242,0.150007,0.758788,-0.129453,0.152568,0.646461,0.060230,0.154413,0.448289,-0.181791,0.092827,0.729828,,,,,,,,,,,,
965,16.083333,0.266922,0.243062,0.350726,-0.209346,0.146395,0.758678,-0.129526,0.149624,0.646404,0.060232,0.152899,0.448274,-0.181605,0.089420,0.729585,,,,,,,,,,,,
966,16.100000,0.266591,0.242693,0.350581,-0.209384,0.142762,0.758597,-0.129550,0.146661,0.646367,0.060251,0.151368,0.448263,-0.181361,0.085993,0.729364,,,,,,,,,,,,
967,16.116667,0.266263,0.242316,0.350435,-0.209357,0.139115,0.758545,-0.129527,0.143684,0.646352,0.060286,0.149824,0.448254,-0.181061,0.082552,0.729165,,,,,,,,,,,,
968,16.133333,0.265938,0.241932,0.350287,-0.209268,0.135462,0.758520,-0.129457,0.140701,0.646355,0.060339,0.148271,0.448248,-0.180708,0.079104,0.728987,,,,,,,,,,,,
969,16.150000,0.265619,0.241542,0.350138,-0.209119,0.131812,0.758520,-0.129344,0.137719,0.646377,0.060409,0.146714,0.448247,-0.180307,0.075660,0.728827,,,,,,,,,,,,
970,16.166667,0.265306,0.241147,0.349989,-0.208917,0.128175,0.758541,-0.129190,0.134746,0.646414,0.060496,0.145158,0.448250,-0.179863,0.072226,0.728681,,,,,,,,,,,,
971,16.183333,0.265001,0.240749,0.349840,-0.208668,0.124557,0.758581,-0.129001,0.131789,0.646464,0.060598,0.143608,0.448259,-0.179382,0.068810,0.728548,,,,,,,,,,,,
972,16.200000,0.264706,0.240350,0.349693,-0.208380,0.120965,0.758635,-0.128783,0.128855,0.646527,0.060716,0.142071,0.448275,-0.178873,0.065419,0.728424,,,,,,,,,,,,
973,16.216667,0.264420,0.239955,0.349547,-0.208063,0.117403,0.758700,-0.128542,0.125949,0.646599,0.060846,0.140554,0.448300,-0.178341,0.062057,0.728307,,,,,,,,,,,,
974,16.233333,0.264145,0.239567,0.349404,-0.207724,0.113874,0.758772,-0.128285,0.123076,0.646678,0.060989,0.139061,0.448334,-0.177796,0.058730,0.728192,,,,,,,,,,,,
975,16.250000,0.263881,0.239190,0.349264,-0.207373,0.110384,0.758846,-0.128018,0.120241,0.646763,0.061141,0.137597,0.448380,-0.177243,0.055440,0.728077,,,,,,,,,,,,
976,16.266667,0.263628,0.238828,0.349130,-0.207018,0.106934,0.758920,-0.127746,0.117447,0.646850,0.061302,0.136166,0.448439,-0.176691,0.052193,0.727961,,,,,,,,,,,,
977,16.283333,0.263386,0.238484,0.349000,-0.206666,0.103528,0.758989,-0.127474,0.114695,0.646938,0.061472,0.134770,0.448512,-0.176144,0.048992,0.727841,,,,,,,,,,,,
978,16.300000,0.263155,0.238160,0.348877,-0.206324,0.100167,0.759051,-0.127206,0.111988,0.647027,0.061648,0.133411,0.448599,-0.175606,0.045839,0.727718,,,,,,,,,,,,
979,16.316667,0.262935,0.237857,0.348762,-0.205992,0.096850,0.759105,-0.126943,0.109325,0.647116,0.061831,0.132089,0.448702,-0.175077,0.042732,0.727592,,,,,,,,,,,,
980,16.333333,0.262725,0.237576,0.348654,-0.205670,0.093576,0.759154,-0.126684,0.106705,0.647207,0.062022,0.130802,0.448820,-0.174555,0.039671,0.727463,,,,,,,,,,,,
981,16.350000,0.262525,0.237316,0.348555,-0.205354,0.090343,0.759199,-0.126426,0.104126,0.647301,0.062220,0.129549,0.448953,-0.174039,0.036652,0.727334,,,,,,,,,,,,
982,16.366667,0.262334,0.237075,0.348464,-0.205038,0.087151,0.759244,-0.126165,0.101585,0.647402,0.062426,0.128325,0.449101,-0.173523,0.033675,0.727207,,,,,,,,,,,,
983,16.383333,0.262153,0.236851,0.348382,-0.204715,0.083999,0.759293,-0.125896,0.099079,0.647509,0.062641,0.127126,0.449264,-0.173003,0.030736,0.727085,,,,,,,,,,,,
984,16.400000,0.261979,0.236641,0.348307,-0.204380,0.080884,0.759349,-0.125615,0.096604,0.647626,0.062866,0.125948,0.449439,-0.172472,0.027834,0.726971,,,,,,,,,,,,
985,16.416667,0.261812,0.236442,0.348239,-0.204024,0.077806,0.759413,-0.125318,0.094158,0.647751,0.063101,0.124787,0.449624,-0.171926,0.024968,0.726867,,,,,,,,,,,,
986,16.433333,0.261651,0.236252,0.348176,-0.203644,0.074760,0.759488,-0.125000,0.091736,0.647886,0.063345,0.123638,0.449818,-0.171358,0.022132,0.726776,,,,,,,,,,,,
987,16.450000,0.261494,0.236069,0.348118,-0.203235,0.071741,0.759575,-0.124660,0.089332,0.648031,0.063599,0.122498,0.450017,-0.170766,0.019323,0.726699,,,,,,,,,,,,
988,16.466667,0.261340,0.235891,0.348064,-0.202794,0.068742,0.759674,-0.124297,0.086942,0.648185,0.063860,0.121365,0.450221,-0.170147,0.016533,0.726635,,,,,,,,,,,,
989,16.483333,0.261188,0.235716,0.348012,-0.202323,0.065757,0.759785,-0.123911,0.084560,0.648347,0.064128,0.120234,0.450428,-0.169501,0.013757,0.726582,,,,,,,,,,,,
990,16.500000,0.261035,0.235541,0.347964,-0.201824,0.062779,0.759905,-0.123503,0.082181,0.648517,0.064400,0.119102,0.450637,-0.168829,0.010988,0.726540,,,,,,,,,,,,
991,16.516667,0.260879,0.235364,0.347920,-0.201299,0.059805,0.760033,-0.123077,0.079804,0.648691,0.064675,0.117968,0.450845,-0.168133,0.008223,0.726506,,,,,,,,,,,,
992,16.533333,0.260719,0.235182,0.347879,-0.200753,0.056833,0.760165,-0.122636,0.077426,0.648868,0.064951,0.116828,0.451052,-0.167414,0.005461,0.726480,,,,,,,,,,,,
993,16.550000,0.260554,0.234991,0.347843,-0.200187,0.053862,0.760299,-0.122180,0.075047,0.649046,0.065227,0.115680,0.451252,-0.166674,0.002702,0.726458,,,,,,,,,,,,
994,16.566667,0.260384,0.234790,0.347813,-0.199601,0.050897,0.760432,-0.121712,0.072670,0.649220,0.065501,0.114523,0.451444,-0.165911,-0.000053,0.726439,,,,,,,,,,,,
995,16.583333,0.260210,0.234576,0.347787,-0.198995,0.047941,0.760562,-0.121228,0.070297,0.649390,0.065776,0.113354,0.451622,-0.165127,-0.002798,0.726420,,,,,,,,,,,,
996,16.600000,0.260033,0.234351,0.347765,-0.198366,0.045001,0.760687,-0.120726,0.067933,0.649553,0.066053,0.112175,0.451785,-0.164320,-0.005530,0.726401,,,,,,,,,,,,
997,16.616667,0.259858,0.234115,0.347745,-0.197709,0.042084,0.760807,-0.120202,0.065581,0.649707,0.066336,0.110985,0.451930,-0.163487,-0.008241,0.726380,,,,,,,,,,,,
998,16.633333,0.259686,0.233868,0.347727,-0.197019,0.039196,0.760922,-0.119652,0.063246,0.649851,0.066628,0.109786,0.452055,-0.162627,-0.010927,0.726356,,,,,,,,,,,,
999,16.650000,0.259520,0.233613,0.347708,-0.196296,0.036340,0.761031,-0.119074,0.060930,0.649985,0.066931,0.108581,0.452162,-0.161738,-0.013584,0.726328,,,,,,,,,,,,
1000,16.666667,0.259364,0.233352,0.347689,-0.195538,0.033518,0.761132,-0.118467,0.058636,0.650107,0.067247,0.107375,0.452250,-0.160822,-0.016211,0.726295,,,,,,,,,,,,
1001,16.683333,0.259218,0.233089,0.347668,-0.194751,0.030728,0.761224,-0.117836,0.056364,0.650216,0.067578,0.106170,0.452322,-0.159881,-0.018807,0.726255,,,,,,,,,,,,
1002,16.700000,0.259086,0.232825,0.347646,-0.193942,0.027967,0.761303,-0.117185,0.054113,0.650313,0.067922,0.104971,0.452383,-0.158923,-0.021377,0.726204,,,,,,,,,,,,
1003,16.716667,0.258965,0.232563,0.347623,-0.193120,0.025227,0.761365,-0.116522,0.051880,0.650394,0.068277,0.103780,0.452435,-0.157955,-0.023923,0.726139,,,,,,,,,,,,
1004,16.733333,0.258855,0.232305,0.347598,-0.192298,0.022501,0.761405,-0.115856,0.049662,0.650459,0.068640,0.102603,0.452481,-0.156985,-0.026453,0.726058,,,,,,,,,,,,
1005,16.750000,0.258753,0.232053,0.347573,-0.191488,0.019782,0.761419,-0.115197,0.047455,0.650505,0.069006,0.101441,0.452526,-0.156024,-0.028973,0.725955,,,,,,,,,,,,
1006,16.766667,0.258655,0.231808,0.347547,-0.190701,0.017060,0.761404,-0.114555,0.045256,0.650533,0.069370,0.100295,0.452572,-0.155082,-0.031487,0.725828,,,,,,,,,,,,
1007,16.783333,0.258560,0.231570,0.347520,-0.189948,0.014329,0.761354,-0.113938,0.043062,0.650540,0.069729,0.099166,0.452620,-0.154166,-0.034002,0.725672,,,,,,,,,,,,
1008,16.800000,0.258463,0.231341,0.347492,-0.189236,0.011584,0.761269,-0.113352,0.040870,0.650526,0.070077,0.098053,0.452672,-0.153285,-0.036523,0.725485,,,,,,,,,,,,
1009,16.816667,0.258362,0.231121,0.347463,-0.188572,0.008820,0.761147,-0.112802,0.038680,0.650492,0.070413,0.096958,0.452727,-0.152443,-0.039053,0.725265,,,,,,,,,,,,
1010,16.833333,0.258255,0.230909,0.347432,-0.187956,0.006037,0.760988,-0.112291,0.036491,0.650438,0.070732,0.095880,0.452785,-0.151644,-0.041594,0.725009,,,,,,,,,,,,
1011,16.850000,0.258142,0.230706,0.347400,-0.187387,0.003239,0.760796,-0.111819,0.034307,0.650362,0.071033,0.094820,0.452842,-0.150888,-0.044143,0.724718,,,,,,,,,,,,
1012,16.866667,0.258021,0.230511,0.347366,-0.186862,0.000436,0.760571,-0.111383,0.032131,0.650266,0.071315,0.093777,0.452896,-0.150175,-0.046692,0.724392,,,,,,,,,,,,
1013,16.883333,0.257892,0.230323,0.347330,-0.186376,-0.002360,0.760318,-0.110980,0.029968,0.650147,0.071579,0.092752,0.452943,-0.149505,-0.049232,0.724031,,,,,,,,,,,,
1014,16.900000,0.257757,0.230141,0.347292,-0.185923,-0.005132,0.760038,-0.110606,0.027827,0.650005,0.071826,0.091743,0.452980,-0.148873,-0.051750,0.723640,,,,,,,,,,,,
1015,16.916667,0.257617,0.229963,0.347252,-0.185499,-0.007863,0.759735,-0.110257,0.025716,0.649841,0.072058,0.090752,0.453003,-0.148275,-0.054231,0.723222,,,,,,,,,,,,
1016,16.933333,0.257473,0.229790,0.347209,-0.185096,-0.010536,0.759413,-0.109928,0.023646,0.649656,0.072276,0.089780,0.453010,-0.147709,-0.056663,0.722782,,,,,,,,,,,,
1017,16.950000,0.257327,0.229621,0.347163,-0.184713,-0.013136,0.759074,-0.109616,0.021627,0.649449,0.072481,0.088827,0.452997,-0.147170,-0.059030,0.722324,,,,,,,,,,,,
1018,16.966667,0.257180,0.229454,0.347113,-0.184346,-0.015653,0.758721,-0.109319,0.019666,0.649223,0.072675,0.087897,0.452964,-0.146655,-0.061324,0.721853,,,,,,,,,,,,
1019,16.983333,0.257034,0.229291,0.347059,-0.183996,-0.018079,0.758353,-0.109036,0.017768,0.648977,0.072858,0.086990,0.452911,-0.146164,-0.063537,0.721371,,,,,,,,,,,,
1020,17.000000,0.256890,0.229132,0.347000,-0.183661,-0.020413,0.757972,-0.108766,0.015935,0.648715,0.073032,0.086110,0.452842,-0.145695,-0.065668,0.720882,,,,,,,,,,,,
1021,17.016667,0.256748,0.228980,0.346936,-0.183345,-0.022658,0.757577,-0.108510,0.014165,0.648437,0.073196,0.085259,0.452759,-0.145251,-0.067719,0.720386,,,,,,,,,,,,
1022,17.033333,0.256611,0.228834,0.346868,-0.183049,-0.024824,0.757169,-0.108268,0.012454,0.648145,0.073352,0.084437,0.452666,-0.144830,-0.069696,0.719882,,,,,,,,,,,,
1023,17.050000,0.256477,0.228697,0.346796,-0.182774,-0.026920,0.756747,-0.108042,0.010796,0.647840,0.073500,0.083644,0.452567,-0.144433,-0.071610,0.719370,,,,,,,,,,,,
1024,17.066667,0.256346,0.228570,0.346721,-0.182521,-0.028959,0.756310,-0.107832,0.009182,0.647524,0.073641,0.082880,0.452465,-0.144059,-0.073470,0.718850,,,,,,,,,,,,
1025,17.083333,0.256219,0.228451,0.346643,-0.182291,-0.030952,0.755858,-0.107638,0.007604,0.647197,0.073775,0.082141,0.452362,-0.143707,-0.075285,0.718322,,,,,,,,,,,,
1026,17.100000,0.256093,0.228340,0.346562,-0.182083,-0.032911,0.755393,-0.107459,0.006054,0.646861,0.073903,0.081423,0.452260,-0.143374,-0.077068,0.717785,,,,,,,,,,,,
1027,17.116667,0.255969,0.228236,0.346478,-0.181895,-0.034848,0.754914,-0.107295,0.004524,0.646517,0.074025,0.080720,0.452159,-0.143057,-0.078827,0.717241,,,,,,,,,,,,
1028,17.133333,0.255845,0.228134,0.346392,-0.181724,-0.036773,0.754423,-0.107143,0.003005,0.646166,0.074143,0.080029,0.452060,-0.142752,-0.080573,0.716691,,,,,,,,,,,,
1029,17.150000,0.255721,0.228034,0.346304,-0.181564,-0.038695,0.753923,-0.107001,0.001490,0.645811,0.074258,0.079342,0.451964,-0.142453,-0.082313,0.716135,,,,,,,,,,,,
1030,17.166667,0.255598,0.227930,0.346214,-0.181411,-0.040621,0.753414,-0.106863,-0.000027,0.645451,0.074372,0.078655,0.451868,-0.142156,-0.084055,0.715576,,,,,,,,,,,,
1031,17.183333,0.255477,0.227822,0.346121,-0.181259,-0.042556,0.752899,-0.106727,-0.001551,0.645088,0.074488,0.077963,0.451774,-0.141857,-0.085804,0.715013,,,,,,,,,,,,
1032,17.200000,0.255359,0.227706,0.346027,-0.181104,-0.044507,0.752377,-0.106588,-0.003087,0.644721,0.074609,0.077262,0.451681,-0.141551,-0.087564,0.714448,,,,,,,,,,,,
1033,17.216667,0.255246,0.227581,0.345931,-0.180942,-0.046477,0.751851,-0.106443,-0.004638,0.644351,0.074738,0.076551,0.451590,-0.141235,-0.089341,0.713880,,,,,,,,,,,,
1034,17.233333,0.255138,0.227446,0.345833,-0.180768,-0.048471,0.751319,-0.106288,-0.006208,0.643978,0.074876,0.075827,0.451499,-0.140905,-0.091137,0.713308,,,,,,,,,,,,
1035,17.250000,0.255036,0.227300,0.345735,-0.180579,-0.050491,0.750781,-0.106122,-0.007797,0.643603,0.075024,0.075089,0.451408,-0.140560,-0.092954,0.712732,,,,,,,,,,,,
1036,17.266667,0.254938,0.227143,0.345636,-0.180372,-0.052540,0.750240,-0.105940,-0.009407,0.643225,0.075184,0.074336,0.451315,-0.140196,-0.094795,0.712151,,,,,,,,,,,,
1037,17.283333,0.254844,0.226976,0.345538,-0.180145,-0.054618,0.749694,-0.105742,-0.011037,0.642845,0.075353,0.073569,0.451221,-0.139813,-0.096659,0.711565,,,,,,,,,,,,
1038,17.300000,0.254752,0.226800,0.345443,-0.179895,-0.056725,0.749145,-0.105526,-0.012687,0.642464,0.075532,0.072785,0.451122,-0.139412,-0.098546,0.710975,,,,,,,,,,,,
1039,17.316667,0.254657,0.226614,0.345351,-0.179622,-0.058859,0.748594,-0.105292,-0.014356,0.642081,0.075717,0.071986,0.451019,-0.138991,-0.100452,0.710382,,,,,,,,,,,,
1040,17.333333,0.254558,0.226420,0.345265,-0.179328,-0.061020,0.748041,-0.105041,-0.016041,0.641699,0.075906,0.071170,0.450909,-0.138554,-0.102376,0.709786,,,,,,,,,,,,
1041,17.350000,0.254451,0.226218,0.345186,-0.179014,-0.063205,0.747488,-0.104775,-0.017738,0.641318,0.076095,0.070339,0.450793,-0.138101,-0.104314,0.709191,,,,,,,,,,,,
1042,17.366667,0.254334,0.226010,0.345114,-0.178683,-0.065410,0.746936,-0.104496,-0.019445,0.640939,0.076282,0.069494,0.450669,-0.137635,-0.106261,0.708598,,,,,,,,,,,,
1043,17.383333,0.254206,0.225795,0.345050,-0.178339,-0.067630,0.746385,-0.104208,-0.021155,0.640563,0.076465,0.068637,0.450538,-0.137159,-0.108211,0.708008,,,,,,,,,,,,
1044,17.400000,0.254067,0.225576,0.344993,-0.177986,-0.069862,0.745835,-0.103911,-0.022866,0.640188,0.076641,0.067771,0.450399,-0.136674,-0.110159,0.707422,,,,,,,,,,,,
1045,17.416667,0.253918,0.225355,0.344942,-0.177629,-0.072099,0.745285,-0.103610,-0.024570,0.639816,0.076810,0.066899,0.450252,-0.136182,-0.112099,0.706841,,,,,,,,,,,,
1046,17.433333,0.253760,0.225132,0.344896,,,,-0.103305,-0.026264,0.639444,0.076971,0.066025,0.450096,-0.135683,-0.114026,0.706263,,,,,,,,,,,,
1047,17.450000,0.253597,0.224910,0.344854,,,,-0.102999,-0.027943,0.639072,0.077126,0.065152,0.449932,-0.135179,-0.115935,0.705687,,,,,,,,,,,,
1048,17.466667,0.253429,0.224689,0.344815,,,,-0.102692,-0.029604,0.638698,0.077275,0.064285,0.449757,-0.134672,-0.117822,0.705112,,,,,,,,,,,,
1049,17.483333,0.253261,0.224471,0.344776,,,,-0.102385,-0.031244,0.638318,0.077418,0.063427,0.449573,-0.134161,-0.119686,0.704534,,,,,,,,,,,,
1050,17.500000,0.253094,0.224258,0.344738,,,,-0.102078,-0.032862,0.637930,0.077556,0.062580,0.449378,-0.133651,-0.121524,0.703951,,,,,,,,,,,,
1051,17.516667,0.252931,0.224049,0.344700,,,,-0.101772,-0.034458,0.637533,0.077692,0.061746,0.449174,-0.133143,-0.123336,0.703359,,,,,,,,,,,,
1052,17.533333,0.252774,0.223847,0.344663,,,,-0.101466,-0.036031,0.637124,0.077826,0.060927,0.448960,-0.132641,-0.125123,0.702755,,,,,,,,,,,,
1053,17.550000,0.252624,0.223650,0.344626,,,,-0.101164,-0.037583,0.636703,0.077957,0.060124,0.448738,-0.132148,-0.126884,0.702137,,,,,,,,,,,,
1054,17.566667,0.252483,0.223459,0.344588,,,,-0.100867,-0.039113,0.636269,0.078087,0.059338,0.448510,-0.131668,-0.128621,0.701503,,,,,,,,,,,,
1055,17.583333,0.252352,0.223272,0.344551,,,,-0.100577,-0.040621,0.635823,0.078215,0.058571,0.448277,-0.131205,-0.130334,0.700852,,,,,,,,,,,,
1056,17.600000,0.252231,0.223089,0.344514,,,,-0.100297,-0.042105,0.635367,0.078339,0.057823,0.448041,-0.130763,-0.132022,0.700184,,,,,,,,,,,,
1057,17.616667,0.252120,0.222907,0.344479,,,,-0.100031,-0.043562,0.634901,0.078459,0.057096,0.447806,-0.130347,-0.133681,0.699500,,,,,,,,,,,,
1058,17.633333,0.252021,0.222725,0.344447,,,,-0.099780,-0.044988,0.634427,0.078572,0.056392,0.447574,-0.129966,-0.135308,0.698800,,,,,,,,,,,,
1059,17.650000,0.251931,0.222542,0.344418,,,,-0.099550,-0.046376,0.633949,0.078676,0.055714,0.447346,-0.129624,-0.136895,0.698087,,,,,,,,,,,,
1060,17.666667,0.251852,0.222359,0.344394,,,,-0.099345,-0.047721,0.633467,0.078769,0.055066,0.447127,-0.129329,-0.138437,0.697361,,,,,,,,,,,,
1061,17.683333,0.251784,0.222177,0.344375,,,,-0.099173,-0.049010,0.632985,0.078849,0.054453,0.446917,-0.129089,-0.139924,0.696623,,,,,,,,,,,,
1062,17.700000,0.251727,0.221998,0.344360,,,,-0.099041,-0.050235,0.632502,0.078912,0.053879,0.446718,-0.128911,-0.141344,0.695875,,,,,,,,,,,,
1063,17.716667,0.251679,0.221825,0.344350,,,,-0.098957,-0.051381,0.632017,0.078956,0.053350,0.446528,-0.128804,-0.142682,0.695122,,,,,,,,,,,,
1064,17.733333,0.251641,0.221662,0.344342,,,,-0.098928,-0.052436,0.631528,0.078980,0.052870,0.446347,-0.128773,-0.143921,0.694368,,,,,,,,,,,,
1065,17.750000,0.251612,0.221510,0.344336,,,,-0.098960,-0.053390,0.631036,0.078981,0.052443,0.446171,-0.128818,-0.145046,0.693620,,,,,,,,,,,,
1066,17.766667,0.251590,0.221370,0.344328,,,,-0.099056,-0.054235,0.630541,0.078959,0.052073,0.445998,-0.128937,-0.146047,0.692886,,,,,,,,,,,,
1067,17.783333,0.251575,0.221246,0.344317,,,,-0.099214,-0.054967,0.630045,0.078913,0.051759,0.445828,-0.129123,-0.146918,0.692173,,,,,,,,,,,,
1068,17.800000,0.251566,0.221136,0.344302,,,,-0.099426,-0.055584,0.629554,0.078844,0.051504,0.445659,-0.129371,-0.147656,0.691489,,,,,,,,,,,,
1069,17.816667,0.251563,0.221040,0.344281,,,,-0.099685,-0.056088,0.629073,0.078757,0.051303,0.445494,-0.129672,-0.148263,0.690839,,,,,,,,,,,,
1070,17.833333,0.251563,0.220959,0.344256,,,,-0.099981,-0.056481,0.628608,0.078654,0.051157,0.445334,-0.130021,-0.148739,0.690227,,,,,,,,,,,,
1071,17.850000,0.251566,0.220891,0.344225,,,,-0.100306,-0.056765,0.628166,0.078536,0.051062,0.445182,-0.130411,-0.149088,0.689659,,,,,,,,,,,,
1072,17.866667,0.251571,0.220835,0.344189,,,,-0.100657,-0.056942,0.627751,0.078405,0.051017,0.445041,-0.130838,-0.149310,0.689140,,,,,,,,,,,,
1073,17.883333,0.251579,0.220790,0.344150,,,,-0.101031,-0.057013,0.627368,0.078261,0.051023,0.444911,-0.131298,-0.149408,0.688675,,,,,,,,,,,,
1074,17.900000,0.251588,0.220754,0.344107,,,,-0.101428,-0.056978,0.627019,0.078104,0.051076,0.444793,-0.131787,-0.149380,0.688267,,,,,,,,,,,,
1075,17.916667,0.251597,0.220728,0.344062,,,,-0.101847,-0.056836,0.626707,0.077936,0.051177,0.444689,-0.132306,-0.149227,0.687919,,,,,,,,,,,,
1076,17.933333,0.251607,0.220710,0.344015,,,,-0.102288,-0.056587,0.626431,0.077757,0.051323,0.444598,-0.132854,-0.148945,0.687633,,,,,,,,,,,,
1077,17.950000,0.251617,0.220700,0.343968,,,,-0.102750,-0.056230,0.626193,0.077568,0.051513,0.444519,-0.133431,-0.148536,0.687407,,,,,,,,,,,,
1078,17.966667,0.251628,0.220700,0.343921,,,,-0.103232,-0.055766,0.625991,0.077370,0.051747,0.444452,-0.134035,-0.148001,0.687241,,,,,,,,,,,,
1079,17.983333,0.251640,0.220710,0.343875,,,,-0.103734,-0.055197,0.625822,0.077163,0.052024,0.444393,-0.134664,-0.147343,0.687130,,,,,,,,,,,,
1080,18.000000,0.251654,0.220731,0.343830,,,,-0.104251,-0.054528,0.625685,0.076948,0.052340,0.444338,-0.135315,-0.146568,0.687070,,,,,,,,,,,,
1081,18.016667,0.251671,0.220762,0.343786,,,,-0.104781,-0.053768,0.625574,0.076726,0.052693,0.444286,-0.135982,-0.145687,0.687053,,,,,,,,,,,,
1082,18.033333,0.251691,0.220805,0.343743,,,,-0.105320,-0.052928,0.625484,0.076500,0.053079,0.444232,-0.136661,-0.144713,0.687073,,,,,,,,,,,,
1083,18.050000,0.251717,0.220856,0.343702,,,,-0.105861,-0.052022,0.625409,0.076272,0.053490,0.444174,-0.137347,-0.143662,0.687120,,,,,,,,,,,,
1084,18.066667,0.251748,0.220917,0.343661,,,,-0.106400,-0.051066,0.625342,0.076043,0.053922,0.444109,-0.138034,-0.142554,0.687183,,,,,,,,,,,,
1085,18.083333,0.251785,0.220983,0.343621,,,,-0.106933,-0.050080,0.625280,0.075816,0.054367,0.444038,-0.138716,-0.141411,0.687255,,,,,,,,,,,,
1086,18.100000,0.251827,0.221055,0.343580,,,,-0.107456,-0.049082,0.625214,0.075591,0.054818,0.443957,-0.139389,-0.140253,0.687325,,,,,,,,,,,,
1087,18.116667,0.251876,0.221128,0.343539,,,,-0.107968,-0.048089,0.625142,0.075371,0.055267,0.443867,-0.140046,-0.139103,0.687386,,,,,,,,,,,,
1088,18.133333,0.251930,0.221203,0.343496,,,,-0.108464,-0.047119,0.625057,0.075159,0.055707,0.443766,-0.140681,-0.137977,0.687434,,,,,,,,,,,,
1089,18.150000,0.251990,0.221276,0.343452,,,,-0.108943,-0.046184,0.624958,0.074956,0.056133,0.443655,-0.141288,-0.136892,0.687464,,,,,,,,,,,,
1090,18.166667,0.252054,0.221348,0.343405,,,,-0.109403,-0.045295,0.624843,0.074764,0.056540,0.443533,-0.141862,-0.135858,0.687477,,,,,,,,,,,,
1091,18.183333,0.252122,0.221416,0.343356,,,,-0.109841,-0.044461,0.624711,0.074585,0.056923,0.443400,-0.142398,-0.134885,0.687472,,,,,,,,,,,,
1092,18.200000,0.252193,0.221480,0.343305,,,,-0.110256,-0.043685,0.624565,0.074420,0.057280,0.443258,-0.142893,-0.133978,0.687452,,,,,,,,,,,,
1093,18.216667,0.252266,0.221541,0.343251,,,,-0.110649,-0.042969,0.624406,0.074269,0.057613,0.443109,-0.143345,-0.133138,0.687417,,,,,,,,,,,,
1094,18.233333,0.252342,0.221598,0.343195,,,,-0.111018,-0.042310,0.624238,0.074133,0.057920,0.442955,-0.143755,-0.132364,0.687373,,,,,,,,,,,,
1095,18.250000,0.252419,0.221651,0.343138,,,,-0.111364,-0.041704,0.624064,0.074010,0.058205,0.442800,-0.144123,-0.131650,0.687324,,,,,,,,,,,,
1096,18.266667,0.252496,0.221703,0.343079,,,,-0.111688,-0.041144,0.623888,0.073901,0.058470,0.442647,-0.144454,-0.130989,0.687273,,,,,,,,,,,,
1097,18.283333,0.252573,0.221752,0.343020,-0.191817,-0.084148,0.726433,-0.111990,-0.040623,0.623715,0.073802,0.058719,0.442499,-0.144751,-0.130371,0.687225,,,,,,,,,,,,
1098,18.300000,0.252650,0.221800,0.342961,-0.192180,-0.083154,0.726465,-0.112270,-0.040132,0.623549,0.073714,0.058955,0.442359,-0.145021,-0.129786,0.687184,,,,,,,,,,,,
1099,18.316667,0.252724,0.221847,0.342902,-0.192536,-0.082154,0.726502,-0.112528,-0.039660,0.623396,0.073633,0.059182,0.442229,-0.145267,-0.129222,0.687155,,,,,,,,,,,,
1100,18.333333,0.252797,0.221893,0.342843,-0.192879,-0.081144,0.726551,-0.112765,-0.039198,0.623260,0.073559,0.059404,0.442110,-0.145496,-0.128668,0.687139,,,,,,,,,,,,
1101,18.350000,0.252867,0.221937,0.342785,-0.193203,-0.080118,0.726613,-0.112982,-0.038736,0.623143,0.073490,0.059623,0.442002,-0.145712,-0.128112,0.687141,,,,,,,,,,,,
1102,18.366667,0.252934,0.221979,0.342727,-0.193508,-0.079074,0.726693,-0.113182,-0.038265,0.623047,0.073424,0.059842,0.441905,-0.145918,-0.127546,0.687164,,,,,,,,,,,,
1103,18.383333,0.252999,0.222020,0.342671,-0.193794,-0.078015,0.726788,-0.113367,-0.037781,0.622972,0.073360,0.060062,0.441818,-0.146115,-0.126961,0.687209,,,,,,,,,,,,
1104,18.400000,0.253061,0.222059,0.342617,-0.194059,-0.076950,0.726897,-0.113540,-0.037278,0.622918,0.073299,0.060285,0.441739,-0.146303,-0.126354,0.687279,,,,,,,,,,,,
1105,18.416667,0.253121,0.222097,0.342564,-0.194302,-0.075894,0.727016,-0.113701,-0.036757,0.622883,0.073238,0.060511,0.441666,-0.146481,-0.125723,0.687373,,,,,,,,,,,,
1106,18.433333,0.253178,0.222134,0.342513,-0.194522,-0.074867,0.727140,-0.113853,-0.036220,0.622865,0.073178,0.060739,0.441599,-0.146649,-0.125072,0.687490,,,,,,,,,,,,
1107,18.450000,0.253234,0.222172,0.342463,-0.194714,-0.073887,0.727266,-0.113994,-0.035672,0.622863,0.073120,0.060968,0.441536,-0.146804,-0.124406,0.687625,,,,,,,,,,,,
1108,18.466667,0.253286,0.222210,0.342416,-0.194877,-0.072969,0.727389,-0.114123,-0.035121,0.622873,0.073064,0.061196,0.441476,-0.146947,-0.123738,0.687775,,,,,,,,,,,,
1109,18.483333,0.253336,0.222248,0.342371,-0.195011,-0.072125,0.727509,-0.114239,-0.034576,0.622894,0.073011,0.061418,0.441419,-0.147076,-0.123077,0.687932,,,,,,,,,,,,
1110,18.500000,0.253382,0.222287,0.342328,-0.195114,-0.071363,0.727621,-0.114342,-0.034046,0.622921,0.072960,0.061633,0.441364,-0.147193,-0.122438,0.688091,,,,,,,,,,,,
1111,18.516667,0.253425,0.222325,0.342289,-0.195189,-0.070689,0.727723,-0.114432,-0.033542,0.622952,0.072912,0.061836,0.441312,-0.147296,-0.121830,0.688247,,,,,,,,,,,,
1112,18.533333,0.253463,0.222361,0.342254,-0.195237,-0.070112,0.727813,-0.114507,-0.033073,0.622985,0.072868,0.062022,0.441261,-0.147386,-0.121267,0.688394,,,,,,,,,,,,
1113,18.550000,0.253495,0.222394,0.342222,-0.195262,-0.069634,0.727889,-0.114570,-0.032647,0.623016,0.072828,0.062190,0.441212,-0.147463,-0.120758,0.688528,,,,,,,,,,,,
1114,18.566667,0.253523,0.222423,0.342193,-0.195268,-0.069258,0.727948,-0.114623,-0.032272,0.623042,0.072791,0.062336,0.441165,-0.147527,-0.120312,0.688644,,,,,,,,,,,,
1115,18.583333,0.253545,0.222449,0.342168,-0.195260,-0.068981,0.727988,-0.114666,-0.031953,0.623061,0.072759,0.062458,0.441120,-0.147580,-0.119934,0.688739,,,,,,,,,,,,
1116,18.600000,0.253561,0.222469,0.342147,-0.195242,-0.068799,0.728008,-0.114702,-0.031695,0.623071,0.072729,0.062555,0.441076,-0.147623,-0.119630,0.688810,,,,,,,,,,,,
1117,18.616667,0.253572,0.222485,0.342130,-0.195218,-0.068704,0.728007,-0.114733,-0.031498,0.623070,0.072702,0.062626,0.441033,-0.147658,-0.119401,0.688856,,,,,,,,,,,,
1118,18.633333,0.253577,0.222495,0.342117,-0.195193,-0.068690,0.727986,-0.114758,-0.031365,0.623056,0.072678,0.062672,0.440991,-0.147686,-0.119246,0.688877,,,,,,,,,,,,
1119,18.650000,0.253577,0.222499,0.342108,-0.195166,-0.068750,0.727944,-0.114780,-0.031292,0.623030,0.072656,0.062692,0.440950,-0.147708,-0.119162,0.688871,,,,,,,,,,,,
1120,18.666667,0.253571,0.222499,0.342102,-0.195141,-0.068875,0.727882,-0.114799,-0.031276,0.622990,0.072635,0.062689,0.440908,-0.147727,-0.119145,0.688839,,,,,,,,,,,,
1121,18.683333,0.253562,0.222493,0.342100,-0.195118,-0.069058,0.727802,-0.114816,-0.031311,0.622937,0.072616,0.062663,0.440865,-0.147742,-0.119189,0.688783,,,,,,,,,,,,
1122,18.700000,0.253548,0.222482,0.342100,-0.195100,-0.069289,0.727705,-0.114831,-0.031391,0.622872,0.072598,0.062618,0.440820,-0.147754,-0.119286,0.688704,,,,,,,,,,,,
1123,18.716667,0.253531,0.222467,0.342103,-0.195086,-0.069561,0.727591,-0.114847,-0.031510,0.622794,0.072581,0.062555,0.440771,-0.147766,-0.119430,0.688604,,,,,,,,,,,,
1124,18.733333,0.253512,0.222448,0.342106,-0.195079,-0.069863,0.727461,-0.114864,-0.031661,0.622702,0.072564,0.062477,0.440720,-0.147779,-0.119609,0.688484,,,,,,,,,,,,
1125,18.750000,0.253490,0.222425,0.342111,-0.195081,-0.070186,0.727315,-0.114885,-0.031835,0.622598,0.072547,0.062386,0.440664,-0.147796,-0.119816,0.688347,,,,,,,,,,,,
1126,18.766667,0.253467,0.222398,0.342116,-0.195096,-0.070523,0.727152,-0.114911,-0.032026,0.622481,0.072530,0.062285,0.440605,-0.147820,-0.120042,0.688193,,,,,,,,,,,,
1127,18.783333,0.253443,0.222369,0.342121,-0.195127,-0.070866,0.726972,-0.114947,-0.032229,0.622349,0.072510,0.062177,0.440540,-0.147856,-0.120279,0.688023,,,,,,,,,,,,
1128,18.800000,0.253419,0.222337,0.342126,-0.195178,-0.071210,0.726773,-0.114994,-0.032437,0.622203,0.072488,0.062065,0.440470,-0.147906,-0.120522,0.687837,,,,,,,,,,,,
1129,18.816667,0.253395,0.222303,0.342130,-0.195250,-0.071547,0.726553,-0.115055,-0.032646,0.622041,0.072463,0.061951,0.440394,-0.147973,-0.120766,0.687633,,,,,,,,,,,,
1130,18.833333,0.253373,0.222268,0.342133,-0.195347,-0.071875,0.726312,-0.115132,-0.032854,0.621861,0.072434,0.061836,0.440309,-0.148060,-0.121008,0.687410,,,,,,,,,,,,
1131,18.850000,0.253353,0.222231,0.342135,-0.195471,-0.072189,0.726045,-0.115225,-0.033058,0.621661,0.072400,0.061721,0.440215,-0.148169,-0.121243,0.687165,,,,,,,,,,,,
1132,18.866667,0.253334,0.222194,0.342136,-0.195622,-0.072487,0.725750,-0.115336,-0.033256,0.621437,0.072361,0.061607,0.440108,-0.148301,-0.121472,0.686896,,,,,,,,,,,,
1133,18.883333,0.253319,0.222156,0.342135,-0.195804,-0.072767,0.725423,-0.115466,-0.033448,0.621186,0.072316,0.061493,0.439985,-0.148459,-0.121691,0.686598,,,,,,,,,,,,
1134,18.900000,0.253306,0.222118,0.342132,-0.196019,-0.073031,0.725058,-0.115619,-0.033635,0.620903,0.072265,0.061381,0.439846,-0.148646,-0.121904,0.686267,,,,,,,,,,,,
1135,18.916667,0.253296,0.222080,0.342126,-0.196271,-0.073281,0.724649,-0.115796,-0.033817,0.620584,0.072206,0.061268,0.439687,-0.148864,-0.122109,0.685899,,,,,,,,,,,,
1136,18.933333,0.253290,0.222040,0.342116,-0.196564,-0.073519,0.724192,-0.116000,-0.033996,0.620224,0.072138,0.061155,0.439505,-0.149118,-0.122311,0.685487,,,,,,,,,,,,
1137,18.950000,0.253287,0.222000,0.342104,-0.196902,-0.073746,0.723679,-0.116233,-0.034174,0.619818,0.072059,0.061040,0.439298,-0.149408,-0.122509,0.685028,,,,,,,,,,,,
1138,18.966667,0.253286,0.221958,0.342087,-0.197287,-0.073963,0.723106,-0.116499,-0.034351,0.619361,0.071969,0.060923,0.439062,-0.149740,-0.122704,0.684515,,,,,,,,,,,,
1139,18.983333,0.253287,0.221914,0.342066,-0.197724,-0.074172,0.722467,-0.116800,-0.034528,0.618849,0.071865,0.060803,0.438796,-0.150117,-0.122898,0.683945,,,,,,,,,,,,
1140,19.000000,0.253291,0.221868,0.342041,-0.198216,-0.074375,0.721758,-0.117138,-0.034706,0.618278,0.071747,0.060679,0.438498,-0.150540,-0.123092,0.683313,,,,,,,,,,,,
1141,19.016667,0.253297,0.221820,0.342011,-0.198765,-0.074575,0.720974,-0.117517,-0.034885,0.617644,0.071612,0.060552,0.438165,-0.151015,-0.123285,0.682615,,,,,,,,,,,,
1142,19.033333,0.253305,0.221769,0.341975,-0.199372,-0.074774,0.720114,-0.117939,-0.035066,0.616946,0.071461,0.060424,0.437796,-0.151542,-0.123480,0.681849,,,,,,,,,,,,
1143,19.050000,0.253317,0.221716,0.341934,-0.200040,-0.074973,0.719174,-0.118405,-0.035247,0.616180,0.071291,0.060295,0.437390,-0.152124,-0.123676,0.681010,,,,,,,,,,,,
1144,19.066667,0.253331,0.221660,0.341887,-0.200769,-0.075170,0.718153,-0.118916,-0.035428,0.615347,0.071103,0.060166,0.436948,-0.152763,-0.123872,0.680097,,,,,,,,,,,,
1145,19.083333,0.253350,0.221603,0.341832,-0.201559,-0.075363,0.717051,-0.119473,-0.035605,0.614444,0.070897,0.060040,0.436468,-0.153460,-0.124065,0.679108,,,,,,,,,,,,
1146,19.100000,0.253372,0.221544,0.341769,-0.202412,-0.075550,0.715865,-0.120078,-0.035778,0.613472,0.070672,0.059918,0.435951,-0.154217,-0.124253,0.678041,,,,,,,,,,,,
1147,19.116667,0.253399,0.221484,0.341698,-0.203328,-0.075728,0.714595,-0.120730,-0.035941,0.612428,0.070428,0.059803,0.435397,-0.155034,-0.124432,0.676897,,,,,,,,,,,,
1148,19.133333,0.253431,0.221425,0.341616,-0.204310,-0.075894,0.713240,-0.121430,-0.036094,0.611314,0.070165,0.059697,0.434807,-0.155912,-0.124602,0.675674,,,,,,,,,,,,
1149,19.150000,0.253470,0.221367,0.341525,-0.205357,-0.076046,0.711799,-0.122180,-0.036234,0.610128,0.069885,0.059601,0.434182,-0.156851,-0.124758,0.674372,,,,,,,,,,,,
1150,19.166667,0.253515,0.221311,0.341424,-0.206470,-0.076181,0.710271,-0.122978,-0.036358,0.608871,0.069586,0.059516,0.433521,-0.157852,-0.124899,0.672992,,,,,,,,,,,,
1151,19.183333,0.253568,0.221256,0.341313,-0.207648,-0.076298,0.708655,-0.123824,-0.036467,0.607542,0.069271,0.059443,0.432824,-0.158915,-0.125023,0.671532,,,,,,,,,,,,
1152,19.200000,0.253627,0.221203,0.341192,-0.208890,-0.076394,0.706950,-0.124716,-0.036560,0.606140,0.068939,0.059381,0.432090,-0.160037,-0.125129,0.669994,,,,,,,,,,,,
1153,19.216667,0.253692,0.221150,0.341061,-0.210194,-0.076472,0.705156,-0.125653,-0.036639,0.604663,0.068592,0.059327,0.431319,-0.161217,-0.125219,0.668376,,,,,,,,,,,,
1154,19.233333,0.253765,0.221098,0.340921,-0.211558,-0.076534,0.703271,-0.126633,-0.036707,0.603111,0.068231,0.059279,0.430509,-0.162452,-0.125294,0.666677,,,,,,,,,,,,
1155,19.250000,0.253843,0.221043,0.340772,-0.212980,-0.076586,0.701294,-0.127654,-0.036768,0.601482,0.067856,0.059233,0.429659,-0.163739,-0.125359,0.664899,,,,,,,,,,,,
1156,19.266667,0.253927,0.220986,0.340614,-0.214456,-0.076632,0.699224,-0.128715,-0.036828,0.599776,0.067468,0.059186,0.428767,-0.165075,-0.125419,0.663041,,,,,,,,,,,,
1157,19.283333,0.254016,0.220923,0.340448,-0.215986,-0.076679,0.697060,-0.129813,-0.036890,0.597990,0.067070,0.059133,0.427832,-0.166455,-0.125478,0.661102,,,,,,,,,,,,
1158,19.300000,0.254108,0.220854,0.340273,-0.217566,-0.076733,0.694800,-0.130947,-0.036962,0.596125,0.066662,0.059071,0.426856,-0.167878,-0.125543,0.659082,,,,,,,,,,,,
1159,19.316667,0.254205,0.220778,0.340090,-0.219195,-0.076799,0.692444,-0.132115,-0.037048,0.594181,0.066246,0.058997,0.425839,-0.169338,-0.125619,0.656983,,,,,,,,,,,,
1160,19.333333,0.254304,0.220693,0.339898,-0.220871,-0.076884,0.689993,-0.133313,-0.037152,0.592160,0.065823,0.058910,0.424782,-0.170832,-0.125710,0.654806,,,,,,,,,,,,
1161,19.350000,0.254406,0.220601,0.339698,-0.222589,-0.076992,0.687449,-0.134540,-0.037277,0.590064,0.065397,0.058809,0.423689,-0.172356,-0.125821,0.652554,,,,,,,,,,,,
1162,19.366667,0.254512,0.220503,0.339491,-0.224346,-0.077128,0.684817,-0.135792,-0.037424,0.587899,0.064969,0.058695,0.422563,-0.173902,-0.125954,0.650231,,,,,,,,,,,,
1163,19.383333,0.254620,0.220399,0.339276,-0.226135,-0.077294,0.682100,-0.137065,-0.037595,0.585670,0.064541,0.058569,0.421407,-0.175464,-0.126113,0.647843,,,,,,,,,,,,
1164,19.400000,0.254733,0.220294,0.339054,-0.227949,-0.077490,0.679309,-0.138350,-0.037789,0.583383,0.064117,0.058434,0.420226,-0.177034,-0.126295,0.645397,,,,,,,,,,,,
1165,19.416667,0.254849,0.220188,0.338826,-0.229775,-0.077714,0.676454,-0.139642,-0.038002,0.581048,0.063699,0.058291,0.419022,-0.178604,-0.126499,0.642903,,,,,,,,,,,,
1166,19.433333,0.254969,0.220084,0.338593,-0.231603,-0.077962,0.673548,-0.140931,-0.038232,0.578674,0.063291,0.058141,0.417799,-0.180164,-0.126721,0.640370,,,,,,,,,,,,
1167,19.450000,0.255094,0.219983,0.338355,-0.233420,-0.078230,0.670604,-0.142208,-0.038475,0.576271,0.062895,0.057986,0.416560,-0.181707,-0.126958,0.637806,,,,,,,,,,,,
1168,19.466667,0.255222,0.219886,0.338114,-0.235213,-0.078514,0.667638,-0.143465,-0.038729,0.573850,0.062513,0.057826,0.415310,-0.183228,-0.127209,0.635221,,,,,,,,,,,,
1169,19.483333,0.255353,0.219792,0.337870,-0.236972,-0.078813,0.664662,-0.144695,-0.038992,0.571421,0.062146,0.057660,0.414051,-0.184721,-0.127472,0.632622,,,,,,,,,,,,
1170,19.500000,0.255487,0.219702,0.337624,-0.238690,-0.079122,0.661690,-0.145893,-0.039261,0.568992,0.061794,0.057491,0.412789,-0.186184,-0.127746,0.630015,,,,,,,,,,,,
1171,19.516667,0.255620,0.219614,0.337378,-0.240364,-0.079439,0.658728,-0.147057,-0.039535,0.566570,0.061457,0.057317,0.411523,-0.187615,-0.128028,0.627406,,,,,,,,,,,,
1172,19.533333,0.255753,0.219529,0.337131,-0.241994,-0.079761,0.655781,-0.148187,-0.039813,0.564157,0.061132,0.057138,0.410257,-0.189015,-0.128316,0.624799,,,,,,,,,,,,
1173,19.550000,0.255883,0.219445,0.336886,-0.243581,-0.080085,0.652850,-0.149286,-0.040093,0.561755,0.060819,0.056955,0.408991,-0.190386,-0.128607,0.622198,,,,,,,,,,,,
1174,19.566667,0.256010,0.219364,0.336641,-0.245130,-0.080410,0.649935,-0.150356,-0.040375,0.559364,0.060515,0.056768,0.407725,-0.191729,-0.128901,0.619603,,,,,,,,,,,,
1175,19.583333,0.256132,0.219284,0.336399,-0.246644,-0.080736,0.647036,-0.151399,-0.040658,0.556984,0.060220,0.056577,0.406459,-0.193046,-0.129198,0.617015,,,,,,,,,,,,
1176,19.600000,0.256251,0.219205,0.336158,-0.248125,-0.081064,0.644151,-0.152418,-0.040943,0.554615,0.059931,0.056383,0.405194,-0.194340,-0.129497,0.614434,,,,,,,,,,,,
1177,19.616667,0.256367,0.219129,0.335919,-0.249575,-0.081392,0.641281,-0.153414,-0.041230,0.552257,0.059648,0.056187,0.403931,-0.195609,-0.129799,0.611860,,,,,,,,,,,,
1178,19.633333,0.256481,0.219055,0.335682,-0.250993,-0.081722,0.638425,-0.154386,-0.041517,0.549910,0.059373,0.055989,0.402670,-0.196855,-0.130103,0.609293,,,,,,,,,,,,
1179,19.650000,0.256594,0.218984,0.335448,-0.252380,-0.082049,0.635585,-0.155334,-0.041803,0.547576,0.059105,0.055790,0.401410,-0.198076,-0.130407,0.606735,,,,,,,,,,,,
1180,19.666667,0.256706,0.218916,0.335216,-0.253733,-0.082371,0.632763,-0.156255,-0.042086,0.545254,0.058846,0.055591,0.400151,-0.199271,-0.130709,0.604187,,,,,,,,,,,,
1181,19.683333,0.256818,0.218853,0.334986,-0.255052,-0.082687,0.629960,-0.157150,-0.042365,0.542947,0.058596,0.055392,0.398892,-0.200437,-0.131006,0.601653,,,,,,,,,,,,
1182,19.700000,0.256932,0.218795,0.334757,-0.256333,-0.082994,0.627181,-0.158017,-0.042638,0.540656,0.058356,0.055195,0.397632,-0.201571,-0.131297,0.599137,,,,,,,,,,,,
1183,19.716667,0.257049,0.218742,0.334530,-0.257573,-0.083291,0.624431,-0.158853,-0.042903,0.538384,0.058127,0.055000,0.396372,-0.202669,-0.131580,0.596644,,,,,,,,,,,,
1184,19.733333,0.257168,0.218694,0.334305,-0.258770,-0.083576,0.621715,-0.159658,-0.043158,0.536136,0.057910,0.054809,0.395111,-0.203728,-0.131852,0.594177,,,,,,,,,,,,
1185,19.750000,0.257291,0.218652,0.334080,-0.259919,-0.083843,0.619039,-0.160428,-0.043400,0.533914,0.057705,0.054619,0.393849,-0.204747,-0.132109,0.591744,,,,,,,,,,,,
1186,19.766667,0.257419,0.218615,0.333857,-0.261021,-0.084087,0.616407,-0.161163,-0.043627,0.531722,0.057515,0.054432,0.392587,-0.205725,-0.132347,0.589348,,,,,,,,,,,,
1187,19.783333,0.257551,0.218581,0.333633,-0.262074,-0.084303,0.613822,-0.161861,-0.043835,0.529561,0.057339,0.054245,0.391326,-0.206661,-0.132561,0.586993,,,,,,,,,,,,
1188,19.800000,0.257689,0.218549,0.333409,-0.263080,-0.084487,0.611285,-0.162525,-0.044022,0.527432,0.057178,0.054058,0.390066,-0.207556,-0.132748,0.584684,,,,,,,,,,,,
1189,19.816667,0.257833,0.218515,0.333185,-0.264043,-0.084636,0.608795,-0.163154,-0.044186,0.525336,0.057035,0.053870,0.388808,-0.208414,-0.132904,0.582422,,,,,,,,,,,,
1190,19.833333,0.257985,0.218477,0.332957,-0.264965,-0.084749,0.606350,-0.163752,-0.044328,0.523271,0.056908,0.053680,0.387553,-0.209236,-0.133028,0.580207,,,,,,,,,,,,
1191,19.850000,0.258144,0.218432,0.332727,-0.265853,-0.084828,0.603945,-0.164323,-0.044449,0.521234,0.056798,0.053488,0.386305,-0.210029,-0.133123,0.578033,,,,,,,,,,,,
1192,19.866667,0.258313,0.218380,0.332492,-0.266714,-0.084878,0.601571,-0.164870,-0.044553,0.519221,0.056706,0.053293,0.385068,-0.210799,-0.133193,0.575893,,,,,,,,,,,,
1193,19.883333,0.258490,0.218320,0.332251,-0.267558,-0.084909,0.599218,-0.165401,-0.044645,0.517225,0.056628,0.053099,0.383847,-0.211554,-0.133245,0.573779,,,,,,,,,,,,
1194,19.900000,0.258676,0.218253,0.332007,-0.268395,-0.084929,0.596873,-0.165924,-0.044730,0.515241,0.056562,0.052907,0.382644,-0.212301,-0.133288,0.571680,,,,,,,,,,,,
1195,19.916667,0.258871,0.218180,0.331758,-0.269236,-0.084951,0.594525,-0.166447,-0.044816,0.513262,0.056505,0.052719,0.381464,-0.213048,-0.133331,0.569586,,,,,,,,,,,,
1196,19.933333,0.259072,0.218102,0.331508,-0.270090,-0.084983,0.592161,-0.166977,-0.044907,0.511280,0.056452,0.052538,0.380307,-0.213802,-0.133380,0.567486,,,,,,,,,,,,
1197,19.950000,0.259277,0.218021,0.331256,-0.270965,-0.085034,0.589774,-0.167522,-0.045009,0.509291,0.056399,0.052364,0.379176,-0.214569,-0.133444,0.565372,,,,,,,,,,,,
1198,19.966667,0.259484,0.217939,0.331005,-0.271866,-0.085109,0.587356,-0.168085,-0.045125,0.507290,0.056340,0.052199,0.378068,-0.215354,-0.133528,0.563236,,,,,,,,,,,,
1199,19.983333,0.259688,0.217857,0.330755,-0.272795,-0.085214,0.584904,-0.168671,-0.045258,0.505274,0.056273,0.052043,0.376983,-0.216161,-0.133635,0.561073,,,,,,,,,,,,
1200,20.000000,0.259886,0.217775,0.330508,-0.273755,-0.085349,0.582416,-0.169279,-0.045407,0.503240,0.056193,0.051895,0.375916,-0.216991,-0.133765,0.558879,,,,,,,,,,,,
1201,20.016667,0.260077,0.217694,0.330263,-0.274742,-0.085512,0.579892,-0.169911,-0.045574,0.501186,0.056099,0.051754,0.374862,-0.217843,-0.133919,0.556655,,,,,,,,,,,,
1202,20.033333,0.260257,0.217615,0.330022,-0.275754,-0.085700,0.577334,-0.170565,-0.045754,0.499112,0.055989,0.051617,0.373815,-0.218716,-0.134092,0.554402,,,,,,,,,,,,
1203,20.050000,0.260423,0.217537,0.329782,-0.276788,-0.085907,0.574744,-0.171237,-0.045946,0.497016,0.055864,0.051483,0.372769,-0.219606,-0.134280,0.552120,,,,,,,,,,,,
1204,20.066667,0.260575,0.217460,0.329545,-0.277838,-0.086127,0.572124,-0.171925,-0.046148,0.494900,0.055724,0.051349,0.371719,-0.220512,-0.134480,0.549813,,,,,,,,,,,,
1205,20.083333,0.260713,0.217384,0.329308,-0.278900,-0.086357,0.569477,-0.172625,-0.046357,0.492763,0.055571,0.051214,0.370660,-0.221428,-0.134687,0.547484,,,,,,,,,,,,
1206,20.100000,0.260837,0.217308,0.329072,-0.279969,-0.086593,0.566808,-0.173332,-0.046570,0.490608,0.055408,0.051078,0.369590,-0.222351,-0.134899,0.545134,,,,,,,,,,,,
1207,20.116667,0.260948,0.217233,0.328836,-0.281041,-0.086831,0.564118,-0.174042,-0.046785,0.488436,0.055238,0.050938,0.368508,-0.223276,-0.135114,0.542768,,,,,,,,,,,,
1208,20.133333,0.261049,0.217158,0.328600,-0.282110,-0.087069,0.561414,-0.174753,-0.046999,0.486251,0.055064,0.050796,0.367411,-0.224199,-0.135328,0.540390,,,,,,,,,,,,
1209,20.150000,0.261140,0.217081,0.328363,-0.283172,-0.087303,0.558700,-0.175459,-0.047211,0.484055,0.054888,0.050651,0.366301,-0.225116,-0.135538,0.538005,,,,,,,,,,,,
1210,20.166667,0.261223,0.217004,0.328127,-0.284223,-0.087526,0.555983,-0.176157,-0.047418,0.481854,0.054714,0.050501,0.365177,-0.226023,-0.135740,0.535620,,,,,,,,,,,,
1211,20.183333,0.261298,0.216925,0.327890,-0.285258,-0.087737,0.553270,-0.176844,-0.047618,0.479653,0.054543,0.050346,0.364040,-0.226915,-0.135932,0.533243,,,,,,,,,,,,
1212,20.200000,0.261368,0.216843,0.327654,-0.286274,-0.087932,0.550569,-0.177515,-0.047810,0.477455,0.054378,0.050185,0.362892,-0.227790,-0.136110,0.530881,,,,,,,,,,,,
1213,20.216667,0.261431,0.216759,0.327418,-0.287266,-0.088112,0.547886,-0.178170,-0.047994,0.475267,0.054220,0.050017,0.361736,-0.228645,-0.136276,0.528537,,,,,,,,,,,,
1214,20.233333,0.261490,0.216672,0.327183,-0.288233,-0.088281,0.545226,-0.178805,-0.048175,0.473092,0.054069,0.049841,0.360576,-0.229479,-0.136434,0.526217,,,,,,,,,,,,
1215,20.250000,0.261545,0.216581,0.326950,-0.289174,-0.088444,0.542590,-0.179422,-0.048356,0.470933,0.053925,0.049658,0.359418,-0.230291,-0.136588,0.523918,,,,,,,,,,,,
1216,20.266667,0.261596,0.216488,0.326719,-0.290089,-0.088611,0.539980,-0.180019,-0.048542,0.468791,0.053789,0.049466,0.358265,-0.231083,-0.136747,0.521640,,,,,,,,,,,,
1217,20.283333,0.261643,0.216392,0.326491,-0.290981,-0.088791,0.537390,-0.180599,-0.048742,0.466666,0.053658,0.049266,0.357123,-0.231854,-0.136920,0.519378,,,,,,,,,,,,
1218,20.300000,0.261687,0.216293,0.326266,-0.291851,-0.088995,0.534817,-0.181163,-0.048962,0.464555,0.053531,0.049057,0.355994,-0.232607,-0.137116,0.517128,,,,,,,,,,,,
1219,20.316667,0.261727,0.216193,0.326044,-0.292702,-0.089238,0.532255,-0.181713,-0.049210,0.462456,0.053406,0.048839,0.354880,-0.233341,-0.137347,0.514883,,,,,,,,,,,,
1220,20.333333,0.261763,0.216092,0.325826,-0.293535,-0.089532,0.529699,-0.182251,-0.049494,0.460367,0.053283,0.048613,0.353786,-0.234056,-0.137623,0.512638,,,,,,,,,,,,
1221,20.350000,0.261796,0.215991,0.325613,-0.294350,-0.089887,0.527147,-0.182777,-0.049821,0.458287,0.053161,0.048378,0.352710,-0.234751,-0.137953,0.510389,,,,,,,,,,,,
1222,20.366667,0.261827,0.215890,0.325404,-0.295145,-0.090312,0.524598,-0.183289,-0.050196,0.456214,0.053039,0.048135,0.351656,-0.235423,-0.138345,0.508133,,,,,,,,,,,,
1223,20.383333,0.261857,0.215789,0.325201,-0.295918,-0.090813,0.522053,-0.183786,-0.050621,0.454151,0.052920,0.047883,0.350623,-0.236070,-0.138804,0.505869,,,,,,,,,,,,
1224,20.400000,0.261885,0.215689,0.325005,-0.296665,-0.091390,0.519516,-0.184264,-0.051099,0.452099,0.052805,0.047622,0.349612,-0.236687,-0.139330,0.503600,,,,,,,,,,,,
1225,20.416667,0.261914,0.215590,0.324815,-0.297383,-0.092041,0.516993,-0.184721,-0.051627,0.450062,0.052696,0.047350,0.348621,-0.237271,-0.139922,0.501330,,,,,,,,,,,,
1226,20.433333,0.261943,0.215491,0.324633,-0.298066,-0.092760,0.514490,-0.185152,-0.052203,0.448042,0.052595,0.047067,0.347648,-0.237817,-0.140575,0.499066,,,,,,,,,,,,
1227,20.450000,0.261974,0.215391,0.324458,-0.298713,-0.093539,0.512014,-0.185555,-0.052821,0.446044,0.052505,0.046773,0.346692,-0.238324,-0.141281,0.496814,,,,,,,,,,,,
1228,20.466667,0.262007,0.215292,0.324290,-0.299320,-0.094368,0.509574,-0.185927,-0.053476,0.444071,0.052428,0.046467,0.345751,-0.238788,-0.142033,0.494584,,,,,,,,,,,,
1229,20.483333,0.262041,0.215193,0.324128,-0.299886,-0.095236,0.507175,-0.186266,-0.054160,0.442127,0.052366,0.046150,0.344825,-0.239209,-0.142820,0.492381,,,,,,,,,,,,
1230,20.500000,0.262078,0.215094,0.323971,-0.300411,-0.096133,0.504822,-0.186571,-0.054867,0.440215,0.052320,0.045822,0.343913,-0.239588,-0.143633,0.490214,,,,,,,,,,,,
1231,20.516667,0.262118,0.214996,0.323818,-0.300895,-0.097050,0.502520,-0.186843,-0.055592,0.438338,0.052292,0.045484,0.343015,-0.239925,-0.144464,0.488088,,,,,,,,,,,,
1232,20.533333,0.262162,0.214899,0.323669,-0.301342,-0.097978,0.500272,-0.187084,-0.056326,0.436498,0.052280,0.045137,0.342132,-0.240223,-0.145304,0.486008,,,,,,,,,,,,
1233,20.550000,0.262209,0.214801,0.323525,-0.301752,-0.098911,0.498077,-0.187295,-0.057067,0.434698,0.052285,0.044782,0.341264,-0.240484,-0.146147,0.483976,,,,,,,,,,,,
1234,20.566667,0.262259,0.214702,0.323384,-0.302127,-0.099840,0.495934,-0.187477,-0.057808,0.432937,0.052304,0.044419,0.340412,-0.240715,-0.146985,0.481995,,,,,,,,,,,,
1235,20.583333,0.262313,0.214602,0.323248,-0.302471,-0.100763,0.493837,-0.187635,-0.058547,0.431216,0.052336,0.044050,0.339579,-0.240921,-0.147816,0.480061,,,,,,,,,,,,
1236,20.600000,0.262370,0.214498,0.323118,-0.302788,-0.101678,0.491779,-0.187772,-0.059282,0.429532,0.052380,0.043676,0.338767,-0.241107,-0.148637,0.478170,,,,,,,,,,,,
1237,20.616667,0.262430,0.214393,0.322993,-0.303081,-0.102583,0.489753,-0.187893,-0.060011,0.427881,0.052431,0.043299,0.337976,-0.241277,-0.149448,0.476318,,,,,,,,,,,,
1238,20.633333,0.262493,0.214285,0.322875,-0.303356,-0.103483,0.487751,-0.188000,-0.060736,0.426260,0.052489,0.042920,0.337209,-0.241437,-0.150249,0.474499,,,,,,,,,,,,
1239,20.650000,0.262560,0.214176,0.322765,-0.303618,-0.104377,0.485769,-0.188099,-0.061457,0.424663,0.052550,0.042544,0.336464,-0.241590,-0.151044,0.472705,,,,,,,,,,,,
1240,20.666667,0.262630,0.214066,0.322664,-0.303870,-0.105268,0.483798,-0.188192,-0.062175,0.423084,0.052611,0.042170,0.335743,-0.241739,-0.151833,0.470928,,,,,,,,,,,,
1241,20.683333,0.262702,0.213957,0.322571,-0.304118,-0.106155,0.481832,-0.188283,-0.062890,0.421518,0.052671,0.041802,0.335043,-0.241887,-0.152620,0.469161,,,,,,,,,,,,
1242,20.700000,0.262776,0.213850,0.322487,-0.304363,-0.107039,0.479864,-0.188372,-0.063604,0.419958,0.052728,0.041440,0.334363,-0.242037,-0.153405,0.467394,,,,,,,,,,,,
1243,20.716667,0.262851,0.213743,0.322410,-0.304610,-0.107919,0.477889,-0.188464,-0.064315,0.418400,0.052781,0.041086,0.333699,-0.242192,-0.154189,0.465622,,,,,,,,,,,,
1244,20.733333,0.262926,0.213639,0.322339,-0.304860,-0.108795,0.475900,-0.188559,-0.065022,0.416837,0.052829,0.040740,0.333045,-0.242352,-0.154972,0.463836,,,,,,,,,,,,
1245,20.750000,0.263000,0.213537,0.322272,-0.305116,-0.109662,0.473891,-0.188661,-0.065723,0.415263,0.052872,0.040401,0.332393,-0.242520,-0.155750,0.462033,,,,,,,,,,,,
1246,20.766667,0.263073,0.213437,0.322208,-0.305380,-0.110515,0.471857,-0.188769,-0.066413,0.413672,0.052910,0.040070,0.331737,-0.242698,-0.156517,0.460207,,,,,,,,,,,,
1247,20.783333,0.263144,0.213338,0.322144,-0.305655,-0.111348,0.469791,-0.188886,-0.067089,0.412057,0.052944,0.039746,0.331068,-0.242887,-0.157268,0.458357,,,,,,,,,,,,
1248,20.800000,0.263212,0.213241,0.322079,-0.305943,-0.112155,0.467687,-0.189011,-0.067746,0.410413,0.052974,0.039428,0.330379,-0.243089,-0.157996,0.456479,,,,,,,,,,,,
1249,20.816667,0.263278,0.213144,0.322012,-0.306243,-0.112933,0.465541,-0.189147,-0.068381,0.408734,0.053002,0.039115,0.329664,-0.243304,-0.158698,0.454572,,,,,,,,,,,,
1250,20.833333,0.263342,0.213048,0.321941,-0.306555,-0.113679,0.463350,-0.189291,-0.068993,0.407017,0.053029,0.038808,0.328920,-0.243531,-0.159370,0.452632,,,,,,,,,,,,
1251,20.850000,0.263404,0.212952,0.321866,-0.306877,-0.114394,0.461114,-0.189441,-0.069580,0.405260,0.053056,0.038506,0.328143,-0.243768,-0.160012,0.450659,,,,,,,,,,,,
1252,20.866667,0.263465,0.212857,0.321787,-0.307205,-0.115077,0.458832,-0.189596,-0.070144,0.403462,0.053084,0.038211,0.327332,-0.244013,-0.160626,0.448649,,,,,,,,,,,,
1253,20.883333,0.263525,0.212765,0.321703,-0.307538,-0.115730,0.456505,-0.189753,-0.070685,0.401624,0.053114,0.037921,0.326487,-0.244264,-0.161213,0.446600,,,,,,,,,,,,
1254,20.900000,0.263587,0.212674,0.321613,-0.307871,-0.116355,0.454134,-0.189907,-0.071203,0.399745,0.053149,0.037639,0.325607,-0.244519,-0.161774,0.444508,,,,,,,,,,,,
1255,20.916667,0.263651,0.212587,0.321516,-0.308202,-0.116952,0.451718,-0.190059,-0.071700,0.397826,0.053189,0.037365,0.324693,-0.244776,-0.162312,0.442374,,,,,,,,,,,,
1256,20.933333,0.263719,0.212504,0.321412,-0.308531,-0.117522,0.449258,-0.190207,-0.072175,0.395867,0.053235,0.037101,0.323748,-0.245034,-0.162826,0.440195,,,,,,,,,,,,
1257,20.950000,0.263792,0.212425,0.321300,-0.308858,-0.118066,0.446752,-0.190350,-0.072628,0.393867,0.053288,0.036848,0.322772,-0.245292,-0.163317,0.437973,,,,,,,,,,,,
1258,20.966667,0.263872,0.212351,0.321180,-0.309181,-0.118587,0.444201,-0.190489,-0.073061,0.391830,0.053348,0.036608,0.321769,-0.245548,-0.163785,0.435709,,,,,,,,,,,,
1259,20.983333,0.263958,0.212282,0.321052,-0.309501,-0.119084,0.441610,-0.190623,-0.073473,0.389757,0.053416,0.036380,0.320743,-0.245804,-0.164233,0.433407,,,,,,,,,,,,
1260,21.000000,0.264051,0.212217,0.320915,-0.309816,-0.119561,0.438982,-0.190752,-0.073866,0.387655,0.053490,0.036166,0.319697,-0.246057,-0.164661,0.431069,,,,,,,,,,,,
1261,21.016667,0.264151,0.212156,0.320771,-0.310125,-0.120020,0.436327,-0.190876,-0.074241,0.385529,0.053572,0.035964,0.318636,-0.246307,-0.165072,0.428702,,,,,,,,,,,,
1262,21.033333,0.264257,0.212099,0.320621,-0.310426,-0.120463,0.433653,-0.190992,-0.074602,0.383388,0.053660,0.035774,0.317565,-0.246551,-0.165469,0.426313,,,,,,,,,,,,
1263,21.050000,0.264368,0.212045,0.320466,-0.310716,-0.120893,0.430968,-0.191099,-0.074949,0.381237,0.053754,0.035595,0.316488,-0.246787,-0.165856,0.423908,,,,,,,,,,,,
1264,21.066667,0.264483,0.211993,0.320306,-0.310994,-0.121314,0.428283,-0.191196,-0.075287,0.379085,0.053853,0.035425,0.315410,-0.247013,-0.166235,0.421494,,,,,,,,,,,,
1265,21.083333,0.264603,0.211944,0.320143,-0.311256,-0.121731,0.425606,-0.191282,-0.075619,0.376939,0.053957,0.035263,0.314335,-0.247227,-0.166612,0.419080,,,,,,,,,,,,
1266,21.100000,0.264725,0.211897,0.319977,-0.311501,-0.122148,0.422944,-0.191356,-0.075948,0.374805,0.054066,0.035108,0.313269,-0.247426,-0.166989,0.416671,,,,,,,,,,,,
1267,21.116667,0.264850,0.211851,0.319810,-0.311729,-0.122569,0.420304,-0.191417,-0.076278,0.372689,0.054180,0.034960,0.312214,-0.247608,-0.167371,0.414276,,,,,,,,,,,,
1268,21.133333,0.264976,0.211807,0.319641,-0.311938,-0.122998,0.417691,-0.191466,-0.076610,0.370595,0.054297,0.034815,0.311174,-0.247772,-0.167759,0.411900,,,,,,,,,,,,
1269,21.150000,0.265104,0.211763,0.319472,-0.312128,-0.123435,0.415111,-0.191502,-0.076947,0.368528,0.054418,0.034673,0.310152,-0.247919,-0.168155,0.409549,,,,,,,,,,,,
1270,21.166667,0.265232,0.211718,0.319303,-0.312303,-0.123881,0.412567,-0.191527,-0.077288,0.366492,0.054542,0.034532,0.309148,-0.248048,-0.168559,0.407229,,,,,,,,,,,,
1271,21.183333,0.265359,0.211672,0.319132,-0.312463,-0.124333,0.410062,-0.191543,-0.077633,0.364488,0.054667,0.034389,0.308165,-0.248163,-0.168967,0.404947,,,,,,,,,,,,
1272,21.200000,0.265484,0.211624,0.318960,-0.312610,-0.124789,0.407600,-0.191551,-0.077982,0.362521,0.054793,0.034244,0.307201,-0.248264,-0.169378,0.402707,,,,,,,,,,,,
1273,21.216667,0.265605,0.211573,0.318786,-0.312747,-0.125246,0.405183,-0.191553,-0.078332,0.360591,0.054919,0.034094,0.306256,-0.248354,-0.169790,0.400514,,,,,,,,,,,,
1274,21.233333,0.265721,0.211518,0.318609,-0.312874,-0.125700,0.402817,-0.191550,-0.078682,0.358702,0.055044,0.033939,0.305331,-0.248435,-0.170199,0.398373,,,,,,,,,,,,
1275,21.250000,0.265831,0.211459,0.318429,-0.312995,-0.126147,0.400502,-0.191545,-0.079030,0.356854,0.055167,0.033778,0.304423,-0.248510,-0.170602,0.396286,,,,,,,,,,,,
1276,21.266667,0.265932,0.211395,0.318247,-0.313112,-0.126582,0.398241,-0.191539,-0.079372,0.355049,0.055287,0.033612,0.303531,-0.248582,-0.170994,0.394255,,,,,,,,,,,,
1277,21.283333,0.266026,0.211327,0.318064,-0.313225,-0.127000,0.396033,-0.191532,-0.079706,0.353286,0.055403,0.033440,0.302655,-0.248654,-0.171373,0.392278,,,,,,,,,,,,
1278,21.300000,0.266110,0.211254,0.317880,-0.313337,-0.127399,0.393879,-0.191527,-0.080030,0.351563,0.055515,0.033263,0.301793,-0.248726,-0.171735,0.390353,,,,,,,,,,,,
1279,21.316667,0.266187,0.211176,0.317697,-0.313448,-0.127776,0.391774,-0.191522,-0.080342,0.349879,0.055623,0.033084,0.300944,-0.248801,-0.172080,0.388477,,,,,,,,,,,,
1280,21.333333,0.266257,0.211094,0.317516,-0.313559,-0.128131,0.389717,-0.191520,-0.080640,0.348231,0.055727,0.032903,0.300107,-0.248879,-0.172406,0.386644,,,,,,,,,,,,
1281,21.350000,0.266323,0.211010,0.317338,-0.313669,-0.128462,0.387700,-0.191519,-0.080923,0.346613,0.055827,0.032723,0.299282,-0.248960,-0.172713,0.384848,,,,,,,,,,,,
1282,21.366667,0.266385,0.210923,0.317166,-0.313779,-0.128771,0.385718,-0.191520,-0.081189,0.345022,0.055925,0.032546,0.298466,-0.249044,-0.173001,0.383083,,,,,,,,,,,,
1283,21.383333,0.266447,0.210837,0.316998,-0.313888,-0.129055,0.383763,-0.191521,-0.081439,0.343451,0.056021,0.032374,0.297658,-0.249130,-0.173269,0.381340,,,,,,,,,,,,
1284,21.400000,0.266508,0.210750,0.316836,-0.313996,-0.129316,0.381827,-0.191521,-0.081671,0.341894,0.056116,0.032209,0.296856,-0.249219,-0.173517,0.379615,,,,,,,,,,,,
1285,21.416667,0.266570,0.210666,0.316680,-0.314102,-0.129555,0.379902,-0.191521,-0.081886,0.340347,0.056212,0.032051,0.296058,-0.249309,-0.173746,0.377899,,,,,,,,,,,,
1286,21.433333,0.266634,0.210583,0.316531,-0.314206,-0.129774,0.377984,-0.191519,-0.082087,0.338804,0.056310,0.031900,0.295263,-0.249399,-0.173960,0.376186,,,,,,,,,,,,
1287,21.450000,0.266700,0.210503,0.316390,-0.314307,-0.129981,0.376065,-0.191514,-0.082275,0.337262,0.056408,0.031758,0.294471,-0.249489,-0.174162,0.374472,,,,,,,,,,,,
1288,21.466667,0.266767,0.210427,0.316257,-0.314404,-0.130178,0.374142,-0.191507,-0.082455,0.335717,0.056508,0.031623,0.293680,-0.249576,-0.174357,0.372749,,,,,,,,,,,,
1289,21.483333,0.266836,0.210354,0.316134,-0.314496,-0.130373,0.372210,-0.191496,-0.082629,0.334166,0.056610,0.031496,0.292890,-0.249660,-0.174549,0.371013,,,,,,,,,,,,
1290,21.500000,0.266906,0.210285,0.316022,-0.314582,-0.130571,0.370263,-0.191481,-0.082802,0.332605,0.056713,0.031374,0.292100,-0.249740,-0.174744,0.369260,,,,,,,,,,,,
1291,21.516667,0.266977,0.210220,0.315919,-0.314662,-0.130776,0.368298,-0.191460,-0.082979,0.331032,0.056818,0.031255,0.291311,-0.249814,-0.174945,0.367484,,,,,,,,,,,,
1292,21.533333,0.267049,0.210159,0.315826,-0.314732,-0.130995,0.366310,-0.191431,-0.083161,0.329444,0.056925,0.031139,0.290521,-0.249882,-0.175156,0.365684,,,,,,,,,,,,
1293,21.550000,0.267121,0.210102,0.315743,-0.314792,-0.131232,0.364297,-0.191395,-0.083355,0.327839,0.057036,0.031024,0.289730,-0.249940,-0.175383,0.363856,,,,,,,,,,,,
1294,21.566667,0.267195,0.210048,0.315668,-0.314840,-0.131495,0.362256,-0.191347,-0.083565,0.326214,0.057150,0.030907,0.288939,-0.249987,-0.175628,0.362001,,,,,,,,,,,,
1295,21.583333,0.267271,0.209998,0.315603,-0.314872,-0.131788,0.360185,-0.191288,-0.083794,0.324569,0.057271,0.030788,0.288146,-0.250020,-0.175896,0.360116,,,,,,,,,,,,
1296,21.600000,0.267350,0.209951,0.315544,-0.314888,-0.132116,0.358083,-0.191215,-0.084045,0.322905,0.057398,0.030663,0.287353,-0.250037,-0.176191,0.358204,,,,,,,,,,,,
1297,21.616667,0.267430,0.209906,0.315492,-0.314885,-0.132480,0.355951,-0.191128,-0.084321,0.321220,0.057533,0.030532,0.286558,-0.250038,-0.176512,0.356267,,,,,,,,,,,,
1298,21.633333,0.267513,0.209862,0.315445,-0.314863,-0.132883,0.353789,-0.191025,-0.084623,0.319515,0.057676,0.030392,0.285761,-0.250021,-0.176861,0.354305,,,,,,,,,,,,
1299,21.650000,0.267597,0.209818,0.315402,-0.314823,-0.133323,0.351596,-0.190908,-0.084951,0.317791,0.057827,0.030242,0.284960,-0.249988,-0.177235,0.352324,,,,,,,,,,,,
1300,21.666667,0.267681,0.209771,0.315360,-0.314766,-0.133798,0.349374,-0.190777,-0.085303,0.316046,0.057986,0.030079,0.284153,-0.249939,-0.177633,0.350323,,,,,,,,,,,,
1301,21.683333,0.267762,0.209720,0.315318,-0.314691,-0.134307,0.347127,-0.190634,-0.085680,0.314284,0.058151,0.029903,0.283338,-0.249874,-0.178056,0.348305,,,,,,,,,,,,
1302,21.700000,0.267839,0.209662,0.315276,-0.314601,-0.134849,0.344858,-0.190481,-0.086079,0.312505,0.058322,0.029713,0.282514,-0.249792,-0.178505,0.346267,,,,,,,,,,,,
1303,21.716667,0.267909,0.209598,0.315231,-0.314495,-0.135423,0.342570,-0.190317,-0.086501,0.310712,0.058497,0.029508,0.281680,-0.249688,-0.178985,0.344205,,,,,,,,,,,,
1304,21.733333,0.267971,0.209528,0.315183,-0.314375,-0.136027,0.340267,-0.190145,-0.086945,0.308905,0.058675,0.029288,0.280835,-0.249564,-0.179498,0.342115,,,,,,,,,,,,
1305,21.750000,0.268024,0.209450,0.315131,-0.314241,-0.136661,0.337949,-0.189966,-0.087409,0.307085,0.058854,0.029053,0.279978,-0.249418,-0.180044,0.339994,,,,,,,,,,,,
1306,21.766667,0.268065,0.209366,0.315075,-0.314094,-0.137322,0.335613,-0.189779,-0.087893,0.305248,0.059033,0.028804,0.279109,-0.249252,-0.180625,0.337838,,,,,,,,,,,,
1307,21.783333,0.268096,0.209277,0.315014,-0.313937,-0.138010,0.333258,-0.189586,-0.088397,0.303392,0.059212,0.028543,0.278226,-0.249069,-0.181237,0.335645,,,,,,,,,,,,
1308,21.800000,0.268115,0.209182,0.314946,-0.313770,-0.138722,0.330879,-0.189387,-0.088920,0.301512,0.059389,0.028272,0.277329,-0.248871,-0.181879,0.333412,,,,,,,,,,,,
1309,21.816667,0.268125,0.209084,0.314872,-0.313595,-0.139455,0.328472,-0.189181,-0.089461,0.299605,0.059564,0.027992,0.276418,-0.248659,-0.182548,0.331137,,,,,,,,,,,,
1310,21.833333,0.268126,0.208982,0.314792,-0.313413,-0.140206,0.326033,-0.188967,-0.090018,0.297669,0.059738,0.027706,0.275493,-0.248437,-0.183237,0.328819,,,,,,,,,,,,
1311,21.850000,0.268121,0.208878,0.314704,-0.313225,-0.140967,0.323557,-0.188746,-0.090586,0.295700,0.059910,0.027415,0.274551,-0.248208,-0.183939,0.326459,,,,,,,,,,,,
1312,21.866667,0.268112,0.208773,0.314609,-0.313032,-0.141730,0.321038,-0.188516,-0.091159,0.293696,0.060084,0.027123,0.273593,-0.247976,-0.184645,0.324060,,,,,,,,,,,,
1313,21.883333,0.268101,0.208666,0.314506,-0.312833,-0.142486,0.318472,-0.188276,-0.091733,0.291655,0.060261,0.026829,0.272616,-0.247743,-0.185345,0.321625,,,,,,,,,,,,
1314,21.900000,0.268090,0.208560,0.314396,-0.312630,-0.143230,0.315854,-0.188026,-0.092301,0.289575,0.060444,0.026537,0.271618,-0.247510,-0.186030,0.319156,,,,,,,,,,,,
1315,21.916667,0.268082,0.208454,0.314277,-0.312422,-0.143954,0.313184,-0.187764,-0.092861,0.287459,0.060635,0.026248,0.270599,-0.247278,-0.186695,0.316657,,,,,,,,,,,,
1316,21.933333,0.268079,0.208348,0.314150,-0.312207,-0.144653,0.310464,-0.187489,-0.093409,0.285306,0.060837,0.025962,0.269558,-0.247044,-0.187337,0.314130,,,,,,,,,,,,
1317,21.950000,0.268084,0.208245,0.314015,-0.311983,-0.145324,0.307695,-0.187199,-0.093942,0.283121,0.061052,0.025681,0.268497,-0.246808,-0.187954,0.311577,,,,,,,,,,,,
1318,21.966667,0.268098,0.208143,0.313872,-0.311751,-0.145967,0.304883,-0.186895,-0.094461,0.280907,0.061280,0.025406,0.267414,-0.246567,-0.188545,0.309000,,,,,,,,,,,,
1319,21.983333,0.268122,0.208043,0.313721,-0.311509,-0.146582,0.302031,-0.186578,-0.094965,0.278666,0.061522,0.025137,0.266311,-0.246318,-0.189113,0.306403,,,,,,,,,,,,
1320,22.000000,0.268155,0.207944,0.313562,-0.311257,-0.147168,0.299145,-0.186248,-0.095452,0.276401,0.061778,0.024874,0.265190,-0.246062,-0.189657,0.303787,,,,,,,,,,,,
1321,22.016667,0.268198,0.207847,0.313397,-0.310994,-0.147730,0.296230,-0.185907,-0.095923,0.274114,0.062047,0.024618,0.264052,-0.245795,-0.190181,0.301153,,,,,,,,,,,,
1322,22.033333,0.268250,0.207750,0.313227,-0.310721,-0.148267,0.293290,-0.185555,-0.096376,0.271805,0.062328,0.024369,0.262899,-0.245516,-0.190684,0.298501,,,,,,,,,,,,
1323,22.050000,0.268310,0.207655,0.313053,-0.310436,-0.148783,0.290332,-0.185192,-0.096813,0.269477,0.062621,0.024127,0.261734,-0.245221,-0.191168,0.295832,,,,,,,,,,,,
1324,22.066667,0.268378,0.207562,0.312875,-0.310140,-0.149281,0.287359,-0.184817,-0.097234,0.267132,0.062924,0.023891,0.260560,-0.244908,-0.191633,0.293147,,,,,,,,,,,,
1325,22.083333,0.268454,0.207472,0.312695,-0.309831,-0.149765,0.284375,-0.184431,-0.097640,0.264774,0.063237,0.023663,0.259380,-0.244575,-0.192083,0.290445,,,,,,,,,,,,
1326,22.100000,0.268537,0.207386,0.312515,-0.309507,-0.150238,0.281385,-0.184033,-0.098034,0.262406,0.063559,0.023443,0.258196,-0.244221,-0.192520,0.287729,,,,,,,,,,,,
1327,22.116667,0.268628,0.207306,0.312334,-0.309169,-0.150704,0.278390,-0.183623,-0.098418,0.260030,0.063888,0.023231,0.257012,-0.243847,-0.192946,0.285000,,,,,,,,,,,,
1328,22.133333,0.268727,0.207233,0.312155,-0.308814,-0.151166,0.275392,-0.183200,-0.098794,0.257652,0.064225,0.023029,0.255833,-0.243454,-0.193365,0.282262,,,,,,,,,,,,
1329,22.150000,0.268835,0.207170,0.311977,-0.308441,-0.151627,0.272391,-0.182765,-0.099164,0.255274,0.064568,0.022837,0.254663,-0.243043,-0.193779,0.279519,,,,,,,,,,,,
1330,22.166667,0.268953,0.207117,0.311802,-0.308049,-0.152090,0.269390,-0.182316,-0.099529,0.252901,0.064916,0.022656,0.253507,-0.242616,-0.194189,0.276776,,,,,,,,,,,,
1331,22.183333,0.269081,0.207077,0.311631,-0.307639,-0.152556,0.266392,-0.181856,-0.099892,0.250536,0.065268,0.022488,0.252370,-0.242175,-0.194600,0.274036,,,,,,,,,,,,
1332,22.200000,0.269221,0.207049,0.311463,-0.307212,-0.153027,0.263402,-0.181384,-0.100254,0.248186,0.065624,0.022333,0.251258,-0.241720,-0.195014,0.271306,,,,,,,,,,,,
1333,22.216667,0.269372,0.207035,0.311301,-0.306766,-0.153505,0.260426,-0.180901,-0.100615,0.245856,0.065981,0.022192,0.250175,-0.241251,-0.195432,0.268593,,,,,,,,,,,,
1334,22.233333,0.269536,0.207033,0.311145,-0.306304,-0.153990,0.257471,-0.180408,-0.100974,0.243554,0.066339,0.022065,0.249127,-0.240768,-0.195856,0.265903,,,,,,,,,,,,
1335,22.250000,0.269712,0.207042,0.310995,-0.305826,-0.154479,0.254546,-0.179908,-0.101332,0.241286,0.066697,0.021951,0.248116,-0.240274,-0.196282,0.263247,,,,,,,,,,,,
1336,22.266667,0.269899,0.207061,0.310854,-0.305335,-0.154969,0.251661,-0.179402,-0.101687,0.239060,0.067054,0.021851,0.247146,-0.239772,-0.196708,0.260637,,,,,,,,,,,,
1337,22.283333,0.270095,0.207086,0.310720,-0.304834,-0.155457,0.248830,-0.178892,-0.102036,0.236886,0.067409,0.021762,0.246216,-0.239264,-0.197129,0.258084,,,,,,,,,,,,
1338,22.300000,0.270297,0.207115,0.310595,-0.304325,-0.155939,0.246065,-0.178382,-0.102377,0.234770,0.067761,0.021684,0.245327,-0.238755,-0.197543,0.255601,,,,,,,,,,,,
1339,22.316667,0.270502,0.207146,0.310479,-0.303814,-0.156413,0.243380,-0.177873,-0.102709,0.232721,0.068110,0.021614,0.244477,-0.238248,-0.197946,0.253200,,,,,,,,,,,,
1340,22.333333,0.270703,0.207177,0.310375,-0.303303,-0.156871,0.240786,-0.177371,-0.103029,0.230745,0.068454,0.021548,0.243664,-0.237748,-0.198334,0.250888,,,,,,,,,,,,
1341,22.350000,0.270896,0.207204,0.310282,-0.302797,-0.157309,0.238292,-0.176876,-0.103334,0.228845,0.068792,0.021484,0.242883,-0.237261,-0.198700,0.248674,,,,,,,,,,,,
1342,22.366667,0.271074,0.207226,0.310201,-0.302302,-0.157721,0.235904,-0.176393,-0.103623,0.227024,0.069124,0.021417,0.242129,-0.236792,-0.199042,0.246561,,,,,,,,,,,,
1343,22.383333,0.271233,0.207242,0.310132,-0.301819,-0.158102,0.233621,-0.175922,-0.103893,0.225278,0.069448,0.021345,0.241397,-0.236345,-0.199355,0.244547,,,,,,,,,,,,
1344,22.400000,0.271368,0.207251,0.310073,-0.301352,-0.158453,0.231440,-0.175466,-0.104146,0.223604,0.069764,0.021265,0.240680,-0.235921,-0.199641,0.242628,,,,,,,,,,,,
1345,22.416667,0.271478,0.207252,0.310025,-0.300901,-0.158776,0.229354,-0.175026,-0.104382,0.221995,0.070070,0.021178,0.239975,-0.235518,-0.199902,0.240792,,,,,,,,,,,,
1346,22.433333,0.271561,0.207245,0.309985,-0.300466,-0.159076,0.227349,-0.174602,-0.104604,0.220440,0.070364,0.021082,0.239277,-0.235135,-0.200144,0.239024,,,,,,,,,,,,
1347,22.450000,0.271618,0.207233,0.309954,-0.300045,-0.159357,0.225408,-0.174193,-0.104815,0.218929,0.070647,0.020978,0.238581,-0.234767,-0.200371,0.237309,,,,,,,,,,,,
1348,22.466667,0.271651,0.207214,0.309928,-0.299637,-0.159624,0.223515,-0.173798,-0.105016,0.217447,0.070919,0.020867,0.237884,-0.234412,-0.200588,0.235628,,,,,,,,,,,,
1349,22.483333,0.271661,0.207190,0.309907,-0.299238,-0.159880,0.221648,-0.173412,-0.105209,0.215982,0.071181,0.020750,0.237183,-0.234065,-0.200796,0.233965,,,,,,,,,,,,
1350,22.500000,0.271654,0.207163,0.309888,-0.298843,-0.160127,0.219789,-0.173034,-0.105397,0.214520,0.071437,0.020628,0.236473,-0.233724,-0.200998,0.232305,,,,,,,,,,,,
1351,22.516667,0.271633,0.207133,0.309869,-0.298448,-0.160371,0.217923,-0.172658,-0.105579,0.213050,0.071689,0.020503,0.235753,-0.233383,-0.201197,0.230634,,,,,,,,,,,,
1352,22.533333,0.271605,0.207102,0.309847,-0.298046,-0.160616,0.216035,-0.172281,-0.105758,0.211563,0.071940,0.020378,0.235020,-0.233037,-0.201395,0.228941,,,,,,,,,,,,
1353,22.550000,0.271573,0.207073,0.309821,-0.297633,-0.160866,0.214114,-0.171898,-0.105935,0.210051,0.072193,0.020255,0.234275,-0.232681,-0.201596,0.227215,,,,,,,,,,,,
1354,22.566667,0.271542,0.207046,0.309790,-0.297204,-0.161124,0.212150,-0.171506,-0.106112,0.208507,0.072452,0.020135,0.233515,-0.232311,-0.201801,0.225448,,,,,,,,,,,,
1355,22.583333,0.271517,0.207022,0.309752,-0.296756,-0.161389,0.210136,-0.171101,-0.106288,0.206927,0.072718,0.020019,0.232741,-0.231923,-0.202011,0.223633,,,,,,,,,,,,
1356,22.600000,0.271500,0.207004,0.309707,-0.296285,-0.161661,0.208068,-0.170680,-0.106463,0.205307,0.072994,0.019908,0.231952,-0.231515,-0.202225,0.221769,,,,,,,,,,,,
1357,22.616667,0.271492,0.206990,0.309652,-0.295791,-0.161937,0.205942,-0.170243,-0.106637,0.203645,0.073282,0.019803,0.231146,-0.231087,-0.202443,0.219853,,,,,,,,,,,,
1358,22.633333,0.271494,0.206981,0.309587,-0.295274,-0.162217,0.203760,-0.169786,-0.106812,0.201939,0.073582,0.019703,0.230322,-0.230638,-0.202663,0.217886,,,,,,,,,,,,
1359,22.650000,0.271507,0.206975,0.309510,-0.294735,-0.162499,0.201526,-0.169310,-0.106988,0.200190,0.073895,0.019607,0.229479,-0.230169,-0.202885,0.215871,,,,,,,,,,,,
1360,22.666667,0.271530,0.206973,0.309420,-0.294173,-0.162782,0.199243,-0.168815,-0.107165,0.198399,0.074221,0.019517,0.228616,-0.229680,-0.203109,0.213813,,,,,,,,,,,,
1361,22.683333,0.271561,0.206972,0.309317,-0.293591,-0.163066,0.196919,-0.168300,-0.107345,0.196570,0.074559,0.019429,0.227734,-0.229171,-0.203334,0.211716,,,,,,,,,,,,
1362,22.700000,0.271600,0.206971,0.309200,-0.292989,-0.163348,0.194559,-0.167766,-0.107526,0.194707,0.074910,0.019343,0.226831,-0.228646,-0.203561,0.209584,,,,,,,,,,,,
1363,22.716667,0.271646,0.206969,0.309067,-0.292372,-0.163627,0.192169,-0.167215,-0.107708,0.192815,0.075273,0.019257,0.225907,-0.228105,-0.203787,0.207424,,,,,,,,,,,,
1364,22.733333,0.271697,0.206965,0.308919,-0.291738,-0.163902,0.189753,-0.166648,-0.107891,0.190896,0.075648,0.019170,0.224963,-0.227549,-0.204012,0.205238,,,,,,,,,,,,
1365,22.750000,0.271754,0.206958,0.308756,-0.291091,-0.164175,0.187314,-0.166066,-0.108076,0.188955,0.076035,0.019081,0.224001,-0.226980,-0.204237,0.203032,,,,,,,,,,,,
1366,22.766667,0.271816,0.206946,0.308578,-0.290430,-0.164446,0.184854,-0.165469,-0.108263,0.186994,0.076432,0.018989,0.223020,-0.226398,-0.204462,0.200807,,,,,,,,,,,,
1367,22.783333,0.271885,0.206932,0.308386,-0.289756,-0.164719,0.182376,-0.164858,-0.108455,0.185017,0.076838,0.018894,0.222026,-0.225800,-0.204691,0.198566,,,,,,,,,,,,
1368,22.800000,0.271960,0.206914,0.308183,-0.289069,-0.164995,0.179884,-0.164233,-0.108651,0.183027,0.077253,0.018796,0.221020,-0.225185,-0.204925,0.196310,,,,,,,,,,,,
1369,22.816667,0.272043,0.206894,0.307969,-0.288367,-0.165276,0.177380,-0.163595,-0.108853,0.181030,0.077677,0.018695,0.220006,-0.224550,-0.205166,0.194041,,,,,,,,,,,,
1370,22.833333,0.272133,0.206873,0.307746,-0.287651,-0.165564,0.174870,-0.162944,-0.109062,0.179028,0.078107,0.018591,0.218987,-0.223895,-0.205416,0.191763,,,,,,,,,,,,
1371,22.850000,0.272231,0.206853,0.307517,-0.286922,-0.165859,0.172357,-0.162281,-0.109277,0.177026,0.078543,0.018487,0.217968,-0.223219,-0.205674,0.189480,,,,,,,,,,,,
1372,22.866667,0.272335,0.206835,0.307282,-0.286181,-0.166161,0.169847,-0.161606,-0.109499,0.175028,0.078983,0.018381,0.216952,-0.222526,-0.205939,0.187197,,,,,,,,,,,,
1373,22.883333,0.272447,0.206820,0.307044,-0.285430,-0.166468,0.167345,-0.160923,-0.109725,0.173040,0.079426,0.018277,0.215943,-0.221818,-0.206211,0.184922,,,,,,,,,,,,
1374,22.900000,0.272564,0.206809,0.306805,-0.284672,-0.166781,0.164857,-0.160235,-0.109955,0.171066,0.079868,0.018174,0.214942,-0.221101,-0.206487,0.182661,,,,,,,,,,,,
1375,22.916667,0.272686,0.206803,0.306565,-0.283911,-0.167096,0.162389,-0.159545,-0.110187,0.169110,0.080309,0.018074,0.213955,-0.220378,-0.206764,0.180420,,,,,,,,,,,,
1376,22.933333,0.272812,0.206801,0.306327,-0.283150,-0.167410,0.159947,-0.158857,-0.110417,0.167178,0.080745,0.017978,0.212982,-0.219657,-0.207040,0.178208,,,,,,,,,,,,
1377,22.950000,0.272940,0.206802,0.306092,-0.282395,-0.167720,0.157537,-0.158176,-0.110642,0.165273,0.081174,0.017887,0.212027,-0.218941,-0.207309,0.176029,,,,,,,,,,,,
1378,22.966667,0.273068,0.206807,0.305861,-0.281650,-0.168020,0.155166,-0.157506,-0.110859,0.163399,0.081594,0.017802,0.211091,-0.218238,-0.207568,0.173891,,,,,,,,,,,,
1379,22.983333,0.273194,0.206813,0.305637,-0.280919,-0.168305,0.152838,-0.156849,-0.111066,0.161563,0.082003,0.017723,0.210174,-0.217552,-0.207813,0.171799,,,,,,,,,,,,
1380,23.000000,0.273318,0.206819,0.305420,-0.280206,-0.168572,0.150560,-0.156209,-0.111258,0.159766,0.082400,0.017649,0.209279,-0.216887,-0.208040,0.169756,,,,,,,,,,,,
1381,23.016667,0.273435,0.206825,0.305212,-0.279515,-0.168816,0.148338,-0.155588,-0.111434,0.158012,0.082783,0.017581,0.208404,-0.216246,-0.208247,0.167766,,,,,,,,,,,,
1382,23.033333,0.273546,0.206829,0.305015,-0.278847,-0.169035,0.146174,-0.154987,-0.111592,0.156304,0.083154,0.017518,0.207550,-0.215631,-0.208431,0.165829,,,,,,,,,,,,
1383,23.050000,0.273648,0.206831,0.304828,-0.278204,-0.169225,0.144069,-0.154408,-0.111730,0.154641,0.083511,0.017459,0.206716,-0.215042,-0.208591,0.163943,,,,,,,,,,,,
1384,23.066667,0.273740,0.206832,0.304651,-0.277585,-0.169384,0.142020,-0.153847,-0.111846,0.153020,0.083857,0.017405,0.205899,-0.214480,-0.208724,0.162107,,,,,,,,,,,,
1385,23.083333,0.273822,0.206830,0.304485,-0.276989,-0.169511,0.140023,-0.153306,-0.111942,0.151438,0.084192,0.017354,0.205098,-0.213944,-0.208830,0.160314,,,,,,,,,,,,
1386,23.100000,0.273894,0.206827,0.304328,-0.276414,-0.169606,0.138070,-0.152781,-0.112016,0.149889,0.084518,0.017308,0.204309,-0.213431,-0.208910,0.158559,,,,,,,,,,,,
1387,23.116667,0.273957,0.206823,0.304180,-0.275856,-0.169671,0.136152,-0.152270,-0.112070,0.148367,0.084835,0.017266,0.203530,-0.212940,-0.208965,0.156833,,,,,,,,,,,,
1388,23.133333,0.274012,0.206818,0.304041,-0.275313,-0.169710,0.134260,-0.151771,-0.112105,0.146863,0.085146,0.017229,0.202757,-0.212465,-0.208997,0.155128,,,,,,,,,,,,
1389,23.150000,0.274059,0.206812,0.303910,-0.274779,-0.169723,0.132381,-0.151279,-0.112123,0.145370,0.085452,0.017195,0.201987,-0.212003,-0.209007,0.153435,,,,,,,,,,,,
1390,23.166667,0.274101,0.206807,0.303786,-0.274250,-0.169713,0.130506,-0.150790,-0.112126,0.143879,0.085756,0.017164,0.201216,-0.211550,-0.208998,0.151746,,,,,,,,,,,,
1391,23.183333,0.274138,0.206801,0.303669,-0.273721,-0.169683,0.128622,-0.150299,-0.112115,0.142383,0.086060,0.017136,0.200442,-0.211101,-0.208971,0.150052,,,,,,,,,,,,
1392,23.200000,0.274172,0.206796,0.303556,-0.273186,-0.169637,0.126719,-0.149802,-0.112093,0.140873,0.086369,0.017110,0.199660,-0.210652,-0.208929,0.148345,,,,,,,,,,,,
1393,23.216667,0.274203,0.206790,0.303447,-0.272641,-0.169577,0.124787,-0.149294,-0.112064,0.139342,0.086683,0.017085,0.198869,-0.210198,-0.208876,0.146618,,,,,,,,,,,,
1394,23.233333,0.274234,0.206783,0.303342,-0.272081,-0.169510,0.122819,-0.148772,-0.112032,0.137785,0.087005,0.017060,0.198066,-0.209734,-0.208817,0.144866,,,,,,,,,,,,
1395,23.250000,0.274266,0.206775,0.303239,-0.271501,-0.169442,0.120809,-0.148232,-0.112000,0.136199,0.087337,0.017034,0.197252,-0.209254,-0.208757,0.143082,,,,,,,,,,,,
1396,23.266667,0.274299,0.206766,0.303139,-0.270897,-0.169378,0.118754,-0.147672,-0.111972,0.134579,0.087679,0.017007,0.196425,-0.208754,-0.208702,0.141264,,,,,,,,,,,,
1397,23.283333,0.274335,0.206754,0.303042,-0.270266,-0.169325,0.116652,-0.147090,-0.111951,0.132926,0.088033,0.016979,0.195587,-0.208229,-0.208654,0.139407,,,,,,,,,,,,
1398,23.300000,0.274374,0.206741,0.302946,-0.269605,-0.169288,0.114503,-0.146484,-0.111940,0.131238,0.088399,0.016949,0.194738,-0.207676,-0.208619,0.137509,,,,,,,,,,,,
1399,23.316667,0.274418,0.206728,0.302851,-0.268912,-0.169269,0.112309,-0.145852,-0.111939,0.129517,0.088777,0.016919,0.193881,-0.207090,-0.208600,0.135568,,,,,,,,,,,,
1400,23.333333,0.274468,0.206715,0.302758,-0.268184,-0.169273,0.110072,-0.145195,-0.111950,0.127765,0.089167,0.016890,0.193018,-0.206469,-0.208598,0.133583,,,,,,,,,,,,
1401,23.350000,0.274526,0.206706,0.302666,-0.267422,-0.169302,0.107798,-0.144512,-0.111973,0.125986,0.089567,0.016866,0.192150,-0.205808,-0.208618,0.131553,,,,,,,,,,,,
1402,23.366667,0.274594,0.206701,0.302576,-0.266626,-0.169357,0.105491,-0.143806,-0.112006,0.124184,0.089975,0.016848,0.191280,-0.205108,-0.208659,0.129480,,,,,,,,,,,,
1403,23.383333,0.274672,0.206703,0.302489,-0.265800,-0.169437,0.103158,-0.143080,-0.112048,0.122365,0.090389,0.016839,0.190410,-0.204370,-0.208721,0.127367,,,,,,,,,,,,
1404,23.400000,0.274760,0.206712,0.302404,-0.264948,-0.169535,0.100804,-0.142337,-0.112095,0.120532,0.090806,0.016842,0.189540,-0.203598,-0.208798,0.125219,,,,,,,,,,,,
1405,23.416667,0.274857,0.206727,0.302322,-0.264076,-0.169643,0.098437,-0.141583,-0.112140,0.118689,0.091224,0.016857,0.188672,-0.202801,-0.208884,0.123041,,,,,,,,,,,,
1406,23.433333,0.274961,0.206746,0.302243,-0.263193,-0.169751,0.096062,-0.140823,-0.112177,0.116841,0.091639,0.016885,0.187804,-0.201985,-0.208969,0.120838,,,,,,,,,,,,
1407,23.450000,0.275068,0.206768,0.302165,-0.262308,-0.169847,0.093685,-0.140064,-0.112200,0.114991,0.092050,0.016926,0.186934,-0.201162,-0.209046,0.118616,,,,,,,,,,,,
1408,23.466667,0.275175,0.206790,0.302088,-0.261429,-0.169921,0.091310,-0.139311,-0.112202,0.113139,0.092455,0.016979,0.186061,-0.200341,-0.209104,0.116380,,,,,,,,,,,,
1409,23.483333,0.275281,0.206809,0.302008,-0.260561,-0.169964,0.088940,-0.138569,-0.112178,0.111287,0.092854,0.017044,0.185184,-0.199529,-0.209136,0.114135,,,,,,,,,,,,
1410,23.500000,0.275383,0.206826,0.301925,-0.259709,-0.169969,0.086576,-0.137841,-0.112124,0.109436,0.093246,0.017120,0.184302,-0.198732,-0.209136,0.111883,,,,,,,,,,,,
1411,23.516667,0.275481,0.206839,0.301836,-0.258875,-0.169933,0.084218,-0.137127,-0.112039,0.107584,0.093633,0.017206,0.183415,-0.197953,-0.209101,0.109627,,,,,,,,,,,,
1412,23.533333,0.275576,0.206849,0.301738,-0.258057,-0.169855,0.081863,-0.136426,-0.111923,0.105732,0.094014,0.017303,0.182523,-0.197194,-0.209029,0.107370,,,,,,,,,,,,
1413,23.550000,0.275668,0.206857,0.301631,-0.257254,-0.169736,0.079508,-0.135735,-0.111777,0.103876,0.094393,0.017410,0.181625,-0.196454,-0.208920,0.105114,,,,,,,,,,,,
1414,23.566667,0.275760,0.206866,0.301512,-0.256461,-0.169581,0.077150,-0.135053,-0.111604,0.102015,0.094770,0.017527,0.180721,-0.195729,-0.208779,0.102861,,,,,,,,,,,,
1415,23.583333,0.275853,0.206875,0.301382,-0.255673,-0.169397,0.074785,-0.134374,-0.111410,0.100148,0.095148,0.017653,0.179813,-0.195018,-0.208608,0.100614,,,,,,,,,,,,
1416,23.600000,0.275950,0.206886,0.301241,-0.254886,-0.169190,0.072411,-0.133696,-0.111199,0.098276,0.095527,0.017787,0.178902,-0.194313,-0.208416,0.098374,,,,,,,,,,,,
1417,23.616667,0.276052,0.206900,0.301091,-0.254094,-0.168969,0.070030,-0.133015,-0.110979,0.096399,0.095909,0.017927,0.177992,-0.193613,-0.208208,0.096143,,,,,,,,,,,,
1418,23.633333,0.276160,0.206916,0.300932,-0.253295,-0.168743,0.067644,-0.132330,-0.110754,0.094521,0.096295,0.018071,0.177084,-0.192911,-0.207992,0.093923,,,,,,,,,,,,
1419,23.650000,0.276273,0.206933,0.300768,-0.252486,-0.168521,0.065258,-0.131637,-0.110533,0.092647,0.096683,0.018216,0.176182,-0.192204,-0.207776,0.091717,,,,,,,,,,,,
1420,23.666667,0.276391,0.206952,0.300601,-0.251666,-0.168308,0.062879,-0.130937,-0.110318,0.090780,0.097074,0.018360,0.175288,-0.191490,-0.207567,0.089530,,,,,,,,,,,,
1421,23.683333,0.276512,0.206971,0.300433,-0.250833,-0.168111,0.060514,-0.130227,-0.110116,0.088927,0.097468,0.018500,0.174405,-0.190765,-0.207369,0.087364,,,,,,,,,,,,
1422,23.700000,0.276635,0.206990,0.300265,-0.249989,-0.167933,0.058169,-0.129510,-0.109929,0.087093,0.097865,0.018634,0.173533,-0.190029,-0.207188,0.085222,,,,,,,,,,,,
1423,23.716667,0.276759,0.207008,0.300099,-0.249134,-0.167778,0.055852,-0.128784,-0.109760,0.085281,0.098265,0.018760,0.172676,-0.189281,-0.207027,0.083109,,,,,,,,,,,,
1424,23.733333,0.276883,0.207024,0.299937,-0.248269,-0.167648,0.053566,-0.128051,-0.109611,0.083496,0.098667,0.018876,0.171834,-0.188520,-0.206887,0.081026,,,,,,,,,,,,
1425,23.750000,0.277005,0.207038,0.299781,-0.247394,-0.167543,0.051317,-0.127312,-0.109481,0.081740,0.099071,0.018983,0.171007,-0.187748,-0.206769,0.078977,,,,,,,,,,,,
1426,23.766667,0.277126,0.207049,0.299629,-0.246512,-0.167463,0.049106,-0.126568,-0.109370,0.080015,0.099478,0.019079,0.170196,-0.186965,-0.206674,0.076963,,,,,,,,,,,,
1427,23.783333,0.277244,0.207058,0.299483,-0.245624,-0.167405,0.046936,-0.125819,-0.109278,0.078321,0.099886,0.019165,0.169398,-0.186173,-0.206600,0.074985,,,,,,,,,,,,
1428,23.800000,0.277358,0.207064,0.299343,-0.244732,-0.167368,0.044808,-0.125068,-0.109202,0.076661,0.100296,0.019241,0.168614,-0.185375,-0.206544,0.073044,,,,,,,,,,,,
1429,23.816667,0.277469,0.207068,0.299206,-0.243837,-0.167346,0.042724,-0.124313,-0.109142,0.075034,0.100709,0.019306,0.167843,-0.184573,-0.206503,0.071140,,,,,,,,,,,,
1430,23.833333,0.277577,0.207070,0.299072,-0.242942,-0.167336,0.040683,-0.123557,-0.109094,0.073440,0.101124,0.019362,0.167082,-0.183768,-0.206474,0.069276,,,,,,,,,,,,
1431,23.850000,0.277681,0.207069,0.298941,-0.242048,-0.167336,0.038686,-0.122800,-0.109056,0.071879,0.101543,0.019409,0.166331,-0.182962,-0.206455,0.067451,,,,,,,,,,,,
1432,23.866667,0.277783,0.207068,0.298813,-0.241155,-0.167343,0.036735,-0.122042,-0.109027,0.070353,0.101966,0.019449,0.165587,-0.182157,-0.206443,0.065668,,,,,,,,,,,,
1433,23.883333,0.277882,0.207066,0.298686,-0.240267,-0.167353,0.034831,-0.121284,-0.109004,0.068861,0.102394,0.019482,0.164851,-0.181356,-0.206436,0.063928,,,,,,,,,,,,
1434,23.900000,0.277978,0.207063,0.298559,-0.239383,-0.167367,0.032974,-0.120529,-0.108986,0.067403,0.102826,0.019509,0.164121,-0.180559,-0.206430,0.062231,,,,,,,,,,,,
1435,23.916667,0.278073,0.207060,0.298434,-0.238506,-0.167380,0.031167,-0.119776,-0.108970,0.065981,0.103264,0.019533,0.163396,-0.179768,-0.206425,0.060579,,,,,,,,,,,,
1436,23.933333,0.278167,0.207059,0.298308,-0.237638,-0.167392,0.029412,-0.119027,-0.108955,0.064596,0.103705,0.019553,0.162677,-0.178985,-0.206417,0.058972,,,,,,,,,,,,
1437,23.950000,0.278261,0.207058,0.298183,-0.236779,-0.167400,0.027709,-0.118283,-0.108938,0.063249,0.104150,0.019572,0.161963,-0.178211,-0.206406,0.057409,,,,,,,,,,,,
1438,23.966667,0.278357,0.207059,0.298057,-0.235931,-0.167402,0.026061,-0.117547,-0.108915,0.061941,0.104599,0.019592,0.161256,-0.177448,-0.206386,0.055892,,,,,,,,,,,,
1439,23.983333,0.278454,0.207063,0.297931,-0.235096,-0.167394,0.024467,-0.116818,-0.108884,0.060674,0.105052,0.019613,0.160556,-0.176697,-0.206356,0.054422,,,,,,,,,,,,
1440,24.000000,0.278555,0.207070,0.297805,-0.234276,-0.167372,0.022926,-0.116101,-0.108842,0.059447,0.105507,0.019639,0.159865,-0.175961,-0.206312,0.052998,,,,,,,,,,,,
1441,24.016667,0.278660,0.207081,0.297679,-0.233472,-0.167331,0.021437,-0.115395,-0.108782,0.058259,0.105965,0.019668,0.159184,-0.175244,-0.206246,0.051621,,,,,,,,,,,,
1442,24.033333,0.278768,0.207094,0.297555,-0.232687,-0.167265,0.019991,-0.114702,-0.108702,0.057104,0.106424,0.019704,0.158516,-0.174551,-0.206155,0.050288,,,,,,,,,,,,
1443,24.050000,0.278880,0.207111,0.297432,-0.231922,-0.167166,0.018582,-0.114024,-0.108596,0.055979,0.106884,0.019745,0.157862,-0.173884,-0.206032,0.048997,,,,,,,,,,,,
1444,24.066667,0.278994,0.207129,0.297312,-0.231178,-0.167028,0.017198,-0.113362,-0.108461,0.054877,0.107341,0.019795,0.157223,-0.173249,-0.205871,0.047743,,,,,,,,,,,,
1445,24.083333,0.279109,0.207150,0.297196,-0.230456,-0.166847,0.015829,-0.112718,-0.108296,0.053790,0.107794,0.019854,0.156601,-0.172647,-0.205671,0.046520,,,,,,,,,,,,
1446,24.100000,0.279223,0.207174,0.297085,-0.229758,-0.166621,0.014469,-0.112092,-0.108100,0.052713,0.108237,0.019924,0.155994,-0.172078,-0.205431,0.045322,,,,,,,,,,,,
1447,24.116667,0.279332,0.207200,0.296980,-0.229082,-0.166352,0.013109,-0.111484,-0.107874,0.051644,0.108668,0.020006,0.155402,-0.171541,-0.205154,0.044138,,,,,,,,,,,,
1448,24.133333,0.279433,0.207229,0.296883,-0.228428,-0.166045,0.011749,-0.110895,-0.107624,0.050578,0.109084,0.020099,0.154825,-0.171031,-0.204846,0.042961,,,,,,,,,,,,
1449,24.150000,0.279523,0.207261,0.296793,-0.227793,-0.165707,0.010384,-0.110324,-0.107352,0.049512,0.109482,0.020205,0.154261,-0.170542,-0.204514,0.041782,,,,,,,,,,,,
1450,24.166667,0.279599,0.207297,0.296711,-0.227174,-0.165348,0.009013,-0.109769,-0.107063,0.048444,0.109863,0.020321,0.153706,-0.170065,-0.204167,0.040594,,,,,,,,,,,,
1451,24.183333,0.279661,0.207338,0.296635,-0.226563,-0.164976,0.007631,-0.109224,-0.106764,0.047369,0.110228,0.020449,0.153158,-0.169593,-0.203810,0.039388,,,,,,,,,,,,
1452,24.200000,0.279710,0.207383,0.296564,-0.225954,-0.164598,0.006231,-0.108684,-0.106458,0.046280,0.110581,0.020585,0.152611,-0.169118,-0.203452,0.038159,,,,,,,,,,,,
1453,24.216667,0.279747,0.207432,0.296498,-0.225339,-0.164222,0.004808,-0.108144,-0.106149,0.045172,0.110926,0.020729,0.152062,-0.168630,-0.203096,0.036898,,,,,,,,,,,,
1454,24.233333,0.279776,0.207485,0.296433,-0.224708,-0.163853,0.003355,-0.107594,-0.105842,0.044040,0.111269,0.020881,0.151507,-0.168120,-0.202748,0.035601,,,,,,,,,,,,
1455,24.250000,0.279803,0.207541,0.296368,-0.224054,-0.163497,0.001870,-0.107028,-0.105538,0.042881,0.111617,0.021038,0.150941,-0.167580,-0.202412,0.034264,,,,,,,,,,,,
1456,24.266667,0.279832,0.207601,0.296302,-0.223368,-0.163157,0.000348,-0.106437,-0.105243,0.041692,0.111976,0.021200,0.150361,-0.167002,-0.202090,0.032885,,,,,,,,,,,,
1457,24.283333,0.279869,0.207664,0.296233,-0.222642,-0.162837,-0.001209,-0.105815,-0.104957,0.040473,0.112355,0.021365,0.149766,-0.166377,-0.201786,0.031464,,,,,,,,,,,,
1458,24.300000,0.279918,0.207730,0.296159,-0.221870,-0.162538,-0.002804,-0.105155,-0.104683,0.039222,0.112758,0.021533,0.149155,-0.165700,-0.201501,0.030001,,,,,,,,,,,,
1459,24.316667,0.279983,0.207799,0.296080,-0.221048,-0.162261,-0.004435,-0.104451,-0.104424,0.037940,0.113189,0.021701,0.148527,-0.164967,-0.201237,0.028496,,,,,,,,,,,,
1460,24.333333,0.280068,0.207871,0.295995,-0.220170,-0.162008,-0.006104,-0.103700,-0.104179,0.036627,0.113653,0.021868,0.147882,-0.164176,-0.200994,0.026952,,,,,,,,,,,,
1461,24.350000,0.280174,0.207945,0.295902,-0.219234,-0.161779,-0.007812,-0.102899,-0.103951,0.035284,0.114149,0.022033,0.147221,-0.163324,-0.200774,0.025368,,,,,,,,,,,,
1462,24.366667,0.280302,0.208022,0.295800,-0.218241,-0.161577,-0.009558,-0.102049,-0.103742,0.033909,0.114678,0.022195,0.146546,-0.162413,-0.200578,0.023747,,,,,,,,,,,,
1463,24.383333,0.280451,0.208100,0.295691,-0.217191,-0.161403,-0.011344,-0.101150,-0.103552,0.032505,0.115235,0.022352,0.145858,-0.161445,-0.200407,0.022092,,,,,,,,,,,,
1464,24.400000,0.280620,0.208178,0.295573,-0.216088,-0.161259,-0.013168,-0.100207,-0.103385,0.031072,0.115819,0.022500,0.145158,-0.160426,-0.200263,0.020407,,,,,,,,,,,,
1465,24.416667,0.280805,0.208254,0.295446,-0.214936,-0.161146,-0.015028,-0.099225,-0.103243,0.029612,0.116424,0.022638,0.144449,-0.159362,-0.200146,0.018694,,,,,,,,,,,,
1466,24.433333,0.281002,0.208326,0.295311,-0.213741,-0.161064,-0.016920,-0.098207,-0.103125,0.028130,0.117046,0.022763,0.143732,-0.158260,-0.200056,0.016961,,,,,,,,,,,,
1467,24.450000,0.281209,0.208392,0.295168,-0.212511,-0.161014,-0.018840,-0.097163,-0.103035,0.026630,0.117682,0.022871,0.143009,-0.157128,-0.199995,0.015215,,,,,,,,,,,,
1468,24.466667,0.281423,0.208450,0.295017,-0.211252,-0.160998,-0.020778,-0.096096,-0.102973,0.025118,0.118328,0.022962,0.142283,-0.155974,-0.199963,0.013463,,,,,,,,,,,,
1469,24.483333,0.281639,0.208501,0.294857,-0.209973,-0.161015,-0.022726,-0.095016,-0.102940,0.023601,0.118980,0.023033,0.141556,-0.154806,-0.199958,0.011716,,,,,,,,,,,,
1470,24.500000,0.281857,0.208544,0.294691,-0.208680,-0.161064,-0.024674,-0.093927,-0.102935,0.022086,0.119635,0.023084,0.140830,-0.153635,-0.199979,0.009984,,,,,,,,,,,,
1471,24.516667,0.282075,0.208578,0.294516,-0.207383,-0.161142,-0.026610,-0.092836,-0.102955,0.020582,0.120292,0.023114,0.140108,-0.152467,-0.200024,0.008278,,,,,,,,,,,,
1472,24.533333,0.282292,0.208604,0.294335,-0.206090,-0.161244,-0.028522,-0.091749,-0.103000,0.019096,0.120947,0.023124,0.139393,-0.151312,-0.200087,0.006606,,,,,,,,,,,,
1473,24.550000,0.282506,0.208622,0.294146,-0.204809,-0.161366,-0.030398,-0.090672,-0.103065,0.017638,0.121598,0.023115,0.138689,-0.150178,-0.200165,0.004980,,,,,,,,,,,,
1474,24.566667,0.282718,0.208634,0.293949,-0.203548,-0.161504,-0.032228,-0.089612,-0.103147,0.016216,0.122244,0.023087,0.137998,-0.149073,-0.200254,0.003408,,,,,,,,,,,,
1475,24.583333,0.282927,0.208639,0.293746,-0.202317,-0.161653,-0.034001,-0.088577,-0.103242,0.014837,0.122879,0.023043,0.137323,-0.148003,-0.200351,0.001898,,,,,,,,,,,,
1476,24.600000,0.283132,0.208639,0.293536,-0.201125,-0.161810,-0.035708,-0.087572,-0.103346,0.013506,0.123501,0.022985,0.136668,-0.146974,-0.200453,0.000456,,,,,,,,,,,,
1477,24.616667,0.283330,0.208633,0.293322,-0.199977,-0.161968,-0.037344,-0.086605,-0.103456,0.012230,0.124105,0.022915,0.136034,-0.145992,-0.200559,-0.000917,,,,,,,,,,,,
1478,24.633333,0.283520,0.208621,0.293105,-0.198882,-0.162124,-0.038905,-0.085680,-0.103568,0.011012,0.124687,0.022833,0.135424,-0.145058,-0.200664,-0.002223,,,,,,,,,,,,
1479,24.650000,0.283697,0.208603,0.292885,-0.197842,-0.162271,-0.040393,-0.084800,-0.103679,0.009851,0.125243,0.022744,0.134837,-0.144174,-0.200767,-0.003466,,,,,,,,,,,,
1480,24.666667,0.283861,0.208581,0.292664,-0.196859,-0.162406,-0.041811,-0.083967,-0.103786,0.008747,0.125770,0.022648,0.134273,-0.143338,-0.200867,-0.004655,,,,,,,,,,,,
1481,24.683333,0.284010,0.208554,0.292443,-0.195931,-0.162525,-0.043166,-0.083181,-0.103888,0.007693,0.126266,0.022551,0.133729,-0.142549,-0.200960,-0.005796,,,,,,,,,,,,
1482,24.700000,0.284143,0.208525,0.292222,-0.195055,-0.162628,-0.044464,-0.082439,-0.103981,0.006685,0.126732,0.022456,0.133203,-0.141801,-0.201046,-0.006895,,,,,,,,,,,,
1483,24.716667,0.284262,0.208496,0.292002,-0.194226,-0.162715,-0.045715,-0.081737,-0.104064,0.005714,0.127169,0.022367,0.132691,-0.141092,-0.201122,-0.007961,,,,,,,,,,,,
1484,24.733333,0.284366,0.208468,0.291784,-0.193438,-0.162782,-0.046927,-0.081071,-0.104134,0.004773,0.127581,0.022286,0.132190,-0.140415,-0.201186,-0.009000,,,,,,,,,,,,
1485,24.750000,0.284458,0.208443,0.291568,-0.192684,-0.162828,-0.048107,-0.080434,-0.104189,0.003856,0.127971,0.022215,0.131697,-0.139765,-0.201234,-0.010021,,,,,,,,,,,,
1486,24.766667,0.284539,0.208421,0.291355,-0.191957,-0.162850,-0.049264,-0.079818,-0.104226,0.002956,0.128344,0.022157,0.131209,-0.139135,-0.201264,-0.011031,,,,,,,,,,,,
1487,24.783333,0.284611,0.208404,0.291144,-0.191249,-0.162848,-0.050404,-0.079219,-0.104245,0.002067,0.128705,0.022112,0.130722,-0.138519,-0.201275,-0.012038,,,,,,,,,,,,
1488,24.800000,0.284678,0.208392,0.290936,-0.190554,-0.162823,-0.051533,-0.078629,-0.104245,0.001184,0.129060,0.022081,0.130235,-0.137909,-0.201267,-0.013047,,,,,,,,,,,,
1489,24.816667,0.284740,0.208385,0.290731,-0.189865,-0.162779,-0.052657,-0.078042,-0.104227,0.000301,0.129412,0.022064,0.129745,-0.137298,-0.201243,-0.014062,,,,,,,,,,,,
1490,24.833333,0.284800,0.208385,0.290530,-0.189174,-0.162719,-0.053780,-0.077454,-0.104192,-0.000584,0.129767,0.022060,0.129250,-0.136679,-0.201205,-0.015088,,,,,,,,,,,,
1491,24.850000,0.284860,0.208390,0.290333,-0.188478,-0.162647,-0.054904,-0.076859,-0.104142,-0.001476,0.130128,0.022068,0.128749,-0.136048,-0.201155,-0.016127,,,,,,,,,,,,
1492,24.866667,0.284920,0.208401,0.290139,-0.187770,-0.162563,-0.056035,-0.076253,-0.104079,-0.002376,0.130499,0.022088,0.128241,-0.135400,-0.201095,-0.017181,,,,,,,,,,,,
1493,24.883333,0.284983,0.208417,0.289949,-0.187046,-0.162471,-0.057175,-0.075632,-0.104005,-0.003287,0.130882,0.022117,0.127725,-0.134733,-0.201025,-0.018251,,,,,,,,,,,,
1494,24.900000,0.285049,0.208439,0.289762,-0.186303,-0.162371,-0.058327,-0.074993,-0.103922,-0.004211,0.131279,0.022154,0.127201,-0.134045,-0.200948,-0.019338,,,,,,,,,,,,
1495,24.916667,0.285120,0.208465,0.289576,-0.185538,-0.162264,-0.059494,-0.074333,-0.103832,-0.005148,0.131694,0.022196,0.126668,-0.133335,-0.200863,-0.020440,,,,,,,,,,,,
1496,24.933333,0.285198,0.208496,0.289391,-0.184752,-0.162152,-0.060675,-0.073653,-0.103736,-0.006099,0.132126,0.022243,0.126127,-0.132604,-0.200772,-0.021557,,,,,,,,,,,,
1497,24.950000,0.285283,0.208531,0.289205,-0.183943,-0.162035,-0.061869,-0.072951,-0.103636,-0.007061,0.132576,0.022293,0.125577,-0.131853,-0.200677,-0.022686,,,,,,,,,,,,
1498,24.966667,0.285376,0.208569,0.289019,-0.183115,-0.161917,-0.063076,-0.072231,-0.103535,-0.008035,0.133041,0.022344,0.125021,-0.131084,-0.200579,-0.023825,,,,,,,,,,,,
1499,24.983333,0.285476,0.208610,0.288830,-0.182270,-0.161796,-0.064292,-0.071493,-0.103434,-0.009017,0.133520,0.022396,0.124458,-0.130301,-0.200479,-0.024971,,,,,,,,,,,,
1500,25.000000,0.285583,0.208651,0.288638,-0.181412,-0.161674,-0.065516,-0.070742,-0.103332,-0.010006,0.134013,0.022446,0.123889,-0.129506,-0.200377,-0.026121,,,,,,,,,,,,
1501,25.016667,0.285697,0.208692,0.288444,-0.180544,-0.161547,-0.066745,-0.069981,-0.103230,-0.011000,0.134516,0.022494,0.123316,-0.128707,-0.200270,-0.027274,,,,,,,,,,,,
1502,25.033333,0.285818,0.208732,0.288246,-0.179672,-0.161416,-0.067976,-0.069214,-0.103126,-0.011997,0.135027,0.022539,0.122740,-0.127906,-0.200158,-0.028425,,,,,,,,,,,,
1503,25.050000,0.285945,0.208771,0.288045,-0.178799,-0.161278,-0.069204,-0.068443,-0.103020,-0.012992,0.135544,0.022584,0.122162,-0.127108,-0.200038,-0.029571,,,,,,,,,,,,
1504,25.066667,0.286078,0.208808,0.287842,-0.177931,-0.161134,-0.070424,-0.067675,-0.102910,-0.013982,0.136063,0.022627,0.121585,-0.126318,-0.199912,-0.030707,,,,,,,,,,,,
1505,25.083333,0.286218,0.208845,0.287639,-0.177071,-0.160984,-0.071632,-0.066914,-0.102796,-0.014963,0.136581,0.022672,0.121013,-0.125537,-0.199780,-0.031829,,,,,,,,,,,,
1506,25.100000,0.286364,0.208882,0.287436,-0.176221,-0.160830,-0.072822,-0.066162,-0.102678,-0.015929,0.137094,0.022719,0.120450,-0.124768,-0.199642,-0.032933,,,,,,,,,,,,
1507,25.116667,0.286515,0.208919,0.287237,-0.175385,-0.160670,-0.073991,-0.065424,-0.102554,-0.016878,0.137598,0.022771,0.119898,-0.124013,-0.199499,-0.034017,,,,,,,,,,,,
1508,25.133333,0.286671,0.208956,0.287042,-0.174566,-0.160504,-0.075134,-0.064702,-0.102424,-0.017806,0.138092,0.022826,0.119360,-0.123273,-0.199350,-0.035076,,,,,,,,,,,,
1509,25.150000,0.286830,0.208993,0.286854,-0.173764,-0.160332,-0.076249,-0.063994,-0.102288,-0.018711,0.138574,0.022887,0.118837,-0.122549,-0.199196,-0.036111,,,,,,,,,,,,
1510,25.166667,0.286991,0.209031,0.286671,-0.172981,-0.160150,-0.077336,-0.063302,-0.102144,-0.019593,0.139046,0.022953,0.118328,-0.121843,-0.199034,-0.037119,,,,,,,,,,,,
1511,25.183333,0.287152,0.209070,0.286495,-0.172217,-0.159959,-0.078395,-0.062625,-0.101992,-0.020452,0.139508,0.023022,0.117834,-0.121155,-0.198863,-0.038100,,,,,,,,,,,,
1512,25.200000,0.287313,0.209109,0.286324,-0.171472,-0.159756,-0.079427,-0.061963,-0.101830,-0.021290,0.139960,0.023097,0.117353,-0.120485,-0.198682,-0.039057,,,,,,,,,,,,
1513,25.216667,0.287472,0.209148,0.286158,-0.170745,-0.159543,-0.080435,-0.061315,-0.101660,-0.022109,0.140404,0.023175,0.116883,-0.119832,-0.198491,-0.039991,,,,,,,,,,,,
1514,25.233333,0.287629,0.209187,0.285998,-0.170034,-0.159318,-0.081422,-0.060679,-0.101480,-0.022911,0.140839,0.023257,0.116423,-0.119196,-0.198290,-0.040905,,,,,,,,,,,,
1515,25.250000,0.287784,0.209226,0.285844,-0.169337,-0.159080,-0.082391,-0.060054,-0.101291,-0.023698,0.141267,0.023343,0.115972,-0.118576,-0.198077,-0.041801,,,,,,,,,,,,
1516,25.266667,0.287935,0.209265,0.285694,-0.168653,-0.158828,-0.083345,-0.059438,-0.101091,-0.024474,0.141688,0.023433,0.115529,-0.117969,-0.197851,-0.042685,,,,,,,,,,,,
1517,25.283333,0.288084,0.209304,0.285549,-0.167979,-0.158560,-0.084286,-0.058829,-0.100881,-0.025239,0.142105,0.023525,0.115092,-0.117373,-0.197613,-0.043558,,,,,,,,,,,,
1518,25.300000,0.288229,0.209343,0.285410,-0.167314,-0.158276,-0.085216,-0.058226,-0.100660,-0.025995,0.142517,0.023621,0.114660,-0.116786,-0.197361,-0.044423,,,,,,,,,,,,
1519,25.316667,0.288371,0.209382,0.285275,-0.166654,-0.157978,-0.086137,-0.057625,-0.100431,-0.026744,0.142925,0.023720,0.114234,-0.116205,-0.197098,-0.045284,,,,,,,,,,,,
1520,25.333333,0.288512,0.209423,0.285146,-0.165997,-0.157669,-0.087053,-0.057026,-0.100194,-0.027487,0.143331,0.023822,0.113812,-0.115626,-0.196825,-0.046142,,,,,,,,,,,,
1521,25.350000,0.288650,0.209466,0.285022,-0.165340,-0.157352,-0.087964,-0.056425,-0.099952,-0.028227,0.143733,0.023929,0.113394,-0.115047,-0.196547,-0.047000,,,,,,,,,,,,
1522,25.366667,0.288787,0.209510,0.284904,-0.164679,-0.157031,-0.088877,-0.055823,-0.099707,-0.028966,0.144133,0.024039,0.112980,-0.114462,-0.196265,-0.047862,,,,,,,,,,,,
1523,25.383333,0.288922,0.209557,0.284793,-0.164012,-0.156710,-0.089794,-0.055216,-0.099461,-0.029707,0.144531,0.024154,0.112569,-0.113871,-0.195984,-0.048731,,,,,,,,,,,,
1524,25.400000,0.289054,0.209607,0.284689,-0.163336,-0.156394,-0.090721,-0.054604,-0.099217,-0.030453,0.144926,0.024272,0.112161,-0.113271,-0.195705,-0.049607,,,,,,,,,,,,
1525,25.416667,0.289184,0.209658,0.284591,-0.162647,-0.156086,-0.091661,-0.053986,-0.098977,-0.031207,0.145319,0.024393,0.111756,-0.112661,-0.195431,-0.050493,,,,,,,,,,,,
1526,25.433333,0.289311,0.209710,0.284500,-0.161946,-0.155790,-0.092615,-0.053362,-0.098743,-0.031969,0.145709,0.024516,0.111353,-0.112040,-0.195166,-0.051388,,,,,,,,,,,,
1527,25.450000,0.289435,0.209763,0.284416,-0.161231,-0.155510,-0.093583,-0.052731,-0.098518,-0.032738,0.146098,0.024640,0.110953,-0.111407,-0.194913,-0.052290,,,,,,,,,,,,
1528,25.466667,0.289556,0.209815,0.284340,-0.160502,-0.155250,-0.094563,-0.052095,-0.098304,-0.033514,0.146483,0.024764,0.110558,-0.110763,-0.194673,-0.053195,,,,,,,,,,,,
1529,25.483333,0.289673,0.209867,0.284270,-0.159762,-0.155011,-0.095552,-0.051454,-0.098102,-0.034294,0.146865,0.024887,0.110169,-0.110109,-0.194450,-0.054103,,,,,,,,,,,,
1530,25.500000,0.289787,0.209916,0.284208,-0.159010,-0.154795,-0.096548,-0.050810,-0.097912,-0.035077,0.147243,0.025008,0.109788,-0.109445,-0.194243,-0.055009,,,,,,,,,,,,
1531,25.516667,0.289897,0.209964,0.284153,-0.158247,-0.154601,-0.097550,-0.050163,-0.097734,-0.035861,0.147617,0.025126,0.109415,-0.108772,-0.194053,-0.055913,,,,,,,,,,,,
1532,25.533333,0.290004,0.210010,0.284106,-0.157473,-0.154426,-0.098557,-0.049512,-0.097568,-0.036646,0.147987,0.025240,0.109051,-0.108093,-0.193878,-0.056813,,,,,,,,,,,,
1533,25.550000,0.290106,0.210055,0.284065,-0.156689,-0.154267,-0.099569,-0.048856,-0.097411,-0.037432,0.148354,0.025352,0.108696,-0.107407,-0.193715,-0.057710,,,,,,,,,,,,
1534,25.566667,0.290204,0.210099,0.284031,-0.155894,-0.154122,-0.100585,-0.048196,-0.097263,-0.038218,0.148716,0.025462,0.108348,-0.106714,-0.193562,-0.058603,,,,,,,,,,,,
1535,25.583333,0.290297,0.210143,0.284003,-0.155087,-0.153987,-0.101607,-0.047529,-0.097122,-0.039006,0.149075,0.025572,0.108007,-0.106016,-0.193417,-0.059494,,,,,,,,,,,,
1536,25.600000,0.290385,0.210187,0.283982,-0.154270,-0.153863,-0.102635,-0.046857,-0.096986,-0.039796,0.149431,0.025681,0.107672,-0.105311,-0.193279,-0.060384,,,,,,,,,,,,
1537,25.616667,0.290466,0.210233,0.283966,-0.153441,-0.153746,-0.103668,-0.046178,-0.096854,-0.040590,0.149784,0.025792,0.107342,-0.104598,-0.193146,-0.061275,,,,,,,,,,,,
1538,25.633333,0.290541,0.210281,0.283957,-0.152601,-0.153636,-0.104708,-0.045493,-0.096725,-0.041387,0.150133,0.025905,0.107016,-0.103877,-0.193017,-0.062171,,,,,,,,,,,,
1539,25.650000,0.290607,0.210332,0.283954,-0.151750,-0.153528,-0.105756,-0.044800,-0.096597,-0.042191,0.150478,0.026022,0.106691,-0.103147,-0.192889,-0.063073,,,,,,,,,,,,
1540,25.666667,0.290665,0.210384,0.283957,-0.150888,-0.153422,-0.106815,-0.044099,-0.096467,-0.043003,0.150820,0.026142,0.106366,-0.102407,-0.192761,-0.063987,,,,,,,,,,,,
1541,25.683333,0.290714,0.210440,0.283963,-0.150014,-0.153312,-0.107887,-0.043390,-0.096335,-0.043826,0.151159,0.026268,0.106038,-0.101656,-0.192629,-0.064917,,,,,,,,,,,,
1542,25.700000,0.290756,0.210499,0.283973,-0.149128,-0.153199,-0.108976,-0.042671,-0.096198,-0.044662,0.151494,0.026400,0.105706,-0.100895,-0.192493,-0.065867,,,,,,,,,,,,
1543,25.716667,0.290792,0.210560,0.283985,-0.148231,-0.153080,-0.110083,-0.041944,-0.096055,-0.045513,0.151827,0.026539,0.105367,-0.100121,-0.192350,-0.066840,,,,,,,,,,,,
1544,25.733333,0.290823,0.210624,0.283997,-0.147322,-0.152954,-0.111212,-0.041208,-0.095905,-0.046382,0.152157,0.026688,0.105018,-0.099334,-0.192199,-0.067839,,,,,,,,,,,,
1545,25.750000,0.290853,0.210689,0.284008,-0.146402,-0.152820,-0.112362,-0.040464,-0.095745,-0.047268,0.152485,0.026845,0.104660,-0.098534,-0.192041,-0.068865,,,,,,,,,,,,
1546,25.766667,0.290883,0.210756,0.284017,-0.145472,-0.152675,-0.113530,-0.039714,-0.095576,-0.048169,0.152814,0.027011,0.104290,-0.097721,-0.191873,-0.069916,,,,,,,,,,,,
1547,25.783333,0.290916,0.210823,0.284023,-0.144535,-0.152521,-0.114711,-0.038958,-0.095397,-0.049080,0.153146,0.027184,0.103911,-0.096897,-0.191696,-0.070989,,,,,,,,,,,,
1548,25.800000,0.290954,0.210890,0.284025,-0.143595,-0.152356,-0.115896,-0.038199,-0.095209,-0.049996,0.153486,0.027361,0.103522,-0.096064,-0.191512,-0.072075,,,,,,,,,,,,
1549,25.816667,0.290999,0.210956,0.284021,-0.142656,-0.152183,-0.117075,-0.037439,-0.095012,-0.050910,0.153835,0.027541,0.103127,-0.095224,-0.191320,-0.073164,,,,,,,,,,,,
1550,25.833333,0.291055,0.211020,0.284010,-0.141722,-0.152001,-0.118238,-0.036681,-0.094809,-0.051814,0.154198,0.027719,0.102727,-0.094383,-0.191123,-0.074248,,,,,,,,,,,,
1551,25.850000,0.291122,0.211082,0.283993,-0.140797,-0.151812,-0.119377,-0.035925,-0.094600,-0.052702,0.154575,0.027895,0.102326,-0.093542,-0.190920,-0.075316,,,,,,,,,,,,
1552,25.866667,0.291203,0.211141,0.283967,-0.139883,-0.151617,-0.120487,-0.035173,-0.094388,-0.053571,0.154967,0.028067,0.101927,-0.092707,-0.190714,-0.076364,,,,,,,,,,,,
1553,25.883333,0.291301,0.211197,0.283935,-0.138981,-0.151417,-0.121567,-0.034427,-0.094174,-0.054418,0.155370,0.028232,0.101533,-0.091879,-0.190505,-0.077386,,,,,,,,,,,,
1554,25.900000,0.291417,0.211249,0.283895,-0.138090,-0.151214,-0.122617,-0.033685,-0.093959,-0.055243,0.155783,0.028393,0.101147,-0.091061,-0.190292,-0.078383,,,,,,,,,,,,
1555,25.916667,0.291549,0.211297,0.283847,-0.137211,-0.151010,-0.123641,-0.032951,-0.093744,-0.056049,0.156200,0.028550,0.100770,-0.090254,-0.190077,-0.079356,,,,,,,,,,,,
1556,25.933333,0.291699,0.211342,0.283794,-0.136342,-0.150805,-0.124643,-0.032223,-0.093528,-0.056838,0.156618,0.028706,0.100402,-0.089459,-0.189859,-0.080307,,,,,,,,,,,,
1557,25.950000,0.291865,0.211386,0.283735,-0.135483,-0.150599,-0.125628,-0.031505,-0.093310,-0.057614,0.157030,0.028865,0.100045,-0.088679,-0.189637,-0.081239,,,,,,,,,,,,
1558,25.966667,0.292045,0.211430,0.283671,-0.134636,-0.150388,-0.126601,-0.030798,-0.093087,-0.058378,0.157432,0.029029,0.099698,-0.087913,-0.189407,-0.082157,,,,,,,,,,,,
1559,25.983333,0.292236,0.211476,0.283605,-0.133800,-0.150170,-0.127565,-0.030103,-0.092857,-0.059134,0.157819,0.029203,0.099363,-0.087164,-0.189165,-0.083066,,,,,,,,,,,,
1560,26.000000,0.292435,0.211525,0.283539,-0.132978,-0.149941,-0.128525,-0.029422,-0.092615,-0.059884,0.158186,0.029390,0.099039,-0.086432,-0.188910,-0.083970,,,,,,,,,,,,
1561,26.016667,0.292639,0.211579,0.283475,-0.132171,-0.149694,-0.129483,-0.028759,-0.092357,-0.060631,0.158531,0.029593,0.098726,-0.085718,-0.188635,-0.084872,,,,,,,,,,,,
1562,26.033333,0.292844,0.211639,0.283418,-0.131380,-0.149427,-0.130441,-0.028114,-0.092079,-0.061376,0.158851,0.029816,0.098423,-0.085023,-0.188339,-0.085775,,,,,,,,,,,,
1563,26.050000,0.293047,0.211707,0.283369,-0.130607,-0.149135,-0.131401,-0.027490,-0.091779,-0.062119,0.159148,0.030057,0.098130,-0.084346,-0.188019,-0.086681,,,,,,,,,,,,
1564,26.066667,0.293244,0.211782,0.283330,-0.129855,-0.148816,-0.132362,-0.026885,-0.091455,-0.062862,0.159421,0.030317,0.097844,-0.083687,-0.187676,-0.087592,,,,,,,,,,,,
1565,26.083333,0.293432,0.211864,0.283300,-0.129121,-0.148471,-0.133323,-0.026300,-0.091109,-0.063603,0.159676,0.030594,0.097564,-0.083044,-0.187313,-0.088506,,,,,,,,,,,,
1566,26.100000,0.293609,0.211952,0.283279,-0.128406,-0.148105,-0.134284,-0.025734,-0.090745,-0.064343,0.159914,0.030882,0.097286,-0.082414,-0.186933,-0.089423,,,,,,,,,,,,
1567,26.116667,0.293772,0.212045,0.283266,-0.127707,-0.147724,-0.135242,-0.025183,-0.090369,-0.065080,0.160142,0.031179,0.097010,-0.081793,-0.186545,-0.090340,,,,,,,,,,,,
1568,26.133333,0.293921,0.212142,0.283261,-0.127017,-0.147337,-0.136198,-0.024642,-0.089987,-0.065816,0.160362,0.031479,0.096733,-0.081177,-0.186156,-0.091257,,,,,,,,,,,,
1569,26.150000,0.294055,0.212242,0.283263,-0.126332,-0.146955,-0.137151,-0.024106,-0.089607,-0.066549,0.160579,0.031778,0.096456,-0.080559,-0.185775,-0.092172,,,,,,,,,,,,
1570,26.166667,0.294175,0.212342,0.283270,-0.125642,-0.146586,-0.138102,-0.023569,-0.089240,-0.067281,0.160798,0.032069,0.096176,-0.079932,-0.185411,-0.093084,,,,,,,,,,,,
1571,26.183333,0.294282,0.212442,0.283282,-0.124940,-0.146244,-0.139051,-0.023023,-0.088893,-0.068011,0.161020,0.032351,0.095895,-0.079288,-0.185073,-0.093994,,,,,,,,,,,,
1572,26.200000,0.294380,0.212541,0.283298,-0.124218,-0.145939,-0.139999,-0.022461,-0.088574,-0.068741,0.161250,0.032618,0.095612,-0.078618,-0.184770,-0.094901,,,,,,,,,,,,
1573,26.216667,0.294469,0.212638,0.283318,-0.123467,-0.145679,-0.140946,-0.021877,-0.088291,-0.069470,0.161490,0.032869,0.095328,-0.077917,-0.184509,-0.095804,,,,,,,,,,,,
1574,26.233333,0.294554,0.212734,0.283339,-0.122681,-0.145472,-0.141894,-0.021266,-0.088049,-0.070199,0.161743,0.033101,0.095043,-0.077176,-0.184296,-0.096704,,,,,,,,,,,,
1575,26.250000,0.294635,0.212826,0.283362,-0.121855,-0.145322,-0.142841,-0.020623,-0.087852,-0.070927,0.162012,0.033312,0.094756,-0.076392,-0.184135,-0.097602,,,,,,,,,,,,
1576,26.266667,0.294715,0.212914,0.283386,-0.120987,-0.145230,-0.143788,-0.019946,-0.087702,-0.071653,0.162299,0.033499,0.094470,-0.075562,-0.184027,-0.098497,,,,,,,,,,,,
1577,26.283333,0.294795,0.212996,0.283410,-0.120073,-0.145196,-0.144734,-0.019231,-0.087600,-0.072377,0.162606,0.033661,0.094182,-0.074685,-0.183971,-0.099389,,,,,,,,,,,,
1578,26.300000,0.294875,0.213073,0.283432,-0.119115,-0.145221,-0.145679,-0.018480,-0.087546,-0.073099,0.162937,0.033797,0.093895,-0.073763,-0.183968,-0.100278,,,,,,,,,,,,
1579,26.316667,0.294957,0.213142,0.283450,-0.118115,-0.145301,-0.146620,-0.017692,-0.087540,-0.073817,0.163291,0.033904,0.093606,-0.072797,-0.184015,-0.101160,,,,,,,,,,,,
1580,26.333333,0.295041,0.213202,0.283464,-0.117075,-0.145437,-0.147555,-0.016869,-0.087581,-0.074530,0.163671,0.033984,0.093316,-0.071792,-0.184111,-0.102034,,,,,,,,,,,,
1581,26.350000,0.295128,0.213254,0.283472,-0.115999,-0.145626,-0.148480,-0.016015,-0.087666,-0.075236,0.164075,0.034034,0.093025,-0.070753,-0.184252,-0.102896,,,,,,,,,,,,
1582,26.366667,0.295219,0.213297,0.283472,-0.114893,-0.145864,-0.149393,-0.015132,-0.087795,-0.075934,0.164502,0.034056,0.092734,-0.069683,-0.184437,-0.103743,,,,,,,,,,,,
1583,26.383333,0.295313,0.213331,0.283465,-0.113761,-0.146150,-0.150292,-0.014224,-0.087965,-0.076622,0.164951,0.034049,0.092442,-0.068589,-0.184663,-0.104574,,,,,,,,,,,,
1584,26.400000,0.295411,0.213355,0.283449,-0.112608,-0.146480,-0.151177,-0.013296,-0.088174,-0.077301,0.165416,0.034015,0.092152,-0.067475,-0.184926,-0.105389,,,,,,,,,,,,
1585,26.416667,0.295512,0.213371,0.283425,-0.111437,-0.146854,-0.152049,-0.012353,-0.088420,-0.077971,0.165893,0.033956,0.091863,-0.066345,-0.185226,-0.106187,,,,,,,,,,,,
1586,26.433333,0.295615,0.213377,0.283393,-0.110253,-0.147269,-0.152908,-0.011398,-0.088702,-0.078633,0.166378,0.033872,0.091576,-0.065204,-0.185560,-0.106971,,,,,,,,,,,,
1587,26.450000,0.295719,0.213376,0.283351,-0.109060,-0.147725,-0.153757,-0.010437,-0.089018,-0.079288,0.166865,0.033768,0.091291,-0.064056,-0.185927,-0.107742,,,,,,,,,,,,
1588,26.466667,0.295824,0.213368,0.283301,-0.107860,-0.148220,-0.154598,-0.009473,-0.089364,-0.079938,0.167347,0.033645,0.091006,-0.062905,-0.186323,-0.108504,,,,,,,,,,,,
1589,26.483333,0.295926,0.213353,0.283241,-0.106658,-0.148750,-0.155433,-0.008511,-0.089740,-0.080585,0.167821,0.033506,0.090722,-0.061754,-0.186747,-0.109262,,,,,,,,,,,,
1590,26.500000,0.296024,0.213330,0.283171,-0.105457,-0.149312,-0.156267,-0.007554,-0.090140,-0.081232,0.168282,0.033352,0.090437,-0.060606,-0.187194,-0.110019,,,,,,,,,,,,
1591,26.516667,0.296116,0.213300,0.283091,-0.104260,-0.149902,-0.157101,-0.006606,-0.090563,-0.081882,0.168727,0.033186,0.090149,-0.059464,-0.187663,-0.110780,,,,,,,,,,,,
1592,26.533333,0.296202,0.213263,0.283000,-0.103067,-0.150516,-0.157941,-0.005668,-0.091004,-0.082535,0.169154,0.033009,0.089857,-0.058328,-0.188148,-0.111548,,,,,,,,,,,,
1593,26.550000,0.296281,0.213219,0.282898,-0.101880,-0.151151,-0.158787,-0.004743,-0.091459,-0.083196,0.169560,0.032825,0.089561,-0.057202,-0.188648,-0.112324,,,,,,,,,,,,
1594,26.566667,0.296355,0.213169,0.282785,-0.100700,-0.151803,-0.159642,-0.003832,-0.091926,-0.083862,0.169946,0.032636,0.089260,-0.056083,-0.189160,-0.113110,,,,,,,,,,,,
1595,26.583333,0.296425,0.213113,0.282661,-0.099528,-0.152470,-0.160504,-0.002935,-0.092401,-0.084534,0.170313,0.032443,0.088955,-0.054975,-0.189683,-0.113904,,,,,,,,,,,,
1596,26.600000,0.296493,0.213052,0.282527,-0.098366,-0.153148,-0.161371,-0.002055,-0.092883,-0.085209,0.170660,0.032249,0.088648,-0.053876,-0.190217,-0.114700,,,,,,,,,,,,
1597,26.616667,0.296562,0.212989,0.282382,-0.097215,-0.153836,-0.162239,-0.001191,-0.093371,-0.085885,0.170991,0.032053,0.088338,-0.052791,-0.190759,-0.115495,,,,,,,,,,,,
1598,26.633333,0.296631,0.212924,0.282227,-0.096078,-0.154529,-0.163102,-0.000343,-0.093862,-0.086556,0.171309,0.031858,0.088028,-0.051721,-0.191310,-0.116281,,,,,,,,,,,,
1599,26.650000,0.296703,0.212857,0.282063,-0.094960,-0.155226,-0.163955,0.000487,-0.094356,-0.087218,0.171615,0.031661,0.087720,-0.050669,-0.191868,-0.117052,,,,,,,,,,,,
1600,26.666667,0.296777,0.212789,0.281891,-0.093863,-0.155922,-0.164791,0.001299,-0.094852,-0.087868,0.171912,0.031463,0.087414,-0.049640,-0.192429,-0.117802,,,,,,,,,,,,
1601,26.683333,0.296851,0.212720,0.281712,-0.092791,-0.156613,-0.165605,0.002093,-0.095349,-0.088501,0.172202,0.031262,0.087111,-0.048635,-0.192993,-0.118526,,,,,,,,,,,,
1602,26.700000,0.296925,0.212650,0.281528,-0.091749,-0.157297,-0.166393,0.002868,-0.095844,-0.089115,0.172487,0.031058,0.086814,-0.047660,-0.193555,-0.119222,,,,,,,,,,,,
1603,26.716667,0.296995,0.212579,0.281341,-0.090738,-0.157969,-0.167151,0.003622,-0.096337,-0.089708,0.172767,0.030850,0.086522,-0.046714,-0.194113,-0.119889,,,,,,,,,,,,
1604,26.733333,0.297061,0.212506,0.281153,-0.089760,-0.158626,-0.167882,0.004355,-0.096823,-0.090282,0.173042,0.030640,0.086235,-0.045801,-0.194663,-0.120526,,,,,,,,,,,,
1605,26.750000,0.297120,0.212432,0.280966,-0.088815,-0.159266,-0.168584,0.005066,-0.097299,-0.090836,0.173312,0.030430,0.085954,-0.044920,-0.195200,-0.121137,,,,,,,,,,,,
1606,26.766667,0.297172,0.212358,0.280781,-0.087902,-0.159882,-0.169263,0.005757,-0.097762,-0.091374,0.173578,0.030220,0.085678,-0.044072,-0.195721,-0.121726,,,,,,,,,,,,
1607,26.783333,0.297217,0.212284,0.280600,-0.087020,-0.160471,-0.169922,0.006428,-0.098208,-0.091898,0.173838,0.030014,0.085407,-0.043256,-0.196219,-0.122296,,,,,,,,,,,,
1608,26.800000,0.297254,0.212213,0.280424,-0.086167,-0.161029,-0.170564,0.007080,-0.098631,-0.092411,0.174092,0.029815,0.085140,-0.042469,-0.196691,-0.122851,,,,,,,,,,,,
1609,26.816667,0.297283,0.212144,0.280254,-0.085341,-0.161553,-0.171194,0.007714,-0.099030,-0.092917,0.174341,0.029625,0.084876,-0.041711,-0.197133,-0.123397,,,,,,,,,,,,
1610,26.833333,0.297306,0.212080,0.280091,-0.084539,-0.162040,-0.171816,0.008330,-0.099400,-0.093416,0.174584,0.029449,0.084615,-0.040978,-0.197542,-0.123935,,,,,,,,,,,,
1611,26.850000,0.297324,0.212021,0.279934,-0.083762,-0.162489,-0.172430,0.008931,-0.099740,-0.093911,0.174821,0.029287,0.084356,-0.040270,-0.197916,-0.124469,,,,,,,,,,,,
1612,26.866667,0.297336,0.211968,0.279786,-0.083007,-0.162900,-0.173038,0.009515,-0.100049,-0.094403,0.175052,0.029142,0.084100,-0.039585,-0.198256,-0.124999,,,,,,,,,,,,
1613,26.883333,0.297345,0.211923,0.279645,-0.082274,-0.163274,-0.173640,0.010082,-0.100327,-0.094889,0.175276,0.029014,0.083847,-0.038922,-0.198561,-0.125525,,,,,,,,,,,,
1614,26.900000,0.297352,0.211885,0.279513,-0.081564,-0.163612,-0.174233,0.010632,-0.100575,-0.095369,0.175493,0.028905,0.083597,-0.038280,-0.198833,-0.126046,,,,,,,,,,,,
1615,26.916667,0.297358,0.211854,0.279388,-0.080877,-0.163917,-0.174815,0.011163,-0.100794,-0.095840,0.175703,0.028812,0.083352,-0.037661,-0.199074,-0.126560,,,,,,,,,,,,
1616,26.933333,0.297364,0.211830,0.279270,-0.080212,-0.164190,-0.175383,0.011675,-0.100986,-0.096300,0.175906,0.028736,0.083113,-0.037064,-0.199285,-0.127065,,,,,,,,,,,,
1617,26.950000,0.297370,0.211814,0.279161,-0.079572,-0.164433,-0.175932,0.012167,-0.101153,-0.096744,0.176102,0.028674,0.082882,-0.036490,-0.199469,-0.127556,,,,,,,,,,,,
1618,26.966667,0.297378,0.211804,0.279058,-0.078956,-0.164649,-0.176459,0.012637,-0.101296,-0.097171,0.176292,0.028626,0.082659,-0.035942,-0.199627,-0.128030,,,,,,,,,,,,
1619,26.983333,0.297387,0.211799,0.278963,-0.078366,-0.164839,-0.176962,0.013084,-0.101417,-0.097577,0.176478,0.028590,0.082447,-0.035420,-0.199762,-0.128484,,,,,,,,,,,,
1620,27.000000,0.297398,0.211801,0.278876,-0.077801,-0.165006,-0.177436,0.013509,-0.101519,-0.097960,0.176658,0.028563,0.082246,-0.034925,-0.199875,-0.128914,,,,,,,,,,,,
1621,27.016667,0.297411,0.211807,0.278796,-0.077264,-0.165151,-0.177881,0.013911,-0.101602,-0.098318,0.176835,0.028546,0.082056,-0.034459,-0.199969,-0.129317,,,,,,,,,,,,
1622,27.033333,0.297425,0.211818,0.278723,-0.076757,-0.165275,-0.178294,0.014291,-0.101669,-0.098651,0.177009,0.028535,0.081880,-0.034021,-0.200044,-0.129693,,,,,,,,,,,,
1623,27.050000,0.297443,0.211833,0.278658,-0.076281,-0.165378,-0.178674,0.014648,-0.101720,-0.098958,0.177179,0.028532,0.081716,-0.033611,-0.200102,-0.130039,,,,,,,,,,,,
1624,27.066667,0.297463,0.211852,0.278601,-0.075838,-0.165462,-0.179021,0.014985,-0.101757,-0.099240,0.177347,0.028534,0.081565,-0.033229,-0.200144,-0.130357,,,,,,,,,,,,
1625,27.083333,0.297486,0.211875,0.278550,-0.075425,-0.165525,-0.179336,0.015303,-0.101781,-0.099496,0.177513,0.028543,0.081426,-0.032874,-0.200171,-0.130646,,,,,,,,,,,,
1626,27.100000,0.297514,0.211902,0.278506,-0.075042,-0.165570,-0.179621,0.015604,-0.101792,-0.099729,0.177678,0.028556,0.081300,-0.032543,-0.200182,-0.130907,,,,,,,,,,,,
1627,27.116667,0.297547,0.211933,0.278468,-0.074684,-0.165596,-0.179878,0.015889,-0.101791,-0.099940,0.177843,0.028576,0.081185,-0.032236,-0.200179,-0.131141,,,,,,,,,,,,
1628,27.133333,0.297585,0.211967,0.278435,-0.074351,-0.165606,-0.180108,0.016161,-0.101780,-0.100131,0.178008,0.028601,0.081080,-0.031949,-0.200162,-0.131352,,,,,,,,,,,,
1629,27.150000,0.297627,0.212006,0.278407,-0.074039,-0.165600,-0.180315,0.016421,-0.101758,-0.100303,0.178173,0.028630,0.080984,-0.031682,-0.200133,-0.131539,,,,,,,,,,,,
1630,27.166667,0.297674,0.212047,0.278384,-0.073747,-0.165581,-0.180499,0.016668,-0.101727,-0.100457,0.178338,0.028665,0.080897,-0.031431,-0.200093,-0.131707,,,,,,,,,,,,
1631,27.183333,0.297724,0.212091,0.278366,-0.073474,-0.165550,-0.180664,0.016904,-0.101689,-0.100596,0.178503,0.028703,0.080818,-0.031195,-0.200044,-0.131856,,,,,,,,,,,,
1632,27.200000,0.297776,0.212138,0.278351,-0.073218,-0.165510,-0.180809,0.017128,-0.101644,-0.100720,0.178667,0.028744,0.080746,-0.030974,-0.199987,-0.131989,,,,,,,,,,,,
1633,27.216667,0.297827,0.212186,0.278339,-0.072981,-0.165462,-0.180938,0.017339,-0.101593,-0.100832,0.178829,0.028788,0.080679,-0.030765,-0.199924,-0.132108,,,,,,,,,,,,
1634,27.233333,0.297878,0.212235,0.278329,-0.072760,-0.165408,-0.181052,0.017538,-0.101538,-0.100932,0.178989,0.028832,0.080617,-0.030568,-0.199858,-0.132215,,,,,,,,,,,,
1635,27.250000,0.297925,0.212286,0.278321,-0.072556,-0.165352,-0.181154,0.017725,-0.101480,-0.101023,0.179143,0.028878,0.080559,-0.030383,-0.199791,-0.132313,,,,,,,,,,,,
1636,27.266667,0.297970,0.212337,0.278313,-0.072368,-0.165294,-0.181245,0.017899,-0.101422,-0.101107,0.179290,0.028923,0.080504,-0.030208,-0.199725,-0.132403,,,,,,,,,,,,
1637,27.283333,0.298011,0.212388,0.278304,-0.072194,-0.165237,-0.181329,0.018060,-0.101364,-0.101184,0.179427,0.028969,0.080452,-0.030044,-0.199662,-0.132489,,,,,,,,,,,,
1638,27.300000,0.298047,0.212438,0.278295,-0.072034,-0.165184,-0.181409,0.018209,-0.101308,-0.101258,0.179553,0.029013,0.080402,-0.029890,-0.199603,-0.132571,,,,,,,,,,,,
1639,27.316667,0.298079,0.212487,0.278284,-0.071886,-0.165136,-0.181485,0.018345,-0.101256,-0.101328,0.179666,0.029057,0.080353,-0.029744,-0.199551,-0.132651,,,,,,,,,,,,
1640,27.333333,0.298107,0.212534,0.278271,-0.071751,-0.165096,-0.181558,0.018467,-0.101210,-0.101395,0.179765,0.029099,0.080306,-0.029609,-0.199507,-0.132728,,,,,,,,,,,,
1641,27.350000,0.298132,0.212580,0.278257,-0.071627,-0.165066,-0.181627,0.018577,-0.101170,-0.101459,0.179850,0.029138,0.080261,-0.029482,-0.199471,-0.132802,,,,,,,,,,,,
1642,27.366667,0.298154,0.212622,0.278241,-0.071514,-0.165047,-0.181691,0.018673,-0.101140,-0.101518,0.179921,0.029175,0.080219,-0.029365,-0.199446,-0.132871,,,,,,,,,,,,
1643,27.383333,0.298177,0.212663,0.278223,-0.071414,-0.165040,-0.181746,0.018756,-0.101118,-0.101568,0.179980,0.029208,0.080182,-0.029258,-0.199432,-0.132931,,,,,,,,,,,,
1644,27.400000,0.298203,0.212701,0.278203,-0.071327,-0.165046,-0.181787,0.018827,-0.101107,-0.101607,0.180028,0.029236,0.080150,-0.029162,-0.199430,-0.132979,,,,,,,,,,,,
1645,27.416667,0.298233,0.212738,0.278181,-0.071254,-0.165065,-0.181811,0.018886,-0.101108,-0.101631,0.180068,0.029257,0.080126,-0.029076,-0.199440,-0.133010,,,,,,,,,,,,
1646,27.433333,0.298272,0.212772,0.278160,-0.071193,-0.165099,-0.181813,0.018933,-0.101120,-0.101638,0.180102,0.029272,0.080113,-0.029001,-0.199465,-0.133020,,,,,,,,,,,,
1647,27.450000,0.298322,0.212804,0.278139,-0.071146,-0.165149,-0.181789,0.018970,-0.101146,-0.101624,0.180133,0.029279,0.080112,-0.028936,-0.199503,-0.133004,,,,,,,,,,,,
1648,27.466667,0.298385,0.212835,0.278122,-0.071111,-0.165215,-0.181734,0.018999,-0.101184,-0.101585,0.180162,0.029279,0.080126,-0.028881,-0.199557,-0.132958,,,,,,,,,,,,
1649,27.483333,0.298462,0.212865,0.278109,-0.071086,-0.165297,-0.181646,0.019021,-0.101236,-0.101519,0.180192,0.029271,0.080158,-0.028835,-0.199625,-0.132879,,,,,,,,,,,,
1650,27.500000,0.298555,0.212894,0.278105,-0.071071,-0.165394,-0.181523,0.019037,-0.101301,-0.101423,0.180224,0.029255,0.080209,-0.028795,-0.199707,-0.132765,,,,,,,,,,,,
1651,27.516667,0.298664,0.212922,0.278112,-0.071062,-0.165507,-0.181365,0.019049,-0.101380,-0.101297,0.180259,0.029230,0.080282,-0.028762,-0.199803,-0.132616,,,,,,,,,,,,
1652,27.533333,0.298785,0.212949,0.278132,-0.071059,-0.165635,-0.181173,0.019059,-0.101472,-0.101140,0.180296,0.029198,0.080377,-0.028734,-0.199914,-0.132432,,,,,,,,,,,,
1653,27.550000,0.298915,0.212975,0.278166,-0.071060,-0.165780,-0.180948,0.019066,-0.101579,-0.100954,0.180333,0.029156,0.080495,-0.028710,-0.200040,-0.132215,,,,,,,,,,,,
1654,27.566667,0.299049,0.212997,0.278216,-0.071065,-0.165942,-0.180693,0.019068,-0.101702,-0.100740,0.180368,0.029104,0.080634,-0.028690,-0.200183,-0.131968,,,,,,,,,,,,
1655,27.583333,0.299178,0.213015,0.278280,-0.071076,-0.166126,-0.180411,0.019065,-0.101844,-0.100500,0.180396,0.029041,0.080794,-0.028675,-0.200346,-0.131694,,,,,,,,,,,,
1656,27.600000,0.299298,0.213028,0.278356,-0.071095,-0.166335,-0.180105,0.019054,-0.102008,-0.100239,0.180412,0.028965,0.080971,-0.028665,-0.200532,-0.131397,,,,,,,,,,,,
1657,27.616667,0.299403,0.213037,0.278441,-0.071122,-0.166572,-0.179779,0.019033,-0.102195,-0.099959,0.180414,0.028876,0.081163,-0.028661,-0.200745,-0.131080,,,,,,,,,,,,
1658,27.633333,0.299487,0.213041,0.278529,-0.071160,-0.166840,-0.179437,0.018999,-0.102408,-0.099664,0.180397,0.028773,0.081365,-0.028665,-0.200985,-0.130748,,,,,,,,,,,,
1659,27.650000,0.299549,0.213040,0.278616,-0.071210,-0.167140,-0.179082,0.018950,-0.102649,-0.099358,0.180359,0.028656,0.081575,-0.028680,-0.201256,-0.130401,,,,,,,,,,,,
1660,27.666667,0.299585,0.213035,0.278696,-0.071277,-0.167472,-0.178716,0.018883,-0.102917,-0.099044,0.180299,0.028524,0.081787,-0.028708,-0.201556,-0.130045,,,,,,,,,,,,
1661,27.683333,0.299595,0.213024,0.278766,-0.071361,-0.167835,-0.178343,0.018798,-0.103212,-0.098725,0.180215,0.028378,0.081998,-0.028752,-0.201884,-0.129679,,,,,,,,,,,,
1662,27.700000,0.299578,0.213007,0.278821,-0.071465,-0.168228,-0.177963,0.018693,-0.103531,-0.098402,0.180110,0.028218,0.082206,-0.028813,-0.202240,-0.129306,,,,,,,,,,,,
1663,27.716667,0.299536,0.212983,0.278861,-0.071590,-0.168647,-0.177577,0.018568,-0.103873,-0.098078,0.179986,0.028045,0.082407,-0.028893,-0.202619,-0.128926,,,,,,,,,,,,
1664,27.733333,0.299471,0.212955,0.278885,-0.071736,-0.169090,-0.177183,0.018424,-0.104233,-0.097752,0.179845,0.027861,0.082601,-0.028992,-0.203019,-0.128540,,,,,,,,,,,,
1665,27.750000,0.299386,0.212924,0.278894,-0.071902,-0.169550,-0.176782,0.018263,-0.104609,-0.097425,0.179692,0.027668,0.082788,-0.029107,-0.203435,-0.128147,,,,,,,,,,,,
1666,27.766667,0.299284,0.212891,0.278892,-0.072087,-0.170024,-0.176373,0.018087,-0.104995,-0.097095,0.179528,0.027468,0.082968,-0.029236,-0.203863,-0.127748,,,,,,,,,,,,
1667,27.783333,0.299168,0.212857,0.278881,-0.072288,-0.170506,-0.175954,0.017899,-0.105387,-0.096761,0.179359,0.027266,0.083143,-0.029378,-0.204298,-0.127342,,,,,,,,,,,,
1668,27.800000,0.299041,0.212824,0.278867,-0.072503,-0.170991,-0.175526,0.017702,-0.105780,-0.096424,0.179185,0.027064,0.083316,-0.029528,-0.204735,-0.126931,,,,,,,,,,,,
1669,27.816667,0.298906,0.212793,0.278855,-0.072730,-0.171473,-0.175088,0.017496,-0.106169,-0.096081,0.179009,0.026864,0.083488,-0.029686,-0.205169,-0.126515,,,,,,,,,,,,
1670,27.833333,0.298763,0.212762,0.278849,-0.072969,-0.171947,-0.174642,0.017283,-0.106550,-0.095734,0.178833,0.026669,0.083661,-0.029850,-0.205594,-0.126095,,,,,,,,,,,,
1671,27.850000,0.298615,0.212731,0.278853,-0.073221,-0.172408,-0.174187,0.017062,-0.106918,-0.095381,0.178656,0.026480,0.083837,-0.030020,-0.206008,-0.125671,,,,,,,,,,,,
1672,27.866667,0.298462,0.212701,0.278868,-0.073485,-0.172850,-0.173722,0.016834,-0.107271,-0.095021,0.178481,0.026299,0.084018,-0.030196,-0.206405,-0.125245,,,,,,,,,,,,
1673,27.883333,0.298306,0.212670,0.278896,-0.073763,-0.173272,-0.173247,0.016597,-0.107605,-0.094654,0.178307,0.026126,0.084204,-0.030379,-0.206784,-0.124814,,,,,,,,,,,,
1674,27.900000,0.298148,0.212640,0.278938,-0.074057,-0.173671,-0.172759,0.016350,-0.107921,-0.094278,0.178133,0.025962,0.084397,-0.030572,-0.207145,-0.124376,,,,,,,,,,,,
1675,27.916667,0.297988,0.212611,0.278993,-0.074368,-0.174049,-0.172257,0.016091,-0.108219,-0.093891,0.177958,0.025808,0.084598,-0.030776,-0.207486,-0.123930,,,,,,,,,,,,
1676,27.933333,0.297827,0.212583,0.279061,-0.074695,-0.174408,-0.171737,0.015817,-0.108498,-0.093490,0.177781,0.025662,0.084809,-0.030993,-0.207810,-0.123471,,,,,,,,,,,,
1677,27.950000,0.297667,0.212556,0.279142,-0.075039,-0.174748,-0.171200,0.015527,-0.108762,-0.093074,0.177599,0.025526,0.085030,-0.031226,-0.208119,-0.122998,,,,,,,,,,,,
1678,27.966667,0.297507,0.212532,0.279234,-0.075400,-0.175071,-0.170643,0.015219,-0.109011,-0.092642,0.177410,0.025398,0.085263,-0.031477,-0.208413,-0.122508,,,,,,,,,,,,
1679,27.983333,0.297347,0.212511,0.279337,-0.075784,-0.175378,-0.170066,0.014893,-0.109247,-0.092192,0.177214,0.025277,0.085508,-0.031749,-0.208694,-0.122000,,,,,,,,,,,,
1680,28.000000,0.297188,0.212492,0.279450,-0.076194,-0.175673,-0.169465,0.014545,-0.109473,-0.091723,0.177007,0.025162,0.085766,-0.032044,-0.208965,-0.121471,,,,,,,,,,,,
1681,28.016667,0.297029,0.212475,0.279570,-0.076631,-0.175959,-0.168841,0.014174,-0.109691,-0.091235,0.176789,0.025051,0.086037,-0.032365,-0.209229,-0.120919,,,,,,,,,,,,
1682,28.033333,0.296870,0.212459,0.279696,-0.077098,-0.176241,-0.168190,0.013779,-0.109905,-0.090726,0.176556,0.024943,0.086320,-0.032713,-0.209489,-0.120344,,,,,,,,,,,,
1683,28.050000,0.296711,0.212444,0.279828,-0.077594,-0.176522,-0.167511,0.013357,-0.110119,-0.090197,0.176309,0.024836,0.086616,-0.033089,-0.209748,-0.119743,,,,,,,,,,,,
1684,28.066667,0.296550,0.212428,0.279963,-0.078121,-0.176806,-0.166806,0.012910,-0.110334,-0.089645,0.176045,0.024726,0.086924,-0.033495,-0.210009,-0.119116,,,,,,,,,,,,
1685,28.083333,0.296387,0.212410,0.280100,-0.078677,-0.177094,-0.166072,0.012436,-0.110554,-0.089071,0.175764,0.024613,0.087244,-0.033931,-0.210274,-0.118461,,,,,,,,,,,,
1686,28.100000,0.296222,0.212390,0.280239,-0.079262,-0.177392,-0.165308,0.011935,-0.110782,-0.088472,0.175466,0.024494,0.087577,-0.034397,-0.210548,-0.117777,,,,,,,,,,,,
1687,28.116667,0.296054,0.212367,0.280379,-0.079875,-0.177704,-0.164512,0.011409,-0.111022,-0.087848,0.175151,0.024367,0.087922,-0.034892,-0.210834,-0.117063,,,,,,,,,,,,
1688,28.133333,0.295883,0.212340,0.280518,-0.080516,-0.178034,-0.163683,0.010857,-0.111278,-0.087198,0.174820,0.024230,0.088280,-0.035414,-0.211136,-0.116316,,,,,,,,,,,,
1689,28.150000,0.295707,0.212311,0.280656,-0.081185,-0.178386,-0.162817,0.010280,-0.111552,-0.086520,0.174473,0.024083,0.088651,-0.035961,-0.211459,-0.115536,,,,,,,,,,,,
1690,28.166667,0.295525,0.212277,0.280793,-0.081879,-0.178766,-0.161914,0.009681,-0.111849,-0.085813,0.174111,0.023921,0.089036,-0.036532,-0.211805,-0.114721,,,,,,,,,,,,
1691,28.183333,0.295336,0.212238,0.280929,-0.082598,-0.179176,-0.160974,0.009061,-0.112171,-0.085077,0.173732,0.023745,0.089434,-0.037124,-0.212179,-0.113871,,,,,,,,,,,,
1692,28.200000,0.295137,0.212195,0.281064,-0.083340,-0.179619,-0.159998,0.008420,-0.112522,-0.084314,0.173339,0.023552,0.089846,-0.037735,-0.212583,-0.112986,,,,,,,,,,,,
1693,28.216667,0.294928,0.212145,0.281197,-0.084101,-0.180099,-0.158985,0.007761,-0.112903,-0.083522,0.172930,0.023340,0.090272,-0.038365,-0.213019,-0.112066,,,,,,,,,,,,
1694,28.233333,0.294708,0.212089,0.281328,-0.084881,-0.180620,-0.157937,0.007086,-0.113317,-0.082704,0.172507,0.023110,0.090711,-0.039010,-0.213492,-0.111110,,,,,,,,,,,,
1695,28.250000,0.294478,0.212027,0.281458,-0.085676,-0.181182,-0.156855,0.006395,-0.113765,-0.081859,0.172070,0.022860,0.091165,-0.039669,-0.214000,-0.110118,,,,,,,,,,,,
1696,28.266667,0.294237,0.211958,0.281587,-0.086485,-0.181787,-0.155738,0.005690,-0.114248,-0.080987,0.171620,0.022591,0.091632,-0.040340,-0.214547,-0.109090,,,,,,,,,,,,
1697,28.283333,0.293988,0.211882,0.281714,-0.087306,-0.182433,-0.154587,0.004974,-0.114764,-0.080091,0.171157,0.022304,0.092113,-0.041021,-0.215129,-0.108026,,,,,,,,,,,,
1698,28.300000,0.293731,0.211800,0.281839,-0.088139,-0.183118,-0.153403,0.004248,-0.115313,-0.079169,0.170685,0.021999,0.092607,-0.041713,-0.215746,-0.106927,,,,,,,,,,,,
1699,28.316667,0.293471,0.211711,0.281963,-0.088981,-0.183840,-0.152188,0.003514,-0.115891,-0.078224,0.170205,0.021677,0.093115,-0.042413,-0.216395,-0.105795,,,,,,,,,,,,
1700,28.333333,0.293208,0.211617,0.282085,-0.089830,-0.184592,-0.150942,0.002773,-0.116496,-0.077255,0.169720,0.021340,0.093636,-0.043122,-0.217070,-0.104631,,,,,,,,,,,,
1701,28.350000,0.292945,0.211517,0.282204,-0.090687,-0.185373,-0.149669,0.002028,-0.117123,-0.076267,0.169230,0.020989,0.094167,-0.043836,-0.217770,-0.103437,,,,,,,,,,,,
1702,28.366667,0.292685,0.211411,0.282320,-0.091549,-0.186176,-0.148370,0.001279,-0.117770,-0.075260,0.168739,0.020627,0.094708,-0.044556,-0.218490,-0.102217,,,,,,,,,,,,
1703,28.383333,0.292429,0.211300,0.282432,-0.092414,-0.186999,-0.147048,0.000529,-0.118433,-0.074237,0.168247,0.020255,0.095257,-0.045280,-0.219226,-0.100973,,,,,,,,,,,,
1704,28.400000,0.292178,0.211184,0.282539,-0.093282,-0.187839,-0.145706,-0.000221,-0.119110,-0.073202,0.167756,0.019874,0.095813,-0.046007,-0.219977,-0.099709,,,,,,,,,,,,
1705,28.416667,0.291934,0.211063,0.282640,-0.094151,-0.188692,-0.144349,-0.000970,-0.119799,-0.072158,0.167266,0.019486,0.096373,-0.046735,-0.220740,-0.098428,,,,,,,,,,,,
1706,28.433333,0.291698,0.210939,0.282734,-0.095019,-0.189557,-0.142978,-0.001714,-0.120499,-0.071106,0.166778,0.019093,0.096936,-0.047462,-0.221513,-0.097132,,,,,,,,,,,,
1707,28.450000,0.291470,0.210811,0.282821,-0.095884,-0.190433,-0.141598,-0.002454,-0.121209,-0.070051,0.166292,0.018695,0.097502,-0.048190,-0.222295,-0.095823,,,,,,,,,,,,
1708,28.466667,0.291251,0.210682,0.282899,-0.096745,-0.191319,-0.140209,-0.003187,-0.121928,-0.068992,0.165807,0.018294,0.098069,-0.048916,-0.223086,-0.094502,,,,,,,,,,,,
1709,28.483333,0.291043,0.210550,0.282970,-0.097601,-0.192216,-0.138813,-0.003913,-0.122655,-0.067933,0.165324,0.017890,0.098637,-0.049641,-0.223885,-0.093169,,,,,,,,,,,,
1710,28.500000,0.290845,0.210418,0.283034,-0.098453,-0.193121,-0.137410,-0.004632,-0.123392,-0.066873,0.164841,0.017485,0.099207,-0.050366,-0.224691,-0.091822,,,,,,,,,,,,
1711,28.516667,0.290659,0.210286,0.283090,-0.099300,-0.194035,-0.135999,-0.005345,-0.124137,-0.065811,0.164358,0.017078,0.099779,-0.051091,-0.225506,-0.090460,,,,,,,,,,,,
1712,28.533333,0.290483,0.210154,0.283140,-0.100146,-0.194958,-0.134577,-0.006051,-0.124889,-0.064745,0.163875,0.016669,0.100354,-0.051818,-0.226327,-0.089081,,,,,,,,,,,,
1713,28.550000,0.290317,0.210023,0.283185,-0.100990,-0.195890,-0.133141,-0.006753,-0.125649,-0.063675,0.163392,0.016260,0.100933,-0.052548,-0.227157,-0.087682,,,,,,,,,,,,
1714,28.566667,0.290159,0.209893,0.283227,-0.101834,-0.196830,-0.131690,-0.007452,-0.126415,-0.062598,0.162909,0.015850,0.101517,-0.053281,-0.227994,-0.086262,,,,,,,,,,,,
1715,28.583333,0.290009,0.209764,0.283267,-0.102680,-0.197779,-0.130222,-0.008151,-0.127187,-0.061510,0.162427,0.015438,0.102107,-0.054016,-0.228840,-0.084819,,,,,,,,,,,,
1716,28.600000,0.289862,0.209636,0.283307,-0.103528,-0.198735,-0.128737,-0.008851,-0.127965,-0.060412,0.161945,0.015024,0.102702,-0.054755,-0.229694,-0.083354,,,,,,,,,,,,
1717,28.616667,0.289716,0.209508,0.283346,-0.104379,-0.199697,-0.127235,-0.009554,-0.128747,-0.059300,0.161465,0.014607,0.103303,-0.055496,-0.230556,-0.081869,,,,,,,,,,,,
1718,28.633333,0.289570,0.209381,0.283386,-0.105231,-0.200664,-0.125716,-0.010260,-0.129534,-0.058174,0.160986,0.014185,0.103910,-0.056240,-0.231426,-0.080366,,,,,,,,,,,,
1719,28.650000,0.289422,0.209253,0.283427,-0.106086,-0.201636,-0.124180,-0.010968,-0.130325,-0.057033,0.160509,0.013759,0.104522,-0.056984,-0.232303,-0.078846,,,,,,,,,,,,
1720,28.666667,0.289270,0.209125,0.283467,-0.106942,-0.202614,-0.122626,-0.011679,-0.131121,-0.055877,0.160034,0.013328,0.105138,-0.057728,-0.233188,-0.077310,,,,,,,,,,,,
1721,28.683333,0.289114,0.208997,0.283507,-0.107798,-0.203600,-0.121054,-0.012390,-0.131925,-0.054708,0.159561,0.012891,0.105756,-0.058467,-0.234085,-0.075758,,,,,,,,,,,,
1722,28.700000,0.288955,0.208871,0.283545,-0.108652,-0.204598,-0.119463,-0.013100,-0.132736,-0.053528,0.159092,0.012451,0.106376,-0.059200,-0.234994,-0.074191,,,,,,,,,,,,
1723,28.716667,0.288795,0.208748,0.283579,-0.109501,-0.205610,-0.117857,-0.013808,-0.133556,-0.052339,0.158626,0.012008,0.106997,-0.059923,-0.235917,-0.072612,,,,,,,,,,,,
1724,28.733333,0.288635,0.208627,0.283610,-0.110343,-0.206637,-0.116239,-0.014509,-0.134384,-0.051144,0.158163,0.011562,0.107616,-0.060632,-0.236854,-0.071025,,,,,,,,,,,,
1725,28.750000,0.288478,0.208509,0.283635,-0.111175,-0.207675,-0.114611,-0.015204,-0.135220,-0.049947,0.157706,0.011116,0.108233,-0.061326,-0.237802,-0.069434,,,,,,,,,,,,
1726,28.766667,0.288324,0.208395,0.283653,-0.111996,-0.208725,-0.112978,-0.015889,-0.136062,-0.048751,0.157255,0.010668,0.108846,-0.062002,-0.238759,-0.067844,,,,,,,,,,,,
1727,28.783333,0.288177,0.208283,0.283663,-0.112806,-0.209783,-0.111340,-0.016564,-0.136908,-0.047557,0.156812,0.010220,0.109453,-0.062658,-0.239723,-0.066258,,,,,,,,,,,,
1728,28.800000,0.288036,0.208173,0.283664,-0.113604,-0.210848,-0.109700,-0.017227,-0.137758,-0.046367,0.156377,0.009772,0.110053,-0.063293,-0.240692,-0.064680,,,,,,,,,,,,
1729,28.816667,0.287903,0.208064,0.283658,-0.114390,-0.211917,-0.108059,-0.017879,-0.138610,-0.045183,0.155952,0.009323,0.110647,-0.063906,-0.241665,-0.063113,,,,,,,,,,,,
1730,28.833333,0.287777,0.207954,0.283643,-0.115163,-0.212989,-0.106418,-0.018518,-0.139464,-0.044004,0.155537,0.008873,0.111233,-0.064496,-0.242640,-0.061558,,,,,,,,,,,,
1731,28.850000,0.287659,0.207843,0.283621,-0.115921,-0.214060,-0.104780,-0.019142,-0.140320,-0.042830,0.155134,0.008421,0.111812,-0.065062,-0.243616,-0.060016,,,,,,,,,,,,
1732,28.866667,0.287547,0.207731,0.283593,-0.116662,-0.215131,-0.103145,-0.019748,-0.141178,-0.041661,0.154744,0.007965,0.112386,-0.065604,-0.244595,-0.058487,,,,,,,,,,,,
1733,28.883333,0.287441,0.207617,0.283560,-0.117380,-0.216203,-0.101515,-0.020335,-0.142041,-0.040495,0.154367,0.007505,0.112955,-0.066119,-0.245577,-0.056969,,,,,,,,,,,,
1734,28.900000,0.287340,0.207503,0.283524,-0.118073,-0.217281,-0.099889,-0.020900,-0.142911,-0.039328,0.154003,0.007038,0.113523,-0.066607,-0.246568,-0.055457,,,,,,,,,,,,
1735,28.916667,0.287241,0.207389,0.283487,-0.118736,-0.218374,-0.098264,-0.021442,-0.143796,-0.038157,0.153653,0.006565,0.114092,-0.067065,-0.247573,-0.053947,,,,,,,,,,,,
1736,28.933333,0.287143,0.207276,0.283452,-0.119366,-0.219489,-0.096637,-0.021959,-0.144699,-0.036977,0.153316,0.006082,0.114667,-0.067490,-0.248598,-0.052433,,,,,,,,,,,,
1737,28.950000,0.287044,0.207162,0.283422,-0.119959,-0.220634,-0.095003,-0.022450,-0.145628,-0.035786,0.152991,0.005588,0.115250,-0.067881,-0.249651,-0.050910,,,,,,,,,,,,
1738,28.966667,0.286942,0.207048,0.283397,-0.120513,-0.221819,-0.093359,-0.022914,-0.146588,-0.034577,0.152676,0.005079,0.115845,-0.068236,-0.250737,-0.049371,,,,,,,,,,,,
1739,28.983333,0.286835,0.206932,0.283381,-0.121026,-0.223050,-0.091700,-0.023351,-0.147585,-0.033347,0.152371,0.004552,0.116456,-0.068554,-0.251863,-0.047813,,,,,,,,,,,,
1740,29.000000,0.286724,0.206813,0.283373,-0.121498,-0.224333,-0.090022,-0.023762,-0.148624,-0.032092,0.152075,0.004004,0.117085,-0.068837,-0.253034,-0.046229,,,,,,,,,,,,
1741,29.016667,0.286608,0.206690,0.283373,-0.121931,-0.225675,-0.088320,-0.024147,-0.149709,-0.030809,0.151789,0.003434,0.117734,-0.069084,-0.254254,-0.044612,,,,,,,,,,,,
1742,29.033333,0.286486,0.206561,0.283381,-0.122325,-0.227079,-0.086586,-0.024508,-0.150843,-0.029493,0.151512,0.002839,0.118404,-0.069297,-0.255527,-0.042956,,,,,,,,,,,,
1743,29.050000,0.286361,0.206427,0.283396,-0.122683,-0.228546,-0.084815,-0.024845,-0.152029,-0.028139,0.151247,0.002218,0.119097,-0.069479,-0.256854,-0.041256,,,,,,,,,,,,
1744,29.066667,0.286231,0.206287,0.283418,-0.123007,-0.230079,-0.083001,-0.025161,-0.153267,-0.026745,0.150992,0.001569,0.119814,-0.069630,-0.258237,-0.039507,,,,,,,,,,,,
1745,29.083333,0.286096,0.206141,0.283445,-0.123301,-0.231677,-0.081137,-0.025455,-0.154558,-0.025306,0.150748,0.000891,0.120555,-0.069751,-0.259675,-0.037706,,,,,,,,,,,,
1746,29.100000,0.285958,0.205989,0.283479,-0.123565,-0.233338,-0.079220,-0.025730,-0.155901,-0.023820,0.150517,0.000184,0.121323,-0.069844,-0.261168,-0.035850,,,,,,,,,,,,
1747,29.116667,0.285816,0.205833,0.283518,-0.123803,-0.235062,-0.077248,-0.025987,-0.157296,-0.022285,0.150296,-0.000551,0.122116,-0.069908,-0.262713,-0.033939,,,,,,,,,,,,
1748,29.133333,0.285671,0.205672,0.283562,-0.124016,-0.236847,-0.075216,-0.026225,-0.158740,-0.020700,0.150087,-0.001314,0.122935,-0.069942,-0.264311,-0.031974,,,,,,,,,,,,
1749,29.150000,0.285523,0.205508,0.283612,-0.124204,-0.238692,-0.073126,-0.026447,-0.160232,-0.019065,0.149888,-0.002101,0.123781,-0.069946,-0.265959,-0.029955,,,,,,,,,,,,
1750,29.166667,0.285372,0.205342,0.283668,-0.124370,-0.240594,-0.070976,-0.026652,-0.161770,-0.017380,0.149699,-0.002912,0.124653,-0.069921,-0.267654,-0.027882,,,,,,,,,,,,
1751,29.183333,0.285216,0.205174,0.283732,-0.124514,-0.242550,-0.068767,-0.026844,-0.163350,-0.015646,0.149516,-0.003745,0.125550,-0.069867,-0.269394,-0.025760,,,,,,,,,,,,
1752,29.200000,0.285056,0.205004,0.283805,-0.124639,-0.244555,-0.066502,-0.027022,-0.164970,-0.013866,0.149339,-0.004598,0.126471,-0.069786,-0.271175,-0.023592,,,,,,,,,,,,
1753,29.216667,0.284889,0.204831,0.283886,-0.124747,-0.246605,-0.064184,-0.027191,-0.166624,-0.012042,0.149166,-0.005468,0.127416,-0.069680,-0.272992,-0.021381,,,,,,,,,,,,
1754,29.233333,0.284714,0.204653,0.283977,-0.124842,-0.248692,-0.061819,-0.027351,-0.168308,-0.010179,0.148994,-0.006354,0.128382,-0.069554,-0.274841,-0.019133,,,,,,,,,,,,
1755,29.250000,0.284532,0.204472,0.284077,-0.124926,-0.250809,-0.059416,-0.027505,-0.170015,-0.008284,0.148823,-0.007254,0.129366,-0.069411,-0.276712,-0.016854,,,,,,,,,,,,
1756,29.266667,0.284341,0.204286,0.284184,-0.125001,-0.252943,-0.056984,-0.027654,-0.171738,-0.006365,0.148651,-0.008164,0.130364,-0.069259,-0.278597,-0.014551,,,,,,,,,,,,
1757,29.283333,0.284144,0.204095,0.284295,-0.125069,-0.255085,-0.054536,-0.027799,-0.173469,-0.004430,0.148479,-0.009081,0.131371,-0.069103,-0.280486,-0.012231,,,,,,,,,,,,
1758,29.300000,0.283941,0.203900,0.284409,-0.125132,-0.257225,-0.052081,-0.027940,-0.175202,-0.002488,0.148305,-0.010001,0.132385,-0.068947,-0.282372,-0.009901,,,,,,,,,,,,
1759,29.316667,0.283733,0.203701,0.284524,-0.125192,-0.259354,-0.049629,-0.028080,-0.176929,-0.000544,0.148129,-0.010922,0.133403,-0.068797,-0.284246,-0.007568,,,,,,,,,,,,
1760,29.333333,0.283523,0.203498,0.284639,-0.125254,-0.261466,-0.047185,-0.028222,-0.178645,0.001396,0.147948,-0.011839,0.134421,-0.068655,-0.286104,-0.005237,,,,,,,,,,,,
1761,29.350000,0.283310,0.203292,0.284753,-0.125320,-0.263553,-0.044751,-0.028369,-0.180345,0.003329,0.147762,-0.012750,0.135438,-0.068526,-0.287938,-0.002912,,,,,,,,,,,,
1762,29.366667,0.283096,0.203082,0.284864,-0.125396,-0.265610,-0.042332,-0.028523,-0.182022,0.005253,0.147569,-0.013652,0.136453,-0.068413,-0.289744,-0.000597,,,,,,,,,,,,
1763,29.383333,0.282880,0.202868,0.284974,-0.125485,-0.267629,-0.039926,-0.028689,-0.183672,0.007167,0.147369,-0.014544,0.137464,-0.068318,-0.291516,0.001703,,,,,,,,,,,,
1764,29.400000,0.282662,0.202652,0.285080,-0.125592,-0.269604,-0.037536,-0.028866,-0.185290,0.009069,0.147162,-0.015424,0.138469,-0.068244,-0.293250,0.003987,,,,,,,,,,,,
1765,29.416667,0.282443,0.202433,0.285184,-0.125719,-0.271533,-0.035158,-0.029058,-0.186873,0.010960,0.146949,-0.016289,0.139468,-0.068192,-0.294942,0.006254,,,,,,,,,,,,
1766,29.433333,0.282223,0.202215,0.285284,-0.125867,-0.273412,-0.032793,-0.029265,-0.188419,0.012840,0.146730,-0.017137,0.140460,-0.068163,-0.296591,0.008505,,,,,,,,,,,,
1767,29.450000,0.282001,0.201998,0.285381,-0.126037,-0.275241,-0.030439,-0.029487,-0.189926,0.014709,0.146506,-0.017967,0.141444,-0.068157,-0.298196,0.010738,,,,,,,,,,,,
1768,29.466667,0.281779,0.201784,0.285475,-0.126229,-0.277019,-0.028096,-0.029725,-0.191393,0.016566,0.146276,-0.018778,0.142419,-0.068172,-0.299755,0.012953,,,,,,,,,,,,
1769,29.483333,0.281556,0.201574,0.285565,-0.126441,-0.278745,-0.025766,-0.029977,-0.192819,0.018410,0.146041,-0.019568,0.143384,-0.068209,-0.301268,0.015149,,,,,,,,,,,,
1770,29.500000,0.281333,0.201369,0.285652,-0.126672,-0.280418,-0.023452,-0.030242,-0.194204,0.020241,0.145802,-0.020336,0.144339,-0.068266,-0.302734,0.017323,,,,,,,,,,,,
1771,29.516667,0.281111,0.201169,0.285737,-0.126918,-0.282041,-0.021157,-0.030518,-0.195549,0.022056,0.145558,-0.021083,0.145285,-0.068341,-0.304156,0.019475,,,,,,,,,,,,
1772,29.533333,0.280889,0.200974,0.285821,-0.127176,-0.283615,-0.018881,-0.030806,-0.196854,0.023857,0.145309,-0.021809,0.146221,-0.068434,-0.305535,0.021605,,,,,,,,,,,,
1773,29.550000,0.280669,0.200786,0.285903,-0.127445,-0.285144,-0.016624,-0.031105,-0.198121,0.025641,0.145057,-0.022513,0.147149,-0.068543,-0.306873,0.023716,,,,,,,,,,,,
1774,29.566667,0.280451,0.200602,0.285988,-0.127722,-0.286632,-0.014385,-0.031413,-0.199352,0.027412,0.144800,-0.023196,0.148069,-0.068665,-0.308172,0.025808,,,,,,,,,,,,
1775,29.583333,0.280235,0.200425,0.286074,-0.128007,-0.288078,-0.012163,-0.031729,-0.200548,0.029169,0.144542,-0.023858,0.148982,-0.068800,-0.309434,0.027885,,,,,,,,,,,,
1776,29.600000,0.280021,0.200251,0.286165,-0.128300,-0.289483,-0.009958,-0.032053,-0.201709,0.030913,0.144282,-0.024503,0.149889,-0.068948,-0.310659,0.029945,,,,,,,,,,,,
1777,29.616667,0.279808,0.200081,0.286262,-0.128602,-0.290845,-0.007771,-0.032382,-0.202836,0.032643,0.144023,-0.025130,0.150790,-0.069108,-0.311846,0.031989,,,,,,,,,,,,
1778,29.633333,0.279597,0.199913,0.286364,-0.128911,-0.292164,-0.005605,-0.032715,-0.203929,0.034357,0.143765,-0.025742,0.151684,-0.069280,-0.312997,0.034014,,,,,,,,,,,,
1779,29.650000,0.279388,0.199745,0.286474,-0.129227,-0.293443,-0.003464,-0.033052,-0.204991,0.036052,0.143511,-0.026340,0.152570,-0.069462,-0.314112,0.036017,,,,,,,,,,,,
1780,29.666667,0.279179,0.199576,0.286590,-0.129548,-0.294683,-0.001351,-0.033390,-0.206021,0.037723,0.143259,-0.026925,0.153447,-0.069652,-0.315193,0.037995,,,,,,,,,,,,
1781,29.683333,0.278970,0.199406,0.286712,-0.129871,-0.295885,0.000726,-0.033726,-0.207023,0.039367,0.143012,-0.027499,0.154312,-0.069848,-0.316241,0.039942,,,,,,,,,,,,
1782,29.700000,0.278762,0.199234,0.286840,-0.130192,-0.297052,0.002761,-0.034057,-0.207998,0.040980,0.142769,-0.028061,0.155164,-0.070045,-0.317258,0.041852,,,,,,,,,,,,
1783,29.716667,0.278554,0.199060,0.286973,-0.130506,-0.298187,0.004748,-0.034382,-0.208948,0.042557,0.142530,-0.028614,0.156001,-0.070240,-0.318248,0.043722,,,,,,,,,,,,
1784,29.733333,0.278346,0.198886,0.287111,-0.130809,-0.299295,0.006685,-0.034697,-0.209877,0.044095,0.142295,-0.029156,0.156824,-0.070427,-0.319215,0.045546,,,,,,,,,,,,
1785,29.750000,0.278138,0.198711,0.287255,-0.131098,-0.300382,0.008570,-0.035001,-0.210788,0.045596,0.142062,-0.029689,0.157631,-0.070601,-0.320163,0.047322,,,,,,,,,,,,
1786,29.766667,0.277929,0.198536,0.287402,-0.131367,-0.301455,0.010406,-0.035293,-0.211686,0.047059,0.141832,-0.030213,0.158423,-0.070757,-0.321099,0.049050,,,,,,,,,,,,
1787,29.783333,0.277720,0.198364,0.287554,-0.131614,-0.302520,0.012197,-0.035571,-0.212573,0.048488,0.141604,-0.030728,0.159202,-0.070888,-0.322026,0.050731,,,,,,,,,,,,
1788,29.800000,0.277512,0.198194,0.287709,-0.131838,-0.303578,0.013946,-0.035833,-0.213451,0.049886,0.141378,-0.031235,0.159967,-0.070994,-0.322947,0.052368,,,,,,,,,,,,
1789,29.816667,0.277307,0.198028,0.287866,-0.132038,-0.304629,0.015656,-0.036079,-0.214320,0.051254,0.141156,-0.031733,0.160719,-0.071074,-0.323862,0.053963,,,,,,,,,,,,
1790,29.833333,0.277106,0.197866,0.288024,-0.132214,-0.305672,0.017329,-0.036307,-0.215181,0.052596,0.140938,-0.032222,0.161460,-0.071129,-0.324770,0.055519,,,,,,,,,,,,
1791,29.850000,0.276912,0.197709,0.288180,-0.132367,-0.306705,0.018967,-0.036518,-0.216033,0.053914,0.140728,-0.032702,0.162190,-0.071162,-0.325670,0.057041,,,,,,,,,,,,
1792,29.866667,0.276728,0.197557,0.288331,-0.132499,-0.307728,0.020577,-0.036713,-0.216873,0.055211,0.140524,-0.033171,0.162909,-0.071175,-0.326560,0.058533,,,,,,,,,,,,
1793,29.883333,0.276555,0.197412,0.288478,-0.132614,-0.308739,0.022163,-0.036892,-0.217702,0.056491,0.140330,-0.033630,0.163619,-0.071172,-0.327440,0.060003,,,,,,,,,,,,
1794,29.900000,0.276396,0.197274,0.288617,-0.132715,-0.309736,0.023733,-0.037060,-0.218518,0.057758,0.140144,-0.034078,0.164321,-0.071157,-0.328306,0.061455,,,,,,,,,,,,
1795,29.916667,0.276251,0.197142,0.288750,-0.132808,-0.310717,0.025293,-0.037219,-0.219320,0.059019,0.139966,-0.034515,0.165016,-0.071133,-0.329156,0.062895,,,,,,,,,,,,
1796,29.933333,0.276118,0.197016,0.288876,-0.132897,-0.311677,0.026849,-0.037371,-0.220104,0.060275,0.139798,-0.034942,0.165706,-0.071106,-0.329989,0.064327,,,,,,,,,,,,
1797,29.950000,0.275999,0.196896,0.288995,-0.132987,-0.312616,0.028405,-0.037522,-0.220871,0.061530,0.139638,-0.035358,0.166390,-0.071080,-0.330802,0.065755,,,,,,,,,,,,
1798,29.966667,0.275892,0.196780,0.289107,-0.133081,-0.313532,0.029966,-0.037672,-0.221618,0.062788,0.139486,-0.035763,0.167071,-0.071058,-0.331594,0.067181,,,,,,,,,,,,
1799,29.983333,0.275795,0.196670,0.289213,-0.133182,-0.314424,0.031534,-0.037826,-0.222346,0.064049,0.139341,-0.036158,0.167749,-0.071042,-0.332364,0.068608,,,,,,,,,,,,
1800,30.000000,0.275708,0.196563,0.289314,-0.133293,-0.315292,0.033112,-0.037984,-0.223054,0.065316,0.139201,-0.036543,0.168424,-0.071034,-0.333113,0.070038,,,,,,,,,,,,
1801,30.016667,0.275630,0.196462,0.289410,-0.133415,-0.316137,0.034702,-0.038150,-0.223743,0.066592,0.139065,-0.036917,0.169100,-0.071035,-0.333842,0.071474,,,,,,,,,,,,
1802,30.033333,0.275558,0.196364,0.289504,-0.133548,-0.316961,0.036309,-0.038322,-0.224415,0.067879,0.138930,-0.037282,0.169777,-0.071045,-0.334553,0.072917,,,,,,,,,,,,
1803,30.050000,0.275492,0.196270,0.289597,-0.133693,-0.317766,0.037934,-0.038503,-0.225071,0.069182,0.138796,-0.037638,0.170458,-0.071063,-0.335247,0.074371,,,,,,,,,,,,
1804,30.066667,0.275431,0.196180,0.289690,-0.133851,-0.318555,0.039584,-0.038694,-0.225715,0.070505,0.138661,-0.037986,0.171146,-0.071089,-0.335928,0.075838,,,,,,,,,,,,
1805,30.083333,0.275371,0.196092,0.289785,-0.134021,-0.319331,0.041262,-0.038895,-0.226348,0.071852,0.138524,-0.038327,0.171843,-0.071121,-0.336599,0.077323,,,,,,,,,,,,
1806,30.100000,0.275313,0.196007,0.289882,-0.134204,-0.320097,0.042976,-0.039107,-0.226972,0.073228,0.138384,-0.038664,0.172549,-0.071160,-0.337262,0.078830,,,,,,,,,,,,
1807,30.116667,0.275254,0.195924,0.289983,-0.134401,-0.320857,0.044731,-0.039331,-0.227591,0.074637,0.138242,-0.038997,0.173268,-0.071206,-0.337920,0.080362,,,,,,,,,,,,
1808,30.133333,0.275196,0.195842,0.290087,-0.134611,-0.321611,0.046530,-0.039567,-0.228206,0.076083,0.138095,-0.039329,0.174000,-0.071257,-0.338576,0.081922,,,,,,,,,,,,
1809,30.150000,0.275136,0.195761,0.290195,-0.134835,-0.322362,0.048377,-0.039815,-0.228818,0.077569,0.137945,-0.039660,0.174747,-0.071312,-0.339231,0.083512,,,,,,,,,,,,
1810,30.166667,0.275075,0.195681,0.290307,-0.135071,-0.323113,0.050274,-0.040075,-0.229430,0.079095,0.137792,-0.039992,0.175510,-0.071372,-0.339888,0.085134,,,,,,,,,,,,
1811,30.183333,0.275014,0.195599,0.290423,-0.135320,-0.323865,0.052220,-0.040347,-0.230043,0.080661,0.137635,-0.040327,0.176288,-0.071434,-0.340547,0.086787,,,,,,,,,,,,
1812,30.200000,0.274952,0.195516,0.290542,-0.135579,-0.324619,0.054211,-0.040629,-0.230658,0.082263,0.137477,-0.040665,0.177080,-0.071500,-0.341209,0.088471,,,,,,,,,,,,
1813,30.216667,0.274890,0.195429,0.290666,-0.135847,-0.325376,0.056240,-0.040920,-0.231276,0.083894,0.137317,-0.041007,0.177887,-0.071570,-0.341873,0.090184,,,,,,,,,,,,
1814,30.233333,0.274825,0.195339,0.290794,-0.136121,-0.326135,0.058298,-0.041216,-0.231896,0.085549,0.137156,-0.041353,0.178708,-0.071645,-0.342540,0.091923,,,,,,,,,,,,
1815,30.250000,0.274759,0.195245,0.290927,-0.136396,-0.326898,0.060374,-0.041515,-0.232520,0.087218,0.136993,-0.041705,0.179541,-0.071725,-0.343207,0.093686,,,,,,,,,,,,
1816,30.266667,0.274689,0.195147,0.291067,-0.136669,-0.327667,0.062459,-0.041814,-0.233149,0.088895,0.136829,-0.042060,0.180385,-0.071811,-0.343876,0.095467,,,,,,,,,,,,
1817,30.283333,0.274614,0.195045,0.291212,-0.136936,-0.328441,0.064546,-0.042109,-0.233783,0.090574,0.136664,-0.042419,0.181239,-0.071903,-0.344545,0.097264,,,,,,,,,,,,
1818,30.300000,0.274535,0.194941,0.291363,-0.137194,-0.329221,0.066627,-0.042397,-0.234422,0.092249,0.136497,-0.042780,0.182101,-0.071998,-0.345216,0.099071,,,,,,,,,,,,
1819,30.316667,0.274448,0.194837,0.291519,-0.137440,-0.330007,0.068698,-0.042677,-0.235066,0.093918,0.136329,-0.043142,0.182968,-0.072097,-0.345888,0.100884,,,,,,,,,,,,
1820,30.333333,0.274354,0.194733,0.291681,-0.137672,-0.330798,0.070754,-0.042947,-0.235714,0.095577,0.136159,-0.043504,0.183839,-0.072196,-0.346561,0.102698,,,,,,,,,,,,
1821,30.350000,0.274249,0.194631,0.291847,-0.137891,-0.331591,0.072791,-0.043205,-0.236366,0.097222,0.135986,-0.043866,0.184713,-0.072294,-0.347235,0.104509,,,,,,,,,,,,
1822,30.366667,0.274132,0.194530,0.292017,-0.138096,-0.332386,0.074805,-0.043453,-0.237020,0.098853,0.135810,-0.044225,0.185588,-0.072388,-0.347911,0.106312,,,,,,,,,,,,
1823,30.383333,0.274001,0.194433,0.292192,-0.138288,-0.333182,0.076797,-0.043692,-0.237674,0.100467,0.135629,-0.044582,0.186462,-0.072477,-0.348587,0.108103,,,,,,,,,,,,
1824,30.400000,0.273853,0.194338,0.292371,-0.138468,-0.333978,0.078765,-0.043922,-0.238328,0.102064,0.135442,-0.044934,0.187335,-0.072559,-0.349264,0.109880,,,,,,,,,,,,
1825,30.416667,0.273688,0.194247,0.292557,-0.138638,-0.334774,0.080710,-0.044146,-0.238980,0.103646,0.135246,-0.045280,0.188206,-0.072632,-0.349940,0.111640,,,,,,,,,,,,
1826,30.433333,0.273504,0.194163,0.292751,-0.138797,-0.335567,0.082635,-0.044366,-0.239629,0.105213,0.135040,-0.045617,0.189076,-0.072695,-0.350613,0.113382,,,,,,,,,,,,
1827,30.450000,0.273300,0.194085,0.292954,-0.138948,-0.336355,0.084542,-0.044582,-0.240270,0.106768,0.134824,-0.045944,0.189946,-0.072749,-0.351280,0.115107,,,,,,,,,,,,
1828,30.466667,0.273079,0.194017,0.293167,-0.139092,-0.337135,0.086433,-0.044797,-0.240901,0.108313,0.134597,-0.046257,0.190817,-0.072795,-0.351939,0.116813,,,,,,,,,,,,
1829,30.483333,0.272841,0.193961,0.293392,-0.139233,-0.337900,0.088311,-0.045013,-0.241517,0.109849,0.134360,-0.046554,0.191689,-0.072835,-0.352583,0.118503,,,,,,,,,,,,
1830,30.500000,0.272589,0.193917,0.293628,-0.139374,-0.338647,0.090177,-0.045231,-0.242112,0.111377,0.134115,-0.046832,0.192562,-0.072872,-0.353210,0.120177,,,,,,,,,,,,
1831,30.516667,0.272326,0.193886,0.293876,-0.139518,-0.339369,0.092033,-0.045456,-0.242684,0.112899,0.133862,-0.047091,0.193435,-0.072911,-0.353812,0.121836,,,,,,,,,,,,
1832,30.533333,0.272053,0.193865,0.294133,-0.139672,-0.340061,0.093880,-0.045689,-0.243228,0.114413,0.133602,-0.047330,0.194306,-0.072957,-0.354388,0.123477,,,,,,,,,,,,
1833,30.550000,0.271774,0.193851,0.294398,-0.139841,-0.340720,0.095715,-0.045934,-0.243743,0.115919,0.133338,-0.047552,0.195174,-0.073017,-0.354934,0.125101,,,,,,,,,,,,
1834,30.566667,0.271490,0.193838,0.294666,-0.140030,-0.341343,0.097538,-0.046195,-0.244230,0.117416,0.133068,-0.047762,0.196035,-0.073096,-0.355452,0.126706,,,,,,,,,,,,
1835,30.583333,0.271205,0.193821,0.294931,-0.140244,-0.341933,0.099350,-0.046473,-0.244692,0.118902,0.132795,-0.047962,0.196886,-0.073198,-0.355942,0.128293,,,,,,,,,,,,
1836,30.600000,0.270924,0.193798,0.295188,-0.140482,-0.342493,0.101152,-0.046769,-0.245131,0.120379,0.132519,-0.048159,0.197726,-0.073325,-0.356410,0.129866,,,,,,,,,,,,
1837,30.616667,0.270651,0.193767,0.295431,-0.140745,-0.343028,0.102947,-0.047084,-0.245554,0.121849,0.132242,-0.048354,0.198551,-0.073475,-0.356860,0.131429,,,,,,,,,,,,
1838,30.633333,0.270389,0.193728,0.295655,-0.141029,-0.343542,0.104742,-0.047413,-0.245963,0.123315,0.131967,-0.048552,0.199363,-0.073646,-0.357297,0.132990,,,,,,,,,,,,
1839,30.650000,0.270143,0.193682,0.295859,-0.141329,-0.344041,0.106540,-0.047753,-0.246363,0.124780,0.131698,-0.048752,0.200161,-0.073834,-0.357724,0.134555,,,,,,,,,,,,
1840,30.666667,0.269914,0.193632,0.296041,-0.141640,-0.344529,0.108347,-0.048098,-0.246757,0.126249,0.131437,-0.048956,0.200947,-0.074034,-0.358144,0.136134,,,,,,,,,,,,
1841,30.683333,0.269702,0.193578,0.296202,-0.141958,-0.345008,0.110167,-0.048444,-0.247148,0.127726,0.131186,-0.049165,0.201723,-0.074240,-0.358561,0.137732,,,,,,,,,,,,
1842,30.700000,0.269506,0.193524,0.296344,-0.142277,-0.345482,0.112003,-0.048789,-0.247537,0.129213,0.130949,-0.049377,0.202492,-0.074448,-0.358976,0.139355,,,,,,,,,,,,
1843,30.716667,0.269325,0.193470,0.296470,-0.142593,-0.345953,0.113859,-0.049128,-0.247926,0.130714,0.130726,-0.049594,0.203254,-0.074653,-0.359392,0.141006,,,,,,,,,,,,
1844,30.733333,0.269155,0.193417,0.296583,-0.142905,-0.346420,0.115731,-0.049459,-0.248315,0.132229,0.130518,-0.049815,0.204011,-0.074852,-0.359809,0.142686,,,,,,,,,,,,
1845,30.750000,0.268994,0.193365,0.296685,-0.143211,-0.346884,0.117618,-0.049783,-0.248704,0.133758,0.130324,-0.050040,0.204764,-0.075044,-0.360228,0.144394,,,,,,,,,,,,
1846,30.766667,0.268840,0.193314,0.296777,-0.143511,-0.347342,0.119513,-0.050098,-0.249091,0.135298,0.130144,-0.050268,0.205512,-0.075229,-0.360648,0.146128,,,,,,,,,,,,
1847,30.783333,0.268691,0.193264,0.296863,-0.143806,-0.347793,0.121410,-0.050406,-0.249474,0.136846,0.129977,-0.050499,0.206255,-0.075408,-0.361069,0.147883,,,,,,,,,,,,
1848,30.800000,0.268545,0.193214,0.296942,-0.144098,-0.348233,0.123303,-0.050708,-0.249853,0.138400,0.129820,-0.050732,0.206993,-0.075581,-0.361491,0.149655,,,,,,,,,,,,
1849,30.816667,0.268399,0.193166,0.297015,-0.144389,-0.348661,0.125183,-0.051008,-0.250225,0.139957,0.129669,-0.050965,0.207726,-0.075750,-0.361914,0.151442,,,,,,,,,,,,
1850,30.833333,0.268252,0.193118,0.297082,-0.144682,-0.349074,0.127047,-0.051308,-0.250586,0.141512,0.129523,-0.051196,0.208453,-0.075916,-0.362337,0.153238,,,,,,,,,,,,
1851,30.850000,0.268103,0.193072,0.297143,-0.144980,-0.349469,0.128887,-0.051610,-0.250937,0.143062,0.129376,-0.051425,0.209174,-0.076080,-0.362760,0.155040,,,,,,,,,,,,
1852,30.866667,0.267952,0.193027,0.297199,-0.145287,-0.349845,0.130700,-0.051917,-0.251275,0.144603,0.129224,-0.051651,0.209891,,,,,,,,,,,,,,,
1853,30.883333,0.267799,0.192982,0.297249,-0.145606,-0.350200,0.132484,-0.052232,-0.251599,0.146131,0.129064,-0.051871,0.210603,,,,,,,,,,,,,,,
1854,30.900000,0.267646,0.192938,0.297294,-0.145938,-0.350535,0.134239,-0.052557,-0.251909,0.147642,0.128891,-0.052085,0.211311,,,,,,,,,,,,,,,
1855,30.916667,0.267496,0.192892,0.297332,-0.146287,-0.350851,0.135968,-0.052894,-0.252205,0.149133,0.128704,-0.052292,0.212014,,,,,,,,,,,,,,,
1856,30.933333,0.267351,0.192846,0.297363,-0.146652,-0.351149,0.137673,-0.053243,-0.252488,0.150600,0.128501,-0.052492,0.212712,,,,,,,,,,,,,,,
1857,30.950000,0.267213,0.192798,0.297387,-0.147034,-0.351430,0.139359,-0.053606,-0.252759,0.152044,0.128283,-0.052683,0.213403,,,,,,,,,,,,,,,
1858,30.966667,0.267085,0.192749,0.297403,-0.147432,-0.351697,0.141030,-0.053981,-0.253017,0.153465,0.128052,-0.052868,0.214086,,,,,,,,,,,,,,,
1859,30.983333,0.266967,0.192696,0.297411,-0.147845,-0.351949,0.142689,-0.054367,-0.253264,0.154865,0.127811,-0.053045,0.214763,,,,,,,,,,,,,,,
1860,31.000000,0.266859,0.192639,0.297413,-0.148271,-0.352189,0.144339,-0.054762,-0.253502,0.156247,0.127563,-0.053219,0.215433,,,,,,,,,,,,,,,
1861,31.016667,0.266760,0.192579,0.297411,-0.148705,-0.352419,0.145983,-0.055163,-0.253731,0.157615,0.127310,-0.053390,0.216097,,,,,,,,,,,,,,,
1862,31.033333,0.266668,0.192513,0.297405,-0.149143,-0.352644,0.147622,-0.055568,-0.253956,0.158972,0.127056,-0.053561,0.216756,,,,,,,,,,,,,,,
1863,31.050000,0.266581,0.192443,0.297397,-0.149582,-0.352868,0.149255,-0.055973,-0.254181,0.160319,0.126800,-0.053734,0.217411,,,,,,,,,,,,,,,
1864,31.066667,0.266496,0.192366,0.297388,-0.150014,-0.353097,0.150881,-0.056374,-0.254410,0.161658,0.126546,-0.053912,0.218061,,,,,,,,,,,,,,,
1865,31.083333,0.266410,0.192284,0.297380,-0.150437,-0.353336,0.152496,-0.056766,-0.254648,0.162989,0.126292,-0.054097,0.218709,,,,,,,,,,,,,,,
1866,31.100000,0.266321,0.192194,0.297372,-0.150843,-0.353592,0.154096,-0.057148,-0.254900,0.164312,0.126040,-0.054293,0.219352,,,,,,,,,,,,,,,
1867,31.116667,0.266224,0.192096,0.297364,-0.151230,-0.353870,0.155679,-0.057517,-0.255171,0.165626,0.125790,-0.054503,0.219992,,,,,,,,,,,,,,,
1868,31.133333,0.266117,0.191991,0.297358,-0.151594,-0.354176,0.157240,-0.057868,-0.255465,0.166930,0.125540,-0.054728,0.220628,,,,,,,,,,,,,,,
1869,31.150000,0.265999,0.191876,0.297352,-0.151930,-0.354517,0.158778,-0.058202,-0.255788,0.168226,0.125291,-0.054972,0.221261,,,,,,,,,,,,,,,
1870,31.166667,0.265870,0.191752,0.297345,-0.152238,-0.354895,0.160294,-0.058517,-0.256140,0.169513,0.125041,-0.055233,0.221889,,,,,,,,,,,,,,,
1871,31.183333,0.265732,0.191619,0.297338,-0.152514,-0.355313,0.161790,-0.058813,-0.256524,0.170791,0.124792,-0.055513,0.222515,,,,,,,-0.083252,-0.367275,0.184391,,,,,,
1872,31.200000,0.265588,0.191479,0.297328,-0.152759,-0.355772,0.163271,-0.059089,-0.256938,0.172061,0.124545,-0.055809,0.223138,,,,,,,-0.083233,-0.367949,0.185559,,,,,,
1873,31.216667,0.265445,0.191332,0.297316,-0.152973,-0.356267,0.164744,-0.059347,-0.257380,0.173325,0.124301,-0.056118,0.223759,,,,,,,-0.083212,-0.368621,0.186735,,,,,,
1874,31.233333,0.265308,0.191181,0.297299,-0.153160,-0.356792,0.166218,-0.059586,-0.257843,0.174583,0.124064,-0.056436,0.224379,,,,,,,-0.083187,-0.369285,0.187926,,,,,,
1875,31.250000,0.265184,0.191026,0.297278,-0.153322,-0.357338,0.167702,-0.059807,-0.258321,0.175837,0.123838,-0.056759,0.224998,,,,,,,-0.083158,-0.369939,0.189139,,,,,,
1876,31.266667,0.265075,0.190871,0.297252,-0.153464,-0.357896,0.169203,-0.060014,-0.258805,0.177093,0.123625,-0.057081,0.225617,,,,,,,-0.083126,-0.370576,0.190380,,,,,,
1877,31.283333,0.264987,0.190715,0.297222,-0.153590,-0.358455,0.170729,-0.060206,-0.259287,0.178352,0.123430,-0.057400,0.226236,,,,,,,-0.083094,-0.371190,0.191652,,,,,,
1878,31.300000,0.264918,0.190562,0.297189,-0.153704,-0.359005,0.172286,-0.060386,-0.259760,0.179620,0.123254,-0.057712,0.226856,,,,,,,-0.083063,-0.371775,0.192959,,,,,,
1879,31.316667,0.264871,0.190412,0.297155,-0.153811,-0.359538,0.173877,-0.060556,-0.260217,0.180900,0.123097,-0.058013,0.227478,,,,,,,-0.083034,-0.372329,0.194300,,,,,,
1880,31.333333,0.264844,0.190268,0.297121,-0.153914,-0.360048,0.175502,-0.060717,-0.260653,0.182193,0.122959,-0.058302,0.228103,,,,,,,-0.083010,-0.372848,0.195672,,,,,,
1881,31.350000,0.264835,0.190131,0.297089,-0.154015,-0.360531,0.177160,-0.060872,-0.261064,0.183500,0.122838,-0.058574,0.228730,,,,,,,-0.082990,-0.373330,0.197072,,,,,,
1882,31.366667,0.264843,0.190004,0.297060,-0.154116,-0.360985,0.178846,-0.061021,-0.261449,0.184817,0.122731,-0.058828,0.229361,,,,,,,-0.082976,-0.373774,0.198497,,,,,,
1883,31.383333,0.264864,0.189887,0.297034,-0.154218,-0.361408,0.180556,-0.061168,-0.261804,0.186140,0.122637,-0.059062,0.229993,,,,,,,-0.082969,-0.374181,0.199939,,,,,,
1884,31.400000,0.264896,0.189783,0.297012,-0.154323,-0.361802,0.182284,-0.061315,-0.262131,0.187468,0.122549,-0.059276,0.230626,,,,,,,-0.082970,-0.374552,0.201395,,,,,,
1885,31.416667,0.264936,0.189690,0.296993,-0.154433,-0.362167,0.184023,-0.061463,-0.262429,0.188794,0.122467,-0.059469,0.231258,,,,,,,-0.082980,-0.374887,0.202857,,,,,,
1886,31.433333,0.264981,0.189608,0.296978,-0.154548,-0.362505,0.185766,-0.061615,-0.262699,0.190116,0.122386,-0.059642,0.231888,,,,,,,-0.083003,-0.375188,0.204320,,,,,,
1887,31.450000,0.265028,0.189537,0.296966,-0.154669,-0.362820,0.187507,-0.061774,-0.262941,0.191429,0.122303,-0.059795,0.232516,,,,,,,-0.083040,-0.375456,0.205779,,,,,,
1888,31.466667,0.265077,0.189476,0.296959,-0.154795,-0.363113,0.189242,-0.061939,-0.263157,0.192733,0.122216,-0.059929,0.233142,,,,,,,-0.083091,-0.375693,0.207231,,,,,,
1889,31.483333,0.265126,0.189424,0.296955,-0.154927,-0.363391,0.190967,-0.062114,-0.263347,0.194025,0.122125,-0.060044,0.233765,,,,,,,-0.083157,-0.375902,0.208673,,,,,,
1890,31.500000,0.265174,0.189379,0.296955,-0.155061,-0.363657,0.192684,-0.062297,-0.263514,0.195307,0.122028,-0.060143,0.234386,,,,,,,-0.083237,-0.376084,0.210103,,,,,,
1891,31.516667,0.265220,0.189341,0.296959,-0.155198,-0.363915,0.194393,-0.062489,-0.263659,0.196579,0.121926,-0.060226,0.235006,,,,,,,-0.083330,-0.376242,0.211520,,,,,,
1892,31.533333,0.265266,0.189309,0.296965,-0.155336,-0.364170,0.196098,-0.062689,-0.263783,0.197845,0.121818,-0.060296,0.235624,,,,,,,-0.083436,-0.376380,0.212925,,,,,,
1893,31.550000,0.265310,0.189280,0.296974,,,,-0.062897,-0.263889,0.199104,0.121706,-0.060355,0.236241,,,,,,,-0.083553,-0.376498,0.214318,,,,,,
1894,31.566667,0.265352,0.189254,0.296984,,,,-0.063113,-0.263979,0.200359,0.121590,-0.060406,0.236854,,,,,,,-0.083681,-0.376601,0.215700,,,,,,
1895,31.583333,0.265392,0.189227,0.296996,,,,-0.063338,-0.264054,0.201609,0.121471,-0.060449,0.237465,,,,,,,-0.083821,-0.376689,0.217074,,,,,,
1896,31.600000,0.265431,0.189199,0.297008,,,,-0.063572,-0.264118,0.202854,0.121347,-0.060489,0.238071,,,,,,,-0.083971,-0.376767,0.218438,,,,,,
1897,31.616667,0.265467,0.189166,0.297020,,,,-0.063814,-0.264174,0.204095,0.121219,-0.060527,0.238674,,,,,,,-0.084131,-0.376838,0.219794,,,,,,
1898,31.633333,0.265500,0.189128,0.297033,,,,-0.064065,-0.264222,0.205328,0.121086,-0.060566,0.239272,,,,,,,-0.084300,-0.376903,0.221139,,,,,,
1899,31.650000,0.265532,0.189082,0.297046,,,,-0.064325,-0.264265,0.206555,0.120948,-0.060605,0.239866,,,,,,,-0.084478,-0.376964,0.222475,,,,,,
1900,31.666667,0.265561,0.189030,0.297060,,,,-0.064592,-0.264304,0.207772,0.120806,-0.060646,0.240456,,,,,,,-0.084662,-0.377024,0.223801,,,,,,
1901,31.683333,0.265589,0.188969,0.297074,,,,-0.064865,-0.264340,0.208980,0.120660,-0.060690,0.241042,,,,,,,-0.084852,-0.377082,0.225120,,,,,,
1902,31.700000,0.265615,0.188903,0.297088,,,,-0.065141,-0.264374,0.210179,0.120511,-0.060734,0.241625,,,,,,,-0.085044,-0.377139,0.226435,,,,,,
1903,31.716667,0.265639,0.188832,0.297102,,,,-0.065419,-0.264405,0.211368,0.120360,-0.060780,0.242203,,,,,,,,,,,,,,,
1904,31.733333,0.265658,0.188759,0.297117,,,,-0.065696,-0.264435,0.212550,0.120209,-0.060826,0.242778,,,,,,,,,,,,,,,
1905,31.750000,0.265673,0.188684,0.297132,,,,-0.065968,-0.264465,0.213722,0.120058,-0.060873,0.243350,,,,,,,,,,,,,,,
1906,31.766667,0.265683,0.188612,0.297147,,,,-0.066234,-0.264497,0.214886,0.119909,-0.060919,0.243919,,,,,,,,,,,,,,,
1907,31.783333,0.265687,0.188542,0.297163,,,,-0.066491,-0.264534,0.216041,0.119763,-0.060966,0.244486,,,,,,,,,,,,,,,
1908,31.800000,0.265685,0.188477,0.297180,,,,-0.066736,-0.264577,0.217189,0.119620,-0.061013,0.245050,,,,,,,,,,,,,,,
1909,31.816667,0.265678,0.188416,0.297198,,,,-0.066968,-0.264629,0.218332,0.119482,-0.061061,0.245614,,,,,,,,,,,,,,,
1910,31.833333,0.265665,0.188361,0.297218,,,,-0.067184,-0.264694,0.219472,0.119348,-0.061112,0.246178,,,,,,,,,,,,,,,
1911,31.850000,0.265648,0.188309,0.297240,,,,-0.067382,-0.264774,0.220614,0.119220,-0.061166,0.246743,,,,,,,,,,,,,,,
1912,31.866667,0.265626,0.188260,0.297265,,,,-0.067561,-0.264870,0.221759,0.119099,-0.061227,0.247312,,,,,,,,,,,,,,,
1913,31.883333,0.265600,0.188212,0.297294,,,,-0.067721,-0.264984,0.222911,0.118985,-0.061295,0.247886,,,,,,,,,,,,,,,
1914,31.900000,0.265571,0.188164,0.297328,,,,-0.067861,-0.265116,0.224069,0.118880,-0.061371,0.248465,,,,,,,,,,,,,,,
1915,31.916667,0.265541,0.188115,0.297368,,,,-0.067982,-0.265268,0.225236,0.118783,-0.061458,0.249050,,,,,,,,,,,,,,,
1916,31.933333,0.265509,0.188064,0.297414,,,,-0.068083,-0.265437,0.226411,0.118696,-0.061554,0.249640,,,,,,,,,,,,,,,
1917,31.950000,0.265477,0.188009,0.297467,,,,-0.068166,-0.265624,0.227593,0.118619,-0.061660,0.250234,,,,,,,,,,,,,,,
1918,31.966667,0.265444,0.187951,0.297525,,,,-0.068232,-0.265825,0.228779,0.118551,-0.061776,0.250831,,,,,,,,,,,,,,,
1919,31.983333,0.265412,0.187887,0.297590,,,,-0.068282,-0.266039,0.229963,0.118493,-0.061902,0.251427,,,,,,,,,,,,,,,
1920,32.000000,0.265381,0.187818,0.297660,,,,-0.068318,-0.266263,0.231140,0.118446,-0.062035,0.252018,,,,,,,,,,,,,,,
1921,32.016667,0.265350,0.187745,0.297733,,,,-0.068341,-0.266492,0.232300,0.118408,-0.062176,0.252599,,,,,,,,,,,,,,,
1922,32.033333,0.265319,0.187667,0.297809,,,,-0.068354,-0.266725,0.233434,0.118382,-0.062321,0.253163,,,,,,,,,,,,,,,
1923,32.050000,0.265290,0.187587,0.297885,,,,-0.068355,-0.266959,0.234531,0.118364,-0.062469,0.253706,,,,,,,,,,,,,,,
1924,32.066667,0.265261,0.187506,0.297960,,,,-0.068347,-0.267190,0.235579,0.118357,-0.062618,0.254222,,,,,,,,,,,,,,,
1925,32.083333,0.265233,0.187425,0.298033,,,,-0.068328,-0.267418,0.236565,0.118358,-0.062765,0.254703,,,,,,,,,,,,,,,
1926,32.100000,0.265205,0.187346,0.298103,,,,-0.068300,-0.267640,0.237479,0.118368,-0.062909,0.255145,,,,,,,,,,,,,,,
1927,32.116667,0.265175,0.187270,0.298169,,,,-0.068261,-0.267856,0.238308,0.118384,-0.063048,0.255543,,,,,,,,,,,,,,,
1928,32.133333,0.265146,0.187199,0.298230,,,,-0.068212,-0.268065,0.239042,0.118408,-0.063180,0.255891,,,,,,,,,,,,,,,
1929,32.150000,0.265115,0.187134,0.298285,,,,-0.068152,-0.268268,0.239676,0.118436,-0.063305,0.256188,,,,,,,,,,,,,,,
1930,32.166667,0.265083,0.187075,0.298335,,,,-0.068081,-0.268465,0.240204,0.118470,-0.063422,0.256433,,,,,,,,,,,,,,,
1931,32.183333,0.265051,0.187024,0.298378,,,,-0.067997,-0.268657,0.240624,0.118507,-0.063529,0.256624,,,,,,,,,,,,,,,
1932,32.200000,0.265019,0.186979,0.298414,,,,-0.067901,-0.268847,0.240939,0.118548,-0.063628,0.256764,,,,,,,,,,,,,,,
1933,32.216667,0.264986,0.186943,0.298444,,,,-0.067791,-0.269033,0.241153,0.118592,-0.063718,0.256853,,,,,,,,,,,,,,,
1934,32.233333,0.264954,0.186913,0.298466,,,,-0.067669,-0.269217,0.241273,0.118639,-0.063799,0.256894,,,,,,,,,,,,,,,
1935,32.250000,0.264923,0.186891,0.298481,,,,-0.067534,-0.269398,0.241311,0.118689,-0.063872,0.256894,,,,,,,,,,,,,,,
1936,32.266667,0.264892,0.186876,0.298489,,,,-0.067389,-0.269578,0.241279,0.118740,-0.063938,0.256857,,,,,,,,,,,,,,,
1937,32.283333,0.264863,0.186865,0.298490,,,,-0.067236,-0.269754,0.241191,0.118793,-0.063997,0.256790,,,,,,,,,,,,,,,
1938,32.300000,0.264836,0.186858,0.298485,,,,-0.067080,-0.269927,0.241062,0.118847,-0.064051,0.256700,,,,,,,,,,,,,,,
1939,32.316667,0.264811,0.186854,0.298475,,,,-0.066924,-0.270095,0.240908,0.118900,-0.064101,0.256595,,,,,,,,,,,,,,,
1940,32.333333,0.264790,0.186849,0.298461,,,,-0.066771,-0.270257,0.240743,0.118952,-0.064146,0.256481,,,,,,,,,,,,,,,
1941,32.350000,0.264772,0.186843,0.298444,,,,-0.066627,-0.270412,0.240580,0.119003,-0.064189,0.256365,,,,,,,,,,,,,,,
1942,32.366667,0.264759,0.186834,0.298425,,,,-0.066494,-0.270557,0.240430,0.119052,-0.064230,0.256254,,,,,,,,,,,,,,,
1943,32.383333,0.264751,0.186823,0.298404,,,,-0.066375,-0.270691,0.240302,0.119099,-0.064268,0.256152,,,,,,,,,,,,,,,
1944,32.400000,0.264748,0.186807,0.298383,,,,-0.066273,-0.270814,0.240202,0.119144,-0.064303,0.256063,,,,,,,,,,,,,,,
1945,32.416667,0.264750,0.186789,0.298362,,,,-0.066192,-0.270924,0.240134,0.119185,-0.064336,0.255992,,,,,,,,,,,,,,,
1946,32.433333,0.264756,0.186769,0.298342,,,,-0.066132,-0.271021,0.240097,0.119224,-0.064364,0.255941,,,,,,,,,,,,,,,
1947,32.450000,0.264765,0.186746,0.298323,,,,-0.066097,-0.271105,0.240088,0.119260,-0.064389,0.255911,,,,,,,,,,,,,,,
1948,32.466667,0.264776,0.186723,0.298306,,,,-0.066088,-0.271175,0.240102,0.119292,-0.064409,0.255905,,,,,,,,,,,,,,,
1949,32.483333,0.264789,0.186699,0.298290,,,,-0.066105,-0.271230,0.240131,0.119320,-0.064425,0.255924,,,,,,,,,,,,,,,
1950,32.500000,0.264803,0.186675,0.298277,,,,-0.066150,-0.271273,0.240167,0.119343,-0.064436,0.255966,,,,,,,,,,,,,,,
1951,32.516667,0.264818,0.186651,0.298267,,,,-0.066223,-0.271303,0.240201,0.119360,-0.064440,0.256033,,,,,,,,,,,,,,,
1952,32.533333,0.264832,0.186629,0.298259,,,,-0.066323,-0.271323,0.240230,0.119371,-0.064438,0.256122,,,,,,,,,,,,,,,
1953,32.550000,0.264847,0.186608,0.298255,,,,-0.066447,-0.271335,0.240256,0.119375,-0.064429,0.256233,,,,,,,,,,,,,,,
1954,32.566667,0.264862,0.186590,0.298256,,,,-0.066592,-0.271341,0.240282,0.119373,-0.064414,0.256366,,,,,,,,,,,,,,,
1955,32.583333,0.264876,0.186573,0.298260,,,,-0.066754,-0.271343,0.240318,0.119365,-0.064394,0.256520,,,,,,,,,,,,,,,
1956,32.600000,0.264888,0.186558,0.298270,,,,-0.066925,-0.271343,0.240379,0.119350,-0.064371,0.256696,,,,,,,,,,,,,,,
1957,32.616667,0.264898,0.186545,0.298286,,,,-0.067101,-0.271344,0.240476,0.119329,-0.064347,0.256893,,,,,,,,,,,,,,,
1958,32.633333,0.264905,0.186533,0.298308,,,,-0.067275,-0.271346,0.240621,0.119303,-0.064324,0.257113,,,,,,,,,,,,,,,
1959,32.650000,0.264908,0.186522,0.298338,,,,-0.067446,-0.271351,0.240820,0.119271,-0.064303,0.257354,,,,,,,,,,,,,,,
1960,32.666667,0.264906,0.186511,0.298374,,,,-0.067611,-0.271359,0.241074,0.119234,-0.064285,0.257615,,,,,,,,,,,,,,,
1961,32.683333,0.264898,0.186501,0.298419,,,,-0.067770,-0.271371,0.241379,0.119193,-0.064270,0.257893,,,,,,,,,,,,,,,
1962,32.700000,0.264885,0.186492,0.298471,,,,-0.067923,-0.271387,0.241729,0.119148,-0.064258,0.258187,,,,,,,,,,,,,,,
1963,32.716667,0.264866,0.186482,0.298530,,,,-0.068075,-0.271406,0.242116,0.119099,-0.064248,0.258492,,,,,,,,,,,,,,,
1964,32.733333,0.264842,0.186472,0.298596,,,,-0.068225,-0.271429,0.242529,0.119045,-0.064240,0.258809,,,,,,,,,,,,,,,
1965,32.750000,0.264813,0.186462,0.298670,,,,-0.068377,-0.271456,0.242963,0.118986,-0.064233,0.259133,,,,,,,,,,,,,,,
1966,32.766667,0.264779,0.186451,0.298749,,,,-0.068532,-0.271486,0.243410,0.118922,-0.064227,0.259465,,,,,,,,,,,,,,,
1967,32.783333,0.264741,0.186440,0.298834,,,,-0.068690,-0.271520,0.243866,0.118852,-0.064221,0.259801,,,,,,,,,,,,,,,
1968,32.800000,0.264700,0.186428,0.298925,,,,-0.068851,-0.271556,0.244331,0.118777,-0.064215,0.260140,,,,,,,,,,,,,,,
1969,32.816667,0.264656,0.186417,0.299020,,,,-0.069015,-0.271594,0.244806,0.118697,-0.064208,0.260479,,,,,,,,,,,,,,,
1970,32.833333,0.264610,0.186407,0.299119,,,,-0.069178,-0.271634,0.245293,0.118613,-0.064199,0.260818,,,,,,,,,,,,,,,
1971,32.850000,0.264562,0.186398,0.299222,,,,-0.069341,-0.271673,0.245795,0.118524,-0.064188,0.261156,,,,,,,,,,,,,,,
1972,32.866667,0.264515,0.186391,0.299327,,,,-0.069502,-0.271709,0.246312,0.118432,-0.064174,0.261492,,,,,,,,,,,,,,,
1973,32.883333,0.264469,0.186386,0.299435,,,,-0.069660,-0.271741,0.246844,0.118337,-0.064157,0.261825,,,,,,,,,,,,,,,
1974,32.900000,0.264423,0.186385,0.299543,,,,-0.069814,-0.271765,0.247388,0.118239,-0.064134,0.262153,,,,,,,,,,,,,,,
1975,32.916667,0.264380,0.186386,0.299653,,,,-0.069967,-0.271777,0.247942,0.118136,-0.064106,0.262475,,,,,,,,,,,,,,,
1976,32.933333,0.264339,0.186389,0.299761,,,,-0.070118,-0.271776,0.248506,0.118028,-0.064071,0.262792,,,,,,,,,,,,,,,
1977,32.950000,0.264302,0.186396,0.299869,,,,-0.070272,-0.271760,0.249083,0.117913,-0.064027,0.263103,,,,,,,,,,,,,,,
1978,32.966667,0.264267,0.186405,0.299975,,,,-0.070429,-0.271724,0.249676,0.117789,-0.063974,0.263409,,,,,,,,,,,,,,,
1979,32.983333,0.264236,0.186419,0.300080,,,,-0.070593,-0.271667,0.250289,0.117653,-0.063908,0.263712,,,,,,,,,,,,,,,
1980,33.000000,0.264208,0.186436,0.300182,,,,-0.070766,-0.271585,0.250925,0.117505,-0.063830,0.264014,,,,,,,,,,,,,,,
1981,33.016667,0.264182,0.186458,0.300282,,,,-0.070953,-0.271475,0.251588,0.117342,-0.063737,0.264315,,,,,,,,,,,,,,,
1982,33.033333,0.264160,0.186486,0.300378,,,,-0.071159,-0.271331,0.252280,0.117162,-0.063627,0.264616,,,,,,,,,,,,,,,
1983,33.050000,0.264142,0.186519,0.300470,,,,-0.071388,-0.271152,0.252999,0.116965,-0.063499,0.264919,,,,,,,,,,,,,,,
1984,33.066667,0.264129,0.186556,0.300559,,,,-0.071645,-0.270933,0.253747,0.116748,-0.063349,0.265227,,,,,,,,,,,,,,,
1985,33.083333,0.264120,0.186599,0.300645,,,,-0.071937,-0.270673,0.254522,0.116510,-0.063178,0.265539,,,,,,,,,,,,,,,
1986,33.100000,0.264117,0.186645,0.300727,,,,-0.072269,-0.270369,0.255320,0.116250,-0.062984,0.265858,,,,,,,,,,,,,,,
1987,33.116667,0.264119,0.186694,0.300806,,,,-0.072643,-0.270019,0.256141,0.115968,-0.062767,0.266186,,,,,,,,,,,,,,,
1988,33.133333,0.264127,0.186747,0.300882,,,,-0.073063,-0.269621,0.256980,0.115664,-0.062527,0.266523,,,,,,,,,,,,,,,
1989,33.150000,0.264141,0.186801,0.300956,,,,-0.073530,-0.269174,0.257835,0.115338,-0.062265,0.266872,,,,,,,,,,,,,,,
1990,33.166667,0.264160,0.186857,0.301028,,,,-0.074044,-0.268678,0.258704,0.114991,-0.061980,0.267232,,,,,,,,,,,,,,,
1991,33.183333,0.264183,0.186914,0.301099,,,,-0.074604,-0.268132,0.259584,0.114624,-0.061675,0.267603,,,,,,,,,,,,,,,
1992,33.200000,0.264209,0.186972,0.301170,,,,-0.075211,-0.267537,0.260475,0.114239,-0.061351,0.267986,,,,,,,,,,,,,,,
1993,33.216667,0.264237,0.187030,0.301239,,,,-0.075861,-0.266898,0.261375,0.113836,-0.061008,0.268379,,,,,,,,,,,,,,,
1994,33.233333,0.264266,0.187087,0.301310,,,,-0.076552,-0.266216,0.262282,0.113418,-0.060649,0.268782,,,,,,,,,,,,,,,
1995,33.250000,0.264294,0.187145,0.301381,,,,-0.077280,-0.265498,0.263196,0.112984,-0.060276,0.269193,,,,,,,,,,,,,,,
1996,33.266667,0.264321,0.187202,0.301454,,,,-0.078041,-0.264748,0.264113,0.112538,-0.059890,0.269612,,,,,,,,,,,,,,,
1997,33.283333,0.264346,0.187260,0.301529,,,,-0.078829,-0.263970,0.265029,0.112079,-0.059492,0.270038,,,,,,,,,,,,,,,
1998,33.300000,0.264369,0.187318,0.301605,,,,-0.079637,-0.263171,0.265942,0.111611,-0.059086,0.270468,,,,,,,,,,,,,,,
1999,33.316667,0.264389,0.187376,0.301684,,,,-0.080460,-0.262355,0.266848,0.111136,-0.058672,0.270901,,,,,,,,,,,,,,,
2000,33.333333,0.264408,0.187436,0.301765,,,,-0.081291,-0.261527,0.267744,0.110657,-0.058253,0.271336,,,,,,,,,,,,,,,
2001,33.350000,0.264424,0.187495,0.301848,,,,-0.082124,-0.260693,0.268627,0.110178,-0.057831,0.271771,,,,,,,,,,,,,,,
2002,33.366667,0.264439,0.187556,0.301932,,,,-0.082954,-0.259858,0.269496,0.109700,-0.057406,0.272203,,,,,,,,,,,,,,,
2003,33.383333,0.264454,0.187617,0.302018,,,,-0.083777,-0.259026,0.270350,0.109226,-0.056980,0.272633,,,,,,,,,,,,,,,
2004,33.400000,0.264467,0.187680,0.302104,,,,-0.084587,-0.258202,0.271189,0.108757,-0.056555,0.273059,,,,,,,,,,,,,,,
2005,33.416667,0.264481,0.187742,0.302191,,,,-0.085383,-0.257389,0.272013,0.108294,-0.056130,0.273484,,,,,,,,,,,,,,,
2006,33.433333,0.264495,0.187805,0.302279,,,,-0.086163,-0.256586,0.272823,0.107837,-0.055706,0.273907,,,,,,,,,,,,,,,
2007,33.450000,0.264509,0.187869,0.302367,,,,-0.086930,-0.255794,0.273617,0.107386,-0.055284,0.274327,,,,,,,,,,,,,,,
2008,33.466667,0.264524,0.187931,0.302454,,,,-0.087686,-0.255008,0.274396,0.106940,-0.054862,0.274746,,,,,,,,,,,,,,,
2009,33.483333,0.264541,0.187994,0.302541,,,,-0.088437,-0.254226,0.275158,0.106495,-0.054438,0.275161,,,,,,,,,,,,,,,
2010,33.500000,0.264558,0.188057,0.302628,,,,-0.089189,-0.253442,0.275902,0.106051,-0.054011,0.275573,,,,,,,,,,,,,,,
2011,33.516667,0.264575,0.188120,0.302714,,,,-0.089950,-0.252649,0.276628,0.105604,-0.053577,0.275982,,,,,,,,,,,,,,,
2012,33.533333,0.264592,0.188183,0.302799,,,,-0.090728,-0.251841,0.277336,0.105152,-0.053135,0.276387,,,,,,,,,,,,,,,
2013,33.550000,0.264607,0.188249,0.302886,,,,-0.091528,-0.251014,0.278027,0.104693,-0.052682,0.276788,,,,,,,,,,,,,,,
2014,33.566667,0.264620,0.188316,0.302973,,,,-0.092355,-0.250163,0.278701,0.104225,-0.052216,0.277183,,,,,,,,,,,,,,,
2015,33.583333,0.264630,0.188387,0.303061,,,,-0.093210,-0.249284,0.279364,0.103746,-0.051738,0.277572,,,,,,,,,,,,,,,
2016,33.600000,0.264635,0.188461,0.303152,,,,-0.094095,-0.248376,0.280017,0.103257,-0.051247,0.277953,,,,,,,,,,,,,,,
2017,33.616667,0.264634,0.188538,0.303244,,,,-0.095005,-0.247439,0.280664,0.102759,-0.050744,0.278328,,,,,,,,,,,,,,,
2018,33.633333,0.264629,0.188619,0.303337,,,,-0.095939,-0.246475,0.281308,0.102253,-0.050229,0.278696,,,,,,,,,,,,,,,
2019,33.650000,0.264618,0.188702,0.303431,,,,-0.096890,-0.245486,0.281950,0.101741,-0.049705,0.279057,,,,,,,,,,,,,,,
2020,33.666667,0.264604,0.188789,0.303526,,,,-0.097854,-0.244477,0.282591,0.101226,-0.049173,0.279410,-0.119596,-0.355333,0.303853,,,,,,,,,,,,
2021,33.683333,0.264587,0.188879,0.303620,,,,-0.098825,-0.243451,0.283229,0.100709,-0.048635,0.279756,-0.120921,-0.354141,0.304513,,,,,,,,,,,,
2022,33.700000,0.264570,0.188970,0.303713,,,,-0.099798,-0.242415,0.283863,0.100194,-0.048092,0.280096,-0.122240,-0.352952,0.305170,,,,,,,,,,,,
2023,33.716667,0.264553,0.189063,0.303804,,,,-0.100766,-0.241372,0.284491,0.099684,-0.047546,0.280428,-0.123549,-0.351768,0.305819,,,,,,,,,,,,
2024,33.733333,0.264540,0.189158,0.303892,-0.197254,-0.335037,0.309709,-0.101725,-0.240326,0.285111,0.099180,-0.046999,0.280752,-0.124842,-0.350592,0.306457,,,,,,,,,,,,
2025,33.750000,0.264530,0.189253,0.303977,-0.198329,-0.333763,0.310410,-0.102671,-0.239283,0.285720,0.098687,-0.046453,0.281070,-0.126114,-0.349427,0.307081,,,,,,,,,,,,
2026,33.766667,0.264525,0.189350,0.304059,-0.199398,-0.332496,0.311106,-0.103601,-0.238245,0.286315,0.098205,-0.045909,0.281379,-0.127361,-0.348276,0.307688,,,,,,,,,,,,
2027,33.783333,0.264527,0.189447,0.304137,-0.200455,-0.331242,0.311792,-0.104510,-0.237218,0.286896,0.097737,-0.045369,0.281679,-0.128578,-0.347142,0.308278,,,,,,,,,,,,
2028,33.800000,0.264536,0.189544,0.304210,-0.201494,-0.330004,0.312463,-0.105397,-0.236203,0.287459,0.097284,-0.044834,0.281970,-0.129763,-0.346027,0.308851,,,,,,,,,,,,
2029,33.816667,0.264550,0.189642,0.304279,-0.202511,-0.328786,0.313116,-0.106259,-0.235204,0.288003,0.096849,-0.044308,0.282250,-0.130913,-0.344934,0.309405,,,,,,,,,,,,
2030,33.833333,0.264571,0.189740,0.304344,-0.203502,-0.327594,0.313748,-0.107092,-0.234226,0.288527,0.096432,-0.043792,0.282518,-0.132025,-0.343865,0.309941,,,,,,,,,,,,
2031,33.850000,0.264597,0.189836,0.304405,-0.204463,-0.326431,0.314357,-0.107895,-0.233272,0.289029,0.096035,-0.043289,0.282773,-0.133095,-0.342827,0.310455,,,,,,,,,,,,
2032,33.866667,0.264625,0.189930,0.304461,-0.205388,-0.325306,0.314944,-0.108665,-0.232349,0.289510,0.095658,-0.042803,0.283013,-0.134120,-0.341824,0.310947,,,,,,,,,,,,
2033,33.883333,0.264656,0.190020,0.304514,-0.206273,-0.324225,0.315506,-0.109398,-0.231463,0.289969,0.095303,-0.042338,0.283237,-0.135094,-0.340865,0.311413,,,,,,,,,,,,
2034,33.900000,0.264687,0.190105,0.304562,-0.207112,-0.323196,0.316044,-0.110092,-0.230619,0.290405,0.094968,-0.041897,0.283447,-0.136012,-0.339957,0.311850,,,,,,,,,,,,
2035,33.916667,0.264718,0.190183,0.304607,-0.207900,-0.322226,0.316552,-0.110744,-0.229824,0.290817,0.094656,-0.041483,0.283640,-0.136870,-0.339106,0.312256,,,,,,,,,,,,
2036,33.933333,0.264748,0.190254,0.304648,-0.208634,-0.321323,0.317028,-0.111349,-0.229083,0.291203,0.094367,-0.041099,0.283818,-0.137664,-0.338318,0.312627,,,,,,,,,,,,
2037,33.950000,0.264778,0.190318,0.304685,-0.209309,-0.320490,0.317467,-0.111904,-0.228401,0.291560,0.094102,-0.040747,0.283981,-0.138389,-0.337597,0.312961,,,,,,,,,,,,
2038,33.966667,0.264807,0.190374,0.304719,-0.209921,-0.319735,0.317867,-0.112408,-0.227780,0.291886,0.093862,-0.040426,0.284128,-0.139042,-0.336947,0.313258,,,,,,,,,,,,
2039,33.983333,0.264837,0.190424,0.304749,-0.210466,-0.319061,0.318224,-0.112857,-0.227225,0.292181,0.093648,-0.040138,0.284263,-0.139620,-0.336370,0.313516,,,,,,,,,,,,
2040,34.000000,0.264867,0.190468,0.304776,-0.210943,-0.318470,0.318538,-0.113251,-0.226736,0.292443,0.093461,-0.039882,0.284385,-0.140122,-0.335868,0.313735,,,,,,,,,,,,
2041,34.016667,0.264899,0.190507,0.304801,-0.211351,-0.317964,0.318810,-0.113588,-0.226315,0.292675,0.093300,-0.039658,0.284496,-0.140547,-0.335441,0.313918,,,,,,,,,,,,
2042,34.033333,0.264931,0.190540,0.304823,-0.211690,-0.317539,0.319040,-0.113868,-0.225959,0.292877,0.093166,-0.039466,0.284597,-0.140898,-0.335087,0.314065,,,,,,,,,,,,
2043,34.050000,0.264964,0.190568,0.304843,-0.211962,-0.317194,0.319234,-0.114094,-0.225668,0.293052,0.093058,-0.039306,0.284688,-0.141176,-0.334804,0.314179,,,,,,,,,,,,
2044,34.066667,0.264997,0.190590,0.304862,-0.212171,-0.316926,0.319393,-0.114268,-0.225438,0.293202,0.092975,-0.039176,0.284771,-0.141386,-0.334588,0.314264,,,,,,,,,,,,
2045,34.083333,0.265029,0.190607,0.304880,-0.212319,-0.316730,0.319522,-0.114392,-0.225267,0.293329,0.092916,-0.039075,0.284846,-0.141531,-0.334435,0.314324,,,,,,,,,,,,
2046,34.100000,0.265059,0.190619,0.304898,-0.212411,-0.316603,0.319625,-0.114471,-0.225151,0.293437,0.092878,-0.039001,0.284914,-0.141617,-0.334341,0.314362,,,,,,,,,,,,
2047,34.116667,0.265088,0.190627,0.304916,-0.212454,-0.316537,0.319705,-0.114509,-0.225084,0.293528,0.092858,-0.038953,0.284976,-0.141651,-0.334300,0.314382,,,,,,,,,,,,
2048,34.133333,0.265114,0.190630,0.304933,-0.212452,-0.316525,0.319762,-0.114512,-0.225061,0.293601,0.092855,-0.038928,0.285033,-0.141641,-0.334302,0.314387,,,,,,,,,,,,
2049,34.150000,0.265138,0.190629,0.304950,-0.212414,-0.316558,0.319799,-0.114484,-0.225076,0.293659,0.092866,-0.038923,0.285085,-0.141595,-0.334343,0.314381,,,,,,,,,,,,
2050,34.166667,0.265158,0.190624,0.304967,-0.212346,-0.316630,0.319820,-0.114431,-0.225123,0.293703,0.092888,-0.038935,0.285131,-0.141520,-0.334413,0.314365,,,,,,,,,,,,
2051,34.183333,0.265175,0.190616,0.304983,-0.212253,-0.316733,0.319827,-0.114359,-0.225196,0.293736,0.092919,-0.038961,0.285173,-0.141421,-0.334509,0.314343,,,,,,,,,,,,
2052,34.200000,0.265189,0.190606,0.304999,-0.212141,-0.316862,0.319823,-0.114270,-0.225292,0.293759,0.092956,-0.038999,0.285211,-0.141304,-0.334626,0.314315,,,,,,,,,,,,
2053,34.216667,0.265199,0.190594,0.305014,-0.212013,-0.317011,0.319813,-0.114170,-0.225404,0.293775,0.092998,-0.039047,0.285246,-0.141173,-0.334758,0.314283,,,,,,,,,,,,
2054,34.233333,0.265206,0.190581,0.305027,-0.211875,-0.317175,0.319799,-0.114060,-0.225529,0.293787,0.093044,-0.039102,0.285277,-0.141032,-0.334903,0.314248,,,,,,,,,,,,
2055,34.250000,0.265210,0.190566,0.305040,-0.211730,-0.317348,0.319784,-0.113945,-0.225663,0.293798,0.093092,-0.039163,0.285307,-0.140884,-0.335055,0.314214,,,,,,,,,,,,
2056,34.266667,0.265211,0.190550,0.305050,-0.211580,-0.317527,0.319771,-0.113825,-0.225804,0.293808,0.093141,-0.039228,0.285334,-0.140733,-0.335212,0.314181,,,,,,,,,,,,
2057,34.283333,0.265209,0.190532,0.305059,-0.211428,-0.317709,0.319762,-0.113704,-0.225949,0.293820,0.093191,-0.039298,0.285359,-0.140582,-0.335372,0.314154,,,,,,,,,,,,
2058,34.300000,0.265204,0.190513,0.305065,-0.211276,-0.317894,0.319758,-0.113582,-0.226097,0.293835,0.093241,-0.039371,0.285383,-0.140431,-0.335533,0.314133,,,,,,,,,,,,
2059,34.316667,0.265197,0.190492,0.305067,-0.211125,-0.318081,0.319761,-0.113461,-0.226246,0.293854,0.093290,-0.039447,0.285406,-0.140281,-0.335696,0.314118,,,,,,,,,,,,
2060,34.333333,0.265188,0.190470,0.305066,-0.210975,-0.318269,0.319771,-0.113343,-0.226398,0.293878,0.093338,-0.039525,0.285428,-0.140135,-0.335860,0.314110,,,,,,,,,,,,
2061,34.350000,0.265178,0.190445,0.305062,-0.210828,-0.318458,0.319787,-0.113227,-0.226549,0.293907,0.093383,-0.039606,0.285449,-0.139991,-0.336024,0.314107,,,,,,,,,,,,
2062,34.366667,0.265167,0.190418,0.305054,-0.210685,-0.318645,0.319810,-0.113117,-0.226701,0.293941,0.093426,-0.039688,0.285470,-0.139853,-0.336187,0.314110,,,,,,,,,,,,
2063,34.383333,0.265155,0.190389,0.305043,-0.210548,-0.318830,0.319838,-0.113011,-0.226850,0.293977,0.093467,-0.039771,0.285490,-0.139720,-0.336348,0.314115,,,,,,,,,,,,
2064,34.400000,0.265145,0.190357,0.305029,-0.210417,-0.319009,0.319869,-0.112911,-0.226995,0.294016,0.093506,-0.039854,0.285509,-0.139593,-0.336505,0.314124,,,,,,,,,,,,
2065,34.416667,0.265138,0.190325,0.305013,-0.210293,-0.319181,0.319902,-0.112817,-0.227134,0.294054,0.093543,-0.039935,0.285525,-0.139472,-0.336656,0.314133,,,,,,,,,,,,
2066,34.433333,0.265136,0.190291,0.304994,-0.210176,-0.319343,0.319935,-0.112729,-0.227266,0.294090,0.093581,-0.040015,0.285539,-0.139359,-0.336798,0.314142,,,,,,,,,,,,
2067,34.450000,0.265140,0.190257,0.304973,-0.210065,-0.319493,0.319966,-0.112643,-0.227388,0.294122,0.093620,-0.040090,0.285550,-0.139252,-0.336931,0.314148,,,,,,,,,,,,
2068,34.466667,0.265154,0.190223,0.304951,-0.209959,-0.319628,0.319992,-0.112561,-0.227500,0.294149,0.093663,-0.040162,0.285557,-0.139151,-0.337051,0.314150,,,,,,,,,,,,
2069,34.483333,0.265179,0.190188,0.304928,-0.209858,-0.319749,0.320010,-0.112479,-0.227600,0.294167,0.093711,-0.040229,0.285559,-0.139055,-0.337158,0.314147,,,,,,,,,,,,
2070,34.500000,0.265218,0.190155,0.304904,-0.209759,-0.319853,0.320019,-0.112395,-0.227688,0.294177,0.093767,-0.040292,0.285555,-0.138962,-0.337251,0.314136,,,,,,,,,,,,
2071,34.516667,0.265273,0.190122,0.304880,-0.209661,-0.319939,0.320015,-0.112307,-0.227764,0.294173,0.093833,-0.040349,0.285544,-0.138871,-0.337329,0.314115,,,,,,,,,,,,
2072,34.533333,0.265346,0.190090,0.304856,-0.209561,-0.320009,0.319994,-0.112213,-0.227827,0.294156,0.093910,-0.040401,0.285524,-0.138779,-0.337392,0.314082,,,,,,,,,,,,
2073,34.550000,0.265439,0.190060,0.304834,-0.209456,-0.320063,0.319954,-0.112111,-0.227877,0.294121,0.094001,-0.040447,0.285496,-0.138685,-0.337440,0.314035,,,,,,,,,,,,
2074,34.566667,0.265553,0.190033,0.304814,-0.209346,-0.320099,0.319892,-0.111999,-0.227914,0.294066,0.094107,-0.040486,0.285457,-0.138586,-0.337473,0.313971,,,,,,,,,,,,
2075,34.583333,0.265689,0.190010,0.304796,-0.209230,-0.320120,0.319803,-0.111875,-0.227938,0.293989,0.094230,-0.040519,0.285407,-0.138480,-0.337492,0.313887,,,,,,,,,,,,
2076,34.600000,0.265845,0.189990,0.304780,-0.209106,-0.320125,0.319685,-0.111740,-0.227951,0.293888,0.094369,-0.040544,0.285344,-0.138367,-0.337496,0.313781,,,,,,,,,,,,
2077,34.616667,0.266018,0.189974,0.304768,-0.208976,-0.320115,0.319536,-0.111595,-0.227952,0.293760,0.094523,-0.040564,0.285268,-0.138249,-0.337487,0.313653,,,,,,,,,,,,
2078,34.633333,0.266203,0.189961,0.304757,-0.208843,-0.320094,0.319354,-0.111442,-0.227944,0.293604,0.094688,-0.040580,0.285179,-0.138127,-0.337469,0.313500,,,,,,,,,,,,
2079,34.650000,0.266393,0.189949,0.304747,-0.208709,-0.320065,0.319138,-0.111284,-0.227932,0.293421,0.094861,-0.040593,0.285076,-0.138003,-0.337443,0.313324,,,,,,,,,,,,
2080,34.666667,0.266581,0.189937,0.304738,-0.208577,-0.320036,0.318888,-0.111126,-0.227919,0.293211,0.095035,-0.040606,0.284961,-0.137881,-0.337416,0.313124,,,,,,,,,,,,
2081,34.683333,0.266759,0.189925,0.304729,-0.208450,-0.320012,0.318606,-0.110972,-0.227910,0.292976,0.095204,-0.040620,0.284837,-0.137762,-0.337392,0.312905,,,,,,,,,,,,
2082,34.700000,0.266919,0.189911,0.304722,-0.208329,-0.319998,0.318297,-0.110825,-0.227909,0.292722,0.095363,-0.040636,0.284706,-0.137649,-0.337375,0.312671,,,,,,,,,,,,
2083,34.716667,0.267056,0.189897,0.304715,-0.208217,-0.320000,0.317969,-0.110689,-0.227920,0.292454,0.095507,-0.040657,0.284571,-0.137543,-0.337370,0.312428,,,,,,,,,,,,
2084,34.733333,0.267166,0.189881,0.304710,-0.208116,-0.320017,0.317630,-0.110566,-0.227944,0.292178,0.095633,-0.040683,0.284438,-0.137446,-0.337376,0.312183,,,,,,,,,,,,
2085,34.750000,0.267249,0.189865,0.304705,-0.208027,-0.320051,0.317289,-0.110458,-0.227981,0.291901,0.095738,-0.040715,0.284307,-0.137360,-0.337395,0.311944,,,,,,,,,,,,
2086,34.766667,0.267304,0.189847,0.304701,-0.207951,-0.320098,0.316956,-0.110366,-0.228028,0.291632,0.095823,-0.040751,0.284182,-0.137286,-0.337422,0.311721,,,,,,,,,,,,
2087,34.783333,0.267337,0.189828,0.304695,-0.207890,-0.320152,0.316640,-0.110292,-0.228082,0.291376,0.095889,-0.040790,0.284065,-0.137228,-0.337454,0.311521,,,,,,,,,,,,
2088,34.800000,0.267350,0.189808,0.304688,-0.207845,-0.320208,0.316349,-0.110234,-0.228137,0.291140,0.095938,-0.040831,0.283957,-0.137187,-0.337484,0.311351,,,,,,,,,,,,
2089,34.816667,0.267350,0.189787,0.304679,-0.207816,-0.320256,0.316092,-0.110192,-0.228188,0.290929,0.095975,-0.040872,0.283860,-0.137163,-0.337507,0.311217,,,,,,,,,,,,
2090,34.833333,0.267343,0.189764,0.304670,-0.207800,-0.320292,0.315877,-0.110165,-0.228230,0.290749,0.096003,-0.040910,0.283776,-0.137156,-0.337517,0.311121,,,,,,,,,,,,
2091,34.850000,0.267333,0.189740,0.304660,-0.207797,-0.320312,0.315708,-0.110149,-0.228258,0.290605,0.096026,-0.040944,0.283705,-0.137163,-0.337511,0.311065,,,,,,,,,,,,
2092,34.866667,0.267325,0.189717,0.304651,-0.207802,-0.320313,0.315590,-0.110141,-0.228269,0.290498,0.096048,-0.040971,0.283649,-0.137182,-0.337488,0.311047,,,,,,,,,,,,
2093,34.883333,0.267324,0.189694,0.304645,-0.207812,-0.320292,0.315521,-0.110139,-0.228261,0.290430,0.096072,-0.040990,0.283609,-0.137208,-0.337446,0.311064,,,,,,,,,,,,
2094,34.900000,0.267332,0.189671,0.304642,-0.207826,-0.320250,0.315500,-0.110141,-0.228234,0.290398,0.096100,-0.041000,0.283584,-0.137241,-0.337385,0.311113,,,,,,,,,,,,
2095,34.916667,0.267350,0.189651,0.304644,-0.207841,-0.320187,0.315521,-0.110144,-0.228188,0.290400,0.096132,-0.041001,0.283574,-0.137278,-0.337306,0.311189,,,,,,,,,,,,
2096,34.933333,0.267379,0.189632,0.304651,-0.207857,-0.320105,0.315578,-0.110147,-0.228125,0.290432,0.096170,-0.040993,0.283579,-0.137319,-0.337211,0.311287,,,,,,,,,,,,
2097,34.950000,0.267416,0.189616,0.304665,-0.207872,-0.320011,0.315662,-0.110150,-0.228049,0.290488,0.096211,-0.040977,0.283599,-0.137360,-0.337104,0.311402,,,,,,,,,,,,
2098,34.966667,0.267460,0.189602,0.304687,-0.207885,-0.319909,0.315769,-0.110153,-0.227965,0.290564,0.096253,-0.040954,0.283633,-0.137401,-0.336991,0.311530,,,,,,,,,,,,
2099,34.983333,0.267506,0.189591,0.304717,-0.207896,-0.319808,0.315891,-0.110157,-0.227877,0.290656,0.096295,-0.040927,0.283679,-0.137439,-0.336876,0.311668,,,,,,,,,,,,
2100,35.000000,0.267551,0.189583,0.304756,-0.207904,-0.319712,0.316025,-0.110161,-0.227791,0.290763,0.096334,-0.040897,0.283739,-0.137476,-0.336766,0.311813,,,,,,,,,,,,
2101,35.016667,0.267591,0.189576,0.304804,-0.207911,-0.319626,0.316168,-0.110168,-0.227711,0.290880,0.096366,-0.040867,0.283811,-0.137511,-0.336664,0.311964,,,,,,,,,,,,
2102,35.033333,0.267622,0.189571,0.304861,-0.207919,-0.319554,0.316316,-0.110179,-0.227639,0.291006,0.096389,-0.040839,0.283894,-0.137545,-0.336572,0.312122,,,,,,,,,,,,
2103,35.050000,0.267641,0.189567,0.304925,-0.207930,-0.319496,0.316469,-0.110195,-0.227579,0.291140,0.096401,-0.040813,0.283988,-0.137581,-0.336491,0.312286,,,,,,,,,,,,
2104,35.066667,0.267645,0.189565,0.304996,-0.207945,-0.319452,0.316628,-0.110219,-0.227528,0.291280,0.096400,-0.040789,0.284090,-0.137620,-0.336421,0.312457,,,,,,,,,,,,
2105,35.083333,0.267631,0.189565,0.305073,-0.207967,-0.319420,0.316790,-0.110251,-0.227488,0.291426,0.096385,-0.040768,0.284200,-0.137663,-0.336361,0.312635,,,,,,,,,,,,
2106,35.100000,0.267599,0.189570,0.305155,-0.207998,-0.319398,0.316958,-0.110293,-0.227454,0.291579,0.096355,-0.040746,0.284317,-0.137714,-0.336307,0.312819,,,,,,,,,,,,
2107,35.116667,0.267547,0.189581,0.305242,-0.208038,-0.319382,0.317131,-0.110346,-0.227426,0.291736,0.096309,-0.040724,0.284439,-0.137773,-0.336258,0.313009,,,,,,,,,,,,
2108,35.133333,0.267475,0.189600,0.305332,-0.208091,-0.319369,0.317308,-0.110412,-0.227399,0.291898,0.096246,-0.040698,0.284566,-0.137843,-0.336211,0.313204,,,,,,,,,,,,
2109,35.150000,0.267383,0.189627,0.305427,-0.208158,-0.319355,0.317490,-0.110491,-0.227372,0.292063,0.096165,-0.040666,0.284694,-0.137925,-0.336163,0.313400,,,,,,,,,,,,
2110,35.166667,0.267271,0.189664,0.305525,-0.208241,-0.319336,0.317673,-0.110586,-0.227341,0.292229,0.096065,-0.040629,0.284823,-0.138023,-0.336110,0.313597,,,,,,,,,,,,
2111,35.183333,0.267139,0.189710,0.305628,-0.208343,-0.319309,0.317855,-0.110697,-0.227304,0.292392,0.095947,-0.040586,0.284952,-0.138139,-0.336050,0.313791,,,,,,,,,,,,
2112,35.200000,0.266988,0.189762,0.305734,-0.208466,-0.319274,0.318032,-0.110827,-0.227260,0.292550,0.095809,-0.040536,0.285079,-0.138277,-0.335981,0.313980,,,,,,,,,,,,
2113,35.216667,0.266820,0.189820,0.305845,-0.208608,-0.319229,0.318199,-0.110976,-0.227209,0.292701,0.095652,-0.040480,0.285203,-0.138437,-0.335903,0.314160,,,,,,,,,,,,
2114,35.233333,0.266636,0.189882,0.305960,-0.208770,-0.319178,0.318353,-0.111144,-0.227151,0.292842,0.095476,-0.040419,0.285325,-0.138620,-0.335815,0.314329,,,,,,,,,,,,
2115,35.250000,0.266441,0.189945,0.306079,-0.208950,-0.319122,0.318492,-0.111329,-0.227086,0.292973,0.095285,-0.040354,0.285442,-0.138823,-0.335720,0.314485,,,,,,,,,,,,
2116,35.266667,0.266237,0.190010,0.306200,-0.209144,-0.319061,0.318615,-0.111531,-0.227016,0.293092,0.095081,-0.040285,0.285556,-0.139044,-0.335617,0.314630,,,,,,,,,,,,
2117,35.283333,0.266027,0.190075,0.306323,-0.209348,-0.318997,0.318723,-0.111744,-0.226941,0.293202,0.094868,-0.040214,0.285667,-0.139279,-0.335509,0.314764,,,,,,,,,,,,
2118,35.300000,0.265816,0.190140,0.306448,-0.209560,-0.318928,0.318819,-0.111965,-0.226860,0.293303,0.094650,-0.040139,0.285775,-0.139525,-0.335393,0.314889,,,,,,,,,,,,
2119,35.316667,0.265605,0.190207,0.306571,-0.209775,-0.318854,0.318905,-0.112190,-0.226774,0.293397,0.094431,-0.040061,0.285880,-0.139776,-0.335270,0.315010,,,,,,,,,,,,
2120,35.333333,0.265397,0.190276,0.306692,-0.209990,-0.318775,0.318985,-0.112417,-0.226682,0.293486,0.094214,-0.039979,0.285981,-0.140030,-0.335139,0.315131,,,,,,,,,,,,
2121,35.350000,0.265192,0.190350,0.306810,-0.210202,-0.318690,0.319063,-0.112642,-0.226585,0.293571,0.093999,-0.039893,0.286078,-0.140285,-0.334999,0.315255,,,,,,,,,,,,
2122,35.366667,0.264987,0.190429,0.306923,-0.210411,-0.318599,0.319140,-0.112868,-0.226481,0.293653,0.093787,-0.039801,0.286169,-0.140540,-0.334849,0.315385,,,,,,,,,,,,
2123,35.383333,0.264779,0.190514,0.307032,-0.210619,-0.318502,0.319217,-0.113095,-0.226370,0.293731,0.093575,-0.039704,0.286254,-0.140799,-0.334685,0.315522,,,,,,,,,,,,
2124,35.400000,0.264560,0.190605,0.307138,-0.210830,-0.318396,0.319292,-0.113329,-0.226252,0.293803,0.093357,-0.039603,0.286331,-0.141067,-0.334507,0.315666,,,,,,,,,,,,
2125,35.416667,0.264323,0.190702,0.307239,-0.211049,-0.318283,0.319362,-0.113577,-0.226128,0.293865,0.093127,-0.039500,0.286399,-0.141354,-0.334312,0.315816,,,,,,,,,,,,
2126,35.433333,0.264055,0.190801,0.307337,-0.211284,-0.318165,0.319423,-0.113846,-0.225999,0.293913,0.092875,-0.039395,0.286454,-0.141666,-0.334102,0.315968,,,,,,,,,,,,
2127,35.450000,0.263744,0.190903,0.307432,-0.211539,-0.318047,0.319471,-0.114146,-0.225867,0.293942,0.092592,-0.039291,0.286493,-0.142014,-0.333877,0.316118,,,,,,,,,,,,
2128,35.466667,0.263376,0.191005,0.307526,-0.211820,-0.317936,0.319501,-0.114486,-0.225738,0.293947,0.092264,-0.039193,0.286512,-0.142406,-0.333641,0.316262,,,,,,,,,,,,
2129,35.483333,0.262934,0.191105,0.307618,-0.212130,-0.317839,0.319508,-0.114876,-0.225615,0.293921,0.091882,-0.039104,0.286508,-0.142850,-0.333397,0.316394,,,,,,,,,,,,
2130,35.500000,0.262403,0.191201,0.307708,-0.212470,-0.317766,0.319487,-0.115325,-0.225504,0.293858,0.091431,-0.039028,0.286477,-0.143355,-0.333148,0.316511,,,,,,,,,,,,
2131,35.516667,0.261766,0.191290,0.307794,-0.212839,-0.317727,0.319430,-0.115840,-0.225411,0.293750,0.090901,-0.038971,0.286414,-0.143927,-0.332898,0.316606,,,,,,,,,,,,
2132,35.533333,0.261009,0.191370,0.307874,-0.213233,-0.317732,0.319332,-0.116429,-0.225341,0.293588,0.090284,-0.038936,0.286312,-0.144572,-0.332646,0.316678,,,,,,,,,,,,
2133,35.550000,0.260119,0.191440,0.307943,-0.213647,-0.317788,0.319184,-0.117096,-0.225295,0.293363,0.089571,-0.038929,0.286165,-0.145294,-0.332392,0.316723,,,,,,,,,,,,
2134,35.566667,0.259082,0.191498,0.307996,-0.214071,-0.317902,0.318979,-0.117848,-0.225278,0.293063,0.088757,-0.038952,0.285964,-0.146094,-0.332133,0.316741,,,,,,,,,,,,
2135,35.583333,0.257886,0.191545,0.308028,-0.214493,-0.318078,0.318712,-0.118685,-0.225290,0.292677,0.087838,-0.039009,0.285702,-0.146971,-0.331864,0.316732,,,,,,,,,,,,
2136,35.600000,0.256516,0.191581,0.308031,-0.214897,-0.318321,0.318376,-0.119609,-0.225334,0.292192,0.086813,-0.039103,0.285367,-0.147918,-0.331582,0.316698,,,,,,,,,,,,
2137,35.616667,0.254958,0.191608,0.307998,-0.215265,-0.318632,0.317970,-0.120620,-0.225413,0.291593,0.085676,-0.039237,0.284948,-0.148928,-0.331283,0.316643,,,,,,,,,,,,
2138,35.633333,0.253195,0.191626,0.307923,-0.215580,-0.319015,0.317493,-0.121720,-0.225530,0.290867,0.084426,-0.039416,0.284434,-0.149988,-0.330966,0.316571,,,,,,,,,,,,
2139,35.650000,0.251208,0.191635,0.307798,-0.215827,-0.319470,0.316948,-0.122912,-0.225693,0.289997,0.083053,-0.039646,0.283812,-0.151084,-0.330633,0.316488,,,,,,,,,,,,
2140,35.666667,0.248976,0.191629,0.307618,-0.215996,-0.319993,0.316340,-0.124201,-0.225913,0.288968,0.081551,-0.039936,0.283070,-0.152200,-0.330290,0.316400,,,,,,,,,,,,
2141,35.683333,0.246482,0.191603,0.307377,-0.216089,-0.320578,0.315681,-0.125596,-0.226202,0.287762,0.079906,-0.040295,0.282199,,,,,,,,,,,,,,,
2142,35.700000,0.243706,0.191549,0.307071,-0.216118,-0.321209,0.314984,-0.127105,-0.226574,0.286364,0.078109,-0.040732,0.281187,,,,,,,,,,,,,,,
2143,35.716667,0.240630,0.191455,0.306694,-0.216112,-0.321865,0.314267,-0.128735,-0.227045,0.284756,0.076146,-0.041260,0.280028,,,,,,,,,,,,,,,
2144,35.733333,0.237242,0.191310,0.306243,,,,-0.130495,-0.227631,0.282924,0.074008,-0.041889,0.278714,,,,,,,,,,,,,,,
2145,35.750000,0.233530,0.191103,0.305710,,,,-0.132391,-0.228346,0.280854,0.071687,-0.042629,0.277237,,,,,,,,,,,,,,,
2146,35.766667,0.229487,0.190819,0.305092,,,,-0.134428,-0.229205,0.278537,0.069179,-0.043491,0.275593,,,,,,,,,,,,,,,
2147,35.783333,0.225110,0.190447,0.304379,,,,-0.136606,-0.230222,0.275971,0.066485,-0.044485,0.273779,,,,,,,,,,,,,,,
2148,35.800000,0.220402,0.189975,0.303563,,,,-0.138920,-0.231411,0.273157,0.063610,-0.045620,0.271793,,,,,,,,,,,,,,,
2149,35.816667,0.215371,0.189392,0.302636,,,,-0.141358,-0.232783,0.270102,0.060567,-0.046903,0.269634,,,,,,,,,,,,,,,
2150,35.833333,0.210027,0.188690,0.301585,,,,-0.143901,-0.234346,0.266818,0.057375,-0.048342,0.267302,,,,,,,,,,,,,,,
2151,35.850000,0.204387,0.187866,0.300399,,,,-0.146522,-0.236106,0.263313,0.054061,-0.049942,0.264798,,,,,,,,,,,,,,,
2152,35.866667,0.198465,0.186919,0.299066,,,,-0.149187,-0.238063,0.259596,0.050658,-0.051706,0.262118,,,,,,,,,,,,,,,
2153,35.883333,0.192279,0.185852,0.297573,,,,-0.151858,-0.240219,0.255675,0.047207,-0.053636,0.259259,,,,,,,,,,,,,,,
2154,35.900000,0.185848,0.184673,0.295907,,,,-0.154489,-0.242574,0.251555,0.043751,-0.055729,0.256211,,,,,,,,,,,,,,,
2155,35.916667,0.179187,0.183391,0.294058,,,,-0.157034,-0.245126,0.247243,0.040338,-0.057982,0.252968,,,,,,,,,,,,,,,
2156,35.933333,0.172315,0.182017,0.292011,,,,-0.159440,-0.247874,0.242743,0.037017,-0.060391,0.249519,,,,,,,,,,,,,,,
2157,35.950000,0.165247,0.180565,0.289756,,,,-0.161654,-0.250815,0.238060,0.033837,-0.062945,0.245856,,,,,,,,,,,,,,,
2158,35.966667,0.158005,0.179052,0.287278,,,,-0.163622,-0.253943,0.233196,0.030849,-0.065634,0.241972,,,,,,,,,,,,,,,
2159,35.983333,0.150611,0.177496,0.284563,-0.226993,-0.328835,0.261355,-0.165287,-0.257252,0.228157,0.028104,-0.068440,0.237859,,,,,,,,,,,,,,,
2160,36.000000,0.143092,0.175918,0.281591,-0.227997,-0.333046,0.256159,-0.166591,-0.260728,0.222944,0.025657,-0.071341,0.233515,,,,,,,,,,,,,,,
2161,36.016667,0.135482,0.174344,0.278342,-0.229028,-0.337597,0.250542,-0.167472,-0.264355,0.217560,0.023562,-0.074310,0.228939,,,,,,,,,,,,,,,
2162,36.033333,0.127823,0.172808,0.274789,-0.230037,-0.342365,0.244652,-0.167865,-0.268107,0.212009,0.021876,-0.077310,0.224133,,,,,,,,,,,,,,,
2163,36.050000,0.120171,0.171347,0.270903,-0.230987,-0.347226,0.238643,-0.167700,-0.271953,0.206295,0.020655,-0.080294,0.219105,,,,,,,,,,,,,,,
2164,36.066667,0.112592,0.170011,0.266648,-0.231852,-0.352050,0.232672,-0.166908,-0.275857,0.200427,0.019956,-0.083208,0.213870,,,,,,,,,,,,,,,
2165,36.083333,0.105172,0.168856,0.261986,-0.232621,-0.356699,0.226906,-0.165418,-0.279774,0.194417,0.019834,-0.085983,0.208447,,,,,,,,,,,,,,,
2166,36.100000,0.098011,0.167951,0.256875,-0.233288,-0.361037,0.221519,-0.163160,-0.283657,0.188291,0.020341,-0.088538,0.202866,,,,,,,,,,,,,,,
2167,36.116667,0.091228,0.167376,0.251277,,,,-0.160074,-0.287455,0.182081,0.021521,-0.090782,0.197162,,,,,,,,,,,,,,,
2168,36.133333,0.084953,0.167216,0.245157,,,,-0.156110,-0.291108,0.175834,0.023417,-0.092616,0.191377,,,,,,,,,,,,,,,
2169,36.150000,0.079325,0.167565,0.238485,,,,-0.151235,-0.294558,0.169605,0.026065,-0.093935,0.185555,,,,,,,,,,,,,,,
2170,36.166667,0.074479,0.168511,0.231239,,,,-0.145440,-0.297738,0.163455,0.029497,-0.094637,0.179736,,,,,,,,,,,,,,,
2171,36.183333,0.070546,0.170134,0.223411,,,,-0.138739,-0.300583,0.157452,0.033742,-0.094627,0.173958,,,,,,,,,,,,,,,
2172,36.200000,0.067638,0.172497,0.215000,,,,-0.131177,-0.303030,0.151661,0.038826,-0.093821,0.168250,,,,,,,,,,,,,,,
2173,36.216667,0.065845,0.175641,0.206021,,,,-0.122830,-0.305024,0.146145,0.044769,-0.092155,0.162632,,,,,,,,,,,,,,,
2174,36.233333,0.065235,0.179582,0.196506,,,,-0.113802,-0.306526,0.140960,0.051580,-0.089587,0.157119,,,,,,,,,,,,,,,
2175,36.250000,0.065847,0.184315,0.186501,,,,-0.104225,-0.307516,0.136157,0.059251,-0.086093,0.151719,,,,,,,,,,,,,,,
2176,36.266667,0.067697,0.189818,0.176067,,,,-0.094251,-0.307999,0.131775,0.067759,-0.081669,0.146436,,,,,,,,,,,,,,,
2177,36.283333,0.070775,0.196052,0.165275,,,,-0.084040,-0.308006,0.127834,0.077060,-0.076333,0.141269,,,,,,,,,,,,,,,
2178,36.300000,0.075049,0.202971,0.154202,,,,-0.073740,-0.307580,0.124335,0.087091,-0.070118,0.136216,,,,,,,,,,,,,,,
2179,36.316667,0.080466,0.210522,0.142932,,,,-0.063463,-0.306756,0.121244,0.097771,-0.063072,0.131269,,,,,,,,,,,,,,,
2180,36.333333,0.086954,0.218647,0.131543,,,,-0.053251,-0.305531,0.118480,0.109010,-0.055259,0.126417,,,,,,,,,,,,,,,
2181,36.350000,0.094428,0.227287,0.120114,,,,-0.043063,-0.303832,0.115905,0.120708,-0.046753,0.121649,,,,,,,,,,,,,,,
2182,36.366667,0.102784,0.236380,0.108717,,,,-0.032779,-0.301515,0.113332,0.132761,-0.037634,0.116950,,,,,,,,,,,,,,,
2183,36.383333,0.111913,0.245863,0.097420,,,,-0.022245,-0.298415,0.110557,0.145070,-0.027988,0.112304,,,,,,,,,,,,,,,
2184,36.400000,0.121696,0.255674,0.086286,,,,-0.011331,-0.294404,0.107395,0.157538,-0.017904,0.107694,,,,,,,,,,,,,,,
2185,36.416667,0.132009,0.265754,0.075368,,,,0.000030,-0.289435,0.103713,0.170078,-0.007466,0.103098,,,,,,,,,,,,,,,
2186,36.433333,0.142732,0.276044,0.064718,,,,0.011835,-0.283547,0.099432,0.182613,0.003242,0.098498,,,,,,,,,,-0.013030,-0.321604,0.111244,,,
2187,36.450000,0.153745,0.286488,0.054375,,,,0.024029,-0.276833,0.094511,0.195076,0.014142,0.093871,,,,,,,,,,0.001560,-0.310652,0.103033,0.087038,-0.228521,0.075228
2188,36.466667,0.164936,0.297035,0.044374,,,,0.036531,-0.269411,0.088933,0.207411,0.025160,0.089202,,,,,,,,,,0.016110,-0.299720,0.094729,0.101080,-0.218272,0.068556
2189,36.483333,0.176200,0.307632,0.034734,,,,0.049251,-0.261404,0.082692,0.219574,0.036228,0.084475,,,,,,,,,,0.030576,-0.288823,0.086243,0.115253,-0.207891,0.061685
2190,36.500000,0.187437,0.318231,0.025462,,,,0.062100,-0.252925,0.075784,0.231535,0.047284,0.079679,,,,,,,,,,0.044910,-0.277973,0.077489,0.129474,-0.197417,0.054574
2191,36.516667,0.198561,0.328782,0.016551,,,,0.074993,-0.244075,0.068205,0.243274,0.058271,0.074805,,,,,,,,,,0.059066,-0.267179,0.068387,0.143670,-0.186892,0.047185
2192,36.533333,0.209503,0.339245,0.007982,,,,0.087855,-0.234940,0.059954,0.254784,0.069139,0.069846,,,,,,,,,,0.073009,-0.256452,0.058866,0.157787,-0.176357,0.039491
2193,36.550000,0.220213,0.349585,-0.000276,,,,0.100621,-0.225593,0.051027,0.266064,0.079843,0.064798,,,,,,,,,,0.086711,-0.245807,0.048862,0.171782,-0.165849,0.031472
2194,36.566667,0.230664,0.359780,-0.008265,,,,0.113242,-0.216093,0.041423,0.277115,0.090347,0.059655,,,,,,,,,,0.100151,-0.235251,0.038324,0.185620,-0.155399,0.023112
2195,36.583333,0.240850,0.369822,-0.016034,,,,0.125682,-0.206491,0.031144,0.287941,0.100623,0.054414,,,,,,,,,,0.113313,-0.224790,0.027212,0.199265,-0.145031,0.014409
2196,36.600000,0.250794,0.379724,-0.023640,,,,0.137923,-0.196826,0.020199,0.298547,0.110654,0.049071,,,,,,,,,,0.126191,-0.214418,0.015498,0.212688,-0.134764,0.005372
2197,36.616667,0.260553,0.389517,-0.031138,,,,0.149955,-0.187126,0.008602,0.308937,0.120429,0.043623,,,,,,,,,,0.138782,-0.204125,0.003166,0.225873,-0.124613,-0.003972
2198,36.633333,0.270209,0.399250,-0.038583,,,,0.161778,-0.177411,-0.003630,0.319122,0.129950,0.038069,,,,,,,,,,0.151092,-0.193899,-0.009792,0.238809,-0.114590,-0.013582
2199,36.650000,,,,,,,0.173394,-0.167689,-0.016475,0.329112,0.139226,0.032410,,,,,,,,,,0.163126,-0.183722,-0.023377,0.251496,-0.104706,-0.023400
2200,36.666667,,,,,,,0.184810,-0.157959,-0.029911,0.338927,0.148274,0.026651,,,,,,,,,,0.174892,-0.173571,-0.037584,0.263934,-0.094969,-0.033355
2201,36.683333,,,,,,,0.196033,-0.148213,-0.043916,0.348587,0.157118,0.020800,,,,,,,,,,0.186399,-0.163427,-0.052404,0.276129,-0.085387,-0.043361
2202,36.700000,,,,,,,0.207072,-0.138440,-0.058463,0.358116,0.165791,0.014868,,,,,,,,,,0.197656,-0.153271,-0.067818,0.288084,-0.075970,-0.053324
2203,36.716667,,,,,,,0.217939,-0.128627,-0.073529,0.367545,0.174330,0.008871,,,,,,,,,,0.208675,-0.143091,-0.083802,,,
2204,36.733333,,,,,,,0.228648,-0.118765,-0.089085,0.376904,0.182776,0.002829,,,,,,,,,,0.219473,-0.132883,-0.100325,,,
2205,36.750000,,,,,,,0.239217,-0.108846,-0.105104,0.386227,0.191176,-0.003237,,,,,,,,,,0.230072,-0.122653,-0.117351,,,
2206,36.766667,,,,,,,0.249661,-0.098865,-0.121557,,,,,,,,,,,,,0.240499,-0.112413,-0.134843,,,
2207,36.783333,,,,,,,0.259995,-0.088820,-0.138415,,,,,,,,,,,,,0.250784,-0.102186,-0.152763,,,
2208,36.800000,,,,,,,0.270229,-0.078716,-0.155644,,,,,,,,,,,,,0.260955,-0.092000,-0.171074,,,
2209,36.816667,,,,,,,0.280371,-0.068562,-0.173206,,,,,,,,,,,,,0.271042,-0.081888,-0.189738,,,
2210,36.833333,,,,,,,0.290426,-0.058370,-0.191058,,,,,,,,,,,,,0.281067,-0.071884,-0.208720,,,
2211,36.850000,,,,,,,0.300403,-0.048155,-0.209150,,,,,,,,,,,,,0.291053,-0.062020,-0.227989,,,
2212,36.866667,,,,,,,0.310312,-0.037930,-0.227429,,,,,,,,,,,,,0.301017,-0.052319,-0.247512,,,
2213,36.883333,,,,,,,0.320172,-0.027702,-0.245835,,,,,,,,,,,,,0.310973,-0.042796,-0.267254,,,
2214,36.900000,,,,,,,0.330005,-0.017474,-0.264306,,,,,,,,,,,,,0.320928,-0.033449,-0.287180,,,
2215,36.916667,,,,,,,,,,,,,,,,,,,,,,0.330889,-0.024261,-0.307248,,,
2216,36.933333,,,,,,,,,,,,,,,,,,,,,,0.340854,-0.015194,-0.327412,,,
2217,36.950000,,,,,,,,,,,,,,,,,,,,,,0.350821,-0.006194,-0.347624,,,
2218,36.966667,,,,,,,,,,,,,,,,,,,,,,,,,,,
2219,36.983333,,,,,,,,,,,,,,,,,,,,,,,,,,,
2220,37.000000,,,,,,,,,,,,,,,,,,,,,,,,,,,
2221,37.016667,,,,,,,,,,,,,,,,,,,,,,,,,,,
2222,37.033333,,,,,,,,,,,,,,,,,,,,,,,,,,,
2223,37.050000,,,,,,,,,,,,,,,,,,,,,,,,,,,
2224,37.066667,,,,,,,,,,,,,,,,,,,,,,,,,,,
2225,37.083333,,,,,,,,,,,,,,,,,,,,,,,,,,,
2226,37.100000,,,,,,,,,,,,,,,,,,,,,,,,,,,
2227,37.116667,,,,,,,,,,,,,,,,,,,,,,,,,,,
2228,37.133333,,,,,,,,,,,,,,,,,,,,,,,,,,,
2229,37.150000,,,,,,,,,,,,,,,,,,,,,,,,,,,
2230,37.166667,,,,,,,,,,,,,,,,,,,,,,,,,,,
2231,37.183333,,,,,,,,,,,,,,,,,,,,,,,,,,,
2232,37.200000,,,,,,,,,,,,,,,,,,,,,,,,,,,
2233,37.216667,,,,,,,,,,,,,,,,,,,,,,,,,,,
2234,37.233333,,,,,,,,,,,,,,,,,,,,,,,,,,,
2235,37.250000,,,,,,,,,,,,,,,,,,,,,,,,,,,
2236,37.266667,,,,,,,,,,,,,,,,,,,,,,,,,,,
2237,37.283333,,,,,,,,,,,,,,,,,,,,,,,,,,,
2238,37.300000,,,,,,,,,,,,,,,,,,,,,,,,,,,
2239,37.316667,,,,,,,,,,,,,,,,,,,,,,,,,,,
2240,37.333333,,,,,,,,,,,,,,,,,,,,,,,,,,,
2241,37.350000,,,,,,,,,,,,,,,,,,,,,,,,,,,
2242,37.366667,,,,,,,,,,,,,,,,,,,,,,,,,,,
2243,37.383333,,,,,,,,,,,,,,,,,,,,,,,,,,,
2244,37.400000,,,,,,,,,,,,,,,,,,,,,,,,,,,
2245,37.416667,,,,,,,,,,,,,,,,,,,,,,,,,,,
2246,37.433333,,,,,,,,,,,,,,,,,,,,,,,,,,,
2247,37.450000,,,,,,,,,,,,,,,,,,,,,,,,,,,
2248,37.466667,,,,,,,,,,,,,,,,,,,,,,,,,,,
2249,37.483333,,,,,,,,,,,,,,,,,,,,,,,,,,,
2250,37.500000,,,,,,,,,,,,,,,,,,,,,,,,,,,
2251,37.516667,,,,,,,,,,,,,,,,,,,,,,,,,,,
2252,37.533333,,,,,,,,,,,,,,,,,,,,,,,,,,,
2253,37.550000,,,,,,,,,,,,,,,,,,,,,,,,,,,
2254,37.566667,,,,,,,,,,,,,,,,,,,,,,,,,,,
2255,37.583333,,,,,,,,,,,,,,,,,,,,,,,,,,,
2256,37.600000,,,,,,,,,,,,,,,,,,,,,,,,,,,
2257,37.616667,,,,,,,,,,,,,,,,,,,,,,,,,,,
2258,37.633333,,,,,,,,,,,,,,,,,,,,,,,,,,,
2259,37.650000,,,,,,,,,,,,,,,,,,,,,,,,,,,
2260,37.666667,,,,,,,,,,,,,,,,,,,,,,,,,,,
2261,37.683333,,,,,,,,,,,,,,,,,,,,,,,,,,,
2262,37.700000,,,,,,,,,,,,,,,,,,,,,,,,,,,
2263,37.716667,,,,,,,,,,,,,,,,,,,,,,,,,,,
2264,37.733333,,,,,,,,,,,,,,,,,,,,,,,,,,,
2265,37.750000,,,,,,,,,,,,,,,,,,,,,,,,,,,
2266,37.766667,,,,,,,,,,,,,,,,,,,,,,,,,,,
2267,37.783333,,,,,,,,,,,,,,,,,,,,,,,,,,,
2268,37.800000,,,,,,,,,,,,,,,,,,,,,,,,,,,
2269,37.816667,,,,,,,,,,,,,,,,,,,,,,,,,,,
2270,37.833333,,,,,,,,,,,,,,,,,,,,,,,,,,,
2271,37.850000,,,,,,,,,,,,,,,,,,,,,,,,,,,
2272,37.866667,,,,,,,,,,,,,,,,,,,,,,,,,,,
2273,37.883333,,,,,,,,,,,,,,,,,,,,,,,,,,,
2274,37.900000,,,,,,,,,,,,,,,,,,,,,,,,,,,
2275,37.916667,,,,,,,,,,,,,,,,,,,,,,,,,,,
