Qx, Qy, Qz, Qw, x, y, z, q7
0.393517,0.635498,0.525374,0.406532,0.514676,0.02364,0.553128,-0.405501
0.392877,0.635899,0.525556,0.406289,0.515207,0.024628,0.553091,-0.404617
0.392216,0.636352,0.525632,0.406119,0.515759,0.025601,0.553052,-0.403849
0.391531,0.636861,0.525546,0.406094,0.516343,0.02654,0.553009,-0.403052
0.390838,0.637411,0.525306,0.406209,0.516958,0.027436,0.55296,-0.402104
0.390126,0.637994,0.524931,0.406465,0.517596,0.02828,0.552906,-0.400996
0.389376,0.638621,0.524413,0.406866,0.518253,0.029061,0.55284,-0.39982
0.388602,0.639304,0.523763,0.407372,0.518929,0.029773,0.552754,-0.398736
0.387784,0.640062,0.522949,0.408006,0.51962,0.030402,0.552644,-0.39783
0.386993,0.640871,0.521994,0.408709,0.520322,0.030947,0.552503,-0.397
0.386224,0.641723,0.520909,0.409483,0.52103,0.031406,0.552334,-0.396279
0.385474,0.642589,0.519727,0.410333,0.521727,0.031773,0.552151,-0.395688
0.384748,0.643437,0.518484,0.411257,0.522404,0.032049,0.551968,-0.395114
0.384038,0.644255,0.517216,0.412235,0.523054,0.032238,0.551796,-0.39463
0.383366,0.645022,0.515954,0.413241,0.523667,0.032344,0.551639,-0.394186
0.382678,0.645767,0.514674,0.41431,0.524231,0.032372,0.551501,-0.39394
0.381946,0.646504,0.513378,0.415443,0.524734,0.032328,0.55138,-0.393994
0.381179,0.647243,0.512068,0.416612,0.525174,0.032226,0.551271,-0.394406
0.380385,0.647993,0.510754,0.417783,0.525552,0.03207,0.551165,-0.395265
0.379588,0.648772,0.509434,0.41891,0.525873,0.031868,0.551052,-0.396689
0.378834,0.649595,0.508111,0.419922,0.526149,0.031628,0.550918,-0.398774
0.378183,0.650459,0.506798,0.420758,0.526392,0.031368,0.550753,-0.401469
0.377643,0.651363,0.505475,0.421435,0.526607,0.031098,0.550554,-0.40461
0.37727,0.652278,0.504134,0.421959,0.526799,0.030825,0.550321,-0.407823
0.377083,0.653155,0.502802,0.422359,0.526971,0.030556,0.550072,-0.41073
0.377076,0.653942,0.501512,0.422681,0.527127,0.030289,0.549828,-0.413037
0.3772,0.654586,0.500281,0.423031,0.527267,0.030005,0.549617,-0.414527
0.377439,0.655068,0.49908,0.423491,0.527397,0.029679,0.549452,-0.415134
0.377749,0.655404,0.497857,0.424135,0.527523,0.029295,0.549334,-0.414967
0.378143,0.655627,0.496604,0.424906,0.52765,0.028858,0.549252,-0.414263
0.378658,0.65577,0.495326,0.425717,0.527787,0.028381,0.549186,-0.41323
0.379334,0.655877,0.494029,0.426458,0.52794,0.027884,0.549108,-0.412149
0.380184,0.655963,0.492731,0.427071,0.52812,0.027381,0.549003,-0.411129
0.381183,0.656033,0.491487,0.427506,0.52832,0.026874,0.548871,-0.410353
0.38229,0.656063,0.490364,0.427761,0.528531,0.026367,0.548724,-0.409772
0.38351,0.656037,0.489405,0.427805,0.528751,0.025867,0.548562,-0.409319
0.384896,0.655955,0.488663,0.427536,0.528981,0.025387,0.548372,-0.409044
0.386524,0.655797,0.488171,0.426872,0.52922,0.024929,0.548148,-0.408868
0.388421,0.65556,0.487886,0.425838,0.529456,0.024478,0.547891,-0.408663
0.390527,0.655245,0.487781,0.424514,0.529684,0.024033,0.547616,-0.408353
0.392732,0.654827,0.48788,0.423008,0.5299,0.023602,0.547345,-0.407814
0.394932,0.654279,0.488148,0.421497,0.530103,0.023176,0.547105,-0.406757
0.397075,0.653641,0.488476,0.42009,0.530298,0.022742,0.546899,-0.405238
0.399207,0.652952,0.488806,0.418756,0.530495,0.022298,0.546712,-0.403391
0.401398,0.652231,0.489148,0.417383,0.530702,0.021852,0.546528,-0.401372
0.403672,0.651478,0.489529,0.415917,0.530916,0.021408,0.546346,-0.39925
0.405935,0.650702,0.48992,0.414465,0.53113,0.02096,0.546179,-0.397011
0.408053,0.649946,0.490237,0.413195,0.531344,0.020506,0.546043,-0.394753
0.409971,0.649232,0.490435,0.412183,0.531558,0.020051,0.545942,-0.392482
0.411692,0.648586,0.490492,0.411417,0.531775,0.019606,0.545872,-0.390266
0.413247,0.648014,0.490497,0.410753,0.531988,0.019197,0.545829,-0.388328
0.414629,0.647507,0.490566,0.410076,0.532183,0.018851,0.545819,-0.38685
0.415822,0.647049,0.490741,0.409382,0.532359,0.018577,0.545849,-0.38581
0.416772,0.646642,0.490961,0.408794,0.532515,0.018361,0.545929,-0.385053
0.417413,0.646317,0.491147,0.40843,0.532651,0.018186,0.546063,-0.384609
0.417734,0.646085,0.491237,0.408361,0.53277,0.018035,0.546254,-0.384463
0.4178,0.645938,0.491207,0.408562,0.532873,0.017899,0.546491,-0.384538
0.417687,0.64586,0.491097,0.408933,0.532963,0.017781,0.546764,-0.384828
0.417446,0.645823,0.490977,0.40938,0.533042,0.017697,0.547065,-0.385256
0.41713,0.645812,0.490869,0.40985,0.533113,0.017653,0.547389,-0.385736
0.416742,0.645828,0.490745,0.410367,0.533177,0.017637,0.547735,-0.386276
0.416267,0.645879,0.490559,0.410991,0.533239,0.017625,0.548101,-0.386902
0.415748,0.64593,0.490336,0.411703,0.533302,0.017606,0.548485,-0.387484
0.415231,0.645938,0.490119,0.412469,0.533367,0.017574,0.548885,-0.387836
0.414771,0.645893,0.489931,0.413225,0.53344,0.017525,0.549293,-0.38795
0.414388,0.645804,0.489797,0.413907,0.533525,0.017463,0.549698,-0.387935
0.414083,0.645681,0.4897,0.414518,0.533622,0.017384,0.550092,-0.387875
0.413824,0.645558,0.489583,0.415107,0.533733,0.017281,0.550472,-0.387858
0.413571,0.645444,0.489425,0.415721,0.533857,0.017161,0.550843,-0.387873
0.413328,0.645335,0.489251,0.416337,0.53399,0.017035,0.5512,-0.387875
0.413142,0.645217,0.489134,0.416842,0.534133,0.01692,0.551535,-0.387927
0.413053,0.645083,0.489107,0.417169,0.534281,0.016824,0.551837,-0.387985
0.413065,0.644939,0.489157,0.417321,0.534433,0.016746,0.552098,-0.388006
0.413131,0.644809,0.489243,0.417356,0.534588,0.016683,0.552318,-0.388066
0.413186,0.644705,0.489315,0.417377,0.534744,0.016625,0.552504,-0.388193
0.413186,0.644623,0.489339,0.417476,0.534895,0.016564,0.552669,-0.388288
0.413114,0.644573,0.489295,0.417675,0.535039,0.016493,0.552818,-0.388417
0.413011,0.64454,0.489227,0.417909,0.535174,0.016417,0.552952,-0.388576
0.412907,0.644518,0.489156,0.418128,0.535308,0.016339,0.553069,-0.388763
0.412816,0.644494,0.489113,0.418305,0.535445,0.016262,0.55317,-0.388954
0.412762,0.644449,0.489107,0.418434,0.535585,0.016184,0.553263,-0.389072
0.412689,0.644399,0.489099,0.418593,0.535723,0.016093,0.553354,-0.389187
0.412556,0.644352,0.489057,0.418845,0.535852,0.015981,0.553454,-0.389316
0.412398,0.644295,0.489001,0.419153,0.535973,0.015849,0.553562,-0.389379
0.412257,0.644227,0.488949,0.419457,0.536087,0.0157,0.553675,-0.389418
0.412176,0.644131,0.48893,0.419706,0.536197,0.015536,0.55379,-0.38939
0.412149,0.644012,0.488951,0.41989,0.536302,0.015364,0.553906,-0.389336
0.412141,0.643883,0.488978,0.420065,0.536406,0.015188,0.554024,-0.389247
0.412139,0.64374,0.488982,0.420281,0.536509,0.01501,0.554147,-0.38897
0.412125,0.64359,0.488946,0.420567,0.536614,0.014831,0.554273,-0.388528
0.412093,0.643441,0.488871,0.420913,0.536721,0.014654,0.554398,-0.387973
0.412074,0.643294,0.488801,0.421239,0.536831,0.014492,0.554514,-0.387385
0.412115,0.643149,0.488756,0.421471,0.536947,0.014345,0.554609,-0.386849
0.41226,0.64299,0.488769,0.421556,0.537071,0.014216,0.554678,-0.386281
0.412492,0.642833,0.488792,0.421544,0.537201,0.014089,0.554719,-0.385686
0.412759,0.642697,0.488768,0.421518,0.537335,0.013947,0.554733,-0.38511
0.413,0.642601,0.488652,0.421561,0.537474,0.013782,0.554727,-0.384624
0.413255,0.642523,0.488486,0.421623,0.537613,0.013602,0.5547,-0.38418
0.413575,0.642434,0.488328,0.421628,0.537747,0.013421,0.554655,-0.383679
0.413988,0.642341,0.488194,0.421519,0.537872,0.013246,0.554591,-0.383196
0.414482,0.642233,0.488105,0.421302,0.537991,0.013078,0.554504,-0.382683
0.41497,0.642081,0.488127,0.421028,0.538105,0.012914,0.554396,-0.382073
0.415398,0.641877,0.488261,0.42076,0.538214,0.01275,0.554268,-0.381378
0.415759,0.641625,0.488503,0.420508,0.538319,0.012584,0.554119,-0.380629
0.416091,0.641323,0.48882,0.420271,0.538422,0.012418,0.553952,-0.37975
0.416459,0.64103,0.489102,0.420025,0.538525,0.012259,0.553765,-0.378885
0.416857,0.640765,0.48931,0.419793,0.538632,0.012108,0.553563,-0.378023
0.417282,0.640507,0.489477,0.419569,0.538744,0.011965,0.553351,-0.377092
0.417727,0.640246,0.489633,0.419342,0.538863,0.011833,0.553133,-0.376097
0.418174,0.640009,0.489778,0.41909,0.538987,0.011714,0.552911,-0.375257
0.418586,0.639804,0.489919,0.418826,0.539115,0.011612,0.552689,-0.374651
0.418956,0.639642,0.490053,0.418548,0.539245,0.011527,0.552464,-0.374319
0.419297,0.639502,0.490201,0.418247,0.539374,0.011462,0.552233,-0.37413
0.419626,0.63938,0.490341,0.417939,0.539499,0.011415,0.551992,-0.373922
0.419921,0.639282,0.490453,0.417661,0.539618,0.011389,0.551745,-0.37365
0.420167,0.639214,0.490539,0.417418,0.539725,0.011392,0.551499,-0.373351
0.420332,0.639182,0.490612,0.417214,0.539814,0.011427,0.551263,-0.37311
0.420408,0.639181,0.49069,0.417047,0.539876,0.011496,0.551047,-0.37293
0.420406,0.639204,0.490773,0.416916,0.539905,0.011593,0.550854,-0.372776
0.420307,0.639255,0.490849,0.416848,0.539903,0.01171,0.550686,-0.372688
0.420134,0.639345,0.490903,0.41682,0.539877,0.011837,0.550536,-0.372759
0.419917,0.639448,0.490971,0.416801,0.539837,0.011975,0.550407,-0.372947
0.419663,0.639542,0.491073,0.416793,0.539787,0.012126,0.550307,-0.373174
0.419411,0.639597,0.491273,0.416727,0.539728,0.012298,0.55024,-0.373389
0.419221,0.639589,0.491613,0.41653,0.539662,0.012498,0.550203,-0.373534
0.419086,0.639518,0.492093,0.416207,0.539593,0.012724,0.550201,-0.373609
0.418968,0.639417,0.492656,0.415815,0.53952,0.012972,0.550232,-0.37367
0.418833,0.639297,0.493259,0.41542,0.53945,0.013237,0.550296,-0.373668
0.41863,0.639199,0.493843,0.415082,0.539385,0.013516,0.550389,-0.373741
0.418325,0.639142,0.494394,0.414821,0.539326,0.013816,0.550511,-0.373973
0.417958,0.639119,0.494941,0.414575,0.539274,0.014143,0.550652,-0.374319
0.417555,0.639127,0.49549,0.414312,0.539233,0.014499,0.550806,-0.374788
0.417158,0.639162,0.496046,0.413991,0.5392,0.014884,0.550963,-0.375356
0.416755,0.639237,0.496577,0.413646,0.53918,0.015287,0.551122,-0.376006
0.416312,0.639356,0.497067,0.413317,0.539174,0.015703,0.551289,-0.376777
0.415806,0.639516,0.497523,0.413032,0.539175,0.016128,0.551468,-0.377652
0.415219,0.639717,0.497937,0.412813,0.539184,0.016555,0.551662,-0.378677
0.414582,0.639946,0.498306,0.412652,0.539204,0.016985,0.551868,-0.379748
0.41392,0.640175,0.498657,0.412539,0.539235,0.017416,0.552089,-0.38071
0.41326,0.640411,0.498975,0.412449,0.539281,0.017846,0.552321,-0.381548
0.412635,0.640669,0.499249,0.412341,0.539346,0.018271,0.552556,-0.382357
0.412025,0.640963,0.499485,0.412209,0.539431,0.018689,0.552791,-0.383289
0.411409,0.641298,0.499679,0.412068,0.539539,0.019092,0.553028,-0.384384
0.41082,0.641638,0.499842,0.411929,0.539671,0.019468,0.553272,-0.385375
0.410288,0.64197,0.499935,0.411829,0.539838,0.019803,0.553525,-0.386079
0.40982,0.642295,0.499932,0.411792,0.54005,0.020084,0.55379,-0.386551
0.409457,0.642605,0.499849,0.411769,0.540322,0.020311,0.554068,-0.386816
0.409237,0.642889,0.499694,0.411734,0.540674,0.020483,0.554359,-0.386857
0.409172,0.643164,0.499406,0.411718,0.541131,0.020595,0.554666,-0.386665
0.409259,0.643462,0.498871,0.411815,0.541713,0.020633,0.554992,-0.386153
0.409427,0.643797,0.498067,0.412098,0.542433,0.020586,0.555352,-0.385427
0.409577,0.644146,0.497096,0.412574,0.543289,0.020452,0.555771,-0.384642
0.409606,0.644511,0.49601,0.413283,0.544269,0.020226,0.556278,-0.384048
0.409478,0.644905,0.49478,0.414269,0.545354,0.019895,0.556899,-0.38371
0.409224,0.64532,0.493366,0.415557,0.54653,0.019455,0.557654,-0.383464
0.408897,0.645766,0.491721,0.417133,0.547788,0.018898,0.558552,-0.383272
0.408522,0.646242,0.489866,0.418943,0.549117,0.018236,0.559587,-0.383319
0.408143,0.646695,0.487886,0.420918,0.550506,0.01749,0.560753,-0.383658
0.407845,0.64706,0.485837,0.423011,0.551941,0.016628,0.562054,-0.384081
0.407662,0.647311,0.483707,0.425238,0.553409,0.015592,0.56349,-0.384434
0.407638,0.647443,0.481458,0.427607,0.554901,0.014345,0.565047,-0.38463
0.407733,0.647495,0.479037,0.430149,0.556406,0.01287,0.566701,-0.384906
0.407964,0.647466,0.476437,0.432852,0.557915,0.011171,0.568414,-0.385163
0.408397,0.647339,0.473685,0.435646,0.559427,0.009248,0.570152,-0.385249
0.409109,0.647108,0.470828,0.43841,0.56094,0.0071,0.571876,-0.385123
0.410156,0.64678,0.467845,0.4411,0.562441,0.004709,0.573559,-0.384695
0.411564,0.646393,0.464658,0.443717,0.56392,0.002048,0.575171,-0.384006
0.413361,0.645978,0.461179,0.446272,0.565373,-0.000917,0.57669,-0.383109
0.415629,0.645555,0.457296,0.448767,0.566788,-0.004216,0.578091,-0.38191
0.418511,0.645097,0.452903,0.451194,0.568153,-0.00788,0.579349,-0.380006
0.422105,0.644617,0.447886,0.453536,0.569463,-0.01193,0.580433,-0.377256
0.426489,0.644146,0.442112,0.455764,0.570715,-0.016394,0.581301,-0.373714
0.431809,0.643653,0.435526,0.457787,0.571901,-0.021286,0.581919,-0.369184
0.438165,0.643099,0.428112,0.459516,0.573007,-0.026607,0.582259,-0.363566
0.445471,0.642527,0.419779,0.460977,0.574026,-0.032351,0.582303,-0.357263
0.453588,0.641909,0.410643,0.46215,0.574946,-0.038481,0.582057,-0.350548
0.462317,0.641189,0.400935,0.463024,0.575755,-0.044937,0.581548,-0.343735
0.471337,0.640352,0.390933,0.46364,0.576435,-0.051644,0.580818,-0.337222
0.480332,0.639406,0.38085,0.464105,0.576967,-0.058532,0.579917,-0.331163
0.489145,0.638334,0.37085,0.464475,0.577349,-0.065536,0.578881,-0.325457
0.497741,0.63713,0.361029,0.464734,0.577599,-0.072603,0.577719,-0.320043
0.506116,0.635812,0.351414,0.464864,0.577729,-0.079697,0.576432,-0.31502
0.514246,0.634426,0.342047,0.464821,0.577738,-0.086786,0.575023,-0.310633
0.522055,0.63306,0.332977,0.464565,0.577622,-0.093824,0.573494,-0.307254
0.529405,0.631805,0.324297,0.464095,0.577375,-0.100754,0.57186,-0.30517
0.53619,0.630689,0.316147,0.463446,0.576995,-0.107516,0.570147,-0.30435
0.542325,0.629733,0.308604,0.46269,0.576477,-0.114061,0.568386,-0.304595
0.547848,0.628913,0.301698,0.461855,0.575821,-0.120357,0.566589,-0.305404
0.55298,0.628148,0.295442,0.460823,0.575026,-0.126396,0.564734,-0.306287
0.557955,0.627417,0.289794,0.459406,0.574086,-0.132177,0.562778,-0.307179
0.562995,0.626696,0.284772,0.457376,0.572998,-0.13768,0.560676,-0.308051
0.568283,0.625904,0.280466,0.454574,0.571774,-0.142877,0.5584,-0.308694
0.573824,0.625033,0.276846,0.451016,0.570421,-0.14775,0.555941,-0.309104
0.579494,0.624167,0.273763,0.446829,0.568951,-0.152291,0.553304,-0.309558
0.585187,0.623416,0.271106,0.442053,0.567373,-0.15648,0.550481,-0.310423
0.590902,0.622855,0.268912,0.436546,0.565704,-0.160274,0.547438,-0.312021
0.596684,0.62255,0.267254,0.430086,0.563962,-0.163626,0.544138,-0.314704
0.60263,0.62248,0.266262,0.422445,0.562154,-0.166485,0.540561,-0.318531
0.608733,0.622606,0.266006,0.413578,0.560286,-0.168806,0.536715,-0.323443
0.614866,0.622884,0.266467,0.40367,0.558372,-0.170564,0.532649,-0.32922
0.620825,0.623296,0.267683,0.392969,0.556433,-0.171717,0.528431,-0.335697
0.626403,0.623875,0.269793,0.381591,0.554495,-0.172208,0.524125,-0.343065
0.631517,0.624613,0.273006,0.369475,0.552574,-0.171977,0.519787,-0.351567
0.636241,0.625371,0.277536,0.356486,0.550678,-0.170977,0.515472,-0.361043
0.640753,0.62587,0.28357,0.342506,0.548815,-0.169192,0.511242,-0.370896
0.645228,0.62579,0.291218,0.327506,0.547,-0.166634,0.507173,-0.380386
0.649681,0.624931,0.300494,0.311576,0.545257,-0.163324,0.503349,-0.389112
0.653982,0.623267,0.311256,0.294899,0.543607,-0.1593,0.499843,-0.397125
0.657867,0.621021,0.323081,0.27778,0.542055,-0.154642,0.4967,-0.405079
0.661116,0.618479,0.335487,0.260497,0.540581,-0.149461,0.493937,-0.413838
0.663745,0.615658,0.348364,0.243004,0.539176,-0.143819,0.491562,-0.423765
0.665895,0.612364,0.361779,0.225188,0.537853,-0.137764,0.489603,-0.434236
0.667593,0.608522,0.375615,0.207206,0.536629,-0.131372,0.488088,-0.444241
0.668699,0.604311,0.389537,0.189502,0.535508,-0.124734,0.487035,-0.453473
0.668903,0.600131,0.403217,0.172705,0.5345,-0.117941,0.486468,-0.462538
0.667977,0.596311,0.416527,0.157244,0.533621,-0.111067,0.486395,-0.472173
0.665894,0.59296,0.429515,0.143178,0.532871,-0.104167,0.486805,-0.482883
0.66289,0.589914,0.44227,0.130287,0.532241,-0.0973,0.487668,-0.494461
0.659217,0.587038,0.454722,0.118519,0.531717,-0.090551,0.488946,-0.506343
0.655033,0.584295,0.466774,0.107947,0.531284,-0.084003,0.490613,-0.518079
0.650387,0.581645,0.47851,0.0985599,0.530936,-0.077697,0.492659,-0.529848
0.645248,0.57905,0.490115,0.0902436,0.530658,-0.07165,0.49509,-0.542366
0.639577,0.576487,0.501732,0.0828822,0.530437,-0.06589,0.497895,-0.556218
0.633461,0.573914,0.513336,0.0763901,0.53026,-0.060455,0.501045,-0.571267
0.627159,0.571219,0.524757,0.0707898,0.530134,-0.055389,0.504494,-0.586425
0.620793,0.568384,0.535883,0.0662232,0.530059,-0.05074,0.50821,-0.601058
0.614349,0.565437,0.54673,0.0627917,0.530038,-0.04655,0.512178,-0.615329
0.607756,0.562465,0.557305,0.0606428,0.530069,-0.042872,0.516393,-0.629617
0.601034,0.559461,0.567609,0.0598433,0.530153,-0.039745,0.520846,-0.643938
0.594291,0.556354,0.57763,0.0602666,0.530272,-0.037189,0.525511,-0.658097
0.587714,0.553,0.587348,0.0617001,0.530405,-0.035215,0.530352,-0.671591
0.581451,0.549324,0.596711,0.0639786,0.530543,-0.033838,0.535324,-0.68403
0.57555,0.545357,0.605677,0.0669554,0.53067,-0.033069,0.540385,-0.695473
0.570035,0.541181,0.614169,0.0705741,0.530776,-0.032927,0.545487,-0.705986
0.564983,0.536851,0.622078,0.0748591,0.530862,-0.03344,0.550582,-0.715288
0.560435,0.5324,0.629351,0.0798781,0.53092,-0.034638,0.55564,-0.723235
0.55636,0.527879,0.635974,0.0857012,0.530935,-0.03655,0.560655,-0.729948
0.552703,0.523291,0.642005,0.0922783,0.530885,-0.039185,0.565635,-0.735753
0.549498,0.518584,0.647484,0.099436,0.530745,-0.042529,0.570576,-0.740621
0.546786,0.51375,0.652398,0.107065,0.530493,-0.046568,0.575459,-0.744382
0.544583,0.508809,0.656723,0.115139,0.53011,-0.051302,0.580263,-0.746991
0.542883,0.503799,0.66042,0.12373,0.529582,-0.056735,0.584969,-0.748429
0.541662,0.49875,0.663465,0.132912,0.528898,-0.062856,0.589563,-0.748695
0.540891,0.493644,0.665866,0.142742,0.528044,-0.06965,0.594037,-0.747761
0.540549,0.488449,0.667633,0.153267,0.52701,-0.077094,0.598389,-0.745582
0.540639,0.483101,0.668807,0.164378,0.525786,-0.085146,0.602617,-0.742095
0.541152,0.47755,0.669446,0.175906,0.524362,-0.093747,0.606718,-0.737396
0.542067,0.471769,0.669599,0.187707,0.522732,-0.102833,0.610685,-0.731626
0.543325,0.46579,0.669262,0.199812,0.520894,-0.112345,0.614523,-0.724895
0.544876,0.459699,0.668359,0.212328,0.518843,-0.12222,0.618229,-0.71719
0.546641,0.453591,0.666869,0.22522,0.516567,-0.132371,0.621803,-0.708895
0.548562,0.447498,0.664889,0.238219,0.514056,-0.142701,0.625251,-0.700714
0.550626,0.441354,0.662578,0.251013,0.511302,-0.153127,0.628582,-0.693249
0.552842,0.43507,0.660071,0.263413,0.508311,-0.163591,0.631807,-0.686357
0.555203,0.428553,0.657507,0.275276,0.505084,-0.174033,0.634942,-0.679257
0.557649,0.42174,0.655055,0.286471,0.501605,-0.184382,0.638017,-0.671675
0.559976,0.414621,0.652979,0.296874,0.497841,-0.194553,0.641083,-0.664615
0.561898,0.407304,0.651473,0.306523,0.493772,-0.204484,0.644187,-0.659604
0.563297,0.399928,0.650412,0.315783,0.48941,-0.214163,0.647354,-0.65681
0.564181,0.392705,0.64943,0.325152,0.484791,-0.223602,0.650572,-0.655723
0.564616,0.385763,0.648291,0.334834,0.479951,-0.232797,0.653814,-0.655972
0.564711,0.379046,0.646963,0.344769,0.474927,-0.241738,0.657053,-0.65709
0.564546,0.372365,0.645551,0.354818,0.469752,-0.250423,0.66028,-0.65848
0.564187,0.365502,0.644216,0.36481,0.464453,-0.258859,0.663481,-0.659715
0.56368,0.358383,0.643048,0.374588,0.459059,-0.26707,0.666626,-0.660922
0.563074,0.351075,0.642028,0.384049,0.453601,-0.275089,0.669668,-0.662518
0.562379,0.343708,0.641052,0.393252,0.448107,-0.282951,0.672568,-0.664992
0.561586,0.336259,0.64011,0.402255,0.442586,-0.290676,0.675314,-0.668385
0.560651,0.328662,0.639286,0.411054,0.437039,-0.298265,0.677911,-0.672852
0.559544,0.320782,0.638745,0.419539,0.431457,-0.305702,0.680364,-0.678447
0.558355,0.31241,0.638711,0.427421,0.425847,-0.312975,0.682661,-0.684781
0.557152,0.303511,0.639246,0.434542,0.420223,-0.320079,0.684769,-0.691835
0.555991,0.29402,0.640452,0.440735,0.414611,-0.327005,0.686662,-0.699466
0.554866,0.283907,0.642372,0.445958,0.409037,-0.333738,0.688322,-0.70761
0.553663,0.273185,0.645053,0.45026,0.403523,-0.340272,0.689749,-0.716756
0.552219,0.261946,0.648501,0.453745,0.398086,-0.346597,0.69095,-0.727816
0.550527,0.250244,0.652589,0.456537,0.392744,-0.352705,0.691915,-0.74052
0.548698,0.238155,0.656978,0.458904,0.387516,-0.358604,0.692618,-0.753562
0.546911,0.225694,0.661294,0.461129,0.382422,-0.36429,0.693037,-0.764716
0.545233,0.212994,0.665264,0.463443,0.377499,-0.369739,0.693184,-0.772858
0.543609,0.200385,0.668814,0.465858,0.372804,-0.374902,0.693084,-0.778806
0.542024,0.188226,0.671943,0.468266,0.36842,-0.379701,0.692767,-0.783481
0.540547,0.176933,0.674705,0.470401,0.36446,-0.384045,0.692256,-0.787895
0.539311,0.16673,0.677137,0.472049,0.361031,-0.387857,0.691571,-0.791779
0.538453,0.157585,0.679146,0.473281,0.358219,-0.391091,0.690759,-0.7931
0.537999,0.149557,0.68068,0.474199,0.356088,-0.393718,0.689881,-0.791096
0.537885,0.142864,0.681751,0.474852,0.354664,-0.395715,0.688994,-0.786686
0.538042,0.137623,0.682418,0.475264,0.353948,-0.397063,0.688152,-0.78058
0.538398,0.133824,0.68273,0.475499,0.353914,-0.397753,0.68741,-0.773003
0.538864,0.131386,0.68274,0.475636,0.354528,-0.39779,0.686805,-0.764078
0.539385,0.130266,0.682477,0.475731,0.355748,-0.397186,0.686351,-0.754113
0.539895,0.130453,0.681905,0.475922,0.357533,-0.395958,0.686045,-0.743598
0.540329,0.131933,0.68103,0.476273,0.359844,-0.394124,0.685872,-0.733235
0.540632,0.134616,0.680012,0.476633,0.362639,-0.391712,0.685822,-0.72381
0.540767,0.138453,0.678973,0.476861,0.36589,-0.388743,0.685866,-0.716183
0.540702,0.143377,0.678057,0.476785,0.369605,-0.385217,0.685972,-0.7111
0.540517,0.149088,0.677386,0.476195,0.373783,-0.381124,0.686106,-0.707053
0.540263,0.155363,0.676944,0.475105,0.378407,-0.376468,0.686251,-0.70249
0.539889,0.162287,0.67667,0.473604,0.383438,-0.371256,0.686397,-0.698127
0.539334,0.169952,0.676537,0.471733,0.388826,-0.365506,0.686541,-0.694967
0.538567,0.178358,0.676532,0.469508,0.394519,-0.359227,0.686677,-0.693333
0.537564,0.187482,0.676671,0.466897,0.400463,-0.352425,0.686802,-0.69345
0.536298,0.197246,0.67689,0.464003,0.406606,-0.34512,0.686932,-0.694909
0.534792,0.207375,0.67714,0.460949,0.412892,-0.337348,0.687093,-0.695967
0.533053,0.217631,0.677501,0.457694,0.419267,-0.329139,0.687299,-0.695924
0.531087,0.22789,0.678034,0.454183,0.425679,-0.32052,0.687542,-0.694695
0.528892,0.238139,0.678663,0.450534,0.432085,-0.31153,0.687813,-0.692338
0.526517,0.248331,0.679389,0.446702,0.438449,-0.30221,0.688093,-0.688841
0.52402,0.258355,0.680288,0.442566,0.444738,-0.292598,0.688375,-0.684047
0.521359,0.268257,0.681395,0.438091,0.450927,-0.282713,0.688654,-0.678892
0.518472,0.278175,0.68267,0.433321,0.456987,-0.272572,0.68893,-0.67447
0.515331,0.288232,0.683987,0.42839,0.462894,-0.262195,0.689196,-0.671127
0.511975,0.298383,0.685273,0.423378,0.468625,-0.251609,0.68945,-0.668345
0.508448,0.308533,0.686538,0.418275,0.474158,-0.240842,0.689688,-0.6656
0.50474,0.318706,0.687742,0.413128,0.479477,-0.229921,0.68991,-0.663014
0.500807,0.329003,0.688781,0.408082,0.484566,-0.218883,0.690121,-0.66096
0.496901,0.339018,0.689987,0.402584,0.489411,-0.207755,0.690331,-0.657985
0.493398,0.348281,0.69173,0.39594,0.493998,-0.196555,0.690538,-0.652187
0.489978,0.357287,0.693557,0.388905,0.49832,-0.185302,0.690738,-0.645427
0.486304,0.366447,0.695089,0.382199,0.502381,-0.174014,0.690927,-0.639101
0.482357,0.375685,0.696411,0.375771,0.506172,-0.162693,0.691112,-0.633417
0.478116,0.384991,0.697538,0.369632,0.509681,-0.151349,0.6913,-0.62897
0.473558,0.394378,0.69844,0.363855,0.512893,-0.140003,0.691498,-0.625851
0.468675,0.403854,0.699102,0.358471,0.5158,-0.128667,0.691707,-0.623735
0.463454,0.413416,0.699551,0.353449,0.518388,-0.117344,0.691933,-0.622511
0.457843,0.423068,0.699818,0.348783,0.520651,-0.106042,0.692178,-0.622292
0.451824,0.432793,0.699972,0.34436,0.522591,-0.094762,0.692441,-0.623328
0.445377,0.442586,0.700043,0.340142,0.524216,-0.083513,0.692717,-0.625855
0.43844,0.452466,0.70004,0.336139,0.525537,-0.072301,0.692994,-0.630408
0.431041,0.462423,0.699893,0.332444,0.526565,-0.061134,0.693262,-0.636399
0.423375,0.472419,0.699471,0.32911,0.527312,-0.050013,0.693511,-0.642113
0.41558,0.482396,0.698746,0.326101,0.527797,-0.038937,0.693729,-0.646554
0.407663,0.492367,0.697724,0.323367,0.528035,-0.027903,0.693904,-0.649911
0.399622,0.502347,0.696396,0.320909,0.528041,-0.016919,0.694028,-0.652336
0.39148,0.512326,0.694781,0.318661,0.527825,-0.005988,0.694098,-0.653953
0.383272,0.522288,0.692874,0.316612,0.527397,0.004876,0.694108,-0.654639
0.375028,0.532222,0.690673,0.314745,0.52676,0.015653,0.694044,-0.654387
0.366756,0.542099,0.688205,0.313039,0.525924,0.026339,0.693907,-0.653264
0.358414,0.551873,0.685522,0.311505,0.524905,0.03694,0.693713,-0.651434
0.349939,0.561534,0.682632,0.310219,0.523706,0.04745,0.693466,-0.648997
0.341303,0.571085,0.679538,0.309197,0.522319,0.05787,0.693158,-0.646034
0.332449,0.580589,0.676168,0.308531,0.520752,0.068193,0.69277,-0.642789
0.323376,0.590089,0.672457,0.308262,0.519013,0.078402,0.692276,-0.639343
0.314174,0.59955,0.668417,0.308306,0.517115,0.088482,0.691655,-0.635485
0.304921,0.608955,0.664034,0.308634,0.515083,0.098412,0.690883,-0.631026
0.295709,0.618299,0.659305,0.309158,0.512938,0.108169,0.689932,-0.62596
0.286568,0.627581,0.654287,0.309724,0.510694,0.117756,0.68878,-0.620722
0.277536,0.636805,0.649024,0.310195,0.508356,0.127205,0.687392,-0.6156
0.268586,0.645976,0.643527,0.310562,0.505917,0.136509,0.685747,-0.61087
0.259787,0.655069,0.637818,0.310779,0.503381,0.1456,0.683838,-0.606284
0.251264,0.664085,0.631867,0.310807,0.500771,0.154424,0.681653,-0.601429
0.243168,0.673041,0.625572,0.310717,0.498113,0.162947,0.679167,-0.595671
0.235623,0.681962,0.618838,0.310563,0.495439,0.171121,0.676365,-0.588684
0.228777,0.690826,0.61175,0.310132,0.492767,0.178931,0.673234,-0.580451
0.222739,0.699559,0.604529,0.30911,0.490096,0.186387,0.669785,-0.571176
0.217359,0.708105,0.597304,0.307523,0.487425,0.193464,0.666051,-0.561433
0.212185,0.71649,0.589931,0.305941,0.484773,0.200084,0.662074,-0.552117
0.206771,0.724798,0.58211,0.305061,0.482168,0.206149,0.657884,-0.543931
0.201038,0.733042,0.573731,0.305068,0.479626,0.211626,0.653493,-0.536818
0.195157,0.741187,0.564859,0.305761,0.477154,0.216519,0.648908,-0.530461
0.189244,0.749242,0.555524,0.306947,0.474766,0.220825,0.644128,-0.524907
0.183393,0.757187,0.545822,0.308405,0.472461,0.224529,0.63917,-0.520221
0.1777,0.76498,0.535886,0.309927,0.470236,0.227616,0.634059,-0.516323
0.1722,0.772578,0.525765,0.311514,0.46811,0.230056,0.628823,-0.513107
0.166895,0.779923,0.515466,0.313308,0.466122,0.231819,0.623503,-0.510418
0.161703,0.786969,0.504953,0.315523,0.464328,0.232874,0.618143,-0.508348
0.156633,0.793666,0.494231,0.318271,0.462777,0.233201,0.612794,-0.506879
0.151845,0.799977,0.483395,0.321419,0.461505,0.232796,0.607498,-0.505964
0.314512,0.758362,0.315336,0.475954,0.513957,-0.031454,0.581415,-0.52297
0.329286,0.747711,0.317807,0.481142,0.514487,-0.043862,0.585153,-0.515516
0.343968,0.736591,0.320387,0.486283,0.514775,-0.056308,0.588887,-0.507329
0.358234,0.725175,0.323039,0.49136,0.514822,-0.068779,0.592563,-0.499367
0.37168,0.713692,0.325892,0.496278,0.514625,-0.081262,0.596138,-0.493166
0.384397,0.702173,0.329027,0.500933,0.514173,-0.093715,0.599579,-0.488279
0.396736,0.690537,0.332349,0.505275,0.513458,-0.106081,0.602858,-0.483449
0.408726,0.678846,0.335708,0.509325,0.512489,-0.118327,0.605957,-0.478851
0.420313,0.667166,0.33905,0.513099,0.511278,-0.130428,0.608865,-0.474976
0.431536,0.655477,0.342241,0.516717,0.509828,-0.142377,0.611595,-0.471393
0.442437,0.643729,0.345096,0.520357,0.50814,-0.154162,0.614167,-0.467071
0.453025,0.631889,0.347659,0.52404,0.506225,-0.165761,0.616601,-0.461596
0.463238,0.620016,0.350067,0.527678,0.504104,-0.177138,0.618909,-0.455509
0.473044,0.608149,0.352365,0.531247,0.501806,-0.188277,0.621102,-0.449107
0.48245,0.596331,0.35454,0.534727,0.499353,-0.19918,0.623178,-0.442614
0.491453,0.584614,0.356553,0.538117,0.496759,-0.209852,0.625136,-0.436216
0.500084,0.573037,0.358479,0.541329,0.49404,-0.220292,0.626977,-0.430236
0.508405,0.56158,0.360486,0.544245,0.491216,-0.230491,0.628712,-0.424809
0.51653,0.550163,0.362746,0.546748,0.488306,-0.240441,0.630344,-0.419799
0.524491,0.538767,0.365302,0.548812,0.48532,-0.250152,0.631877,-0.415265
0.532267,0.527395,0.3681,0.550499,0.482267,-0.259638,0.633318,-0.411237
0.539863,0.516027,0.37127,0.551745,0.479152,-0.268885,0.634667,-0.407841
0.54732,0.504603,0.375041,0.552414,0.47599,-0.277857,0.635925,-0.405127
0.554398,0.49333,0.378839,0.552946,0.472808,-0.28662,0.63709,-0.403365
0.560555,0.482754,0.381166,0.554472,0.469631,-0.295361,0.638167,-0.40311
0.565898,0.472848,0.381917,0.557058,0.466475,-0.304076,0.639142,-0.403578
0.571142,0.462935,0.382523,0.55961,0.463336,-0.312559,0.639984,-0.402885
0.576581,0.452701,0.383741,0.561568,0.460218,-0.320691,0.640676,-0.400353
0.582167,0.442168,0.385599,0.562923,0.457135,-0.328441,0.641211,-0.396006
0.587847,0.431378,0.38803,0.563721,0.45411,-0.335773,0.641585,-0.389704
0.593512,0.420448,0.390849,0.564095,0.451169,-0.342651,0.64179,-0.38141
0.599119,0.409379,0.393931,0.564167,0.448331,-0.349035,0.641823,-0.370495
0.604665,0.398071,0.397197,0.564051,0.445621,-0.354888,0.641679,-0.355767
0.610032,0.386685,0.400831,0.563623,0.443066,-0.36018,0.641353,-0.338407
0.615035,0.375646,0.405174,0.562544,0.440701,-0.364891,0.640833,-0.321925
0.61967,0.365142,0.410299,0.560657,0.438555,-0.369012,0.640094,-0.307706
0.624005,0.355127,0.416027,0.558054,0.436655,-0.372543,0.639123,-0.295023
0.628092,0.345511,0.422293,0.554789,0.43502,-0.375484,0.637915,-0.283169
0.631947,0.336159,0.429136,0.550892,0.433667,-0.377843,0.636487,-0.271608
0.635586,0.326861,0.436744,0.546303,0.432603,-0.379641,0.63488,-0.259966
0.639079,0.317346,0.445439,0.54079,0.431837,-0.380907,0.633135,-0.248215
0.64254,0.307372,0.455506,0.534021,0.431388,-0.381662,0.631262,-0.236504
0.646009,0.296902,0.466919,0.52584,0.431281,-0.381927,0.62925,-0.225298
0.649406,0.286213,0.479202,0.516449,0.431538,-0.381706,0.627069,-0.215126
0.652539,0.275904,0.491504,0.506452,0.432183,-0.380981,0.624678,-0.206506
0.655185,0.266637,0.503068,0.496549,0.433246,-0.379693,0.622058,-0.199747
0.657218,0.258874,0.513543,0.487158,0.434759,-0.377752,0.619213,-0.195031
0.658671,0.25274,0.522967,0.478311,0.436738,-0.375075,0.616155,-0.191982
0.659665,0.248291,0.531422,0.469877,0.43919,-0.371595,0.612892,-0.190346
0.660293,0.245573,0.538949,0.461781,0.442108,-0.367257,0.609451,-0.189845
0.660545,0.244653,0.545543,0.454101,0.445473,-0.36203,0.605886,-0.190421
0.660371,0.245476,0.551261,0.446949,0.449243,-0.355899,0.60227,-0.191657
0.659698,0.247922,0.556216,0.440405,0.453369,-0.348877,0.598682,-0.193276
0.658516,0.251817,0.560611,0.434351,0.4578,-0.340992,0.59518,-0.19543
0.656873,0.256907,0.564715,0.428502,0.46249,-0.332277,0.591809,-0.198351
0.65487,0.262964,0.568721,0.422553,0.467401,-0.322768,0.588591,-0.202173
0.652611,0.269783,0.572623,0.416435,0.472496,-0.312496,0.585539,-0.205849
0.650165,0.277124,0.576372,0.410223,0.47773,-0.301493,0.58267,-0.207534
0.647465,0.284934,0.579927,0.404087,0.483051,-0.289798,0.580007,-0.206727
0.644423,0.293354,0.583233,0.398123,0.488417,-0.277447,0.577556,-0.204473
0.640959,0.302496,0.586231,0.39243,0.493785,-0.264472,0.575319,-0.201523
0.63702,0.312389,0.588885,0.387084,0.499107,-0.250904,0.573291,-0.198205
0.632549,0.323047,0.591164,0.382162,0.50434,-0.236776,0.571473,-0.194777
0.627481,0.334443,0.593092,0.3777,0.509438,-0.222124,0.569864,-0.191415
0.621786,0.346504,0.594728,0.373652,0.514362,-0.206981,0.568459,-0.188365
0.615513,0.359047,0.596213,0.36981,0.519073,-0.19138,0.567242,-0.185664
0.608752,0.371843,0.597707,0.365924,0.523535,-0.175366,0.566193,-0.183359
0.60164,0.38463,0.599346,0.361764,0.527714,-0.159001,0.565297,-0.181141
0.594263,0.397241,0.601214,0.3572,0.531585,-0.142358,0.564549,-0.178972
0.586658,0.409628,0.60329,0.352247,0.53513,-0.125499,0.563943,-0.177021
0.578841,0.421767,0.605524,0.346982,0.538328,-0.108477,0.56348,-0.175449
0.570817,0.433645,0.607874,0.341481,0.541163,-0.091341,0.563154,-0.174138
0.562567,0.445341,0.610248,0.335837,0.543632,-0.074142,0.562951,-0.17332
0.55411,0.456871,0.612597,0.330084,0.545733,-0.05693,0.562856,-0.173097
0.545476,0.468219,0.614916,0.3242,0.54747,-0.039743,0.562855,-0.173636
0.53671,0.479322,0.617265,0.318084,0.548855,-0.022591,0.562942,-0.175083
0.527788,0.49014,0.619718,0.31169,0.549878,-0.005484,0.563117,-0.177598
0.518726,0.500698,0.622197,0.305116,0.55051,0.011525,0.563371,-0.18088
0.509567,0.511083,0.624515,0.298524,0.550726,0.028394,0.563687,-0.184447
0.500297,0.521425,0.626488,0.292116,0.550509,0.045102,0.564045,-0.188215
0.490807,0.531804,0.628046,0.286097,0.549857,0.061616,0.564444,-0.192267
0.481047,0.542134,0.629262,0.280561,0.548782,0.077895,0.564913,-0.196167
0.471022,0.552309,0.630239,0.275484,0.5473,0.093908,0.565469,-0.199667
0.460709,0.562334,0.630975,0.270921,0.545428,0.109666,0.566096,-0.202845
0.450169,0.57221,0.631437,0.266855,0.543196,0.125184,0.566749,-0.20556
0.439446,0.582,0.631547,0.263269,0.540633,0.140453,0.567375,-0.207907
0.428575,0.591746,0.631257,0.260144,0.537757,0.155464,0.56793,-0.209954
0.417541,0.601463,0.630555,0.257491,0.534585,0.170217,0.568383,-0.211788
0.406388,0.611068,0.629547,0.255177,0.531117,0.184712,0.568723,-0.213291
0.39515,0.620499,0.628303,0.253127,0.527358,0.198935,0.568945,-0.214385
0.383843,0.629747,0.626815,0.251367,0.523322,0.212857,0.569034,-0.215098
0.372406,0.63885,0.625051,0.249991,0.519031,0.226451,0.568977,-0.21573
0.360837,0.647804,0.622997,0.249042,0.5145,0.23969,0.568766,-0.21628
0.349219,0.656556,0.620738,0.248324,0.50973,0.252578,0.568394,-0.216765
0.337479,0.665125,0.618278,0.247888,0.504737,0.265103,0.567849,-0.21737
0.325444,0.673548,0.615555,0.248016,0.499542,0.277225,0.567139,-0.218173
0.31317,0.681759,0.612632,0.24862,0.49415,0.288928,0.566263,-0.218954
0.300774,0.689705,0.609594,0.249476,0.488571,0.300207,0.565206,-0.219609
0.288355,0.697384,0.606463,0.250418,0.48282,0.311042,0.563937,-0.22012
0.276019,0.704828,0.603199,0.25136,0.476928,0.321403,0.56242,-0.2204
0.263733,0.712121,0.599682,0.252409,0.470946,0.331251,0.560614,-0.220674
0.251448,0.719299,0.595859,0.253644,0.464905,0.340544,0.558491,-0.22106
0.239116,0.72638,0.591704,0.255112,0.458832,0.349236,0.556032,-0.221615
0.226709,0.733396,0.587163,0.25685,0.452762,0.357259,0.553211,-0.222391
0.214335,0.740349,0.58222,0.258773,0.446737,0.364543,0.550008,-0.223268
0.202144,0.747202,0.576854,0.260894,0.440858,0.371032,0.546421,-0.223966
0.190174,0.753918,0.570984,0.263474,0.435287,0.376665,0.542474,-0.224488
0.178498,0.760427,0.564624,0.266625,0.430153,0.381369,0.538223,-0.224973
0.167273,0.766658,0.557887,0.270216,0.425534,0.385056,0.533743,-0.225674
0.156571,0.772588,0.550868,0.274113,0.421494,0.387654,0.529105,-0.227208
0.146556,0.77817,0.543697,0.278149,0.418083,0.389118,0.524384,-0.22977
0.137496,0.783322,0.536542,0.282176,0.415344,0.389409,0.519651,-0.232904
0.129722,0.787995,0.529549,0.286032,0.413326,0.388517,0.514951,-0.235963
0.123392,0.792206,0.52274,0.289701,0.412074,0.38645,0.510307,-0.238606
0.118501,0.796014,0.516041,0.293292,0.411615,0.38323,0.505732,-0.240843
0.11497,0.799462,0.509384,0.296934,0.411957,0.378896,0.501232,-0.242664
0.112649,0.8026,0.502694,0.300736,0.413075,0.373502,0.496806,-0.24422
0.111465,0.805476,0.495911,0.304724,0.414932,0.367105,0.492445,-0.245539
0.111547,0.808152,0.488977,0.308786,0.417483,0.359753,0.488126,-0.246517
0.112999,0.810669,0.481893,0.312773,0.420669,0.3515,0.483833,-0.24717
0.115783,0.813011,0.474708,0.316638,0.424418,0.342402,0.479576,-0.247523
0.11976,0.815129,0.467479,0.320446,0.428646,0.332503,0.475381,-0.247477
0.124751,0.816959,0.460263,0.324304,0.433256,0.321861,0.471287,-0.246971
0.130553,0.818462,0.453099,0.328295,0.438134,0.310536,0.467336,-0.246194
0.137081,0.819614,0.446037,0.332403,0.443184,0.298592,0.463555,-0.245209
0.144323,0.820436,0.43905,0.336587,0.448346,0.286081,0.459952,-0.244269
0.152393,0.820932,0.43212,0.340762,0.453576,0.273051,0.456524,-0.243411
0.161333,0.82108,0.425268,0.344886,0.458826,0.259538,0.453279,-0.242622
0.171055,0.820832,0.41856,0.348972,0.464041,0.245585,0.450241,-0.24191
0.181462,0.82014,0.412064,0.353051,0.469162,0.231244,0.447436,-0.241235
0.192395,0.818974,0.405769,0.357234,0.474137,0.216581,0.444888,-0.240634
0.203691,0.817337,0.399633,0.361613,0.478921,0.20164,0.442614,-0.240309
0.21531,0.81523,0.393667,0.366152,0.483489,0.186451,0.440627,-0.240412
0.227387,0.81263,0.387967,0.370688,0.487815,0.17104,0.43893,-0.240839
0.239916,0.809546,0.382553,0.375139,0.491878,0.155434,0.437519,-0.241815
0.252841,0.805992,0.377408,0.379489,0.495659,0.13966,0.436386,-0.243427
0.266115,0.801964,0.372522,0.383751,0.499133,0.123755,0.435517,-0.245444
0.279713,0.797453,0.367875,0.387939,0.502281,0.107754,0.434888,-0.247529
0.293452,0.792526,0.363321,0.392156,0.50509,0.091676,0.434463,-0.249796
0.307259,0.78722,0.358782,0.396424,0.507547,0.075534,0.434202,-0.252131
0.321173,0.781538,0.354265,0.400677,0.509647,0.05935,0.434067,-0.254242
0.335136,0.775489,0.349788,0.404906,0.51139,0.043152,0.43403,-0.255935
0.349046,0.769116,0.345308,0.409132,0.512784,0.026978,0.434082,-0.25723
0.362692,0.762527,0.340672,0.413461,0.51384,0.010832,0.434228,-0.258554
0.376016,0.755762,0.335813,0.41793,0.514545,-0.005299,0.434442,-0.259969
0.389087,0.74879,0.33077,0.422511,0.514875,-0.021428,0.434712,-0.261311
0.401986,0.741578,0.325592,0.427153,0.514825,-0.037559,0.435049,-0.262501
0.414778,0.734094,0.320305,0.431822,0.5144,-0.053697,0.435464,-0.263393
0.427397,0.726382,0.314874,0.436526,0.513616,-0.069816,0.435952,-0.264159
0.439731,0.718539,0.309192,0.441293,0.512485,-0.085896,0.436501,-0.265125
0.451756,0.7106,0.303188,0.446141,0.511018,-0.101919,0.437097,-0.266151
0.463489,0.702565,0.296907,0.451029,0.509225,-0.117848,0.437723,-0.267102
0.474988,0.694414,0.290497,0.455836,0.507108,-0.133631,0.438366,-0.268032
0.486398,0.686084,0.284124,0.460412,0.504671,-0.149213,0.439007,-0.268639
0.497818,0.67753,0.277885,0.46466,0.501929,-0.164553,0.439623,-0.268534
0.509174,0.668829,0.27175,0.468574,0.498904,-0.179619,0.440192,-0.26803
0.520343,0.660055,0.265713,0.472193,0.495618,-0.194369,0.440718,-0.267571
0.531274,0.651209,0.259868,0.475546,0.492104,-0.208763,0.441213,-0.267415
0.54198,0.642239,0.254333,0.478645,0.488399,-0.222768,0.441686,-0.26776
0.552575,0.633027,0.249256,0.481465,0.484538,-0.236344,0.442141,-0.268589
0.563083,0.623557,0.244653,0.484002,0.480553,-0.249459,0.442574,-0.270232
0.573396,0.613921,0.240495,0.486292,0.476471,-0.26209,0.442982,-0.273275
0.583476,0.60416,0.236816,0.488328,0.47231,-0.274199,0.443362,-0.277427
0.593365,0.594263,0.233733,0.490039,0.468083,-0.285728,0.443698,-0.281563
0.603089,0.584228,0.231287,0.491394,0.463832,-0.296635,0.443956,-0.285002
0.612667,0.574074,0.229452,0.492371,0.459607,-0.306885,0.444093,-0.287727
0.62215,0.563808,0.228268,0.492893,0.455461,-0.316444,0.444064,-0.289729
0.631524,0.553486,0.227666,0.492949,0.45144,-0.325291,0.443827,-0.290948
0.640682,0.543205,0.227434,0.492675,0.447586,-0.333414,0.443351,-0.290912
0.64953,0.533063,0.227317,0.492221,0.443942,-0.340796,0.442602,-0.288916
0.65799,0.523178,0.227153,0.491667,0.440545,-0.347406,0.441537,-0.284518
0.665963,0.513791,0.226938,0.490929,0.437442,-0.353193,0.440114,-0.278493
0.673361,0.505228,0.22681,0.489783,0.434687,-0.358086,0.438295,-0.272665
0.680129,0.497708,0.226854,0.488107,0.432334,-0.362005,0.436054,-0.26782
0.686322,0.491237,0.227209,0.485823,0.430435,-0.364867,0.433371,-0.263562
0.691931,0.48589,0.227876,0.482924,0.429018,-0.366602,0.430248,-0.259692
0.696852,0.481827,0.22875,0.479493,0.428096,-0.367164,0.426705,-0.256189
0.701007,0.479176,0.229766,0.475592,0.42769,-0.366521,0.422775,-0.253139
0.704366,0.477976,0.230962,0.471237,0.427819,-0.364638,0.4185,-0.250586
0.706968,0.478151,0.232524,0.466369,0.428498,-0.361487,0.413937,-0.248656
0.708881,0.479544,0.234679,0.460925,0.429731,-0.357064,0.409154,-0.247458
0.71016,0.481981,0.237541,0.454907,0.431501,-0.351397,0.404231,-0.246957
0.710823,0.485341,0.241075,0.448395,0.433768,-0.34454,0.399248,-0.247072
0.710847,0.489515,0.245133,0.441567,0.436484,-0.33656,0.394289,-0.247221
0.710157,0.494437,0.249594,0.43464,0.439598,-0.327517,0.389437,-0.246871
0.708732,0.500023,0.254474,0.42769,0.443061,-0.317457,0.384755,-0.245949
0.706593,0.506169,0.25984,0.420716,0.446822,-0.306433,0.380309,-0.24465
0.703771,0.512784,0.265708,0.413712,0.450826,-0.294507,0.376146,-0.243156
0.700329,0.519766,0.272058,0.406654,0.455022,-0.281737,0.372297,-0.241491
0.696259,0.52711,0.27879,0.399567,0.459357,-0.268178,0.368787,-0.239828
0.691466,0.534887,0.285758,0.392572,0.463773,-0.253886,0.365652,-0.238281
0.685834,0.543179,0.292828,0.385797,0.468206,-0.238923,0.362931,-0.237147
0.679387,0.55191,0.300034,0.379221,0.472587,-0.223339,0.360653,-0.236573
0.672267,0.560853,0.307524,0.372734,0.476873,-0.207181,0.358831,-0.236221
0.664607,0.569801,0.315396,0.366264,0.48104,-0.190503,0.357465,-0.235724
0.65635,0.578811,0.323476,0.359925,0.485042,-0.173388,0.356554,-0.235227
0.64741,0.587965,0.331589,0.353845,0.488816,-0.155925,0.356098,-0.234889
0.63792,0.597088,0.339827,0.34794,0.49234,-0.138171,0.356082,-0.234391
0.628007,0.606049,0.348219,0.342135,0.495597,-0.12019,0.35647,-0.233559
0.383727,0.751055,0.477973,0.245382,0.485669,0.240731,0.400157,-0.226309
0.373322,0.756368,0.478421,0.244239,0.48249,0.251121,0.400969,-0.228534
0.362489,0.761885,0.478426,0.243394,0.479121,0.261186,0.401603,-0.231279
0.351183,0.767593,0.47799,0.242894,0.475577,0.270903,0.402068,-0.234577
0.339428,0.773445,0.47709,0.242811,0.471874,0.280242,0.402378,-0.238176
0.327365,0.779339,0.475726,0.243202,0.46804,0.28917,0.402551,-0.241462
0.315207,0.785146,0.473994,0.243968,0.464117,0.297672,0.402594,-0.244035
0.303125,0.790792,0.471975,0.244957,0.46016,0.305735,0.402503,-0.246052
0.291317,0.796226,0.469727,0.245998,0.456223,0.313334,0.402268,-0.247698
0.27987,0.801455,0.467221,0.247077,0.452384,0.320421,0.401874,-0.249391
0.26875,0.806521,0.464366,0.248319,0.448728,0.326944,0.401311,-0.251611
0.258182,0.811343,0.461193,0.249731,0.44532,0.33286,0.400584,-0.253886
0.248388,0.815837,0.457804,0.251254,0.442199,0.338132,0.399714,-0.255752
0.239274,0.820013,0.454243,0.252963,0.43938,0.342707,0.398739,-0.257493
0.230865,0.823844,0.450636,0.254775,0.436865,0.346566,0.397702,-0.259237
0.223369,0.827232,0.447228,0.256477,0.434664,0.34971,0.396651,-0.260588
0.216744,0.830208,0.444026,0.258105,0.432811,0.352103,0.395616,-0.261913
0.210903,0.832844,0.440893,0.259816,0.431348,0.353668,0.39461,-0.26366
0.20592,0.83514,0.437834,0.261609,0.430298,0.354352,0.39365,-0.265693
0.201885,0.837055,0.434977,0.263393,0.429663,0.354157,0.392762,-0.267684
0.198835,0.838587,0.432358,0.265147,0.429449,0.353089,0.391949,-0.269397
0.196684,0.839777,0.429928,0.266931,0.429672,0.351147,0.391202,-0.271008
0.195403,0.840687,0.427585,0.268762,0.430341,0.348309,0.390494,-0.27279
0.194877,0.841395,0.425143,0.270795,0.431471,0.34455,0.389795,-0.275046
0.195082,0.841912,0.422545,0.273099,0.433054,0.339899,0.389091,-0.2776
0.196247,0.84212,0.420113,0.275365,0.435023,0.334458,0.388398,-0.279542
0.198415,0.841992,0.417971,0.277456,0.43731,0.328294,0.387723,-0.280532
0.201393,0.841608,0.415944,0.279513,0.439874,0.321428,0.387048,-0.280886
0.204961,0.841068,0.413798,0.281722,0.442684,0.313863,0.386347,-0.281047
0.208956,0.840421,0.411434,0.28417,0.445693,0.305627,0.385607,-0.281242
0.213199,0.839701,0.408807,0.286924,0.44885,0.296759,0.384829,-0.281698
0.217701,0.838916,0.405892,0.289961,0.452121,0.287298,0.384008,-0.282359
0.222626,0.83803,0.402732,0.293172,0.455473,0.277291,0.383138,-0.282794
0.228061,0.837027,0.399338,0.296484,0.458871,0.266778,0.382206,-0.28283
0.233992,0.835904,0.395697,0.299895,0.462278,0.255786,0.381206,-0.282445
0.240385,0.834657,0.3918,0.303406,0.465659,0.244345,0.380135,-0.281707
0.247156,0.833305,0.38764,0.307006,0.468987,0.232488,0.378996,-0.280974
0.254197,0.831847,0.383258,0.31069,0.47223,0.220252,0.377803,-0.280467
0.261409,0.830294,0.378675,0.314455,0.475362,0.207686,0.376573,-0.280456
0.268909,0.828617,0.373928,0.318213,0.478357,0.194828,0.375315,-0.28078
0.276762,0.826797,0.369018,0.321925,0.481198,0.181704,0.374042,-0.281431
0.284999,0.82481,0.363941,0.325593,0.483874,0.168337,0.372768,-0.282316
0.293622,0.822629,0.358747,0.329194,0.486361,0.15475,0.37151,-0.28342
0.302548,0.820238,0.353501,0.332734,0.488635,0.140982,0.370293,-0.28483
0.311714,0.81761,0.34831,0.336197,0.490673,0.127082,0.36914,-0.286515
0.321099,0.814739,0.343195,0.339578,0.492453,0.113093,0.368056,-0.288358
0.330585,0.811651,0.338112,0.342951,0.493969,0.099047,0.367049,-0.290437
0.340036,0.8084,0.332997,0.346379,0.495213,0.084963,0.366121,-0.292998
0.349399,0.805,0.32784,0.349881,0.49618,0.070854,0.365271,-0.296071
0.3587,0.801446,0.322653,0.353431,0.496869,0.056738,0.364498,-0.299587
0.368073,0.797687,0.317486,0.35696,0.497284,0.042632,0.363791,-0.303222
0.377661,0.793661,0.312405,0.360385,0.497435,0.028551,0.363138,-0.306678
0.38739,0.7894,0.307349,0.363749,0.497338,0.014508,0.362535,-0.310158
0.39723,0.784901,0.302285,0.3671,0.497009,0.000508,0.361982,-0.313607
0.407247,0.780134,0.297252,0.370382,0.496447,-0.013445,0.36148,-0.317
0.417501,0.77505,0.292334,0.37354,0.495644,-0.027333,0.36104,-0.320228
0.428039,0.769598,0.287624,0.376527,0.494599,-0.041128,0.360676,-0.323191
0.438998,0.763678,0.283247,0.379273,0.493321,-0.054809,0.360404,-0.325561
0.450351,0.757261,0.279238,0.381794,0.491826,-0.068354,0.360236,-0.327374
0.462036,0.750357,0.275573,0.384119,0.490132,-0.081748,0.360175,-0.328767
0.473973,0.742979,0.272239,0.386287,0.488253,-0.094971,0.360226,-0.329896
0.486064,0.735156,0.269226,0.388335,0.486197,-0.108001,0.360394,-0.330787
0.498308,0.726852,0.266614,0.390248,0.483977,-0.120806,0.360691,-0.331285
0.510746,0.718012,0.264547,0.391934,0.481615,-0.133345,0.361121,-0.331576
0.523443,0.708572,0.263193,0.393272,0.479131,-0.145571,0.361689,-0.331896
0.536365,0.698564,0.262513,0.394217,0.476544,-0.157465,0.362394,-0.332697
0.549348,0.68814,0.262258,0.394842,0.473858,-0.169044,0.363235,-0.334728
0.562262,0.67744,0.262254,0.39517,0.471072,-0.180317,0.36422,-0.338835
0.575084,0.666427,0.262694,0.395152,0.468233,-0.191237,0.365388,-0.34473
0.587922,0.65485,0.264109,0.394672,0.46543,-0.201715,0.36681,-0.350802
0.60088,0.642475,0.266889,0.393623,0.462728,-0.211691,0.368553,-0.356055
0.61386,0.629293,0.27107,0.39203,0.460162,-0.221159,0.370674,-0.360664
0.626712,0.61537,0.276602,0.389927,0.457761,-0.23012,0.373227,-0.365005
0.639316,0.600771,0.283392,0.387348,0.455543,-0.238571,0.376263,-0.369178
0.651475,0.585613,0.291306,0.384418,0.453552,-0.24652,0.379838,-0.373129
0.662896,0.570138,0.300187,0.381313,0.45184,-0.253984,0.384016,-0.377221
0.673417,0.554517,0.309961,0.378082,0.450439,-0.26096,0.388851,-0.381777
0.682922,0.538912,0.320531,0.374767,0.449363,-0.267444,0.394386,-0.386885
0.691143,0.523702,0.331517,0.37169,0.448612,-0.273473,0.400652,-0.392533
0.6979,0.509248,0.342589,0.3691,0.448198,-0.279075,0.407643,-0.398759
0.703194,0.495739,0.353639,0.367015,0.44813,-0.284241,0.415332,-0.40563
0.707097,0.483214,0.364632,0.365461,0.448399,-0.288981,0.423699,-0.412814
0.709722,0.471608,0.375548,0.364478,0.44898,-0.293315,0.432728,-0.419705
0.71117,0.460822,0.386387,0.364122,0.449844,-0.297263,0.442401,-0.425711
0.711536,0.450826,0.397131,0.364361,0.450962,-0.300829,0.452677,-0.430711
0.710894,0.441641,0.407759,0.365124,0.452303,-0.304015,0.463497,-0.434958
0.709331,0.433261,0.418231,0.366357,0.453836,-0.306821,0.4748,-0.438489
0.706955,0.425603,0.428568,0.367975,0.455526,-0.309249,0.486528,-0.441371
0.703813,0.418694,0.438696,0.369983,0.457345,-0.311313,0.49861,-0.443917
0.699982,0.412525,0.448509,0.37241,0.459258,-0.31303,0.510975,-0.446036
0.695601,0.406967,0.457995,0.375178,0.461241,-0.314415,0.523548,-0.447397
0.690788,0.401884,0.467191,0.378199,0.463271,-0.315483,0.536262,-0.447776
0.685604,0.397248,0.476054,0.381463,0.465331,-0.316252,0.549042,-0.447172
0.680078,0.393095,0.484521,0.384979,0.467406,-0.31674,0.561813,-0.445855
0.674275,0.389475,0.492512,0.388708,0.469478,-0.31697,0.5745,-0.44414
0.668227,0.386507,0.499896,0.392669,0.471537,-0.316968,0.587042,-0.442548
0.661968,0.384229,0.50659,0.396904,0.473572,-0.316758,0.59939,-0.441338
0.655547,0.382559,0.512646,0.401374,0.475574,-0.316362,0.611514,-0.440629
0.649022,0.381335,0.518195,0.40599,0.477521,-0.315795,0.623409,-0.440328
0.642439,0.380398,0.523392,0.410647,0.479383,-0.315065,0.635072,-0.440384
0.63584,0.379604,0.528395,0.41522,0.481138,-0.314172,0.646503,-0.440697
0.629261,0.378842,0.533286,0.41966,0.482769,-0.313121,0.657708,-0.440989
0.622751,0.378011,0.538131,0.423915,0.484268,-0.311901,0.668692,-0.440887
0.61631,0.377136,0.542968,0.427921,0.485633,-0.310489,0.679447,-0.440524
0.609766,0.376509,0.54744,0.432131,0.48689,-0.308933,0.689964,-0.440534
0.602993,0.376305,0.551251,0.43694,0.48808,-0.30728,0.700241,-0.4412
0.596198,0.376182,0.554861,0.441774,0.489189,-0.305428,0.710274,-0.441574
0.589561,0.375944,0.558582,0.446172,0.490202,-0.303285,0.720041,-0.440968
0.582932,0.375852,0.562308,0.450261,0.491124,-0.300839,0.729522,-0.44046
0.576162,0.376103,0.56605,0.454061,0.491969,-0.298082,0.738712,-0.441242
0.569249,0.376679,0.569722,0.457697,0.492754,-0.295019,0.747611,-0.442853
0.562357,0.377406,0.573141,0.461334,0.493499,-0.291654,0.756201,-0.443464
0.55562,0.378206,0.576214,0.464999,0.494219,-0.287983,0.764453,-0.442159
0.548975,0.379201,0.578953,0.468666,0.494923,-0.284002,0.772341,-0.439769
0.542246,0.380541,0.581463,0.472291,0.495634,-0.279706,0.779852,-0.437688
0.535384,0.382253,0.583868,0.475757,0.496383,-0.275085,0.786977,-0.43645
0.528508,0.384311,0.58609,0.479043,0.497198,-0.270146,0.793694,-0.435503
0.521772,0.386616,0.588116,0.482081,0.498096,-0.264897,0.799997,-0.43402
0.51517,0.389161,0.589996,0.484828,0.499077,-0.259358,0.805892,-0.432052
0.508619,0.392009,0.591741,0.487317,0.500131,-0.253548,0.81139,-0.430146
0.502073,0.395184,0.593338,0.489594,0.501253,-0.247484,0.816508,-0.428615
0.495496,0.398693,0.594757,0.491724,0.502424,-0.241187,0.821267,-0.427592
0.488871,0.40249,0.596032,0.493712,0.503625,-0.234671,0.825693,-0.426987
0.482163,0.406615,0.597144,0.495582,0.504844,-0.227956,0.829804,-0.427084
0.475387,0.411054,0.598032,0.497393,0.506071,-0.221075,0.833607,-0.427761
0.468639,0.415682,0.598691,0.499155,0.507298,-0.214047,0.837106,-0.428174
0.461951,0.420424,0.599183,0.500824,0.508518,-0.206881,0.8403,-0.427899
0.455342,0.425295,0.599508,0.502373,0.509734,-0.199587,0.843164,-0.426906
0.448747,0.430361,0.599514,0.503982,0.510937,-0.192179,0.845669,-0.425217
0.442169,0.435624,0.599099,0.505766,0.512114,-0.18467,0.847779,-0.42232
0.435699,0.440981,0.598258,0.507729,0.513258,-0.177059,0.849451,-0.417437
0.42946,0.446253,0.597057,0.509847,0.514357,-0.169339,0.850643,-0.409684
0.423615,0.45126,0.595628,0.511998,0.515393,-0.161515,0.851307,-0.398032
0.418237,0.456105,0.594097,0.513902,0.516346,-0.153602,0.851391,-0.383101
0.413373,0.460994,0.592645,0.51515,0.517206,-0.145607,0.850837,-0.366517
0.408685,0.46648,0.591199,0.515614,0.517964,-0.137599,0.849612,-0.352556
0.403306,0.473616,0.589355,0.515454,0.518607,-0.129723,0.847719,-0.349239
0.397017,0.482466,0.58688,0.514953,0.519124,-0.122088,0.845157,-0.357507
0.390413,0.492001,0.583736,0.514554,0.519514,-0.114754,0.841934,-0.370258
0.383901,0.501603,0.58005,0.514351,0.519789,-0.107757,0.838053,-0.383363
0.377813,0.510916,0.57605,0.514188,0.519965,-0.101112,0.833511,-0.394486
0.372508,0.519576,0.571745,0.514185,0.520083,-0.094854,0.8283,-0.400867
0.367989,0.527673,0.567035,0.514408,0.520188,-0.089046,0.822418,-0.403093
0.36402,0.535535,0.56183,0.51482,0.520315,-0.083753,0.81587,-0.403772
0.360495,0.543304,0.556122,0.515357,0.52049,-0.079018,0.808667,-0.404208
0.3575,0.55098,0.550028,0.515834,0.520744,-0.074845,0.800832,-0.404559
0.355206,0.558567,0.543603,0.516069,0.521102,-0.071229,0.792376,-0.404747
0.353703,0.566095,0.536814,0.516006,0.52158,-0.068181,0.783313,-0.404847
0.353025,0.573548,0.529633,0.51566,0.522177,-0.065714,0.773671,-0.404765
0.353047,0.580905,0.522056,0.515135,0.522871,-0.06384,0.763502,-0.404741
0.353622,0.588125,0.514116,0.514534,0.523633,-0.062562,0.752872,-0.404966
0.354716,0.595129,0.505948,0.513823,0.524442,-0.061868,0.741843,-0.405339
0.356447,0.601885,0.4977,0.51281,0.525293,-0.061733,0.730446,-0.405797
0.358972,0.608371,0.489407,0.511375,0.526181,-0.062136,0.718702,-0.406065
0.362342,0.61456,0.481066,0.509509,0.527104,-0.063062,0.706643,-0.406011
0.366506,0.620444,0.47273,0.507197,0.528045,-0.064497,0.694314,-0.405886
0.371368,0.626015,0.4645,0.504411,0.528985,-0.066418,0.681761,-0.405952
0.376978,0.631226,0.45647,0.501076,0.529909,-0.068775,0.669016,-0.405837
0.38327,0.636108,0.448506,0.497305,0.530785,-0.071517,0.656099,-0.40537
0.39005,0.640733,0.440439,0.49329,0.531577,-0.074599,0.643026,-0.404762
0.397182,0.64515,0.432163,0.489145,0.532246,-0.077976,0.629813,-0.4041
0.404606,0.649358,0.423704,0.484875,0.532762,-0.081596,0.616483,-0.403319
0.412324,0.65333,0.415197,0.480375,0.533091,-0.085404,0.603056,-0.402261
0.420311,0.657064,0.406739,0.475573,0.533207,-0.089354,0.589554,-0.400927
0.428513,0.660589,0.398318,0.470469,0.533089,-0.093403,0.575995,-0.399385
0.436855,0.663943,0.389833,0.465153,0.532717,-0.097503,0.562397,-0.397588
0.445203,0.667164,0.381164,0.459783,0.532069,-0.101604,0.548787,-0.395315
0.453383,0.670316,0.372294,0.454442,0.531136,-0.10565,0.535192,-0.392651
0.461213,0.673482,0.363324,0.44911,0.529914,-0.109585,0.521649,-0.390172
0.468564,0.67672,0.354313,0.443801,0.5284,-0.113362,0.508192,-0.388207
0.475515,0.679976,0.345329,0.438481,0.526601,-0.116941,0.494844,-0.386299
0.482155,0.683229,0.33638,0.433098,0.524531,-0.120284,0.481608,-0.384127
0.488504,0.686492,0.32745,0.427632,0.522203,-0.123354,0.468494,-0.381572
0.49445,0.689842,0.318507,0.422126,0.519622,-0.126108,0.455537,-0.378894
0.499812,0.693351,0.309527,0.416708,0.516797,-0.128511,0.442787,-0.376313
0.504539,0.697025,0.300609,0.411377,0.513742,-0.130521,0.430291,-0.373999
0.508661,0.700838,0.291907,0.406054,0.510472,-0.132099,0.41809,-0.372001
0.512368,0.704693,0.283626,0.400553,0.506996,-0.133205,0.406222,-0.370241
0.515809,0.708481,0.275937,0.394785,0.503341,-0.133817,0.394727,-0.368563
0.518871,0.712242,0.268752,0.388918,0.499562,-0.133965,0.383634,-0.367154
0.52147,0.715986,0.262059,0.383091,0.49571,-0.133677,0.372969,-0.366078
0.523617,0.719697,0.255874,0.377346,0.491818,-0.132963,0.362741,-0.365335
0.525227,0.72343,0.250119,0.371788,0.487924,-0.131842,0.352953,-0.365096
0.526167,0.727253,0.244711,0.366563,0.484064,-0.130336,0.343626,-0.365564
0.526591,0.731053,0.239812,0.361599,0.480228,-0.12843,0.334797,-0.366414
0.526943,0.73458,0.23574,0.356581,0.476359,-0.126084,0.3265,-0.366741
0.527351,0.737769,0.232538,0.35146,0.472483,-0.123304,0.318734,-0.365959
0.527448,0.740836,0.229914,0.346555,0.468703,-0.120152,0.311485,-0.364538
0.527078,0.743907,0.227723,0.341955,0.465055,-0.116646,0.304754,-0.363079
0.526467,0.746877,0.226119,0.337457,0.461524,-0.112751,0.298553,-0.361591
0.525809,0.74962,0.225286,0.332927,0.458127,-0.108436,0.292898,-0.359821
0.525043,0.752162,0.22525,0.328398,0.454897,-0.1037,0.287811,-0.357838
0.524051,0.754572,0.225954,0.323939,0.451856,-0.09856,0.283315,-0.355844
0.522723,0.756915,0.227328,0.319629,0.449023,-0.093029,0.279437,-0.354001
0.521096,0.759134,0.229426,0.315496,0.446425,-0.087111,0.276208,-0.352123
0.51923,0.761145,0.232314,0.311589,0.444082,-0.080821,0.273659,-0.349876
0.517304,0.76281,0.236048,0.307894,0.442022,-0.074184,0.271805,-0.346761
0.515526,0.764007,0.240668,0.30431,0.440258,-0.06723,0.270646,-0.342467
0.514065,0.764656,0.246258,0.300657,0.43879,-0.059984,0.270179,-0.337064
0.512679,0.764906,0.25268,0.297039,0.437642,-0.052504,0.270402,-0.331124
0.374341,0.572096,0.589485,0.430212,0.534133,0.077377,0.651601,-0.184805
0.371027,0.567219,0.592863,0.434873,0.535458,0.077305,0.66209,-0.185174
0.367125,0.563312,0.595414,0.439751,0.536692,0.077438,0.67217,-0.188095
0.362736,0.560356,0.59715,0.444787,0.537849,0.077826,0.68182,-0.193139
0.357879,0.558315,0.598192,0.44986,0.538919,0.078525,0.691032,-0.200026
0.352372,0.557177,0.598662,0.454964,0.539879,0.079581,0.699818,-0.208995
0.346081,0.556813,0.59861,0.460276,0.540705,0.081019,0.708207,-0.219414
0.339219,0.556914,0.598023,0.465989,0.541377,0.082856,0.716223,-0.229081
0.33213,0.55723,0.596929,0.47208,0.541905,0.085096,0.723866,-0.236152
0.325235,0.557568,0.595489,0.478261,0.542317,0.087725,0.731109,-0.239273
0.319103,0.557636,0.594061,0.484052,0.542639,0.090753,0.737923,-0.236458
0.313913,0.557316,0.592892,0.489221,0.542892,0.094179,0.744287,-0.227196
0.309337,0.556739,0.591777,0.494117,0.543089,0.097939,0.750195,-0.212743
0.305309,0.555842,0.59047,0.499171,0.543232,0.10198,0.755625,-0.192703
0.302071,0.554381,0.588816,0.504689,0.543319,0.106295,0.760543,-0.165384
0.2999,0.552143,0.586574,0.511008,0.54336,0.110874,0.764891,-0.129501
0.299088,0.548954,0.583626,0.518244,0.54336,0.11572,0.768604,-0.0846831
0.299169,0.545502,0.580011,0.525845,0.543323,0.120841,0.771623,-0.0368088
0.299015,0.543337,0.575755,0.532805,0.543266,0.126227,0.773879,0.00400444
0.297912,0.543515,0.570736,0.538609,0.543215,0.131829,0.775303,0.0325135
0.29532,0.546664,0.564805,0.543084,0.54319,0.137599,0.775837,0.0466352
0.290443,0.553509,0.557961,0.545848,0.543191,0.143487,0.775452,0.043683
0.282373,0.564584,0.550455,0.546361,0.543195,0.149444,0.774138,0.0212061
0.269696,0.580304,0.542272,0.544474,0.543167,0.155412,0.771904,-0.0250091
0.253673,0.598439,0.533319,0.54138,0.543079,0.161331,0.768766,-0.0861276
0.239034,0.614853,0.523943,0.538796,0.542924,0.16714,0.764727,-0.137834
0.227703,0.628564,0.514234,0.537235,0.542727,0.172772,0.759781,-0.171301
0.21859,0.640714,0.503852,0.536505,0.54252,0.178151,0.753933,-0.192871
0.210658,0.652034,0.492417,0.536657,0.542326,0.183204,0.747214,-0.207803
0.202781,0.663055,0.47972,0.537687,0.54216,0.18787,0.739659,-0.220813
0.19393,0.67414,0.465763,0.539436,0.542024,0.19211,0.731298,-0.235588
0.183481,0.685454,0.450409,0.541866,0.541921,0.195899,0.722156,-0.25429
0.172406,0.696697,0.434377,0.544248,0.54186,0.199228,0.712274,-0.274279
0.162579,0.707471,0.418793,0.545586,0.54185,0.202086,0.701697,-0.29083
0.154329,0.717835,0.403504,0.545968,0.541903,0.204453,0.690474,-0.303903
0.147624,0.72786,0.388268,0.545596,0.542032,0.206299,0.678659,-0.314103
0.142795,0.737494,0.373238,0.544431,0.542237,0.207605,0.666322,-0.320764
0.13971,0.746724,0.358385,0.542628,0.542495,0.208367,0.65353,-0.324162
0.138056,0.755583,0.343685,0.540293,0.542765,0.208598,0.640354,-0.325112
0.137718,0.764116,0.329156,0.537416,0.542997,0.208323,0.626864,-0.324251
0.138731,0.772333,0.314899,0.533942,0.543149,0.207571,0.613135,-0.321695
0.141199,0.7802,0.301153,0.529771,0.543185,0.206386,0.599232,-0.317114
0.144891,0.787748,0.287907,0.524947,0.543057,0.204816,0.585205,-0.311048
0.149334,0.795039,0.274953,0.519628,0.542703,0.202915,0.571097,-0.304621
0.153978,0.802126,0.262246,0.513917,0.542062,0.200769,0.556962,-0.298785
0.158401,0.809006,0.250056,0.507829,0.541073,0.198499,0.542883,-0.293764
0.162753,0.815578,0.238667,0.501381,0.539681,0.196217,0.528941,-0.288671
0.167098,0.821814,0.228056,0.494662,0.537858,0.194002,0.515194,-0.283306
0.171093,0.827869,0.21809,0.487645,0.535591,0.191894,0.501667,-0.278803
0.17468,0.833825,0.208788,0.480239,0.532873,0.189914,0.488391,-0.275536
0.178009,0.839644,0.20018,0.472482,0.52971,0.188088,0.475403,-0.27309
0.181017,0.845304,0.192259,0.464467,0.526127,0.186455,0.462737,-0.271386
0.18365,0.850801,0.185076,0.456243,0.522157,0.185066,0.450418,-0.270368
0.185948,0.856135,0.178702,0.447798,0.517831,0.183965,0.438464,-0.269874
0.188007,0.861286,0.173088,0.439182,0.513191,0.183168,0.426896,-0.269725
0.190004,0.86624,0.168163,0.430404,0.508285,0.182687,0.41573,-0.26973
0.192004,0.870991,0.163855,0.421498,0.503154,0.18253,0.404974,-0.269856
0.193988,0.875528,0.160176,0.412507,0.497835,0.182718,0.394639,-0.270081
0.195885,0.879833,0.157133,0.403524,0.492367,0.183271,0.384748,-0.270372
0.197713,0.88388,0.154761,0.394607,0.486782,0.184209,0.375328,-0.270575
0.199536,0.887656,0.153063,0.385777,0.481107,0.185549,0.366389,-0.270567
0.201496,0.891164,0.152058,0.376968,0.475363,0.18731,0.357909,-0.270209
0.203696,0.89442,0.151723,0.368105,0.469561,0.189492,0.349873,-0.269479
0.206061,0.897453,0.152024,0.359174,0.463712,0.192082,0.342277,-0.268503
0.208359,0.900273,0.152874,0.35032,0.457825,0.195068,0.335142,-0.267446
0.210405,0.902869,0.154232,0.341716,0.451909,0.198449,0.328484,-0.266263
0.212111,0.905248,0.156104,0.333417,0.445983,0.202226,0.322304,-0.264977
0.213584,0.907418,0.158484,0.325358,0.44007,0.206369,0.316601,-0.263553
0.214989,0.909386,0.161386,0.317414,0.434192,0.210839,0.311382,-0.261925
0.216403,0.911157,0.164808,0.309517,0.428381,0.21561,0.306663,-0.260109
0.217686,0.912741,0.168678,0.301768,0.422684,0.220662,0.302479,-0.258344
0.218639,0.914144,0.172943,0.294328,0.417153,0.225978,0.29888,-0.256876
0.219126,0.915357,0.177618,0.287327,0.411837,0.231548,0.295923,-0.255831
0.219119,0.916356,0.182766,0.280848,0.406791,0.237359,0.293661,-0.255151
0.218721,0.91711,0.188407,0.274905,0.402063,0.243391,0.292142,-0.254733
0.218138,0.917583,0.194544,0.269461,0.397698,0.249625,0.2914,-0.254381
0.217534,0.917735,0.201228,0.26448,0.393743,0.256059,0.29147,-0.253895
0.216847,0.917548,0.208458,0.260056,0.390248,0.262682,0.292398,-0.253352
0.21592,0.917011,0.216254,0.256328,0.387253,0.269477,0.294229,-0.252904
0.214738,0.916103,0.224632,0.253346,0.384775,0.276414,0.296987,-0.252563
0.213448,0.914789,0.233634,0.25103,0.382814,0.283464,0.300672,-0.252142
0.212239,0.913046,0.243252,0.24926,0.381354,0.290586,0.305268,-0.251466
0.211239,0.910868,0.253454,0.247909,0.380367,0.297737,0.310743,-0.250496
0.210496,0.908271,0.264189,0.246861,0.379816,0.304881,0.317051,-0.249284
0.210034,0.905258,0.27542,0.246046,0.379659,0.311982,0.324141,-0.247788
0.209803,0.901828,0.287112,0.24547,0.379857,0.31899,0.331956,-0.24596
0.209682,0.898009,0.299145,0.245204,0.380389,0.325847,0.340435,-0.243988
0.209603,0.893831,0.311383,0.245301,0.381231,0.332502,0.349522,-0.242003
0.209502,0.889316,0.32367,0.245892,0.38237,0.338902,0.35917,-0.240034
0.209373,0.884471,0.335925,0.247038,0.383792,0.345013,0.369333,-0.238023
0.20936,0.879262,0.348177,0.248677,0.385468,0.350822,0.379983,-0.235578
0.209628,0.873677,0.360432,0.250665,0.387369,0.356314,0.391087,-0.232457
0.210177,0.867786,0.372591,0.252881,0.389475,0.36147,0.402606,-0.229024
0.210932,0.861663,0.384507,0.255341,0.391776,0.36626,0.414504,-0.225679
0.211852,0.855344,0.396106,0.25808,0.394257,0.370658,0.426742,-0.222558
0.21288,0.848845,0.40741,0.261076,0.396902,0.37465,0.439285,-0.219765
0.213928,0.842198,0.418396,0.264351,0.399692,0.378219,0.4521,-0.217491
0.21502,0.835395,0.429059,0.267936,0.402595,0.381368,0.465145,-0.215453
0.21601,0.828436,0.439462,0.271856,0.405572,0.384104,0.478368,-0.213623
0.216788,0.821268,0.449922,0.275847,0.408572,0.386475,0.491727,-0.21191
0.217312,0.813831,0.460681,0.279691,0.411551,0.388541,0.505177,-0.210009
0.217283,0.806169,0.471665,0.283569,0.414469,0.390272,0.518643,-0.2082
0.216558,0.798382,0.482638,0.287661,0.417289,0.391645,0.532051,-0.206753
0.215425,0.790612,0.493187,0.292046,0.419974,0.392685,0.54534,-0.205436
0.214049,0.782963,0.503097,0.296725,0.422492,0.393428,0.558449,-0.204061
0.212366,0.775482,0.512394,0.30163,0.424825,0.393913,0.571314,-0.202715
0.210359,0.768215,0.521098,0.306678,0.426962,0.394179,0.583887,-0.20149
0.208063,0.761184,0.529257,0.311762,0.428891,0.394259,0.596124,-0.200352
0.205443,0.754426,0.536848,0.316905,0.430616,0.394161,0.607997,-0.199561
0.202516,0.747944,0.543851,0.322171,0.43215,0.393886,0.61949,-0.199229
0.199369,0.741702,0.550323,0.327527,0.433495,0.393452,0.630591,-0.199137
0.196054,0.735673,0.556331,0.332931,0.434648,0.392887,0.641292,-0.199082
0.192509,0.729875,0.561847,0.338454,0.435616,0.392214,0.651578,-0.199199
0.188701,0.724335,0.566854,0.344105,0.436416,0.39144,0.661426,-0.199753
0.184643,0.719074,0.571382,0.349803,0.43707,0.390575,0.670813,-0.200913
0.180504,0.714075,0.575512,0.355388,0.437592,0.389639,0.679729,-0.202392
0.176509,0.70933,0.579334,0.360648,0.437999,0.388666,0.688161,-0.203835
0.172786,0.704857,0.582834,0.365549,0.438309,0.387663,0.696085,-0.205123
0.169313,0.700687,0.585949,0.370182,0.438556,0.386622,0.703473,-0.206452
0.166077,0.696837,0.588688,0.374545,0.438768,0.385535,0.7103,-0.207922
0.163102,0.693346,0.591039,0.378606,0.438974,0.384387,0.716541,-0.209638
0.16051,0.690232,0.593088,0.382181,0.439192,0.383168,0.722168,-0.211329
0.158409,0.687533,0.59489,0.385111,0.439431,0.381904,0.727128,-0.212782
0.156766,0.68531,0.596407,0.387393,0.439681,0.380653,0.731326,-0.21409
0.155581,0.683647,0.597556,0.389034,0.439928,0.379473,0.734676,-0.215244
0.154796,0.682632,0.598231,0.390092,0.440152,0.378397,0.737115,-0.216371
0.154202,0.682349,0.598382,0.39059,0.440318,0.377452,0.738578,-0.217849
0.153589,0.682885,0.597911,0.390617,0.440386,0.376668,0.738999,-0.21995
0.152835,0.684328,0.596724,0.390201,0.440308,0.376081,0.738306,-0.222791
0.151819,0.686771,0.59473,0.38935,0.440029,0.375723,0.736444,-0.226518
0.150364,0.69024,0.591857,0.388154,0.439495,0.375615,0.733392,-0.231238
0.14836,0.694731,0.588079,0.386654,0.438662,0.375779,0.729157,-0.236848
0.145725,0.700242,0.58337,0.384844,0.4375,0.376227,0.723754,-0.243326
0.142428,0.706773,0.577724,0.38265,0.435992,0.376948,0.717216,-0.250736
0.138488,0.714268,0.571134,0.380063,0.434154,0.377912,0.709594,-0.259067
0.133919,0.722609,0.563508,0.377306,0.432038,0.379031,0.700966,-0.268293
0.128796,0.73157,0.554821,0.374687,0.429714,0.380186,0.691446,-0.277973
0.123245,0.740863,0.545219,0.372384,0.427244,0.38128,0.681189,-0.28743
0.117395,0.750312,0.534827,0.37042,0.424687,0.382229,0.670329,-0.29647
0.111458,0.759886,0.523749,0.368563,0.422094,0.382959,0.658957,-0.305289
0.105687,0.769581,0.512144,0.366448,0.4195,0.38342,0.647154,-0.314019
0.100333,0.779374,0.500142,0.363824,0.416937,0.383581,0.635,-0.322654
0.0955303,0.789183,0.487814,0.360696,0.414441,0.383411,0.622592,-0.331067
0.0913519,0.798817,0.475267,0.357306,0.412056,0.382865,0.610063,-0.338659
0.0877975,0.80808,0.462629,0.35394,0.409819,0.381911,0.597549,-0.344884
0.0847958,0.816922,0.449923,0.350738,0.407752,0.380536,0.58513,-0.349886
0.0823203,0.825398,0.437066,0.347727,0.405876,0.378734,0.572834,-0.354105
0.0805363,0.83356,0.423986,0.344858,0.404219,0.376494,0.560679,-0.357566
0.0796947,0.841381,0.410745,0.342077,0.40281,0.373813,0.548707,-0.359829
0.0799617,0.848787,0.397489,0.339366,0.401659,0.370698,0.536979,-0.360459
0.0812401,0.855741,0.384357,0.336713,0.400741,0.367179,0.525543,-0.359595
0.0831311,0.862265,0.371392,0.334149,0.400013,0.3633,0.514426,-0.358134
0.0853126,0.868429,0.358613,0.331586,0.399411,0.359113,0.503639,-0.356944
0.0875425,0.874259,0.346186,0.32888,0.39887,0.354676,0.493205,-0.356469
0.0898214,0.879713,0.33449,0.325813,0.398333,0.350047,0.483159,-0.35639
0.0922588,0.884749,0.323726,0.32235,0.397794,0.345268,0.473544,-0.356349
0.094883,0.889337,0.313903,0.318655,0.397283,0.340368,0.464405,-0.356226
0.0976594,0.89346,0.304934,0.314971,0.396846,0.335373,0.455777,-0.356036
0.100583,0.897124,0.296677,0.311502,0.396533,0.330296,0.447676,-0.355886
0.103741,0.900348,0.289118,0.308257,0.396382,0.325157,0.440113,-0.355739
0.107225,0.903149,0.282259,0.305212,0.396427,0.319975,0.433084,-0.355556
0.111121,0.905562,0.276039,0.302345,0.396701,0.314754,0.42657,-0.355344
0.115479,0.907615,0.270361,0.299675,0.397229,0.30949,0.420546,-0.355102
0.120305,0.909354,0.26511,0.297185,0.398018,0.304176,0.41497,-0.354921
0.12555,0.910816,0.260232,0.29484,0.399062,0.29882,0.409801,-0.354913
0.131158,0.91205,0.255673,0.292563,0.400333,0.293433,0.404996,-0.35522
0.137051,0.913093,0.251437,0.290271,0.401803,0.288035,0.400519,-0.355974
0.143226,0.913964,0.247556,0.287874,0.403425,0.282639,0.396351,-0.35711
0.14981,0.914674,0.24404,0.285259,0.405141,0.277246,0.392482,-0.35832
0.156918,0.915222,0.240935,0.282304,0.406879,0.271871,0.388912,-0.359353
0.164578,0.915618,0.238322,0.278854,0.408566,0.26655,0.385641,-0.360169
0.172603,0.915891,0.236245,0.274845,0.41013,0.26133,0.382681,-0.361097
0.180667,0.916076,0.234703,0.27033,0.411515,0.256244,0.380056,-0.362662
0.188571,0.916182,0.233761,0.265345,0.412684,0.251332,0.377791,-0.365124
0.196326,0.916182,0.233545,0.259853,0.413623,0.246642,0.37591,-0.368382
0.204066,0.91605,0.234107,0.253777,0.414332,0.242195,0.374427,-0.372263
0.212074,0.915713,0.235532,0.247019,0.414818,0.238004,0.373357,-0.376263
0.220417,0.915088,0.237901,0.239652,0.415105,0.234077,0.372744,-0.380084
0.228858,0.914122,0.241285,0.231919,0.415239,0.230426,0.372647,-0.383874
0.237264,0.912749,0.245814,0.223986,0.415257,0.227073,0.373118,-0.387627
0.245743,0.91091,0.251622,0.21573,0.415178,0.22404,0.374192,-0.391326
0.254495,0.908554,0.25879,0.206855,0.415018,0.221335,0.375877,-0.395104
0.263657,0.905639,0.267241,0.197195,0.414825,0.218929,0.378165,-0.39919
0.273203,0.902092,0.276836,0.186955,0.414687,0.216762,0.381066,-0.40354
0.282777,0.897873,0.28741,0.176794,0.41473,0.214762,0.384609,-0.408119
0.292001,0.892976,0.298795,0.167487,0.415073,0.212847,0.388817,-0.412648
0.300717,0.887391,0.310942,0.159443,0.415768,0.210958,0.393683,-0.416808
0.308983,0.881138,0.323796,0.152584,0.416815,0.209035,0.399156,-0.420636
0.316951,0.874282,0.337172,0.146585,0.418198,0.20699,0.405138,-0.424556
0.324798,0.866875,0.350849,0.141204,0.419923,0.20472,0.411521,-0.428805
0.332574,0.858988,0.364537,0.136557,0.42201,0.202107,0.418202,-0.433231
0.340024,0.850785,0.377906,0.133172,0.424496,0.199032,0.425075,-0.437767
0.346902,0.84244,0.390702,0.13155,0.427391,0.195414,0.432033,-0.442253
0.353107,0.834126,0.402677,0.131909,0.430673,0.191212,0.438964,-0.446582
0.358944,0.825874,0.413677,0.134027,0.434289,0.186412,0.445757,-0.450156
0.364799,0.817703,0.423504,0.137578,0.438191,0.18098,0.45229,-0.452409
0.370806,0.809757,0.431893,0.142352,0.442341,0.174878,0.458437,-0.453499
0.377131,0.802124,0.438691,0.148049,0.446703,0.168099,0.464086,-0.453593
0.383877,0.794857,0.443831,0.154452,0.45124,0.160647,0.46916,-0.45279
0.390857,0.788086,0.447254,0.161602,0.455928,0.152518,0.473613,-0.451653
0.397805,0.78191,0.448955,0.16973,0.460744,0.143713,0.477453,-0.450563
0.404543,0.776337,0.44899,0.179038,0.465656,0.13425,0.480715,-0.449528
0.411067,0.771271,0.447447,0.189622,0.470627,0.124155,0.483447,-0.448074
0.417432,0.766585,0.44442,0.201466,0.475611,0.113455,0.48572,-0.445737
0.423664,0.762149,0.440074,0.214411,0.480555,0.102174,0.487615,-0.44243
0.429885,0.757801,0.434606,0.228153,0.485404,0.090347,0.489202,-0.438048
0.436283,0.75337,0.428182,0.242385,0.490119,0.078027,0.490526,-0.432315
0.442835,0.748818,0.420782,0.25712,0.494679,0.065242,0.491624,-0.425238
0.449376,0.744157,0.412287,0.2726,0.499082,0.051993,0.492541,-0.416896
0.455753,0.739334,0.402665,0.289027,0.503321,0.03829,0.493338,-0.407193
0.4619,0.734245,0.392001,0.306379,0.507366,0.02417,0.494079,-0.395938
0.467804,0.728875,0.380412,0.324328,0.511167,0.009695,0.494789,-0.383506
0.473619,0.723256,0.368044,0.34224,0.514671,-0.005054,0.495431,-0.370523
0.47965,0.717436,0.355077,0.359361,0.517829,-0.019995,0.495936,-0.357566
0.486161,0.711459,0.341686,0.375132,0.520603,-0.035067,0.496242,-0.344989
0.493182,0.705421,0.32804,0.389284,0.52297,-0.050213,0.496314,-0.333311
0.500605,0.6994,0.31436,0.401762,0.524916,-0.065377,0.496149,-0.322882
0.508352,0.693454,0.300733,0.412624,0.526439,-0.08054,0.495746,-0.31391
0.516361,0.687643,0.287057,0.422038,0.527526,-0.095711,0.495103,-0.306531
0.524713,0.681938,0.273277,0.430065,0.528147,-0.110881,0.494213,-0.300565
0.533511,0.676272,0.259554,0.436639,0.528305,-0.126008,0.493063,-0.295956
0.542756,0.670601,0.246244,0.441671,0.528035,-0.141022,0.491648,-0.292778
0.552334,0.664927,0.233584,0.445239,0.527366,-0.155865,0.489996,-0.290823
0.562122,0.65923,0.22148,0.44764,0.526306,-0.170518,0.488153,-0.289673
0.572019,0.653479,0.209684,0.449213,0.524859,-0.185009,0.486156,-0.28912
0.581979,0.647666,0.197923,0.450173,0.523021,-0.199379,0.484027,-0.289138
0.59203,0.641748,0.186097,0.450586,0.5208,-0.213656,0.481774,-0.289673
0.602266,0.635599,0.174301,0.450454,0.518208,-0.227844,0.479422,-0.290473
0.612675,0.629148,0.162668,0.449824,0.515261,-0.241921,0.477007,-0.291436
0.623243,0.622306,0.151281,0.448797,0.511985,-0.255856,0.474561,-0.292267
0.633893,0.615051,0.140162,0.447489,0.508398,-0.269623,0.472109,-0.292829
0.644564,0.607392,0.129303,0.445974,0.504504,-0.283192,0.469661,-0.293083
0.655167,0.599399,0.118658,0.444294,0.500297,-0.296529,0.467216,-0.293196
0.665714,0.591106,0.108273,0.442375,0.495789,-0.309586,0.464748,-0.29329
0.676245,0.58256,0.0983521,0.440049,0.491006,-0.322279,0.462235,-0.293462
0.686756,0.573822,0.089136,0.437206,0.485978,-0.33451,0.459673,-0.293778
0.697077,0.565063,0.0805463,0.433936,0.480729,-0.346233,0.457074,-0.294482
0.707008,0.556441,0.0722984,0.430448,0.475288,-0.357446,0.454447,-0.295606
0.716526,0.547975,0.064229,0.426837,0.469678,-0.368149,0.451781,-0.296928
0.725789,0.53956,0.0564622,0.422985,0.463939,-0.378309,0.449044,-0.298177
0.735045,0.531057,0.0492745,0.41864,0.458115,-0.387882,0.446186,-0.2992
0.744439,0.522348,0.0428537,0.413675,0.452259,-0.396839,0.443176,-0.299811
0.753878,0.513482,0.0372004,0.408192,0.44643,-0.405177,0.440018,-0.300004
0.763168,0.504578,0.032175,0.402418,0.440688,-0.412899,0.43673,-0.299757
0.772213,0.495724,0.0276992,0.396457,0.43508,-0.419992,0.433308,-0.29906
0.781075,0.486926,0.0238338,0.390201,0.429647,-0.426433,0.429712,-0.297939
0.789941,0.478061,0.0207576,0.383432,0.424426,-0.43218,0.425887,-0.296252
0.798932,0.469042,0.0185178,0.375984,0.419455,-0.437195,0.42178,-0.293855
0.807967,0.45998,0.0169407,0.36786,0.414767,-0.441462,0.417377,-0.29089
0.816753,0.451258,0.0157456,0.359211,0.410395,-0.444981,0.412702,-0.288048
0.82504,0.443234,0.0148637,0.350188,0.406394,-0.447739,0.407789,-0.285971
0.832797,0.435979,0.0145262,0.340822,0.40283,-0.449703,0.40267,-0.28478
0.840049,0.429429,0.0149645,0.331187,0.399768,-0.450855,0.397383,-0.28424
0.846723,0.423645,0.0160717,0.321444,0.397245,-0.451207,0.391979,-0.284223
0.852682,0.418798,0.0175226,0.311825,0.395277,-0.450788,0.386516,-0.284676
0.85782,0.41507,0.0191017,0.302485,0.393876,-0.449607,0.381042,-0.285666
0.862191,0.412445,0.0209761,0.293388,0.393082,-0.447635,0.375588,-0.287218
0.865987,0.410684,0.0235956,0.284339,0.392945,-0.444815,0.370173,-0.289204
0.869418,0.409482,0.0273331,0.275117,0.393498,-0.441109,0.364816,-0.291392
0.872573,0.40867,0.0321693,0.265651,0.394732,-0.436518,0.359547,-0.293502
0.875346,0.408358,0.0376944,0.256109,0.396606,-0.431095,0.354393,-0.295414
0.877585,0.408768,0.0435157,0.246699,0.399083,-0.424893,0.349387,-0.297172
0.879323,0.409866,0.0496488,0.237353,0.402131,-0.4179,0.344559,-0.298748
0.88075,0.411346,0.0565041,0.227775,0.405748,-0.410074,0.339919,-0.300084
0.882036,0.412875,0.0644857,0.217689,0.409941,-0.401408,0.335467,-0.301187
0.88324,0.414279,0.073568,0.206996,0.414667,-0.391941,0.331212,-0.301989
0.884209,0.415759,0.0832192,0.195942,0.419835,-0.381775,0.327187,-0.302551
0.884624,0.417853,0.0927444,0.185034,0.425347,-0.371049,0.323436,-0.303288
0.88429,0.420913,0.10181,0.17464,0.43115,-0.359858,0.319986,-0.304517
0.883209,0.424915,0.110518,0.164847,0.437221,-0.348234,0.316845,-0.306272
0.881517,0.429593,0.119096,0.155546,0.443521,-0.336183,0.314018,-0.308299
0.879327,0.434745,0.127644,0.146586,0.449985,-0.323719,0.311495,-0.310427
0.876749,0.440209,0.136092,0.137867,0.456535,-0.310859,0.309253,-0.312372
0.873836,0.445887,0.144339,0.129466,0.463114,-0.297651,0.307291,-0.31382
0.870567,0.451818,0.152324,0.121538,0.469691,-0.284147,0.305612,-0.314713
0.866887,0.458127,0.159994,0.114137,0.47623,-0.270367,0.304211,-0.315297
0.862838,0.464759,0.167377,0.107213,0.482692,-0.256318,0.303074,-0.31552
0.858464,0.471634,0.17454,0.100681,0.48904,-0.242018,0.302192,-0.315466
0.853842,0.478629,0.181527,0.0944248,0.495233,-0.227482,0.301547,-0.315127
0.849008,0.485703,0.188355,0.0883226,0.501224,-0.212728,0.301109,-0.314641
0.843977,0.492857,0.195016,0.0822415,0.506973,-0.197768,0.300847,-0.314239
0.838793,0.500031,0.201535,0.0760253,0.512444,-0.182605,0.300739,-0.31408
0.833506,0.507138,0.207932,0.0695929,0.517615,-0.167249,0.300765,-0.314132
0.828188,0.514044,0.214253,0.0629159,0.522468,-0.151722,0.300918,-0.314152
0.822828,0.520757,0.220497,0.0560948,0.527002,-0.136063,0.301191,-0.31414
0.817359,0.52739,0.226618,0.0492864,0.531212,-0.120326,0.30158,-0.314268
0.811714,0.534065,0.232552,0.0426038,0.535088,-0.104559,0.302079,-0.314696
0.805926,0.540761,0.238247,0.0360339,0.538602,-0.088789,0.302685,-0.315279
0.800066,0.54739,0.243695,0.0295154,0.541727,-0.073037,0.303389,-0.315786
0.794175,0.553897,0.248909,0.0230015,0.544448,-0.057315,0.304182,-0.316052
0.788204,0.56036,0.253888,0.0164931,0.546752,-0.041631,0.305056,-0.316237
0.782109,0.566854,0.258615,0.0100047,0.548625,-0.026008,0.306004,-0.316539
0.775848,0.57346,0.263042,0.00359061,0.550057,-0.010478,0.307021,-0.317103
-0.769367,-0.580273,-0.267113,0.00265859,0.551048,0.004921,0.308094,-0.318002
-0.762631,-0.587352,-0.270806,0.00869034,0.5516,0.020165,0.309216,-0.319272
-0.755625,-0.594715,-0.274107,0.0145054,0.551717,0.035237,0.310378,-0.320964
-0.748328,-0.602391,-0.276997,0.0200822,0.551404,0.050118,0.311579,-0.323111
-0.74069,-0.610446,-0.279444,0.0254003,0.550656,0.064783,0.312819,-0.325837
-0.732758,-0.618795,-0.281467,0.0305829,0.549457,0.079239,0.314098,-0.329025
-0.724573,-0.62735,-0.28311,0.0356927,0.547815,0.093496,0.315403,-0.332519
-0.716069,-0.636175,-0.284383,0.0406656,0.545745,0.107546,0.316706,-0.336458
-0.707169,-0.645337,-0.285276,0.0454946,0.543245,0.121378,0.31798,-0.341087
-0.697794,-0.6549,-0.285786,0.0501576,0.54031,0.13497,0.319211,-0.346602
-0.687797,-0.665035,-0.28582,0.0545052,0.536934,0.148282,0.320379,-0.353214
-0.677374,-0.675432,-0.285522,0.0585919,0.533157,0.161319,0.321498,-0.360178
-0.6668,-0.685658,-0.285207,0.0625069,0.529057,0.174111,0.3226,-0.36668
-0.655946,-0.695846,-0.284879,0.0661592,0.524653,0.186627,0.323676,-0.373097
-0.64469,-0.706136,-0.284442,0.0695657,0.519918,0.198829,0.324715,-0.379853
-0.633073,-0.716463,-0.283898,0.0728098,0.514847,0.210695,0.325722,-0.386876
-0.62104,-0.726865,-0.283223,0.0759061,0.50944,0.222193,0.326696,-0.394341
-0.608531,-0.737377,-0.282393,0.0788675,0.503696,0.233299,0.327632,-0.40243
-0.595552,-0.74795,-0.281423,0.0817951,0.497609,0.244,0.328533,-0.411279
-0.58223,-0.758404,-0.280403,0.0848865,0.491178,0.254292,0.329417,-0.420751
-0.568689,-0.768566,-0.279448,0.0883619,0.484399,0.264173,0.330301,-0.430761
-0.554982,-0.77835,-0.278643,0.0923302,0.477275,0.273643,0.331201,-0.441271
-0.540842,-0.787994,-0.277895,0.0965878,0.469824,0.282637,0.332092,-0.452818
-0.525822,-0.797912,-0.276944,0.100743,0.462065,0.291029,0.332922,-0.466267
-0.509769,-0.808215,-0.275649,0.104603,0.454043,0.298737,0.333658,-0.48186
-0.492856,-0.81872,-0.274008,0.108213,0.44582,0.305713,0.33429,-0.499272
-0.475383,-0.829187,-0.272036,0.111607,0.437482,0.311908,0.33481,-0.517886
-0.457788,-0.839338,-0.269747,0.114796,0.429143,0.317273,0.335212,-0.536773
-0.440409,-0.849002,-0.267151,0.117753,0.420927,0.321757,0.335484,-0.555378
-0.423348,-0.858155,-0.264303,0.12038,0.41297,0.325308,0.335608,-0.573831
-0.4066,-0.866844,-0.261237,0.122527,0.405413,0.327882,0.335559,-0.592519
-0.389948,-0.875208,-0.258034,0.123974,0.398402,0.32945,0.335304,-0.612261
-0.373648,-0.883148,-0.25476,0.124639,0.392089,0.330006,0.334826,-0.632825
-0.358923,-0.890167,-0.251447,0.124705,0.386639,0.329568,0.33413,-0.651825
-0.346831,-0.895908,-0.248166,0.124376,0.382175,0.328172,0.333229,-0.667336
-0.337579,-0.900418,-0.244952,0.123638,0.378765,0.325834,0.332127,-0.679164
-0.330994,-0.903891,-0.241749,0.122399,0.376426,0.322552,0.330823,-0.687716
-0.326832,-0.906495,-0.238495,0.120695,0.375104,0.31834,0.329326,-0.693578
-0.324828,-0.90835,-0.235167,0.118671,0.374706,0.313236,0.327658,-0.697446
-0.324742,-0.909545,-0.231742,0.116473,0.375141,0.307283,0.325836,-0.699944
-0.326422,-0.910127,-0.228225,0.114151,0.37633,0.300517,0.323882,-0.701344
-0.329738,-0.910139,-0.224617,0.111656,0.378197,0.29296,0.321816,-0.701719
-0.334521,-0.909619,-0.220959,0.108933,0.380678,0.284633,0.319669,-0.701228
-0.340586,-0.908594,-0.217297,0.106018,0.38369,0.27556,0.317477,-0.700174
-0.347783,-0.907082,-0.213678,0.102909,0.387141,0.265777,0.315273,-0.698676
-0.356057,-0.905078,-0.210096,0.0995846,0.390944,0.25534,0.313084,-0.696535
-0.365281,-0.902591,-0.206576,0.0960521,0.395019,0.244304,0.31093,-0.693827
-0.375186,-0.899677,-0.203192,0.092362,0.399285,0.232714,0.308836,-0.691128
-0.385348,-0.896481,-0.200003,0.0884698,0.403678,0.220598,0.306818,-0.689302
-0.395774,-0.892982,-0.197043,0.084381,0.408148,0.20799,0.304898,-0.688217
-0.406686,-0.889056,-0.194321,0.0801565,0.412652,0.194933,0.303098,-0.687258
-0.418155,-0.884652,-0.191813,0.0757888,0.417149,0.181467,0.301434,-0.686086
-0.430097,-0.879773,-0.18957,0.0712676,0.421611,0.167629,0.299922,-0.684817
-0.442445,-0.8744,-0.187689,0.0666292,0.426012,0.153457,0.298579,-0.683659
-0.45521,-0.868501,-0.186172,0.0618838,0.430329,0.138977,0.297416,-0.682494
-0.468354,-0.862081,-0.184973,0.0569756,0.434545,0.124214,0.296435,-0.681203
-0.481843,-0.855136,-0.184073,0.0518412,0.438649,0.109192,0.295643,-0.67967
-0.4957,-0.847633,-0.183417,0.0464476,0.442615,0.093936,0.295056,-0.677623
-0.509926,-0.83955,-0.182936,0.0408093,0.446402,0.078465,0.294685,-0.674818
-0.52439,-0.830935,-0.182581,0.0350128,0.449957,0.062808,0.294528,-0.671473
-0.538972,-0.821831,-0.182344,0.0292257,0.453212,0.047012,0.29458,-0.667929
-0.553551,-0.812286,-0.182257,0.0235741,0.456119,0.031133,0.294836,-0.664481
-0.567966,-0.802396,-0.182343,0.0180762,0.458652,0.01522,0.295289,-0.661417
-0.582142,-0.792221,-0.182583,0.0126506,0.460804,-0.000698,0.295927,-0.658691
-0.59604,-0.781812,-0.182907,0.00715544,0.462575,-0.01661,0.296738,-0.656115
-0.609604,-0.771244,-0.183202,0.00146005,0.463966,-0.032516,0.297706,-0.653539
0.622917,0.760458,0.183462,0.00444609,0.464986,-0.04839,0.298815,-0.650638
0.636014,0.749417,0.183713,0.010502,0.465646,-0.064209,0.300044,-0.647361
0.648851,0.738169,0.183907,0.0166289,0.465936,-0.079956,0.301372,-0.64385
0.66151,0.726644,0.184062,0.0226804,0.465851,-0.095593,0.302788,-0.639953
0.674026,0.714798,0.18422,0.0285653,0.465404,-0.111073,0.304288,-0.63559
0.686242,0.702794,0.184316,0.0343402,0.464606,-0.126375,0.305864,-0.631026
0.697985,0.690838,0.18425,0.0401535,0.463477,-0.141504,0.307505,-0.62661
0.709242,0.678969,0.18398,0.0461198,0.462047,-0.15647,0.309213,-0.622464
0.720119,0.667079,0.183593,0.052235,0.460341,-0.171262,0.310991,-0.61853
0.730723,0.655037,0.183187,0.0584224,0.458377,-0.185836,0.312841,-0.614664
0.741044,0.64286,0.182782,0.064622,0.456169,-0.200162,0.314755,-0.611069
0.75099,0.630689,0.182282,0.070841,0.45372,-0.214223,0.31671,-0.608064
0.760572,0.618566,0.181577,0.0770428,0.451027,-0.228009,0.318674,-0.605362
0.769824,0.606493,0.180586,0.0832235,0.448098,-0.241512,0.320611,-0.602231
0.778815,0.594408,0.179268,0.0893804,0.44495,-0.25472,0.32249,-0.598149
0.787609,0.582238,0.177626,0.0955016,0.441616,-0.267619,0.324285,-0.592992
0.796285,0.569872,0.17567,0.101571,0.438127,-0.280185,0.325973,-0.586476
0.804873,0.557259,0.173421,0.107545,0.434518,-0.292379,0.327529,-0.578484
0.813394,0.544357,0.170942,0.113334,0.430826,-0.304133,0.328929,-0.568952
0.821858,0.531131,0.168341,0.118791,0.427103,-0.31536,0.330144,-0.5579
0.830227,0.517623,0.165695,0.123836,0.423409,-0.325973,0.331146,-0.545419
0.838405,0.503975,0.163062,0.128442,0.419814,-0.335885,0.33192,-0.531733
0.846248,0.490417,0.160537,0.132602,0.416391,-0.345008,0.332465,-0.517254
0.853617,0.477205,0.158219,0.136307,0.413205,-0.353248,0.332796,-0.50239
0.860429,0.464538,0.156261,0.139461,0.410311,-0.360483,0.332931,-0.487448
0.866612,0.452625,0.15483,0.141925,0.407756,-0.366574,0.332886,-0.472756
0.87215,0.441594,0.154061,0.143577,0.405587,-0.371389,0.332666,-0.458322
0.877018,0.431597,0.153983,0.144404,0.403844,-0.374833,0.332268,-0.444073
0.881157,0.422871,0.15447,0.144503,0.402558,-0.376849,0.33169,-0.429971
0.884447,0.415791,0.155311,0.144049,0.401748,-0.377418,0.330924,-0.416308
0.886828,0.410607,0.156349,0.143155,0.401418,-0.376548,0.329972,-0.403332
0.888306,0.40739,0.15756,0.14185,0.401566,-0.374262,0.328832,-0.391231
0.888955,0.406025,0.158973,0.140106,0.402178,-0.370601,0.327513,-0.379984
0.888891,0.406266,0.160663,0.137874,0.403229,-0.365627,0.326021,-0.369388
0.888213,0.407875,0.162656,0.135128,0.404677,-0.359413,0.324369,-0.359261
0.886944,0.410782,0.164883,0.131914,0.406465,-0.352048,0.322569,-0.349656
0.885103,0.414925,0.167215,0.12833,0.408527,-0.343628,0.320631,-0.340524
0.882686,0.420268,0.169535,0.124488,0.410805,-0.33424,0.318568,-0.331827
0.879732,0.426696,0.171778,0.120393,0.413238,-0.323944,0.31639,-0.32348
0.876295,0.434084,0.173898,0.115921,0.415752,-0.312777,0.314107,-0.3155
0.872425,0.442298,0.175895,0.110937,0.418284,-0.300783,0.311728,-0.307973
0.868189,0.451091,0.177904,0.105428,0.420818,-0.288027,0.309279,-0.3007
0.863623,0.460281,0.179992,0.099494,0.423347,-0.274587,0.306801,-0.293459
0.858726,0.469817,0.182098,0.0932798,0.425847,-0.260542,0.304325,-0.286146
0.853405,0.479841,0.184082,0.0869868,0.428283,-0.245972,0.301888,-0.278973
0.847605,0.490367,0.185989,0.0807075,0.430652,-0.23092,0.299529,-0.27211
0.841328,0.501314,0.187917,0.0744244,0.432945,-0.215413,0.297285,-0.265753
0.834449,0.512853,0.189799,0.0682132,0.435123,-0.199519,0.295182,-0.260492
0.826966,0.524925,0.191629,0.0621224,0.437166,-0.183293,0.293235,-0.25599
0.819057,0.53716,0.193554,0.056053,0.439075,-0.166756,0.291458,-0.251472
0.810794,0.549423,0.195589,0.0499312,0.440828,-0.14993,0.289861,-0.246981
0.802168,0.561721,0.197684,0.0437859,0.442398,-0.132854,0.288448,-0.242724
0.793197,0.57402,0.199804,0.0376675,0.443762,-0.115574,0.287223,-0.238636
0.783841,0.586358,0.201929,0.0316511,0.444904,-0.098136,0.286195,-0.234819
0.774078,0.598746,0.204063,0.0257777,0.445815,-0.080575,0.285374,-0.231525
0.763895,0.611171,0.206237,0.0199888,0.446481,-0.06292,0.284767,-0.229334
0.753338,0.623557,0.208466,0.0141585,0.446885,-0.04519,0.284373,-0.228471
0.742514,0.635753,0.210769,0.00819595,0.447011,-0.027401,0.284196,-0.228567
0.731568,0.6476,0.213118,0.00203563,0.446832,-0.009573,0.28424,-0.229036
-0.720573,-0.65904,-0.215461,0.00422151,0.446338,0.008251,0.284503,-0.22946
-0.709485,-0.67014,-0.217797,0.0103943,0.445545,0.026027,0.284975,-0.229867
-0.6983,-0.680902,-0.220183,0.0164056,0.44446,0.043717,0.285658,-0.230318
-0.686981,-0.691364,-0.222665,0.0222143,0.443083,0.061281,0.286551,-0.231018
-0.675394,-0.701664,-0.225258,0.0277609,0.441417,0.078664,0.287646,-0.23244
-0.663477,-0.711865,-0.227931,0.0330689,0.439441,0.095829,0.288935,-0.234856
-0.651246,-0.721968,-0.230611,0.0382023,0.437128,0.112743,0.290408,-0.238277
-0.638824,-0.731875,-0.233232,0.0431916,0.434464,0.129368,0.292055,-0.242311
-0.626251,-0.74156,-0.235776,0.0480425,0.431444,0.145663,0.293869,-0.246859
-0.613516,-0.751037,-0.238243,0.0527437,0.42807,0.161594,0.295835,-0.251945
-0.600594,-0.760332,-0.240631,0.0572647,0.424354,0.177124,0.297932,-0.257613
-0.58744,-0.769487,-0.242936,0.0615329,0.420312,0.192202,0.300142,-0.263956
-0.574009,-0.77855,-0.245106,0.0655544,0.415944,0.206781,0.302433,-0.271125
-0.560444,-0.787415,-0.247081,0.0695023,0.411226,0.220857,0.304772,-0.278795
-0.546899,-0.795949,-0.248895,0.0736079,0.406142,0.234431,0.307156,-0.286701
-0.533423,-0.804098,-0.250565,0.0781206,0.40066,0.247477,0.309579,-0.294951
-0.520018,-0.81186,-0.252043,0.0833037,0.394737,0.259952,0.312019,-0.303816
-0.506824,-0.819135,-0.253259,0.0894848,0.388335,0.271824,0.314447,-0.313234
-0.494159,-0.825708,-0.254196,0.0969414,0.381438,0.283075,0.316848,-0.322586
-0.481981,-0.831648,-0.254785,0.105552,0.374087,0.293644,0.319185,-0.331915
-0.469483,-0.837556,-0.254906,0.11449,0.366397,0.303392,0.321375,-0.34266
-0.456086,-0.843844,-0.254557,0.122939,0.358503,0.312207,0.323351,-0.355578
-0.441727,-0.850568,-0.253799,0.130373,0.350531,0.320031,0.325089,-0.370261
-0.42653,-0.857687,-0.252643,0.136441,0.342591,0.32682,0.326571,-0.386008
-0.41078,-0.865047,-0.251069,0.141126,0.334765,0.332551,0.327781,-0.402153
-0.394666,-0.872516,-0.249059,0.144649,0.327113,0.337205,0.328706,-0.418684
-0.37829,-0.879978,-0.246667,0.147279,0.319699,0.340791,0.329346,-0.435927
-0.36168,-0.887352,-0.244018,0.149165,0.312608,0.343335,0.329726,-0.454241
-0.345148,-0.894472,-0.241198,0.150389,0.305942,0.34487,0.329857,-0.473201
-0.32926,-0.901121,-0.238228,0.151049,0.299798,0.345417,0.329758,-0.49178
-0.314305,-0.907234,-0.235123,0.151181,0.294257,0.344991,0.32945,-0.509592
-0.300339,-0.91283,-0.231925,0.150828,0.289378,0.343625,0.328951,-0.526781
-0.287576,-0.917864,-0.22866,0.150135,0.285209,0.341372,0.328289,-0.543231
-0.276426,-0.922231,-0.225376,0.14928,0.281793,0.338295,0.327489,-0.558407
-0.26728,-0.925843,-0.222175,0.14837,0.279176,0.33446,0.326592,-0.571751
-0.260386,-0.928675,-0.2192,0.147355,0.27741,0.32994,0.325631,-0.58283
-0.255669,-0.930816,-0.216535,0.14604,0.276526,0.324787,0.324623,-0.591687
-0.25295,-0.932387,-0.214142,0.144269,0.276514,0.319031,0.323572,-0.598545
-0.252085,-0.933471,-0.211901,0.142065,0.277315,0.312694,0.322473,-0.603668
-0.253048,-0.934074,-0.209691,0.139654,0.278834,0.305805,0.321322,-0.607254
-0.255702,-0.934212,-0.207451,0.137218,0.28097,0.298387,0.320117,-0.609688
-0.259871,-0.933916,-0.205183,0.134788,0.283646,0.290478,0.31886,-0.611276
-0.265317,-0.933255,-0.202892,0.1322,0.286808,0.282109,0.317553,-0.612182
-0.271723,-0.932316,-0.200606,0.129269,0.2904,0.2733,0.316193,-0.61273
-0.278921,-0.931124,-0.198326,0.126005,0.294339,0.264071,0.314786,-0.613105
-0.286875,-0.92965,-0.196039,0.122566,0.298523,0.254463,0.31334,-0.613336
-0.295571,-0.927866,-0.193703,0.119086,0.302863,0.244514,0.311869,-0.613392
-0.30494,-0.925782,-0.191254,0.11559,0.307298,0.234246,0.310379,-0.613213
-0.314972,-0.92338,-0.188684,0.112076,0.311776,0.223697,0.308888,-0.61258
-0.325607,-0.92065,-0.186051,0.108487,0.31625,0.212914,0.307412,-0.611349
-0.336505,-0.917695,-0.183408,0.104694,0.320688,0.201917,0.305973,-0.61
-0.347233,-0.914668,-0.180814,0.100592,0.325063,0.190722,0.304578,-0.609353
-0.357778,-0.911566,-0.178269,0.0962387,0.329348,0.17936,0.303233,-0.609426
-0.368455,-0.908265,-0.175719,0.0917536,0.333518,0.167866,0.301942,-0.609489
-0.37944,-0.904677,-0.173152,0.0871968,0.337555,0.156263,0.300709,-0.609077
-0.390756,-0.900762,-0.170622,0.082619,0.34145,0.144574,0.299547,-0.608163
-0.402287,-0.896548,-0.168168,0.0780129,0.345205,0.132793,0.298453,-0.607072
-0.413927,-0.892081,-0.165746,0.0733737,0.348821,0.120902,0.297421,-0.606103
-0.425652,-0.88736,-0.163361,0.0687437,0.352291,0.108898,0.296445,-0.605394
-0.437493,-0.882354,-0.161035,0.0641844,0.355606,0.096788,0.295523,-0.604961
-0.449552,-0.876997,-0.158779,0.0597328,0.358761,0.084573,0.294648,-0.604612
-0.461963,-0.871219,-0.156538,0.0553498,0.361752,0.072242,0.29381,-0.603914
-0.474667,-0.865042,-0.154271,0.0509331,0.364579,0.059789,0.292998,-0.602803
-0.4876,-0.858478,-0.151997,0.0464608,0.367226,0.04722,0.292214,-0.601322
-0.500743,-0.85151,-0.149751,0.0419654,0.369668,0.034552,0.291463,-0.599489
-0.514189,-0.844053,-0.147575,0.0374891,0.371884,0.021801,0.290747,-0.597035
-0.527958,-0.836067,-0.145474,0.0330142,0.373863,0.008983,0.290062,-0.593749
-0.542014,-0.827558,-0.143379,0.0284783,0.375599,-0.0039,0.289406,-0.589474
-0.556353,-0.818521,-0.141169,0.0237757,0.37709,-0.016861,0.288775,-0.5839
-0.570881,-0.809003,-0.138763,0.0188196,0.378332,-0.029905,0.288161,-0.576997
-0.585426,-0.7991,-0.136133,0.0135401,0.379322,-0.043031,0.287564,-0.569054
-0.600042,-0.788733,-0.133365,0.00796845,0.38007,-0.056218,0.286993,-0.559922
-0.614751,-0.777833,-0.130584,0.00215901,0.380591,-0.069443,0.286483,-0.549635
0.629419,0.766472,0.127818,0.00384683,0.380881,-0.082693,0.286054,-0.53858
0.643844,0.754805,0.125035,0.0100069,0.380929,-0.095954,0.285707,-0.527305
0.657859,0.742991,0.122151,0.0162712,0.380722,-0.109223,0.285425,-0.5163
0.67157,0.730958,0.119103,0.0225396,0.380252,-0.122498,0.285196,-0.505408
0.685147,0.718549,0.11591,0.0287232,0.379523,-0.135774,0.285016,-0.494284
0.698575,0.705758,0.11264,0.0347927,0.37855,-0.14903,0.284886,-0.482993
0.711826,0.692585,0.109396,0.0407768,0.377354,-0.162237,0.284812,-0.471511
0.724827,0.679083,0.106246,0.0467238,0.375951,-0.175378,0.284806,-0.459933
0.737514,0.665322,0.103178,0.0526738,0.374346,-0.188437,0.284865,-0.44834
0.749851,0.651358,0.100078,0.0586569,0.372529,-0.201415,0.284973,-0.436683
0.76186,0.637189,0.0968458,0.0646557,0.37049,-0.214306,0.285109,-0.424826
0.773597,0.622758,0.0934596,0.070606,0.368223,-0.227077,0.285263,-0.412534
0.785156,0.60794,0.0899957,0.0764149,0.36573,-0.23966,0.285435,-0.399456
0.796577,0.592661,0.0866055,0.0819608,0.363023,-0.251955,0.285632,-0.385434
0.807813,0.576965,0.0834219,0.0871172,0.36012,-0.263846,0.285854,-0.370592
0.818768,0.561002,0.0804523,0.0917774,0.357038,-0.275222,0.286085,-0.355157
0.829301,0.54501,0.077583,0.0959417,0.353792,-0.285989,0.286308,-0.339273
0.839261,0.529271,0.0746958,0.0996685,0.350406,-0.296046,0.286512,-0.323028
0.848561,0.51399,0.0717974,0.102976,0.346925,-0.305266,0.286696,-0.306402
0.857164,0.499306,0.069094,0.105778,0.343427,-0.313473,0.286858,-0.28942
0.865011,0.485427,0.0669262,0.10788,0.340015,-0.320461,0.286995,-0.272461
0.872066,0.47255,0.0656052,0.109058,0.336798,-0.326018,0.287096,-0.255876
0.878249,0.460981,0.0652164,0.109185,0.33387,-0.329977,0.287149,-0.240012
0.883465,0.451054,0.0656126,0.108328,0.331301,-0.332235,0.287149,-0.224897
0.887608,0.443103,0.0665764,0.106673,0.329138,-0.332761,0.287094,-0.210578
0.890591,0.437402,0.0679341,0.10446,0.327424,-0.331579,0.286993,-0.197209
0.892388,0.434076,0.0695857,0.101879,0.32619,-0.32874,0.286849,-0.184834
0.893017,0.433132,0.071454,0.0990527,0.325438,-0.324321,0.286667,-0.173422
0.89255,0.434437,0.07349,0.0960137,0.325143,-0.31841,0.286454,-0.162818
0.891084,0.437761,0.0756821,0.0927685,0.32526,-0.311117,0.286218,-0.152753
0.888731,0.442827,0.078028,0.0892928,0.325729,-0.302555,0.285957,-0.143019
0.885565,0.449413,0.0805345,0.0855376,0.326484,-0.292841,0.285668,-0.133669
0.881665,0.457292,0.0831612,0.0814515,0.327443,-0.282093,0.28534,-0.124725
0.877101,0.466256,0.0858459,0.0770081,0.328527,-0.270435,0.284969,-0.116202
0.871898,0.476171,0.088543,0.0722205,0.329672,-0.257993,0.284559,-0.10822
0.866122,0.486824,0.0912704,0.0671218,0.330831,-0.244873,0.28412,-0.100632
0.859829,0.498032,0.094068,0.0617308,0.331961,-0.231168,0.283664,-0.0933618
0.853049,0.509673,0.0969454,0.0560544,0.333019,-0.216959,0.283205,-0.0864363
0.845761,0.521727,0.0998787,0.0501241,0.333968,-0.202321,0.282761,-0.0800539
0.837926,0.534197,0.102846,0.0440136,0.334786,-0.187329,0.282349,-0.074402
0.829594,0.546929,0.105904,0.0377755,0.33547,-0.172043,0.281991,-0.0693339
0.820876,0.559698,0.109151,0.0314142,0.336024,-0.156517,0.281716,-0.0645866
0.811829,0.57238,0.112664,0.0249332,0.336446,-0.140792,0.281556,-0.0600471
0.802481,0.584917,0.116443,0.0183526,0.336726,-0.124908,0.281528,-0.0557025
0.792781,0.597378,0.12041,0.0117645,0.336851,-0.108914,0.281635,-0.051731
0.782671,0.609833,0.124506,0.00530381,0.336821,-0.092863,0.281872,-0.0482649
-0.772133,-0.622296,-0.128678,0.000958823,0.336637,-0.076798,0.282228,-0.0453504
-0.761166,-0.634749,-0.132933,0.00701895,0.336293,-0.060748,0.282696,-0.0430649
-0.749837,-0.647101,-0.137248,0.0129481,0.335765,-0.044729,0.283264,-0.041335
-0.738279,-0.659195,-0.141599,0.0188851,0.335017,-0.028742,0.283924,-0.0399077
-0.726486,-0.671053,-0.145898,0.0248925,0.334004,-0.012796,0.284665,-0.0389084
-0.714409,-0.682748,-0.150059,0.030935,0.332695,0.003089,0.285481,-0.0384845
-0.702046,-0.694288,-0.154039,0.0369872,0.331076,0.018896,0.286369,-0.0386113
-0.689423,-0.705637,-0.15786,0.0430432,0.32914,0.034604,0.287324,-0.0392003
-0.676406,-0.71692,-0.161545,0.0490258,0.326885,0.050182,0.288328,-0.0406215
-0.662811,-0.728298,-0.1651,0.0548309,0.324313,0.065594,0.289342,-0.0433819
-0.648592,-0.739785,-0.168502,0.0604458,0.321407,0.080802,0.29034,-0.0476755
-0.633966,-0.751183,-0.171654,0.0659185,0.318142,0.095765,0.291319,-0.0529348
-0.619055,-0.762393,-0.174518,0.0712137,0.314508,0.110456,0.292284,-0.0587533
-0.603778,-0.773481,-0.177134,0.0761759,0.310516,0.124837,0.293246,-0.0651522
-0.588079,-0.784479,-0.179584,0.0806559,0.306188,0.13886,0.294221,-0.0721232
-0.57189,-0.795418,-0.181943,0.0845437,0.301545,0.152473,0.295225,-0.0797745
-0.555348,-0.806164,-0.184298,0.0878734,0.29659,0.165643,0.296294,-0.0877702
-0.538735,-0.816465,-0.186776,0.0909058,0.291313,0.178371,0.297462,-0.0956076
-0.522174,-0.826231,-0.189377,0.0938706,0.285683,0.190638,0.298741,-0.103226
-0.505596,-0.83555,-0.191997,0.0967829,0.279689,0.202397,0.300101,-0.110869
-0.488884,-0.844529,-0.194528,0.099612,0.273338,0.213589,0.30151,-0.118871
-0.471998,-0.853197,-0.196929,0.102426,0.26665,0.224164,0.302963,-0.127479
-0.455002,-0.861505,-0.199128,0.105496,0.259614,0.234078,0.304445,-0.136901
-0.437485,-0.869698,-0.200974,0.108823,0.252241,0.243248,0.305876,-0.148393
-0.41849,-0.878286,-0.202276,0.112085,0.244587,0.251546,0.307148,-0.164344
-0.397784,-0.8873,-0.202889,0.11534,0.236695,0.258892,0.308217,-0.185596
-0.375933,-0.896341,-0.202753,0.118907,0.22862,0.265235,0.309086,-0.211203
-0.353636,-0.905043,-0.2018,0.122943,0.220473,0.270497,0.309746,-0.239856
-0.331487,-0.913165,-0.20002,0.127429,0.21241,0.274606,0.310185,-0.270438
-0.309999,-0.920543,-0.197546,0.132201,0.204613,0.277527,0.310395,-0.301892
-0.289633,-0.927072,-0.194637,0.136993,0.19729,0.279259,0.310375,-0.333241
-0.271068,-0.932636,-0.191535,0.141515,0.190648,0.279822,0.310122,-0.362985
-0.254929,-0.937209,-0.188388,0.145464,0.184877,0.279248,0.309636,-0.389766
-0.241569,-0.940882,-0.185213,0.148601,0.18011,0.277571,0.30891,-0.412878
-0.231253,-0.943741,-0.181963,0.15088,0.176411,0.27484,0.307938,-0.431974
-0.224199,-0.945841,-0.178562,0.15243,0.17378,0.271113,0.306721,-0.4469
-0.220322,-0.947282,-0.174924,0.153353,0.17218,0.266436,0.305263,-0.458058
-0.219293,-0.94818,-0.170995,0.153707,0.171544,0.260853,0.30358,-0.466221
-0.220723,-0.948624,-0.166801,0.153527,0.171793,0.254416,0.301687,-0.472207
-0.224201,-0.948693,-0.162389,0.152794,0.172846,0.247177,0.299606,-0.476756
-0.229391,-0.948444,-0.157788,0.151448,0.174623,0.239186,0.297363,-0.48033
-0.236173,-0.947861,-0.153049,0.149527,0.177033,0.230508,0.294988,-0.482975
-0.244391,-0.946924,-0.148212,0.147108,0.179973,0.221206,0.292516,-0.48483
-0.253776,-0.945665,-0.143236,0.144216,0.183342,0.211319,0.289969,-0.486225
-0.264193,-0.944086,-0.138031,0.140894,0.187038,0.200873,0.287368,-0.48717
-0.275613,-0.942142,-0.132564,0.137229,0.190959,0.189919,0.284741,-0.487436
-0.405456,-0.909463,-0.0615863,0.0684748,0.236233,0.048463,0.259162,-0.506833
0.687385,0.724416,0.0513048,0.00952226,0.29824,-0.09997,0.260179,-0.273952
-0.680602,-0.730152,-0.0604853,0.00115193,0.297156,-0.085496,0.260518,-0.272469
-0.673759,-0.735579,-0.0694782,0.0120757,0.295923,-0.07103,0.261001,-0.270928
-0.6668,-0.74076,-0.0782244,0.0231046,0.294557,-0.056636,0.261647,-0.269418
-0.659662,-0.745778,-0.0866645,0.0339339,0.29309,-0.042389,0.262459,-0.267772
-0.652132,-0.750862,-0.0947328,0.0442236,0.291566,-0.028359,0.263412,-0.266198
-0.644162,-0.756091,-0.102388,0.0538307,0.290022,-0.014581,0.26448,-0.264785
-0.636028,-0.761246,-0.109649,0.0628534,0.288487,-0.001049,0.265649,-0.263128
-0.628009,-0.766097,-0.116545,0.0715312,0.286971,0.012261,0.266914,-0.260949
-0.620324,-0.770462,-0.123124,0.0801605,0.285463,0.025375,0.268285,-0.258192
-0.612917,-0.774394,-0.129439,0.0888422,0.283958,0.038291,0.26978,-0.255288
-0.605452,-0.778181,-0.135539,0.097421,0.282469,0.050985,0.271411,-0.253015
-0.597615,-0.782093,-0.141485,0.105683,0.281012,0.063438,0.273189,-0.251983
-0.589177,-0.786305,-0.14735,0.113505,0.279605,0.075648,0.275127,-0.252677
-0.580252,-0.790654,-0.153421,0.120979,0.2783,0.087676,0.277256,-0.254997
-0.571405,-0.79459,-0.160112,0.128405,0.277162,0.099638,0.279646,-0.257896
-0.563004,-0.797774,-0.16758,0.136013,0.2762,0.111599,0.28234,-0.260651
-0.555052,-0.800218,-0.175751,0.143804,0.275372,0.123552,0.285366,-0.263136
-0.547479,-0.801987,-0.18455,0.151742,0.274631,0.135488,0.288756,-0.265328
-0.54032,-0.803046,-0.193913,0.159907,0.273922,0.147406,0.292544,-0.26705
-0.533695,-0.803292,-0.203714,0.168501,0.273177,0.159296,0.296742,-0.26808
-0.527637,-0.802685,-0.213791,0.177736,0.272332,0.171124,0.30135,-0.268472
-0.522283,-0.801076,-0.224038,0.187895,0.271339,0.182874,0.30638,-0.268109
-0.517461,-0.798529,-0.234437,0.19906,0.270173,0.194524,0.311818,-0.26756
-0.512632,-0.795386,-0.245005,0.211052,0.268821,0.206019,0.317623,-0.268182
-0.507641,-0.791657,-0.25577,0.223968,0.267254,0.217338,0.323791,-0.270543
-0.502819,-0.786933,-0.266697,0.238291,0.265421,0.228499,0.33035,-0.274279
-0.498312,-0.780942,-0.277685,0.254373,0.26328,0.239489,0.337313,-0.279376
-0.494128,-0.773501,-0.288617,0.272459,0.260821,0.250275,0.344676,-0.286183
-0.490259,-0.76442,-0.299342,0.292749,0.258049,0.260807,0.352427,-0.295102
-0.486702,-0.753469,-0.309683,0.315438,0.254988,0.271017,0.360546,-0.306602
-0.483402,-0.74045,-0.319403,0.340645,0.251668,0.280828,0.369012,-0.321201
-0.480074,-0.725384,-0.328279,0.368212,0.248141,0.29015,0.377777,-0.339799
-0.476345,-0.70852,-0.336125,0.397635,0.244484,0.298877,0.386757,-0.363124
-0.471734,-0.690412,-0.342878,0.428057,0.240802,0.3069,0.39583,-0.391724
-0.465937,-0.671609,-0.348582,0.458623,0.2372,0.314123,0.404866,-0.425471
-0.45889,-0.652417,-0.353391,0.488759,0.233778,0.320482,0.413785,-0.4637
-0.450712,-0.632896,-0.357445,0.518203,0.230616,0.325948,0.422544,-0.505421
-0.441795,-0.612936,-0.360654,0.54686,0.227783,0.330494,0.43111,-0.548653
-0.432707,-0.592195,-0.362645,0.574942,0.225319,0.334116,0.439485,-0.590755
-0.423848,-0.570326,-0.362979,0.602767,0.22325,0.336836,0.447702,-0.629537
-0.414908,-0.547826,-0.361845,0.629926,0.221615,0.338644,0.455672,-0.664911
-0.405442,-0.525605,-0.359945,0.655588,0.220462,0.339525,0.463233,-0.697702
-0.395579,-0.504027,-0.357682,0.679365,0.219827,0.339501,0.470306,-0.727564
-0.385668,-0.48316,-0.355373,0.70109,0.219752,0.338615,0.476868,-0.75408
-0.375907,-0.462916,-0.353402,0.72077,0.220279,0.336907,0.48294,-0.777794
-0.366409,-0.442922,-0.351873,0.738749,0.221434,0.334397,0.488587,-0.7992
-0.357276,-0.422786,-0.350575,0.755449,0.223209,0.331098,0.493873,-0.818047
-0.348504,-0.402626,-0.349522,0.77089,0.22557,0.327027,0.498764,-0.834266
-0.340063,-0.38278,-0.348987,0.784885,0.228476,0.322236,0.503197,-0.848299
-0.33205,-0.363159,-0.348831,0.797606,0.231867,0.316809,0.507225,-0.859821
-0.324498,-0.34361,-0.3489,0.80926,0.235682,0.310803,0.510909,-0.868632
-0.317371,-0.324119,-0.349291,0.819889,0.239885,0.304252,0.514265,-0.875145
-0.310554,-0.304657,-0.350151,0.829539,0.244431,0.297169,0.517304,-0.87999
-0.303897,-0.285157,-0.351533,0.838306,0.249278,0.289536,0.520025,-0.883556
-0.297308,-0.265579,-0.353409,0.846273,0.25438,0.281369,0.522428,-0.885935
-0.290798,-0.245971,-0.355744,0.853453,0.259681,0.272721,0.524509,-0.88712
-0.284372,-0.226459,-0.358487,0.859846,0.265112,0.263643,0.526277,-0.887074
-0.277996,-0.207172,-0.361624,0.865463,0.270596,0.254176,0.527744,-0.885919
-0.271585,-0.188193,-0.365112,0.870355,0.276062,0.244346,0.528941,-0.883771
-0.265113,-0.169614,-0.36885,0.874583,0.281442,0.23419,0.529892,-0.880591
-0.258575,-0.15154,-0.372748,0.878199,0.286684,0.223746,0.530624,-0.876252
-0.251972,-0.134094,-0.376806,0.881218,0.291746,0.213051,0.531169,-0.870838
-0.245327,-0.117389,-0.381174,0.883596,0.296604,0.202138,0.531549,-0.864781
-0.238724,-0.101466,-0.385933,0.885308,0.301254,0.191035,0.531773,-0.85831
-0.232295,-0.0862893,-0.391058,0.886379,0.305698,0.179769,0.531839,-0.851386
-0.226195,-0.0719065,-0.396679,0.886742,0.309939,0.168385,0.531742,-0.844327
-0.220502,-0.0584006,-0.403052,0.886294,0.31397,0.156918,0.531473,-0.837768
-0.215214,-0.04581,-0.410239,0.885036,0.317772,0.145385,0.531037,-0.831949
-0.210351,-0.0341774,-0.418067,0.883065,0.321316,0.133816,0.53045,-0.8266
-0.205978,-0.0236202,-0.426477,0.880416,0.324579,0.122253,0.529727,-0.821661
-0.202161,-0.0141373,-0.435408,0.877126,0.327558,0.110708,0.528875,-0.81709
-0.198981,-0.00565325,-0.444911,0.873171,0.330273,0.099181,0.527899,-0.813142
-0.196505,0.00204231,-0.45507,0.8685,0.332768,0.087667,0.5268,-0.810245
-0.194754,0.00922585,-0.465808,0.863139,0.3351,0.07615,0.525584,-0.808449
-0.19374,0.0160421,-0.476942,0.857166,0.337302,0.064604,0.524273,-0.807404
-0.193522,0.0223956,-0.488375,0.85061,0.339371,0.053003,0.522905,-0.806784
-0.194098,0.0281788,-0.500012,0.843516,0.341285,0.041336,0.521534,-0.806294
-0.195355,0.0333429,-0.511768,0.835953,0.343022,0.029591,0.52023,-0.805711
-0.197073,0.0379089,-0.523644,0.827963,0.344566,0.017762,0.519058,-0.805129
-0.198986,0.0419024,-0.53575,0.819524,0.345899,0.005856,0.518065,-0.804994
-0.200976,0.0452666,-0.548097,0.810647,0.347008,-0.006114,0.51728,-0.805344
-0.202984,0.0479816,-0.560632,0.801366,0.347891,-0.018146,0.516716,-0.806013
-0.204914,0.0501248,-0.573297,0.791725,0.348557,-0.030248,0.516378,-0.806882
-0.206667,0.0518783,-0.585999,0.781794,0.349017,-0.042436,0.516268,-0.807791
-0.208181,0.0534339,-0.598615,0.771664,0.349279,-0.054722,0.516384,-0.808517
-0.20946,0.054857,-0.611145,0.761327,0.349345,-0.067086,0.516715,-0.809134
-0.210519,0.0561455,-0.623575,0.750789,0.349212,-0.079484,0.51725,-0.809716
-0.211418,0.0572434,-0.635797,0.740127,0.348876,-0.091866,0.517974,-0.810021
-0.212202,0.0581285,-0.647788,0.729358,0.348339,-0.104196,0.518857,-0.810001
-0.212823,0.0589056,-0.659614,0.718433,0.347617,-0.116475,0.519875,-0.809779
-0.213129,0.0598243,-0.671344,0.707314,0.346739,-0.128734,0.521005,-0.809652
-0.213057,0.0611452,-0.683008,0.695966,0.345739,-0.140986,0.52222,-0.810056
-0.212566,0.0630164,-0.694579,0.684401,0.344639,-0.153225,0.523506,-0.811162
-0.211641,0.0654085,-0.705961,0.672718,0.343434,-0.165403,0.52486,-0.81276
-0.210306,0.0681713,-0.717035,0.661048,0.342125,-0.177439,0.526282,-0.81453
-0.208538,0.0711589,-0.727693,0.649547,0.340725,-0.189253,0.527769,-0.816206
-0.206271,0.0743363,-0.737923,0.638275,0.339265,-0.200789,0.529305,-0.817886
-0.203459,0.0778544,-0.74772,0.627262,0.337791,-0.212019,0.530857,-0.819766
-0.200105,0.0818852,-0.757091,0.616495,0.336345,-0.222912,0.532389,-0.822115
-0.196253,0.0865296,-0.765968,0.606044,0.334968,-0.233413,0.533869,-0.824972
-0.192001,0.0917566,-0.77425,0.596032,0.333693,-0.243428,0.535276,-0.828246
-0.18753,0.0973233,-0.781867,0.586553,0.332549,-0.252817,0.536597,-0.831852
-0.183058,0.102962,-0.788821,0.577624,0.331575,-0.261434,0.537829,-0.835902
-0.178714,0.108513,-0.795059,0.569357,0.330807,-0.269173,0.538974,-0.840337
-0.17455,0.113923,-0.800521,0.561891,0.330278,-0.275971,0.540038,-0.84503
-0.170561,0.119173,-0.805225,0.555265,0.33002,-0.281792,0.541026,-0.850101
-0.166715,0.124245,-0.809192,0.549525,0.330059,-0.286618,0.541949,-0.85557
-0.162931,0.12911,-0.812396,0.54479,0.330416,-0.290447,0.542826,-0.86121
-0.159143,0.133686,-0.81484,0.541145,0.331108,-0.29327,0.543685,-0.86683
-0.155285,0.137893,-0.81648,0.538732,0.33215,-0.295083,0.54456,-0.872058
-0.151357,0.141733,-0.817306,0.537601,0.333559,-0.295898,0.545465,-0.876681
-0.147417,0.145214,-0.817447,0.537552,0.335342,-0.295748,0.546412,-0.881048
-0.143459,0.148397,-0.817066,0.538332,0.337497,-0.294687,0.547417,-0.885651
-0.139348,0.151413,-0.816203,0.539878,0.34,-0.292792,0.548495,-0.890592
-0.135008,0.15429,-0.814864,0.542184,0.342829,-0.290106,0.549652,-0.895796
-0.130493,0.156973,-0.813117,0.545135,0.345967,-0.286645,0.550895,-0.901454
-0.125939,0.159413,-0.811039,0.548582,0.3494,-0.282423,0.552235,-0.907808
-0.121477,0.161625,-0.808631,0.552483,0.353103,-0.277451,0.553672,-0.914857
-0.117188,0.163653,-0.805801,0.556928,0.357044,-0.271748,0.555194,-0.922271
-0.113138,0.165488,-0.802488,0.561985,0.361182,-0.265348,0.556805,-0.929714
-0.109385,0.167076,-0.798783,0.567509,0.365469,-0.25829,0.558508,-0.937391
-0.105882,0.168405,-0.794788,0.57336,0.369852,-0.250614,0.560294,-0.94563
-0.102562,0.169492,-0.790522,0.579507,0.374281,-0.242368,0.562167,-0.95447
-0.0993708,0.170399,-0.785843,0.586123,0.378732,-0.233601,0.564121,-0.963361
-0.0963311,0.171167,-0.780727,0.593201,0.383191,-0.224354,0.566147,-0.972156
-0.0935324,0.171801,-0.775235,0.600622,0.387637,-0.214651,0.568233,-0.980907
-0.0910385,0.172313,-0.769397,0.608317,0.392043,-0.204514,0.57037,-0.989661
-0.088888,0.172739,-0.763268,0.616183,0.396376,-0.193967,0.572548,-0.998638
-0.0869767,0.173116,-0.75677,0.624312,0.400587,-0.183057,0.574778,-1.00754
-0.0851628,0.173447,-0.74978,0.632846,0.404628,-0.171847,0.577082,-1.01585
-0.0833802,0.173657,-0.742302,0.641778,0.408456,-0.160397,0.579477,-1.02328
-0.0816328,0.17373,-0.734408,0.650998,0.412039,-0.148746,0.581961,-1.02995
-0.0799519,0.173672,-0.726199,0.660364,0.415365,-0.136917,0.584519,-1.03613
-0.0783412,0.173505,-0.717734,0.669789,0.418426,-0.12493,0.587138,-1.042
-0.0767806,0.17324,-0.709056,0.679214,0.421213,-0.112813,0.589811,-1.04766
-0.075238,0.17288,-0.700183,0.688618,0.42373,-0.100593,0.592529,-1.05313
-0.0736948,0.172407,-0.691102,0.698014,0.425977,-0.088279,0.595281,-1.05832
-0.0721245,0.17178,-0.681796,0.707421,0.427959,-0.075873,0.598069,-1.06316
-0.0704958,0.17095,-0.672221,0.716886,0.429673,-0.063382,0.600918,-1.06742
-0.0687715,0.16985,-0.662334,0.726454,0.431101,-0.05082,0.603843,-1.07088
-0.0668921,0.168454,-0.651963,0.73627,0.432225,-0.038197,0.606843,-1.073
-0.0649136,0.166725,-0.641096,0.746315,0.433041,-0.025503,0.609903,-1.07378
-0.0630206,0.164615,-0.629883,0.756425,0.433548,-0.012717,0.612986,-1.07362
-0.0613655,0.162156,-0.618401,0.766499,0.43376,0.000163,0.616056,-1.07275
-0.0600166,0.159449,-0.606708,0.776453,0.433692,0.013122,0.619085,-1.07145
-0.0589738,0.156587,-0.594751,0.786304,0.433352,0.026141,0.622048,-1.06969
-0.0582466,0.153559,-0.582583,0.796005,0.432733,0.039214,0.624932,-1.06759
-0.0578129,0.150328,-0.570193,0.805568,0.431826,0.052335,0.627728,-1.06509
-0.0577172,0.14687,-0.557669,0.814925,0.430625,0.065492,0.630427,-1.06237
-0.0579938,0.143207,-0.545124,0.823995,0.42913,0.078655,0.633019,-1.05963
-0.0586308,0.139403,-0.532681,0.832695,0.427342,0.091773,0.63549,-1.05716
-0.0595779,0.135505,-0.520359,0.841021,0.425267,0.104795,0.63783,-1.05497
-0.0608154,0.131472,-0.508129,0.849012,0.422911,0.117694,0.640033,-1.05282
-0.0623238,0.127261,-0.496036,0.856661,0.420281,0.130447,0.642089,-1.05072
-0.0640424,0.122891,-0.484078,0.863982,0.41738,0.143018,0.643993,-1.04865
-0.065934,0.118442,-0.472191,0.871011,0.414228,0.155365,0.645737,-1.0466
-0.06801,0.113962,-0.460335,0.877769,0.410855,0.167449,0.647311,-1.04446
-0.0703099,0.109363,-0.448536,0.884258,0.40727,0.179243,0.648721,-1.04206
-0.0728096,0.104511,-0.43685,0.890471,0.403469,0.190733,0.649985,-1.03924
-0.0754799,0.0992805,-0.425282,0.896427,0.399448,0.201907,0.651121,-1.03573
-0.0783168,0.0936089,-0.413826,0.902137,0.395217,0.212762,0.65214,-1.03145
-0.0813299,0.0875026,-0.40255,0.907569,0.3908,0.22329,0.653038,-1.02662
-0.0845886,0.0810045,-0.391569,0.912664,0.38623,0.233483,0.653806,-1.02159
-0.0881501,0.074156,-0.380931,0.917399,0.381539,0.243332,0.654436,-1.01655
-0.0919969,0.0670085,-0.370648,0.921774,0.376753,0.252823,0.654921,-1.01159
-0.0960578,0.0595916,-0.360658,0.925823,0.371899,0.261928,0.655262,-1.00659
-0.100316,0.0518579,-0.351016,0.929535,0.366993,0.270619,0.655455,-1.00152
-0.104762,0.0438604,-0.341704,0.93292,0.36207,0.278859,0.655494,-0.996277
-0.109395,0.0357034,-0.332738,0.935972,0.357172,0.286598,0.655379,-0.990886
-0.114164,0.0274932,-0.324115,0.938701,0.352348,0.293775,0.655118,-0.985259
-0.11892,0.0193407,-0.315864,0.941124,0.34764,0.300308,0.654728,-0.979341
-0.12343,0.0113815,-0.30807,0.943254,0.343099,0.306099,0.654245,-0.973236
-0.127511,0.00369533,-0.300826,0.945109,0.338781,0.311055,0.653715,-0.966978
-0.131065,-0.00364193,-0.2942,0.946708,0.33475,0.315102,0.653184,-0.960527
-0.134068,-0.0105511,-0.288333,0.948039,0.331075,0.318195,0.652695,-0.95406
-0.136487,-0.0169265,-0.283376,0.949096,0.327828,0.320308,0.652281,-0.947845
-0.13827,-0.0226974,-0.279484,0.949871,0.325067,0.321426,0.651974,-0.942187
-0.139442,-0.0278064,-0.276654,0.950392,0.322843,0.321562,0.651796,-0.937045
-0.140068,-0.0323019,-0.274876,0.950674,0.321179,0.320743,0.651757,-0.932264
-0.140239,-0.0362777,-0.274155,0.950713,0.32008,0.319009,0.651859,-0.927752
-0.140056,-0.0398568,-0.274435,0.950516,0.319524,0.316421,0.652093,-0.923365
-0.139651,-0.043178,-0.275653,0.950078,0.31947,0.313052,0.652442,-0.919037
-0.139172,-0.0463844,-0.277729,0.949392,0.319877,0.308984,0.652879,-0.914637
-0.138727,-0.049638,-0.280637,0.948438,0.320699,0.304294,0.653376,-0.910127
-0.138434,-0.0530563,-0.284412,0.94717,0.321898,0.299046,0.653901,-0.905641
-0.138329,-0.0567019,-0.289073,0.945562,0.323429,0.293289,0.654428,-0.901306
-0.13844,-0.060516,-0.29452,0.943626,0.325262,0.287055,0.654934,-0.897057
-0.138771,-0.0643923,-0.300738,0.941357,0.327379,0.28037,0.655401,-0.893061
-0.13932,-0.0681726,-0.307661,0.938769,0.329768,0.273259,0.65582,-0.889416
-0.140083,-0.0717443,-0.315239,0.935871,0.332402,0.265738,0.656197,-0.886185
-0.14098,-0.075053,-0.323439,0.932673,0.335234,0.257821,0.656548,-0.883473
-0.141921,-0.0780582,-0.332132,0.929222,0.338226,0.249529,0.656895,-0.881138
-0.14283,-0.0806983,-0.341295,0.92553,0.341353,0.240886,0.657268,-0.879234
-0.143622,-0.0828537,-0.350959,0.921594,0.344596,0.231904,0.6577,-0.87794
-0.144258,-0.0844159,-0.361071,0.917437,0.347931,0.222589,0.658227,-0.877231
-0.144694,-0.0853897,-0.371602,0.913063,0.351317,0.212951,0.658883,-0.877042
-0.144896,-0.0858872,-0.382435,0.9085,0.354701,0.203021,0.659696,-0.877063
-0.144871,-0.0860779,-0.393494,0.903751,0.358031,0.192856,0.660688,-0.877234
-0.144646,-0.0861632,-0.404818,0.898764,0.361259,0.182521,0.66187,-0.877671
-0.144234,-0.0862965,-0.416428,0.893497,0.364346,0.172065,0.663247,-0.878385
-0.143615,-0.0865276,-0.428256,0.887967,0.367256,0.161506,0.664815,-0.879299
-0.142773,-0.0868988,-0.440235,0.882189,0.369953,0.150861,0.666586,-0.880326
-0.141749,-0.0874974,-0.452305,0.876169,0.372404,0.140147,0.668567,-0.881267
-0.140524,-0.0884129,-0.46444,0.869903,0.37458,0.129389,0.670756,-0.882076
-0.139095,-0.0896975,-0.476609,0.863395,0.376463,0.11862,0.673134,-0.88276
-0.137564,-0.0914128,-0.48877,0.856635,0.378048,0.107867,0.675675,-0.883144
-0.13596,-0.0935481,-0.500965,0.849587,0.379348,0.097142,0.678357,-0.883393
-0.134259,-0.0960109,-0.513262,0.842211,0.380383,0.086453,0.681149,-0.883872
-0.132528,-0.0986059,-0.525597,0.834543,0.381187,0.07581,0.684019,-0.884599
-0.130813,-0.101158,-0.537805,0.826693,0.381783,0.065209,0.686941,-0.885304
-0.129158,-0.103598,-0.549803,0.81872,0.382193,0.05466,0.689892,-0.885847
-0.127612,-0.105995,-0.561652,0.810573,0.382427,0.044196,0.69284,-0.886319
-0.126182,-0.108339,-0.573322,0.802273,0.382492,0.033811,0.695763,-0.886628
-0.124848,-0.110558,-0.584754,0.793885,0.382401,0.023481,0.698643,-0.886672
-0.123576,-0.112579,-0.596039,0.785362,0.382174,0.01322,0.70146,-0.886802
-0.122316,-0.114329,-0.607301,0.77663,0.381837,0.00305,0.704207,-0.887463
-0.121024,-0.115742,-0.618518,0.767719,0.38141,-0.007056,0.70689,-0.888684
-0.119656,-0.116852,-0.629608,0.758697,0.380892,-0.01712,0.709524,-0.890238
-0.118166,-0.11772,-0.640456,0.749663,0.380279,-0.027136,0.712115,-0.891808
-0.11655,-0.118451,-0.651085,0.74059,0.379569,-0.037085,0.714667,-0.893375
-0.114796,-0.1191,-0.661678,0.731314,0.378771,-0.046953,0.717192,-0.895417
-0.113052,-0.119629,-0.672198,0.721844,0.377898,-0.056756,0.7197,-0.897638
-0.111477,-0.120002,-0.682586,0.712213,0.376969,-0.06652,0.722189,-0.899661
-0.109945,-0.120205,-0.692967,0.702325,0.375983,-0.076216,0.724656,-0.902125
-0.108316,-0.120295,-0.7034,0.692116,0.374933,-0.085797,0.727099,-0.905494
-0.106573,-0.120106,-0.713448,0.682062,0.37383,-0.095302,0.729504,-0.908612
-0.104636,-0.119282,-0.72257,0.672841,0.372699,-0.104814,0.731861,-0.91006
-0.102421,-0.117755,-0.730733,0.664585,0.371545,-0.114341,0.734176,-0.909747
-0.0998634,-0.115674,-0.738219,0.657023,0.370366,-0.123831,0.736453,-0.908466
-0.0969461,-0.113134,-0.745252,0.649924,0.369178,-0.133245,0.738685,-0.906875
-0.0936996,-0.11027,-0.752,0.643084,0.367999,-0.142535,0.740861,-0.905433
-0.0902247,-0.107222,-0.758527,0.636395,0.366859,-0.15164,0.742978,-0.904234
-0.086638,-0.104097,-0.764852,0.629809,0.365795,-0.160504,0.745026,-0.903275
-0.082973,-0.10095,-0.770959,0.623335,0.36484,-0.169087,0.746997,-0.902583
-0.079216,-0.0977373,-0.776862,0.616975,0.364025,-0.177366,0.748874,-0.902351
-0.0753394,-0.0943822,-0.782546,0.610768,0.363377,-0.18533,0.750654,-0.902693
-0.0713528,-0.0908222,-0.787973,0.604779,0.36292,-0.192963,0.752332,-0.903594
-0.0672897,-0.0870513,-0.793099,0.599072,0.362676,-0.200236,0.753909,-0.904963
-0.0631633,-0.0830986,-0.797891,0.593696,0.362652,-0.207105,0.755382,-0.906758
-0.0589738,-0.07905,-0.802366,0.588628,0.362854,-0.213514,0.756751,-0.909119
-0.0547248,-0.0749559,-0.8065,0.583904,0.36328,-0.219421,0.758019,-0.911997
-0.050415,-0.0707839,-0.810281,0.579562,0.363929,-0.224799,0.759199,-0.915415
-0.0460571,-0.0664994,-0.813653,0.575696,0.364798,-0.229619,0.760299,-0.919233
-0.0416726,-0.0621261,-0.816542,0.572418,0.365874,-0.233836,0.761326,-0.92327
-0.0372968,-0.0577851,-0.818937,0.569748,0.367145,-0.237386,0.762283,-0.927462
-0.0330055,-0.0536311,-0.820802,0.567731,0.368599,-0.2402,0.763179,-0.931602
-0.0288654,-0.0498384,-0.822124,0.566388,0.370228,-0.242215,0.764024,-0.935532
-0.0249441,-0.046512,-0.822926,0.565691,0.372033,-0.243386,0.764825,-0.939256
-0.0212771,-0.0436774,-0.823173,0.565708,0.374013,-0.243701,0.765589,-0.942602
-0.0178665,-0.0413148,-0.822825,0.56651,0.376163,-0.243167,0.766319,-0.945428
-0.0147071,-0.0393942,-0.821909,0.568065,0.378482,-0.241804,0.767013,-0.947813
-0.0117725,-0.0378731,-0.820435,0.570363,0.380968,-0.239647,0.76767,-0.949746
-0.00902404,-0.0366827,-0.818439,0.573351,0.38362,-0.236738,0.768296,-0.951317
-0.00638132,-0.0357386,-0.81596,0.576968,0.386421,-0.233137,0.768885,-0.952676
-0.00382237,-0.0349353,-0.813016,0.581179,0.389361,-0.228915,0.769441,-0.953817
-0.00136894,-0.0341789,-0.809656,0.585907,0.39243,-0.224135,0.769988,-0.95478
0.00100529,-0.0334064,-0.805909,0.591096,0.395611,-0.218856,0.770539,-0.955636
0.00335754,-0.0325985,-0.801772,0.596731,0.398878,-0.213123,0.771106,-0.956388
0.00570849,-0.0317417,-0.797221,0.602825,0.402215,-0.206974,0.7717,-0.956962
0.00800233,-0.0308944,-0.79225,0.609362,0.405602,-0.200421,0.772314,-0.957208
0.0102018,-0.0301635,-0.786843,0.616332,0.409014,-0.193468,0.77292,-0.956942
0.0123134,-0.0295535,-0.781072,0.62362,0.412421,-0.186136,0.773508,-0.9564
0.0144256,-0.0289863,-0.774955,0.631187,0.415795,-0.178479,0.774083,-0.955764
0.0166288,-0.0284226,-0.76833,0.639206,0.419102,-0.170547,0.774653,-0.954618
0.0190224,-0.0278904,-0.761048,0.647817,0.422304,-0.162375,0.775227,-0.952549
0.021713,-0.02738,-0.752971,0.657125,0.425372,-0.154007,0.775823,-0.94926
0.0247654,-0.0264964,-0.74347,0.667785,0.428356,-0.145565,0.776458,-0.943273
0.0281181,-0.0249936,-0.732323,0.679918,0.431316,-0.137105,0.777117,-0.934264
0.0319436,-0.0229142,-0.719263,0.693624,0.434206,-0.128679,0.777768,-0.921774
0.0362049,-0.0203239,-0.704393,0.708595,0.437021,-0.120293,0.778394,-0.906195
0.0398786,-0.017872,-0.690052,0.722439,0.439817,-0.111603,0.779006,-0.892702
0.0423406,-0.0159983,-0.67772,0.733926,0.442579,-0.102393,0.779596,-0.884169
0.043733,-0.0146335,-0.667075,0.743562,0.445265,-0.092737,0.780141,-0.879532
0.044105,-0.0136898,-0.657971,0.751626,0.447865,-0.082682,0.780633,-0.878299
0.0434798,-0.0130929,-0.650383,0.758248,0.450375,-0.072257,0.781058,-0.880355
0.0420462,-0.012736,-0.643961,0.763796,0.452781,-0.061539,0.781421,-0.884889
0.0399899,-0.0125334,-0.638386,0.768575,0.455063,-0.05062,0.781724,-0.891164
0.0372895,-0.0124709,-0.633821,0.77248,0.457222,-0.039495,0.781941,-0.899518
0.0339556,-0.0125024,-0.630278,0.775526,0.459256,-0.028162,0.782054,-0.910006
0.0300211,-0.0125933,-0.627729,0.777751,0.461164,-0.016654,0.782054,-0.92263
0.0258175,-0.0126445,-0.625465,0.779722,0.462911,-0.005096,0.781967,-0.935911
0.02198,-0.0124645,-0.622107,0.782524,0.464424,0.006328,0.781865,-0.946924
0.0187742,-0.0119434,-0.617105,0.786566,0.465672,0.017551,0.781776,-0.954584
0.0160182,-0.0112377,-0.611032,0.791364,0.466647,0.028654,0.781697,-0.960097
0.0134111,-0.0106305,-0.604775,0.796212,0.467328,0.03976,0.781623,-0.965256
0.0108492,-0.0101494,-0.598476,0.801003,0.467719,0.050901,0.781554,-0.970374
0.00840781,-0.009719,-0.591861,0.805937,0.467821,0.062055,0.781488,-0.974942
0.00609782,-0.00933376,-0.584777,0.811118,0.46763,0.073217,0.781417,-0.978616
0.00388518,-0.00902734,-0.577202,0.816543,0.467148,0.084391,0.781334,-0.981324
0.00172945,-0.00878302,-0.569069,0.822241,0.466385,0.095575,0.781219,-0.982957
-0.000420169,-0.00862857,-0.560498,0.828111,0.465347,0.106761,0.781069,-0.983793
-0.00270933,-0.00868967,-0.552091,0.833734,0.464041,0.117978,0.780925,-0.985098
-0.00525925,-0.00904939,-0.544435,0.838738,0.462477,0.129263,0.780811,-0.988076
-0.00794856,-0.00961561,-0.537345,0.84327,0.460669,0.14057,0.780704,-0.992368
-0.0106185,-0.0102745,-0.530516,0.847546,0.458629,0.151829,0.780584,-0.997389
-0.013198,-0.0109745,-0.522983,0.85217,0.456366,0.163005,0.780457,-1.00091
-0.0156349,-0.0116642,-0.51371,0.857742,0.453887,0.174056,0.780325,-1.00052
-0.0178376,-0.0122505,-0.503294,0.863844,0.451213,0.184915,0.780195,-0.997684
-0.0197034,-0.0125658,-0.492308,0.870107,0.448376,0.195513,0.780067,-0.993887
-0.0215513,-0.0127666,-0.481489,0.876094,0.445389,0.205942,0.779922,-0.990476
-0.0237649,-0.0132003,-0.471873,0.881247,0.44223,0.216335,0.779755,-0.989271
-0.0259872,-0.0139348,-0.462941,0.885898,0.438841,0.226594,0.779609,-0.989086
-0.0279061,-0.0149471,-0.45391,0.890485,0.435187,0.236617,0.779532,-0.98827
-0.0296173,-0.0162603,-0.444646,0.895069,0.431288,0.246403,0.779549,-0.986496
-0.0312076,-0.017864,-0.435125,0.899652,0.42717,0.255938,0.77967,-0.983705
-0.0327455,-0.0197593,-0.425571,0.904116,0.422861,0.265216,0.779888,-0.980403
-0.0342891,-0.0219755,-0.416074,0.908418,0.418381,0.274225,0.78019,-0.976757
-0.0358336,-0.0246001,-0.406668,0.912541,0.413741,0.282947,0.780562,-0.972756
-0.0373748,-0.0277044,-0.397454,0.916442,0.408954,0.291354,0.780984,-0.968534
-0.0389454,-0.0313459,-0.388564,0.920064,0.404038,0.29941,0.781432,-0.964247
-0.040591,-0.0355101,-0.380074,0.923383,0.399022,0.307076,0.781869,-0.959996
-0.042325,-0.0401309,-0.372117,0.926352,0.393951,0.314301,0.782268,-0.95605
-0.0440903,-0.0451815,-0.364856,0.928921,0.388867,0.321015,0.782617,-0.95265
-0.0458405,-0.0506436,-0.358377,0.931075,0.383815,0.327154,0.782908,-0.949803
-0.0475659,-0.0565053,-0.352711,0.932813,0.378858,0.33267,0.783138,-0.947365
-0.0492356,-0.0627044,-0.347855,0.934153,0.374064,0.337511,0.783294,-0.945217
-0.0508045,-0.0691002,-0.34382,0.93511,0.369516,0.341625,0.783353,-0.94339
-0.0523017,-0.0755371,-0.340663,0.935685,0.365312,0.344977,0.783293,-0.941963
-0.0538115,-0.0818349,-0.338467,0.935867,0.361557,0.347542,0.783093,-0.941075
-0.0553454,-0.0877801,-0.33723,0.935686,0.358344,0.349284,0.782736,-0.940746
-0.0569011,-0.0932211,-0.336963,0.935162,0.355756,0.35018,0.782219,-0.940948
-0.0584624,-0.09812,-0.337709,0.934295,0.353851,0.350231,0.781535,-0.941662
-0.0600374,-0.102448,-0.339465,0.933094,0.352666,0.349466,0.780685,-0.942819
-0.0616612,-0.106141,-0.342162,0.931588,0.352228,0.347918,0.779692,-0.944296
-0.0633436,-0.109126,-0.345631,0.929848,0.352547,0.345614,0.778586,-0.945812
-0.0650904,-0.111418,-0.349775,0.927904,0.353599,0.342583,0.777392,-0.94719
-0.0668572,-0.11306,-0.354478,0.925793,0.355339,0.338863,0.776123,-0.948272
-0.0686239,-0.114043,-0.359517,0.923597,0.357708,0.334493,0.7748,-0.948794
-0.0704063,-0.114436,-0.364992,0.921264,0.360623,0.329531,0.773445,-0.949144
-0.0722324,-0.114441,-0.371279,0.918606,0.363986,0.324041,0.772081,-0.950109
-0.0740692,-0.114166,-0.378393,0.915586,0.367706,0.318054,0.770735,-0.951773
-0.0758567,-0.113611,-0.38601,0.912324,0.371705,0.311588,0.769433,-0.953635
-0.0775456,-0.11285,-0.394039,0.908837,0.375905,0.304688,0.768196,-0.955631
-0.0791183,-0.111995,-0.402476,0.905103,0.380223,0.297392,0.767044,-0.957815
-0.0805428,-0.11113,-0.411216,0.901146,0.384592,0.289716,0.765994,-0.960048
-0.0817655,-0.110323,-0.420149,0.897005,0.388952,0.281675,0.765059,-0.962161
-0.0827489,-0.109599,-0.429184,0.892716,0.393263,0.27328,0.76426,-0.963974
-0.0835039,-0.108861,-0.438244,0.888323,0.397525,0.26454,0.763606,-0.965399
-0.084027,-0.107971,-0.447326,0.883845,0.401741,0.255455,0.763108,-0.966587
-0.0842901,-0.106882,-0.456359,0.879322,0.405887,0.24602,0.762792,-0.967482
-0.0842685,-0.105675,-0.465299,0.874773,0.409921,0.236256,0.762677,-0.967965
-0.0840172,-0.104468,-0.474146,0.87018,0.41381,0.226213,0.762777,-0.96787
-0.0836427,-0.103273,-0.482937,0.865511,0.417558,0.215946,0.763098,-0.967091
-0.0831708,-0.102035,-0.491754,0.860726,0.421168,0.205466,0.763631,-0.965777
-0.0824777,-0.100665,-0.500482,0.85591,0.424612,0.194731,0.764379,-0.963912
-0.0814612,-0.0991261,-0.508985,0.85116,0.427845,0.183723,0.765358,-0.961516
-0.0800683,-0.0974909,-0.517315,0.846445,0.430824,0.172465,0.766585,-0.958764
-0.0782381,-0.0958629,-0.525864,0.84152,0.433523,0.160982,0.768066,-0.956447
-0.0759383,-0.0943026,-0.535083,0.836078,0.435915,0.149279,0.769814,-0.955586
-0.0731739,-0.0927799,-0.544579,0.830344,0.437959,0.137342,0.771837,-0.955274
-0.0699014,-0.0913587,-0.553987,0.82454,0.439589,0.125201,0.774133,-0.954663
-0.0660767,-0.0900832,-0.563334,0.818641,0.44077,0.112909,0.776683,-0.953871
-0.0617813,-0.088922,-0.572618,0.81264,0.441517,0.10051,0.779466,-0.95288
-0.0570822,-0.0878113,-0.581791,0.806567,0.441838,0.088019,0.782481,-0.951591
-0.0523319,-0.0868731,-0.591356,0.800008,0.441769,0.075547,0.785691,-0.950954
-0.0478993,-0.0863319,-0.602118,0.792279,0.44135,0.063267,0.789038,-0.952699
-0.043295,-0.0860043,-0.613236,0.784009,0.44053,0.05111,0.792531,-0.955478
-0.0377295,-0.0854277,-0.623012,0.776618,0.439234,0.03887,0.796211,-0.956209
-0.0313679,-0.0845998,-0.631746,0.769907,0.437503,0.026611,0.800036,-0.955684
-0.0251038,-0.0839381,-0.641385,0.762201,0.435472,0.014633,0.803896,-0.957941
-0.0195426,-0.0836558,-0.652733,0.752701,0.43322,0.003069,0.80773,-0.964354
-0.0148942,-0.083813,-0.66535,0.741662,0.430765,-0.008101,0.811535,-0.973336
-0.0113951,-0.0847011,-0.679543,0.728641,0.42817,-0.018787,0.815275,-0.985113
-0.00918961,-0.086536,-0.695673,0.713068,0.425513,-0.028922,0.818928,-1.00042
-0.00827662,-0.0894337,-0.713516,0.694858,0.42283,-0.038504,0.822504,-1.01875
-0.00798298,-0.092934,-0.731469,0.675465,0.420101,-0.047727,0.825994,-1.03718
-0.00692968,-0.0958252,-0.746583,0.658319,0.417237,-0.057017,0.829385,-1.05042
-0.00476546,-0.0977299,-0.758338,0.644477,0.414227,-0.066443,0.832659,-1.05772
-0.00203891,-0.0991762,-0.768394,0.632242,0.411146,-0.075743,0.835821,-1.06276
0.00113994,-0.100225,-0.777012,0.621455,0.408016,-0.084885,0.838907,-1.066
0.00478874,-0.100768,-0.783881,0.612661,0.404834,-0.093927,0.841961,-1.06638
0.00853788,-0.101027,-0.789838,0.604878,0.401669,-0.102768,0.844973,-1.06565
0.0121387,-0.101126,-0.795485,0.597353,0.39858,-0.111348,0.847915,-1.06512
0.0156527,-0.100959,-0.80064,0.590371,0.395576,-0.119724,0.850774,-1.06431
0.0190983,-0.100459,-0.805253,0.584047,0.39266,-0.12793,0.853552,-1.06304
0.0224254,-0.0996249,-0.809473,0.578208,0.389834,-0.135972,0.856266,-1.06163
0.0255864,-0.0984541,-0.813382,0.572767,0.387096,-0.143864,0.85893,-1.0601
0.028593,-0.096974,-0.817012,0.567688,0.384435,-0.15162,0.861555,-1.05838
0.0315127,-0.0952224,-0.820387,0.562943,0.381827,-0.159257,0.864153,-1.0565
0.0344064,-0.0932161,-0.82345,0.55862,0.379259,-0.166788,0.86674,-1.05427
0.0372676,-0.0909933,-0.826282,0.554607,0.376728,-0.174201,0.869328,-1.05182
0.0400174,-0.0886101,-0.829069,0.550628,0.374237,-0.181462,0.871921,-1.04954
0.0425325,-0.0861056,-0.831954,0.54647,0.371795,-0.188547,0.874524,-1.04766
0.0447826,-0.0835228,-0.835057,0.541939,0.369406,-0.195423,0.877134,-1.04655
0.0468214,-0.0809772,-0.838417,0.536943,0.367061,-0.202041,0.879744,-1.04637
0.0486592,-0.0786043,-0.842032,0.531447,0.364762,-0.208337,0.882353,-1.04711
0.0502525,-0.0763852,-0.845773,0.52565,0.362547,-0.214265,0.88495,-1.04845
0.0514874,-0.0744631,-0.849871,0.519157,0.36046,-0.219691,0.887558,-1.05119
0.0522555,-0.073078,-0.854669,0.51134,0.358543,-0.224442,0.890208,-1.05653
0.052612,-0.0718419,-0.859482,0.503351,0.35689,-0.228571,0.892852,-1.06289
0.0526273,-0.0704214,-0.863718,0.496248,0.355585,-0.232122,0.895441,-1.06889
0.0522848,-0.0689364,-0.867345,0.490129,0.354659,-0.235002,0.897972,-1.07447
0.051591,-0.0674988,-0.870358,0.485035,0.354127,-0.237123,0.900458,-1.07966
0.050594,-0.0661962,-0.872748,0.481008,0.353989,-0.23843,0.902903,-1.08441
0.0493895,-0.0650868,-0.874469,0.478152,0.354222,-0.238905,0.905313,-1.08854
0.0481011,-0.0642269,-0.875562,0.476396,0.354785,-0.238547,0.907701,-1.09215
0.0468625,-0.0636947,-0.876109,0.475584,0.355626,-0.237369,0.910078,-1.0955
0.0458273,-0.063464,-0.876151,0.475639,0.356696,-0.235419,0.912437,-1.09879
0.0450715,-0.0633975,-0.875594,0.476744,0.357968,-0.232788,0.914756,-1.10174
0.0446304,-0.0634049,-0.87443,0.478915,0.359415,-0.229543,0.917029,-1.10433
0.0445428,-0.0634603,-0.87279,0.4819,0.361007,-0.225719,0.919265,-1.10707
0.0448091,-0.0635656,-0.870787,0.48547,0.362717,-0.221351,0.92147,-1.11034
0.0453466,-0.0637493,-0.868522,0.489438,0.364525,-0.216469,0.923642,-1.11422
0.0461764,-0.06395,-0.865908,0.493945,0.366402,-0.211143,0.925778,-1.11842
0.0473331,-0.0641013,-0.862834,0.499168,0.368324,-0.205444,0.927884,-1.12261
0.048614,-0.0643593,-0.859686,0.504415,0.370311,-0.199334,0.929949,-1.12766
0.0498557,-0.0648328,-0.856708,0.509277,0.37237,-0.192787,0.931956,-1.13401
0.0509724,-0.0655289,-0.853909,0.513759,0.374494,-0.185833,0.933903,-1.1414
0.0519217,-0.0664155,-0.851236,0.517968,0.376657,-0.178524,0.9358,-1.14951
0.0527801,-0.0673711,-0.848303,0.522549,0.378811,-0.17096,0.937652,-1.15718
0.0535477,-0.068359,-0.84493,0.527782,0.380938,-0.163188,0.939468,-1.16387
0.0541286,-0.0694309,-0.84126,0.533414,0.383041,-0.1552,0.941246,-1.16987
0.0544579,-0.0706091,-0.837313,0.539402,0.385114,-0.147007,0.942981,-1.17511
0.0545306,-0.0719024,-0.833042,0.545799,0.387143,-0.138633,0.944677,-1.17941
0.0543323,-0.0733188,-0.828455,0.552571,0.389115,-0.130101,0.946337,-1.18272
0.0538673,-0.074921,-0.823615,0.559592,0.391014,-0.121427,0.947953,-1.18507
0.0531486,-0.0768029,-0.818519,0.566837,0.392818,-0.11263,0.949525,-1.18619
0.0522128,-0.0790505,-0.813152,0.57429,0.394516,-0.103722,0.951044,-1.18582
0.050895,-0.0816314,-0.807466,0.582018,0.396108,-0.094714,0.952513,-1.18352
0.0490456,-0.0840881,-0.801468,0.590061,0.397591,-0.08561,0.953933,-1.18031
0.0470149,-0.0856721,-0.795257,0.598345,0.398955,-0.076424,0.955308,-1.17928
0.0450804,-0.0864877,-0.788758,0.606918,0.400187,-0.067179,0.956642,-1.18038
0.0431644,-0.0874093,-0.781717,0.615967,0.401273,-0.05791,0.957941,-1.17997
0.0412428,-0.0888712,-0.773842,0.625755,0.40219,-0.048678,0.95921,-1.17562
0.0392619,-0.0910013,-0.765285,0.636016,0.402919,-0.039486,0.960452,-1.16725
0.0370338,-0.0941406,-0.756712,0.645874,0.403447,-0.030255,0.961672,-1.15561
0.0347851,-0.0977088,-0.748507,0.654966,0.403764,-0.020961,0.962874,-1.14391
0.0331406,-0.100208,-0.74081,0.663371,0.403863,-0.011616,0.964062,-1.13804
0.0320723,-0.101749,-0.733509,0.671255,0.403751,-0.002179,0.965232,-1.13727
0.0311255,-0.10338,-0.726409,0.67873,0.403449,0.007382,0.96638,-1.13698
0.0303863,-0.104818,-0.719705,0.685649,0.402964,0.017015,0.967499,-1.13873
0.0299725,-0.105678,-0.713445,0.692048,0.402311,0.026673,0.968589,-1.14404
0.0298377,-0.106036,-0.707351,0.698227,0.401509,0.036351,0.969643,-1.15191
0.0299934,-0.105907,-0.701261,0.704355,0.400572,0.046063,0.970647,-1.162
0.0303358,-0.105428,-0.695062,0.71053,0.399502,0.055832,0.971576,-1.17361
0.0307389,-0.104768,-0.688686,0.716792,0.398281,0.065683,0.972412,-1.18608
0.031023,-0.104244,-0.68219,0.723041,0.39688,0.075651,0.973137,-1.19853
0.0309022,-0.104397,-0.675576,0.729207,0.395258,0.085759,0.973734,-1.20905
0.0302369,-0.105465,-0.668753,0.735345,0.393397,0.096008,0.974195,-1.21658
0.0291229,-0.107292,-0.661683,0.741496,0.391305,0.106378,0.974512,-1.22165
0.0276213,-0.109692,-0.654368,0.747668,0.389,0.116834,0.974677,-1.22488
0.0257303,-0.11254,-0.646889,0.753795,0.386501,0.127348,0.974681,-1.22669
0.0234244,-0.11586,-0.639333,0.75979,0.383812,0.137907,0.974517,-1.22716
0.0207564,-0.119749,-0.631813,0.765534,0.380933,0.148511,0.97418,-1.22637
0.0177565,-0.12425,-0.624362,0.770986,0.377877,0.159147,0.973677,-1.22427
0.0144751,-0.129269,-0.617003,0.776136,0.374679,0.169769,0.973025,-1.22114
0.0110022,-0.13464,-0.609722,0.781019,0.371378,0.18031,0.972237,-1.21726
0.00743182,-0.140262,-0.602559,0.785617,0.368009,0.190722,0.971331,-1.2129
0.00394612,-0.145951,-0.595686,0.789836,0.364597,0.20098,0.970331,-1.20911
0.000636978,-0.151523,-0.589223,0.793635,0.361161,0.211061,0.969254,-1.20676
-0.00272293,-0.157124,-0.58313,0.797034,0.357719,0.22093,0.968114,-1.20494
-0.00636659,-0.162954,-0.577312,0.800073,0.354295,0.230548,0.966915,-1.20243
-0.0103671,-0.169066,-0.571728,0.802768,0.350929,0.239873,0.965663,-1.19886
-0.0147513,-0.175497,-0.566475,0.80504,0.347653,0.248867,0.964363,-1.19421
-0.0195058,-0.182223,-0.561504,0.806925,0.344495,0.257471,0.96303,-1.18839
-0.0245416,-0.189233,-0.556603,0.808568,0.341461,0.265601,0.961685,-1.18084
-0.0296836,-0.196451,-0.551547,0.810137,0.338563,0.273145,0.960365,-1.17118
-0.0346871,-0.203778,-0.546313,0.811673,0.335814,0.279964,0.959111,-1.15956
-0.0393126,-0.211097,-0.54099,0.813156,0.333234,0.285909,0.957963,-1.14636
-0.0433501,-0.218281,-0.535745,0.814525,0.330852,0.290836,0.956963,-1.13213
-0.0466719,-0.225284,-0.530915,0.815597,0.328701,0.294658,0.956153,-1.11753
-0.0492344,-0.232117,-0.527003,0.816067,0.32682,0.29735,0.955572,-1.10357
-0.0510601,-0.238699,-0.524207,0.815857,0.325261,0.298896,0.955235,-1.09078
-0.0522583,-0.244853,-0.52252,0.815039,0.324092,0.299294,0.955142,-1.07934
-0.0530032,-0.250382,-0.521897,0.813709,0.323381,0.298569,0.955271,-1.06938
-0.0534582,-0.255074,-0.52224,0.812,0.323187,0.296764,0.955591,-1.06106
-0.0537432,-0.258802,-0.523425,0.810037,0.323539,0.293943,0.956075,-1.05431
-0.0539147,-0.261493,-0.525274,0.807962,0.32443,0.290167,0.956701,-1.04894
-0.053984,-0.263154,-0.527733,0.805813,0.325833,0.285507,0.95746,-1.04481
-0.053937,-0.26391,-0.530911,0.803478,0.327705,0.280035,0.958341,-1.04195
-0.0537734,-0.263949,-0.5349,0.800826,0.329988,0.273828,0.95933,-1.04017
-0.0534936,-0.263361,-0.539679,0.797826,0.332625,0.266953,0.960414,-1.03935
-0.0530703,-0.262064,-0.54504,0.794631,0.335568,0.259444,0.961576,-1.03937
-0.052456,-0.260014,-0.550679,0.79145,0.338775,0.251333,0.962801,-1.03983
-0.0515796,-0.257221,-0.556647,0.78824,0.342187,0.242692,0.964091,-1.04124
-0.0503096,-0.253596,-0.563015,0.784967,0.345738,0.233581,0.965439,-1.04454
-0.0486382,-0.249234,-0.569789,0.781574,0.34936,0.224058,0.966833,-1.04975
-0.0467279,-0.24444,-0.576769,0.778076,0.352988,0.21416,0.968255,-1.05549
-0.0446162,-0.23928,-0.583816,0.774541,0.35658,0.203913,0.969695,-1.06113
-0.0424078,-0.233874,-0.591121,0.770766,0.360102,0.193386,0.971158,-1.06664
-0.0403013,-0.228485,-0.598764,0.766584,0.363529,0.182631,0.972643,-1.07151
-0.0382348,-0.223086,-0.606635,0.762079,0.366845,0.171673,0.97414,-1.07601
-0.0361435,-0.217646,-0.614709,0.757269,0.370026,0.160555,0.97564,-1.08046
-0.0340504,-0.212133,-0.62307,0.752079,0.373061,0.149324,0.977122,-1.08529
-0.0319255,-0.206469,-0.631907,0.746354,0.375964,0.138016,0.978543,-1.09138
-0.0299084,-0.200809,-0.641248,0.739988,0.378733,0.126648,0.979887,-1.0983
-0.0281611,-0.195357,-0.65108,0.732897,0.381334,0.115255,0.981162,-1.1054
-0.0265174,-0.190109,-0.66108,0.725347,0.383731,0.103828,0.982362,-1.11233
-0.0247295,-0.184915,-0.670437,0.718129,0.38589,0.092291,0.983475,-1.11782
-0.0227562,-0.179597,-0.678611,0.711838,0.387792,0.0806,0.98449,-1.12094
-0.020593,-0.173991,-0.685377,0.706796,0.389443,0.068733,0.985405,-1.12145
-0.0182418,-0.167924,-0.690378,0.703454,0.390847,0.056641,0.986213,-1.11872
-0.0158348,-0.16175,-0.694539,0.700858,0.391996,0.04448,0.98691,-1.11435
-0.0136627,-0.156453,-0.700279,0.69638,0.392868,0.032627,0.987488,-1.11256
-0.0118847,-0.15249,-0.708693,0.688738,0.393462,0.02127,0.987947,-1.11541
-0.0105409,-0.149915,-0.719708,0.677817,0.393787,0.010438,0.98829,-1.12286
-0.00944463,-0.148016,-0.731229,0.665812,0.393859,-0.000122,0.988535,-1.13109
-0.00841116,-0.146123,-0.741634,0.654643,0.393683,-0.010618,0.98871,-1.13721
-0.00751905,-0.144422,-0.751545,0.643635,0.393263,-0.020951,0.988827,-1.14247
-0.00678068,-0.143068,-0.761269,0.63242,0.39259,-0.031071,0.98888,-1.14745
-0.00618365,-0.142267,-0.7711,0.620585,0.391642,-0.040915,0.988871,-1.15269
-0.00561773,-0.141405,-0.779884,0.609717,0.390444,-0.050663,0.988804,-1.15604
-0.00506828,-0.13995,-0.787029,0.600811,0.389055,-0.060443,0.988675,-1.15643
-0.0046027,-0.138066,-0.79326,0.593005,0.387505,-0.070161,0.988484,-1.15542
-0.00419283,-0.135928,-0.799017,0.585729,0.385793,-0.07976,0.988236,-1.15387
-0.00389274,-0.133903,-0.804946,0.578029,0.383918,-0.089122,0.987935,-1.15299
-0.00370562,-0.13217,-0.811209,0.569611,0.381892,-0.098182,0.987609,-1.15297
-0.00359357,-0.130688,-0.817587,0.560767,0.379718,-0.106942,0.987281,-1.1533
-0.00357478,-0.129434,-0.824017,0.55157,0.377403,-0.115386,0.986959,-1.15388
-0.00365542,-0.128373,-0.830437,0.542109,0.374953,-0.123508,0.98665,-1.15462
-0.00381359,-0.127474,-0.836828,0.532405,0.372375,-0.131309,0.986365,-1.15557
-0.00407926,-0.126775,-0.843255,0.522334,0.369685,-0.138774,0.986112,-1.15681
-0.00450197,-0.126303,-0.849778,0.511766,0.366909,-0.145888,0.985897,-1.15846
-0.00513929,-0.126017,-0.85635,0.500758,0.364084,-0.152651,0.985719,-1.16036
-0.00604209,-0.125905,-0.863005,0.489217,0.361254,-0.15904,0.985578,-1.16267
-0.00724902,-0.125978,-0.869781,0.47703,0.358462,-0.165018,0.985476,-1.16562
-0.00882071,-0.126216,-0.87664,0.464213,0.355763,-0.170557,0.98541,-1.16916
-0.0108849,-0.126638,-0.883613,0.450636,0.353212,-0.175616,0.985374,-1.17336
-0.0136186,-0.127355,-0.890814,0.435943,0.350866,-0.180137,0.98536,-1.17835
-0.0171564,-0.128503,-0.898311,0.419797,0.348766,-0.18407,0.985363,-1.18419
-0.0214988,-0.130171,-0.906044,0.402091,0.346929,-0.187388,0.985379,-1.19074
-0.0264531,-0.132366,-0.913818,0.383036,0.345354,-0.190099,0.985407,-1.19793
-0.0318663,-0.135066,-0.921507,0.362722,0.344062,-0.192197,0.985447,-1.20598
-0.0376796,-0.138152,-0.928953,0.34138,0.343085,-0.193704,0.985499,-1.21486
-0.0438734,-0.141314,-0.935874,0.319759,0.342433,-0.194712,0.98557,-1.22369
-0.0505173,-0.144399,-0.942196,0.298101,0.342111,-0.195282,0.985665,-1.23185
-0.0576818,-0.147463,-0.947989,0.276122,0.342125,-0.195426,0.985777,-1.2392
-0.0653292,-0.150519,-0.953236,0.253805,0.342447,-0.195173,0.9859,-1.24539
-0.0733604,-0.153618,-0.957912,0.231135,0.343037,-0.194535,0.986026,-1.25023
-0.0817746,-0.156992,-0.962031,0.207755,0.343878,-0.193463,0.986142,-1.25348
-0.0904818,-0.160442,-0.965453,0.184315,0.34491,-0.192031,0.986232,-1.25402
-0.0992528,-0.16341,-0.968071,0.162123,0.346036,-0.190428,0.986269,-1.25096
-0.108007,-0.165893,-0.970014,0.141018,0.347236,-0.188682,0.986223,-1.24462
-0.116672,-0.168205,-0.971406,0.120274,0.348522,-0.186724,0.9861,-1.23556
-0.125161,-0.170428,-0.97231,0.0995125,0.349918,-0.18454,0.985933,-1.22432
-0.133447,-0.172679,-0.972756,0.0782232,0.351451,-0.182113,0.98573,-1.21131
-0.14156,-0.175384,-0.972696,0.0553441,0.35318,-0.179359,0.985452,-1.19683
-0.149551,-0.179376,-0.971899,0.0295064,0.355206,-0.176101,0.98505,-1.18033
-0.157259,-0.184354,-0.970197,0.00129087,0.357506,-0.17241,0.984535,-1.16151
0.164355,0.188562,0.967842,0.0267239,0.359904,-0.168636,0.983993,-1.14156
0.170819,0.190873,0.965193,0.0528286,0.36232,-0.164922,0.983466,-1.12057
0.176911,0.19074,0.962558,0.0761707,0.364783,-0.161224,0.982944,-1.09678
0.182742,0.187445,0.960237,0.0970291,0.367317,-0.157533,0.982417,-1.06946
0.188266,0.180119,0.958351,0.116942,0.369947,-0.153849,0.981871,-1.03694
0.193482,0.167371,0.956915,0.137353,0.372689,-0.150174,0.981294,-0.985552
0.198402,0.147032,0.955814,0.159492,0.375544,-0.146521,0.980682,-0.775481
0.202847,0.116103,0.954677,0.184296,0.378483,-0.142893,0.980041,-0.247846
0.207778,0.0817755,0.95179,0.210325,0.381458,-0.139286,0.97938,-0.365615
0.215186,0.0624408,0.946253,0.23324,0.384433,-0.1357,0.978713,-0.31723
0.237442,0.0952696,0.931171,0.259742,0.390444,-0.12868,0.977328,0.0502501
0.249327,0.139021,0.921241,0.264242,0.393569,-0.125307,0.976571,0.548307
0.259325,0.179568,0.910006,0.269064,0.396831,-0.122075,0.975742,0.462691
0.267587,0.209707,0.898896,0.276416,0.400223,-0.118998,0.974856,0.150458
0.274658,0.232322,0.888577,0.284641,0.403668,-0.116016,0.973961,-0.00515516
0.28091,0.249443,0.879433,0.292346,0.407092,-0.113065,0.973086,-0.086594
0.286719,0.262545,0.871365,0.299308,0.41049,-0.11015,0.97223,-0.129732
0.292344,0.27273,0.864099,0.305755,0.413887,-0.107302,0.971388,-0.150942
0.297891,0.280813,0.857426,0.311809,0.417298,-0.104538,0.970555,-0.159094
0.303279,0.287427,0.851245,0.317474,0.420733,-0.101858,0.969734,-0.160077
0.308411,0.292978,0.845603,0.322495,0.424176,-0.099243,0.96893,-0.157279
0.313323,0.297724,0.84043,0.326905,0.427632,-0.096685,0.968138,-0.15198
0.318162,0.301874,0.835475,0.3311,0.43112,-0.094195,0.967338,-0.144595
0.32299,0.305656,0.830417,0.335648,0.434656,-0.091774,0.966513,-0.135792
0.327757,0.309222,0.825096,0.340842,0.438236,-0.089406,0.965662,-0.126289
0.332338,0.312689,0.819574,0.34652,0.441843,-0.087059,0.964795,-0.117037
0.336647,0.316094,0.81405,0.352245,0.44546,-0.084705,0.963921,-0.108603
0.340755,0.31946,0.808554,0.35787,0.449099,-0.082345,0.963043,-0.100936
0.344813,0.322802,0.80293,0.363602,0.452789,-0.080009,0.962148,-0.0936899
0.348911,0.326134,0.796982,0.369754,0.456557,-0.077738,0.961231,-0.0866698
0.353028,0.329423,0.790636,0.376491,0.460413,-0.075564,0.960293,-0.0797754
0.357184,0.332663,0.783989,0.383557,0.464375,-0.073466,0.959326,-0.0729228
0.361462,0.335911,0.7773,0.390273,0.468481,-0.071365,0.95831,-0.0661446
0.365987,0.339163,0.770706,0.396276,0.472759,-0.069235,0.957224,-0.0591897
0.370891,0.342342,0.764154,0.401634,0.477224,-0.067105,0.956055,-0.0515222
0.376341,0.345333,0.757587,0.406416,0.481885,-0.065004,0.954772,-0.0422999
0.382179,0.348208,0.750919,0.410867,0.486704,-0.063002,0.953371,-0.0324197
0.387907,0.351224,0.74402,0.415456,0.491612,-0.061207,0.951902,-0.0243474
0.393296,0.354409,0.736943,0.42027,0.496561,-0.059634,0.950402,-0.0184819
0.398189,0.358258,0.729787,0.424861,0.501523,-0.058252,0.94888,-0.0173838
0.402502,0.363209,0.722518,0.428997,0.506478,-0.057053,0.947341,-0.0232286
0.406665,0.368342,0.715076,0.433144,0.511422,-0.056028,0.945791,-0.0304725
0.410951,0.37301,0.707424,0.437646,0.516358,-0.05517,0.944237,-0.035466
0.415298,0.377297,0.699636,0.442362,0.521272,-0.054465,0.942699,-0.0388525
0.419623,0.381252,0.691798,0.44719,0.526142,-0.053907,0.941201,-0.0411494
0.423836,0.384891,0.684001,0.452066,0.530946,-0.053494,0.939771,-0.0427151
0.427952,0.388192,0.676257,0.45699,0.535674,-0.053246,0.93843,-0.0435407
0.432063,0.391173,0.66848,0.461994,0.540333,-0.053177,0.937175,-0.0436321
0.37453,0.634022,0.448839,0.506248,0.56069,0.048936,0.742625,-0.147378
0.381788,0.628473,0.448143,0.508357,0.561356,0.038482,0.743437,-0.147057
0.389264,0.622667,0.447229,0.510632,0.56191,0.027984,0.744211,-0.145879
0.397049,0.616495,0.446077,0.513129,0.562349,0.017446,0.744964,-0.143358
0.405005,0.610027,0.444758,0.51578,0.562663,0.006877,0.745712,-0.139978
0.41294,0.603386,0.443443,0.518425,0.562836,-0.003702,0.746478,-0.136562
0.420756,0.596596,0.44224,0.521021,0.562853,-0.014269,0.74729,-0.133357
0.428456,0.589609,0.441197,0.523576,0.562707,-0.024808,0.748167,-0.130258
0.436087,0.582349,0.440326,0.526129,0.562394,-0.035303,0.749125,-0.127065
0.443727,0.57473,0.439588,0.528729,0.56191,-0.045743,0.750171,-0.123425
0.451351,0.566744,0.439064,0.531326,0.561262,-0.056107,0.751315,-0.119187
0.458866,0.558463,0.438891,0.533794,0.560449,-0.066366,0.752556,-0.114609
0.466203,0.549945,0.439234,0.535993,0.559469,-0.076496,0.753887,-0.109874
0.47345,0.541056,0.440088,0.537984,0.558328,-0.086477,0.755293,-0.104162
0.480744,0.531512,0.441376,0.53997,0.557013,-0.096289,0.75677,-0.0960017
0.488003,0.521349,0.44315,0.541911,0.55551,-0.105916,0.758316,-0.0855555
0.495156,0.510779,0.44541,0.543632,0.553832,-0.115358,0.759896,-0.0738034
0.502283,0.499966,0.448052,0.544973,0.552014,-0.124628,0.761454,-0.0614688
0.509512,0.488979,0.451061,0.545748,0.550086,-0.133724,0.762949,-0.048862
0.516809,0.477927,0.45421,0.546065,0.548076,-0.142681,0.764355,-0.0365123
0.524073,0.466944,0.45731,0.546057,0.546003,-0.151534,0.765653,-0.0250209
0.531307,0.455978,0.460431,0.545711,0.543873,-0.160271,0.766847,-0.0141283
0.538358,0.445269,0.463012,0.545459,0.541725,-0.168967,0.767912,-0.00477526
0.545077,0.435101,0.46451,0.545718,0.539592,-0.177695,0.768816,0.00203212
0.551439,0.425551,0.464837,0.546579,0.537487,-0.186472,0.769538,0.00613413
0.557575,0.416452,0.464342,0.547782,0.535401,-0.195241,0.770068,0.00835399
0.563736,0.407372,0.463924,0.548657,0.533312,-0.203869,0.770408,0.0105295
0.570071,0.398086,0.46402,0.548846,0.531219,-0.21228,0.770545,0.013595
0.576606,0.388615,0.464586,0.548329,0.529151,-0.220449,0.770448,0.0175702
0.583298,0.379036,0.465536,0.547148,0.527144,-0.228346,0.77009,0.0223411
0.590106,0.369441,0.466763,0.545363,0.525238,-0.235929,0.769443,0.0277773
0.596961,0.359921,0.468196,0.543035,0.523472,-0.243142,0.76849,0.0338168
0.603747,0.350648,0.469691,0.540301,0.521867,-0.249914,0.767221,0.0401663
0.610337,0.341806,0.471109,0.537321,0.520436,-0.256172,0.765642,0.0464208
0.616656,0.333494,0.472521,0.53408,0.519207,-0.261833,0.763773,0.0524158
0.622654,0.325756,0.474063,0.530518,0.51821,-0.266811,0.761639,0.0581109
0.628248,0.318741,0.475689,0.526714,0.517462,-0.271029,0.759271,0.0631042
0.633355,0.312612,0.477302,0.522798,0.516974,-0.274415,0.7567,0.0669918
0.637872,0.307549,0.478804,0.518922,0.516769,-0.276901,0.753961,0.0697736
0.641768,0.30369,0.480213,0.515075,0.516875,-0.278429,0.75108,0.0719354
0.645093,0.301038,0.481678,0.511094,0.517312,-0.278946,0.748069,0.0739055
0.647896,0.299536,0.483343,0.506842,0.518084,-0.27843,0.744954,0.0757385
0.650135,0.29916,0.485193,0.50241,0.519176,-0.276908,0.741779,0.0773275
0.651805,0.299833,0.487254,0.497829,0.520561,-0.274415,0.738588,0.0787535
0.652925,0.301446,0.489572,0.49309,0.522207,-0.270985,0.735425,0.0801315
0.653494,0.303899,0.492204,0.488187,0.524074,-0.266657,0.732332,0.0815385
0.653553,0.307013,0.495327,0.482972,0.526113,-0.26146,0.729347,0.0831672
0.653161,0.310589,0.499139,0.477258,0.52826,-0.255438,0.726505,0.0851574
0.652414,0.314402,0.503888,0.470748,0.530454,-0.248638,0.723835,0.0876662
0.651364,0.318406,0.509112,0.463839,0.532677,-0.241201,0.721346,0.0907394
0.649872,0.323085,0.513249,0.458103,0.534942,-0.233418,0.71901,0.0932523
0.647722,0.328933,0.515508,0.454436,0.537248,-0.225461,0.716803,0.0936417
0.644819,0.336023,0.516242,0.452538,0.539567,-0.217335,0.71472,0.0911868
0.641313,0.343904,0.516274,0.451563,0.54185,-0.208963,0.712772,0.0869634
0.637567,0.351752,0.516713,0.450319,0.544042,-0.200222,0.710983,0.0832853
0.63376,0.359236,0.517957,0.44835,0.546112,-0.191099,0.709355,0.0810319
0.629875,0.366451,0.519808,0.445838,0.548057,-0.18168,0.70788,0.0797777
0.625847,0.373516,0.522076,0.442987,0.549877,-0.172041,0.706555,0.0789931
0.621663,0.380489,0.524624,0.439924,0.551578,-0.162239,0.705373,0.0784248
0.617313,0.387439,0.527307,0.436765,0.55317,-0.152321,0.704319,0.0776627
0.612841,0.394339,0.530041,0.433567,0.554666,-0.142325,0.703373,0.0764961
0.608321,0.40114,0.532788,0.430314,0.556078,-0.132277,0.70252,0.0750291
0.603828,0.407778,0.53562,0.426873,0.557407,-0.122194,0.701744,0.0735829
0.599362,0.414294,0.538508,0.423243,0.558649,-0.112086,0.701026,0.0721872
0.594885,0.420764,0.541342,0.419546,0.5598,-0.101965,0.70035,0.0708012
0.590337,0.427275,0.544029,0.415899,0.560852,-0.091838,0.699705,0.0692292
0.58573,0.433787,0.546589,0.412299,0.561802,-0.081699,0.699087,0.067699
0.581073,0.440261,0.54907,0.408713,0.562652,-0.071539,0.698498,0.066417
0.576377,0.446686,0.551481,0.405129,0.563401,-0.061363,0.697928,0.0654105
0.571689,0.453052,0.553826,0.401487,0.564045,-0.051173,0.697363,0.0646977
0.567025,0.459352,0.556112,0.397766,0.564581,-0.040968,0.696797,0.0642952
0.562338,0.46561,0.558337,0.394009,0.565007,-0.030742,0.696234,0.0641154
0.557562,0.471842,0.560513,0.390276,0.565315,-0.020496,0.695683,0.0640507
0.552687,0.478014,0.562651,0.386605,0.56549,-0.010242,0.695151,0.064154
0.547701,0.484106,0.564742,0.383055,0.565519,1e-05,0.694643,0.0644686
0.542635,0.490111,0.56677,0.379617,0.565403,0.01026,0.69415,0.0650306
0.537467,0.496102,0.568657,0.376352,0.56515,0.020499,0.693654,0.0656417
0.532217,0.502149,0.570346,0.373226,0.564747,0.030727,0.693124,0.0661298
0.526904,0.508253,0.571902,0.370106,0.564171,0.040952,0.692538,0.0664962
0.521434,0.514439,0.573344,0.367064,0.563432,0.05116,0.691905,0.0665969
0.5157,0.520739,0.574608,0.364295,0.562541,0.061356,0.691224,0.0663018
0.509765,0.527105,0.57565,0.361838,0.561507,0.07156,0.690471,0.0658979
0.503691,0.533534,0.576406,0.359712,0.560338,0.081754,0.689628,0.0655057
0.497491,0.540039,0.576909,0.357821,0.559036,0.091923,0.688682,0.0650528
0.491126,0.546677,0.577224,0.356023,0.557595,0.102066,0.687613,0.0642621
0.484576,0.553475,0.577359,0.354271,0.556008,0.112183,0.686407,0.0630443
0.477803,0.560457,0.577281,0.352616,0.554271,0.122275,0.685053,0.0613657
0.47082,0.567592,0.576944,0.351147,0.552387,0.132336,0.683537,0.0594479
0.463647,0.574835,0.576375,0.349839,0.550357,0.142353,0.68185,0.0573994
0.456221,0.582217,0.575654,0.34858,0.54818,0.152301,0.679985,0.0548605
0.448539,0.589742,0.574822,0.34727,0.545855,0.162139,0.677939,0.0515928
0.440656,0.597362,0.573964,0.345754,0.543386,0.171837,0.675712,0.0476212
0.432523,0.605097,0.573194,0.343846,0.54078,0.181375,0.673296,0.042616
0.424213,0.612913,0.572407,0.341658,0.538049,0.190718,0.670667,0.0367525
0.416004,0.620649,0.571304,0.339627,0.535213,0.199824,0.667808,0.0311617
0.408023,0.628242,0.569744,0.337966,0.532289,0.208661,0.664705,0.0263621
0.400169,0.635758,0.567737,0.336676,0.529292,0.217198,0.66135,0.0219612
0.392363,0.643246,0.5653,0.335741,0.52623,0.225405,0.657738,0.0176526
0.384504,0.650779,0.562393,0.335198,0.523115,0.233259,0.653861,0.0129758
0.376576,0.658384,0.55905,0.334938,0.519945,0.240745,0.649708,0.00779484
0.368713,0.665967,0.555527,0.334557,0.516698,0.247896,0.645272,0.00270172
0.360944,0.673504,0.551951,0.33386,0.513383,0.254735,0.640544,-0.00205335
0.353034,0.681175,0.548062,0.33316,0.51003,0.2612,0.635488,-0.00731419
0.344933,0.689038,0.543764,0.332519,0.506651,0.267232,0.630084,-0.0133837
0.336794,0.696997,0.539143,0.331798,0.503263,0.272773,0.624349,-0.0199348
0.328767,0.704892,0.534272,0.331048,0.4999,0.277717,0.618342,-0.0264731
0.321024,0.712512,0.529228,0.330436,0.496611,0.281932,0.612159,-0.032378
0.313765,0.719636,0.524152,0.330062,0.493454,0.285314,0.605925,-0.0371515
0.307154,0.726152,0.519126,0.329951,0.490487,0.287773,0.599754,-0.0409289
0.301415,0.731975,0.51423,0.330044,0.487782,0.289242,0.593774,-0.0439076
0.296854,0.736977,0.509644,0.330161,0.485415,0.289687,0.58812,-0.0458953
0.293724,0.741042,0.505568,0.330127,0.48344,0.289109,0.582891,-0.0466107
0.29202,0.744178,0.502003,0.330027,0.481906,0.287516,0.578141,-0.0463263
0.291647,0.746456,0.498821,0.330036,0.480853,0.284924,0.573893,-0.045505
0.292534,0.747928,0.495966,0.330219,0.480299,0.281378,0.570155,-0.0443878
0.294584,0.748651,0.493386,0.330623,0.480239,0.27694,0.566909,-0.0431189
0.29769,0.748709,0.491008,0.331249,0.480657,0.27168,0.564112,-0.0418555
0.301726,0.748188,0.488748,0.332117,0.481528,0.265664,0.561713,-0.0406903
0.306481,0.747196,0.486497,0.333299,0.482805,0.258961,0.559661,-0.0398504
0.311689,0.745819,0.484186,0.334914,0.484439,0.251634,0.557905,-0.0394521
0.317075,0.744136,0.481823,0.337004,0.48637,0.243749,0.556394,-0.0396203
0.322556,0.742184,0.479421,0.339523,0.48853,0.23538,0.555089,-0.0402102
0.328171,0.739998,0.476961,0.342368,0.490849,0.226602,0.553956,-0.0409774
0.333928,0.737619,0.474419,0.345452,0.493253,0.217482,0.55297,-0.0418076
0.339778,0.735089,0.471795,0.348719,0.495674,0.20809,0.552111,-0.0426154
0.34566,0.732425,0.469129,0.352125,0.498058,0.198507,0.55137,-0.0432911
0.35145,0.729667,0.466407,0.355715,0.500371,0.188797,0.550743,-0.043946
0.356977,0.726875,0.463534,0.35966,0.502605,0.178987,0.550242,-0.0448888
0.362153,0.724114,0.460386,0.364072,0.504751,0.169091,0.549878,-0.0464554
0.367129,0.721357,0.45703,0.36876,0.506776,0.159125,0.549661,-0.0483987
0.372055,0.718539,0.453665,0.373451,0.508639,0.149133,0.549598,-0.0503325
0.376951,0.715632,0.450417,0.378026,0.510315,0.13919,0.549679,-0.0521413
0.381805,0.712625,0.447332,0.382471,0.511794,0.129353,0.549896,-0.0537626
0.386616,0.70951,0.444453,0.386762,0.513073,0.119645,0.550247,-0.0551487
0.391376,0.706294,0.441794,0.390886,0.514145,0.110084,0.550717,-0.0563207
0.39614,0.702956,0.43939,0.394795,0.515011,0.100687,0.551296,-0.0571903
0.400926,0.699502,0.437234,0.398475,0.51567,0.091459,0.551967,-0.0577735
0.405712,0.695971,0.435289,0.401928,0.516134,0.082406,0.552708,-0.0582557
0.410465,0.692404,0.433483,0.405201,0.516417,0.073526,0.553497,-0.0587719
0.41516,0.688824,0.431765,0.408342,0.516545,0.06483,0.55432,-0.0593523
0.41979,0.68523,0.430155,0.411342,0.516534,0.056329,0.555166,-0.0599764
0.424352,0.68162,0.428643,0.414227,0.516392,0.04802,0.556031,-0.0606624
0.428913,0.677961,0.427269,0.416946,0.516123,0.039899,0.556914,-0.061278
0.433528,0.674213,0.426092,0.419448,0.515731,0.031961,0.557813,-0.0617059
0.43817,0.670381,0.425124,0.421741,0.515226,0.024214,0.558729,-0.0620743
0.442776,0.666485,0.424371,0.423859,0.514625,0.016672,0.559666,-0.0625447
0.447326,0.662505,0.423888,0.4258,0.513944,0.009355,0.560634,-0.0630787
0.451782,0.658428,0.423706,0.427597,0.513205,0.00228,0.561639,-0.0635862
0.456088,0.654282,0.423803,0.42929,0.512423,-0.004537,0.562688,-0.0641541
0.460244,0.650085,0.424175,0.43086,0.511615,-0.011087,0.563787,-0.0647889
0.464241,0.645827,0.424879,0.432279,0.510808,-0.017354,0.564938,-0.0654439
0.468036,0.641542,0.425903,0.433558,0.51002,-0.023322,0.566143,-0.0662266
0.471572,0.637256,0.427214,0.434757,0.509268,-0.028981,0.567414,-0.0672046
0.474811,0.632994,0.42881,0.435884,0.508566,-0.034325,0.568763,-0.0684601
0.47772,0.628776,0.430686,0.436959,0.507936,-0.039356,0.570196,-0.0700929
0.480315,0.624617,0.432834,0.437957,0.507408,-0.044087,0.571719,-0.0722108
0.482631,0.62052,0.435226,0.438862,0.507005,-0.048539,0.573345,-0.0749122
0.484697,0.616489,0.437864,0.439641,0.506739,-0.052734,0.575099,-0.0783474
0.486442,0.612563,0.440717,0.440351,0.506617,-0.056714,0.577018,-0.08288
0.487813,0.608768,0.443808,0.440992,0.506636,-0.060531,0.579152,-0.0889912
0.488804,0.605068,0.447242,0.441517,0.506777,-0.064227,0.581559,-0.0969632
0.489452,0.601342,0.451107,0.441959,0.507028,-0.067849,0.584293,-0.106606
0.489858,0.597397,0.455508,0.442345,0.507397,-0.071449,0.587369,-0.117295
0.49019,0.593054,0.46043,0.442724,0.507917,-0.075086,0.59073,-0.128169
0.490651,0.588208,0.465739,0.443126,0.508641,-0.078808,0.594261,-0.138392
0.491405,0.582873,0.471276,0.443486,0.509612,-0.08262,0.597814,-0.147449
0.492566,0.577134,0.476986,0.443599,0.510858,-0.086463,0.601255,-0.155164
0.494004,0.571206,0.482719,0.443471,0.512412,-0.090268,0.604482,-0.161892
0.49548,0.565381,0.488153,0.443341,0.514302,-0.094005,0.607422,-0.16831
0.496863,0.559841,0.493038,0.443418,0.516555,-0.097663,0.610024,-0.174701
0.498188,0.554664,0.497266,0.443715,0.519172,-0.101223,0.612249,-0.180949
0.499572,0.549892,0.500854,0.444063,0.522138,-0.104648,0.61407,-0.186948
0.50108,0.545536,0.503935,0.44425,0.525418,-0.10789,0.61549,-0.193058
0.502656,0.541604,0.506585,0.444268,0.528984,-0.110917,0.616549,-0.19944
0.504186,0.538115,0.508779,0.444266,0.532799,-0.11371,0.617301,-0.205959
0.505606,0.535066,0.510531,0.444325,0.536826,-0.116268,0.617801,-0.212786
0.506895,0.532411,0.511928,0.444439,0.541022,-0.1186,0.618111,-0.220208
0.508053,0.530069,0.513101,0.444563,0.545345,-0.120711,0.618287,-0.228449
0.509087,0.527963,0.514207,0.444609,0.54976,-0.122604,0.618378,-0.238061
0.510017,0.526023,0.515338,0.444533,0.554238,-0.124295,0.618421,-0.249408
0.51089,0.524194,0.516491,0.444353,0.558754,-0.125809,0.618444,-0.262762
0.511739,0.522439,0.517637,0.44411,0.56328,-0.127175,0.61847,-0.277711
0.512574,0.520753,0.518779,0.443793,0.567788,-0.128403,0.618516,-0.293056
0.513365,0.519124,0.519996,0.443363,0.572249,-0.129484,0.618606,-0.308419
0.514101,0.517586,0.52127,0.442813,0.576646,-0.130428,0.618739,-0.324329
0.514823,0.516194,0.522429,0.442231,0.580964,-0.13128,0.618894,-0.34092
0.515692,0.514905,0.523358,0.441623,0.585193,-0.132095,0.619035,-0.357714
0.516887,0.513621,0.524051,0.4409,0.589299,-0.132916,0.619129,-0.374112
0.518475,0.512261,0.524568,0.440001,0.593237,-0.133767,0.619153,-0.389648
0.520429,0.510782,0.525012,0.438882,0.596944,-0.134646,0.619108,-0.404052
0.522656,0.509215,0.525422,0.437564,0.600361,-0.135525,0.619003,-0.417104
0.525024,0.507679,0.52571,0.436167,0.603442,-0.136364,0.61885,-0.428513
0.527365,0.506392,0.525677,0.434876,0.606154,-0.137127,0.618645,-0.438235
0.529626,0.505423,0.525283,0.43373,0.608478,-0.137789,0.618387,-0.445969
0.53179,0.504768,0.524593,0.43268,0.610398,-0.138331,0.618083,-0.451447
0.533865,0.504367,0.523778,0.431576,0.611902,-0.138727,0.617741,-0.454725
0.535743,0.504285,0.522932,0.43037,0.612981,-0.138951,0.61737,-0.456539
0.537358,0.504562,0.52209,0.429052,0.613639,-0.138988,0.616969,-0.457366
0.538703,0.50526,0.521152,0.427682,0.613904,-0.138848,0.616524,-0.457324
0.539921,0.506424,0.519931,0.426253,0.613822,-0.138562,0.615986,-0.456138
0.541218,0.508063,0.518292,0.424651,0.613454,-0.138168,0.615292,-0.453737
0.542808,0.510155,0.516143,0.422728,0.612867,-0.137699,0.614389,-0.450199
0.544787,0.512649,0.513541,0.420326,0.612111,-0.137173,0.613263,-0.446151
0.547076,0.515463,0.51068,0.417387,0.611224,-0.136594,0.611946,-0.442343
0.549506,0.518544,0.50768,0.414025,0.610232,-0.135983,0.610486,-0.43937
0.552012,0.52189,0.504454,0.410414,0.609169,-0.135381,0.608908,-0.437332
0.554685,0.525479,0.500858,0.406617,0.60808,-0.134833,0.607212,-0.435951
0.557679,0.529214,0.496879,0.402539,0.607,-0.134364,0.605383,-0.434851
0.561013,0.532991,0.492686,0.398052,0.605953,-0.133966,0.60343,-0.434147
0.564601,0.536763,0.48849,0.39305,0.604942,-0.133609,0.601373,-0.434298
0.568365,0.540558,0.484334,0.38753,0.603967,-0.133275,0.599214,-0.435528
0.572259,0.54453,0.479978,0.381613,0.603028,-0.132963,0.596931,-0.437938
0.576317,0.548734,0.47515,0.375475,0.602122,-0.132705,0.594508,-0.440967
0.580568,0.553051,0.469734,0.369358,0.601226,-0.132552,0.591963,-0.44362
0.58498,0.557198,0.463913,0.363475,0.600307,-0.132546,0.589367,-0.444989
0.589485,0.560919,0.458083,0.357822,0.59932,-0.132679,0.586806,-0.444872
0.593983,0.564143,0.452655,0.352178,0.598217,-0.13289,0.584339,-0.443915
0.598445,0.566941,0.4478,0.34629,0.596954,-0.133104,0.581974,-0.44268
0.602834,0.569503,0.44339,0.340091,0.595491,-0.133276,0.579681,-0.441537
0.607109,0.572044,0.439169,0.333637,0.593796,-0.13338,0.577423,-0.440654
0.611259,0.574665,0.434954,0.327013,0.591841,-0.133405,0.575179,-0.439817
0.615265,0.577407,0.430669,0.320273,0.589607,-0.133344,0.572946,-0.438909
0.619155,0.580225,0.426398,0.313322,0.587077,-0.133182,0.570734,-0.437894
0.623001,0.583102,0.422184,0.305978,0.584239,-0.132901,0.568538,-0.436831
0.626927,0.586056,0.417955,0.298017,0.581075,-0.132493,0.566331,-0.435715
0.631035,0.589201,0.413466,0.289281,0.577577,-0.131962,0.564062,-0.434591
0.635407,0.592599,0.408465,0.279715,0.573744,-0.131327,0.561686,-0.433346
0.64004,0.59625,0.402796,0.269426,0.569582,-0.130609,0.559195,-0.431734
0.644902,0.600041,0.396444,0.25862,0.565103,-0.129855,0.556623,-0.429541
0.650044,0.603695,0.389547,0.247484,0.560323,-0.129107,0.55403,-0.426407
0.655415,0.607014,0.382247,0.236331,0.555276,-0.128415,0.551495,-0.422073
0.660941,0.609882,0.374656,0.225466,0.54999,-0.127811,0.549084,-0.416246
0.666488,0.612327,0.366855,0.215096,0.544495,-0.127302,0.546838,-0.409099
0.671921,0.614445,0.358918,0.205323,0.538812,-0.126864,0.544774,-0.400998
0.677158,0.616296,0.350965,0.196112,0.532963,-0.126461,0.542896,-0.392286
0.682276,0.617775,0.343175,0.18731,0.526974,-0.126064,0.541206,-0.382822
0.687345,0.618778,0.335641,0.178929,0.520878,-0.125675,0.539706,-0.372382
0.692362,0.619269,0.328395,0.171165,0.514713,-0.125319,0.538406,-0.360873
0.69729,0.619268,0.321404,0.164298,0.508524,-0.125024,0.537314,-0.348291
0.702092,0.618903,0.314499,0.15848,0.502315,-0.124805,0.536402,-0.334824
0.706715,0.61844,0.307394,0.153605,0.496056,-0.124645,0.535583,-0.321063
0.711198,0.618029,0.299907,0.149308,0.489706,-0.124487,0.534754,-0.307364
0.715506,0.617814,0.292037,0.145161,0.483238,-0.124253,0.533837,-0.294131
0.719615,0.617783,0.284033,0.140794,0.476649,-0.123851,0.532812,-0.281433
0.723394,0.618009,0.27611,0.136119,0.469956,-0.123212,0.531689,-0.269515
0.726747,0.618557,0.268312,0.131282,0.463186,-0.122308,0.530479,-0.258405
0.729639,0.619466,0.260557,0.126488,0.45636,-0.121146,0.529185,-0.248028
0.732073,0.620768,0.252725,0.121844,0.449476,-0.119748,0.527808,-0.238435
0.734121,0.622394,0.244821,0.117279,0.442532,-0.118123,0.52635,-0.229553
0.735777,0.624333,0.236948,0.112675,0.435532,-0.116264,0.524818,-0.221462
0.736976,0.626618,0.229261,0.10796,0.428499,-0.114152,0.523237,-0.214253
0.737679,0.629271,0.221875,0.103053,0.421462,-0.111771,0.521624,-0.207937
0.737897,0.632275,0.214857,0.0978457,0.414434,-0.109121,0.519976,-0.202499
0.737638,0.635619,0.208228,0.0923074,0.407419,-0.106219,0.518291,-0.197849
0.73697,0.63925,0.201901,0.0864312,0.400417,-0.103093,0.516558,-0.193654
0.735939,0.643121,0.195811,0.0802896,0.393451,-0.09977,0.514776,-0.189739
0.734518,0.647248,0.189966,0.0739347,0.386543,-0.096267,0.512946,-0.186222
0.732629,0.651693,0.184394,0.0674501,0.379713,-0.092587,0.511066,-0.183333
0.730282,0.656444,0.179062,0.0608879,0.37295,-0.088733,0.509121,-0.181184
0.727473,0.661525,0.173857,0.0542314,0.36622,-0.084715,0.507077,-0.179894
0.724175,0.667011,0.168601,0.0473274,0.359465,-0.080537,0.504896,-0.179659
0.72053,0.672773,0.163153,0.0399341,0.352619,-0.076208,0.502538,-0.180222
0.716658,0.678683,0.157392,0.0319232,0.34563,-0.071753,0.499995,-0.181191
0.712626,0.684651,0.151235,0.0233605,0.338478,-0.067213,0.497271,-0.182083
0.708515,0.690559,0.144655,0.0144738,0.331189,-0.062638,0.494401,-0.182492
0.70435,0.69635,0.137684,0.00555677,0.323806,-0.058079,0.491433,-0.18232
-0.700026,-0.702109,-0.130373,0.00313483,0.316375,-0.053588,0.488424,-0.181892
-0.695539,-0.707827,-0.122777,0.0114821,0.308933,-0.049198,0.485412,-0.181282
-0.691002,-0.713377,-0.115011,0.0195362,0.301515,-0.044913,0.482434,-0.18024
-0.686499,-0.718664,-0.107188,0.0274251,0.294143,-0.040725,0.479522,-0.178598
-0.682027,-0.723682,-0.0994016,0.0352594,0.286843,-0.036625,0.476718,-0.17644
-0.677478,-0.728533,-0.091708,0.043051,0.279658,-0.03262,0.474053,-0.174146
-0.672838,-0.733224,-0.084216,0.0507895,0.272664,-0.028719,0.471554,-0.171888
-0.668119,-0.737742,-0.0770678,0.0584414,0.265965,-0.024938,0.46924,-0.169828
-0.663393,-0.742022,-0.0704624,0.0659367,0.259693,-0.021293,0.467131,-0.167993
-0.65873,-0.746033,-0.064574,0.0730792,0.253995,-0.017823,0.465242,-0.166474
-0.654154,-0.749808,-0.0595271,0.0795472,0.249031,-0.014593,0.463579,-0.165506
-0.649616,-0.753469,-0.0553994,0.0849368,0.244958,-0.011677,0.46212,-0.165567
-0.645126,-0.757077,-0.0522854,0.0889574,0.241917,-0.009131,0.460846,-0.166952
-0.64073,-0.760643,-0.0502288,0.0914567,0.239995,-0.006988,0.459741,-0.169765
-0.6366,-0.764048,-0.0491348,0.0924977,0.239217,-0.005264,0.458797,-0.173688
-0.633065,-0.767011,-0.0488675,0.0923863,0.239543,-0.003949,0.458016,-0.177915
-0.630286,-0.769372,-0.0493446,0.0914913,0.2409,-0.003005,0.457408,-0.182004
-0.62814,-0.771219,-0.0505028,0.0900605,0.243202,-0.002403,0.456971,-0.186231
-0.626633,-0.772541,-0.0522726,0.0881963,0.24638,-0.002115,0.456693,-0.190473
-0.625779,-0.773336,-0.0546449,0.0858315,0.250386,-0.002115,0.456565,-0.194548
-0.625454,-0.773711,-0.057589,0.082837,0.255172,-0.002379,0.45657,-0.198607
-0.625332,-0.773927,-0.0610925,0.079145,0.260669,-0.002878,0.456694,-0.203321
-0.62527,-0.774075,-0.0651498,0.0748434,0.266796,-0.003568,0.456942,-0.208874
-0.625485,-0.773949,-0.0696572,0.0701439,0.273457,-0.004407,0.457305,-0.214512
-0.625854,-0.773635,-0.074436,0.0652331,0.28054,-0.005373,0.457762,-0.220379
-0.626203,-0.77327,-0.0792995,0.0603003,0.287937,-0.006445,0.458281,-0.226811
-0.626677,-0.772724,-0.0841472,0.0556112,0.29556,-0.007593,0.458839,-0.233388
-0.627312,-0.771961,-0.0889809,0.0513633,0.303357,-0.008791,0.459419,-0.240013
-0.628044,-0.771036,-0.0938279,0.0475487,0.311314,-0.010025,0.460012,-0.246814
-0.628943,-0.769913,-0.0986605,0.0439309,0.319442,-0.011286,0.460627,-0.25351
-0.630228,-0.768443,-0.103405,0.0401913,0.327755,-0.012567,0.461271,-0.259391
-0.631873,-0.766652,-0.108069,0.0360918,0.336256,-0.013869,0.461946,-0.264419
-0.633582,-0.764763,-0.112743,0.0316326,0.344934,-0.015194,0.462638,-0.269353
-0.635007,-0.763032,-0.117566,0.0269664,0.353779,-0.016526,0.463335,-0.275122
-0.636071,-0.761499,-0.122611,0.0223344,0.362761,-0.017831,0.464031,-0.281966
-0.636901,-0.760063,-0.127839,0.0178515,0.371843,-0.019094,0.464727,-0.289577
-0.637425,-0.758804,-0.13313,0.0134622,0.380981,-0.020327,0.465416,-0.298133
-0.637569,-0.757808,-0.138387,0.00908981,0.390146,-0.021538,0.466088,-0.307831
-0.637495,-0.756943,-0.143578,0.00475774,0.399318,-0.022719,0.466744,-0.318235
-0.637425,-0.756009,-0.148791,0.00045286,0.408488,-0.023853,0.467396,-0.328673
0.637428,0.754935,0.15409,0.00396939,0.417657,-0.024936,0.46806,-0.338832
0.63749,0.753744,0.159375,0.00873497,0.42682,-0.025986,0.468738,-0.348576
0.637578,0.752502,0.164421,0.014142,0.435959,-0.027042,0.469416,-0.357791
0.637633,0.751295,0.169004,0.0204234,0.445049,-0.028125,0.470081,-0.366452
0.637603,0.750171,0.173051,0.0275737,0.454068,-0.029212,0.470734,-0.3746
0.637392,0.749175,0.176708,0.035242,0.462978,-0.030237,0.471383,-0.382574
0.636784,0.748455,0.180224,0.0429014,0.471734,-0.031093,0.47203,-0.391188
0.635874,0.747923,0.183778,0.0500084,0.480296,-0.031691,0.472674,-0.400504
0.634878,0.747415,0.187428,0.0563202,0.488659,-0.03201,0.473303,-0.410168
0.633866,0.746892,0.191112,0.0619834,0.496852,-0.032091,0.473906,-0.420027
0.632933,0.746265,0.1948,0.0673568,0.504929,-0.031997,0.474495,-0.429654
0.632046,0.74555,0.198437,0.0727781,0.512934,-0.031785,0.475096,-0.438978
0.631052,0.744857,0.202023,0.0784103,0.520885,-0.031476,0.47572,-0.448355
0.62997,0.744158,0.205647,0.0841239,0.528764,-0.031049,0.476368,-0.457808
0.628729,0.743501,0.209394,0.0897826,0.536545,-0.030483,0.477031,-0.467619
0.627217,0.743003,0.213209,0.0953281,0.544196,-0.029787,0.477693,-0.478184
0.62562,0.742537,0.21704,0.10066,0.551678,-0.02898,0.478328,-0.48908
0.62416,0.741952,0.220823,0.105679,0.55896,-0.028084,0.478908,-0.49978
0.622826,0.741262,0.224528,0.110474,0.566029,-0.027136,0.47942,-0.510266
0.621505,0.740538,0.228145,0.115257,0.572886,-0.026163,0.479864,-0.520663
0.620146,0.739765,0.23176,0.120226,0.57954,-0.025181,0.480249,-0.530868
0.618707,0.738955,0.235387,0.125457,0.58596,-0.024207,0.480577,-0.540811
0.617263,0.738098,0.238938,0.130791,0.592067,-0.023261,0.480824,-0.550297
0.615987,0.737185,0.242178,0.135896,0.597736,-0.022371,0.480938,-0.559
0.615009,0.736262,0.244853,0.140463,0.60284,-0.021555,0.480879,-0.566653
0.614354,0.73538,0.246819,0.144452,0.607287,-0.020825,0.480646,-0.572936
0.613851,0.73464,0.248101,0.148113,0.611033,-0.020189,0.480294,-0.577722
0.613276,0.734138,0.248822,0.151725,0.614053,-0.019629,0.479903,-0.580971
0.612548,0.733898,0.249131,0.155282,0.616292,-0.019104,0.479531,-0.582589
0.611839,0.733821,0.249201,0.158297,0.61766,-0.018533,0.479179,-0.582315
0.611336,0.733859,0.249169,0.160103,0.618046,-0.017809,0.478819,-0.580106
0.611046,0.734088,0.249112,0.160248,0.617372,-0.016839,0.478412,-0.576322
0.610816,0.73466,0.24897,0.158725,0.615614,-0.015574,0.477932,-0.571385
0.610308,0.735816,0.248578,0.155908,0.612807,-0.014013,0.477371,-0.565916
0.609233,0.737747,0.247768,0.152238,0.609018,-0.012188,0.47673,-0.56043
0.607527,0.740491,0.24637,0.147941,0.604324,-0.010153,0.475994,-0.555125
0.605328,0.743951,0.244302,0.142941,0.598793,-0.007954,0.47514,-0.550021
0.602752,0.748033,0.241576,0.137029,0.592487,-0.005613,0.474154,-0.545359
0.599884,0.752616,0.238348,0.129995,0.58549,-0.003108,0.473048,-0.541355
0.596812,0.75749,0.234945,0.121757,0.577917,-0.000407,0.471866,-0.537962
0.593574,0.762478,0.231591,0.11253,0.56989,0.002473,0.470668,-0.534991
0.590264,0.767417,0.22828,0.102699,0.561533,0.005463,0.469503,-0.531971
0.587018,0.772181,0.224867,0.0926392,0.552936,0.008482,0.468401,-0.528334
0.583845,0.77676,0.221231,0.0826215,0.544141,0.011428,0.467368,-0.523952
0.580823,0.781085,0.217429,0.0726401,0.535162,0.014266,0.466404,-0.518673
0.578011,0.785077,0.21363,0.062604,0.526029,0.017087,0.465534,-0.512408
0.575383,0.788726,0.209986,0.0524475,0.516767,0.019984,0.464777,-0.505245
0.572907,0.792054,0.206518,0.0421813,0.507393,0.022971,0.46413,-0.497273
0.570551,0.79511,0.203103,0.0319538,0.49793,0.026014,0.463574,-0.488522
0.568206,0.798022,0.199546,0.0220127,0.48841,0.029052,0.463081,-0.479245
0.565755,0.800911,0.195714,0.0125711,0.478867,0.032039,0.462622,-0.469746
0.563267,0.803747,0.191593,0.00359825,0.469312,0.034969,0.462198,-0.459946
-0.560848,-0.806441,-0.187286,0.00506582,0.459752,0.037865,0.461822,-0.449722
-0.558435,-0.809002,-0.182993,0.0134098,0.450243,0.04075,0.461493,-0.439322
-0.556005,-0.811442,-0.178788,0.0213176,0.440832,0.043625,0.461199,-0.428778
-0.553504,-0.813837,-0.174599,0.0286172,0.431535,0.046471,0.460925,-0.41812
-0.550868,-0.816265,-0.170343,0.0351948,0.422355,0.049266,0.460665,-0.407441
-0.547992,-0.818807,-0.166037,0.0411181,0.413275,0.052013,0.460418,-0.397052
-0.544941,-0.821401,-0.161748,0.0466569,0.404264,0.054741,0.460191,-0.386905
-0.541772,-0.823981,-0.157551,0.0521097,0.395288,0.057486,0.459992,-0.376971
-0.538506,-0.826523,-0.153459,0.0576336,0.386329,0.060261,0.459822,-0.367247
-0.535064,-0.829092,-0.14941,0.0631634,0.377399,0.063047,0.459669,-0.357888
-0.531342,-0.831775,-0.145374,0.0684954,0.368532,0.065815,0.459525,-0.349061
-0.52731,-0.834613,-0.141301,0.0734842,0.359764,0.068541,0.459384,-0.340798
-0.523058,-0.837548,-0.137206,0.078095,0.351125,0.071221,0.459246,-0.332891
-0.518719,-0.840497,-0.133093,0.0823528,0.342625,0.073849,0.459115,-0.32504
-0.514273,-0.843479,-0.128949,0.0862445,0.334263,0.076416,0.458995,-0.317271
-0.509598,-0.846577,-0.124744,0.0897537,0.326027,0.078917,0.45889,-0.309834
-0.504701,-0.849781,-0.120462,0.0929364,0.317897,0.081358,0.458799,-0.302675
-0.499549,-0.85311,-0.116045,0.0958463,0.309852,0.083743,0.458713,-0.295813
-0.494041,-0.856628,-0.111393,0.098507,0.301869,0.086058,0.458622,-0.289406
-0.488105,-0.860368,-0.106402,0.100994,0.293916,0.088293,0.458524,-0.283583
-0.4818,-0.864262,-0.101057,0.103472,0.285961,0.090463,0.458431,-0.278196
-0.475187,-0.868247,-0.0953477,0.106078,0.277982,0.092577,0.458342,-0.27309
-0.468398,-0.872223,-0.089271,0.108907,0.269975,0.09464,0.45825,-0.267942
-0.461533,-0.876118,-0.0828949,0.111946,0.261958,0.096657,0.458143,-0.262515
-0.454602,-0.879933,-0.0762694,0.115052,0.253962,0.09862,0.458005,-0.256751
-0.447519,-0.883735,-0.0694077,0.117993,0.246019,0.100511,0.457819,-0.250755
-0.440132,-0.887612,-0.0623558,0.120587,0.238158,0.102318,0.457591,-0.244843
-0.43229,-0.891615,-0.05525,0.122866,0.230389,0.104068,0.45735,-0.239379
-0.42393,-0.895713,-0.0483183,0.125087,0.2227,0.105835,0.457117,-0.234568
-0.415089,-0.899827,-0.0417577,0.127549,0.215082,0.107686,0.456903,-0.230442
-0.405838,-0.90389,-0.035686,0.1304,0.207567,0.109645,0.456713,-0.227013
-0.396358,-0.907822,-0.0301222,0.13361,0.20023,0.111684,0.456548,-0.224114
-0.386759,-0.911605,-0.025068,0.136988,0.193195,0.113749,0.4564,-0.221863
-0.377287,-0.91519,-0.020505,0.140219,0.186632,0.115779,0.456242,-0.220142
-0.368258,-0.918533,-0.0163983,0.14288,0.180743,0.117711,0.456037,-0.218688
-0.359924,-0.921623,-0.0127497,0.144579,0.175741,0.119503,0.455752,-0.217392
-0.352391,-0.924489,-0.00961991,0.145079,0.171809,0.121144,0.455368,-0.216473
-0.345745,-0.927122,-0.00709745,0.144411,0.169074,0.122651,0.454889,-0.216214
-0.340137,-0.929457,-0.00528219,0.14279,0.167622,0.124065,0.454333,-0.216751
-0.335718,-0.931431,-0.00420943,0.1404,0.167518,0.12541,0.453733,-0.218094
-0.332627,-0.933017,-0.00394729,0.137195,0.168829,0.126702,0.45312,-0.220123
-0.330918,-0.934246,-0.00460318,0.132876,0.171613,0.127952,0.452504,-0.222676
-0.330645,-0.935141,-0.00631518,0.127063,0.175902,0.129178,0.451901,-0.225403
-0.331672,-0.935746,-0.00924742,0.11953,0.181674,0.130407,0.451324,-0.228298
-0.333891,-0.93603,-0.0134145,0.110383,0.188819,0.131657,0.450796,-0.231266
-0.337182,-0.935933,-0.0186854,0.0999463,0.197172,0.132918,0.45034,-0.23425
-0.341385,-0.935413,-0.0247713,0.0885705,0.20654,0.134138,0.44998,-0.237208
-0.3463,-0.934475,-0.0313407,0.0764894,0.216739,0.135253,0.449722,-0.24017
-0.35175,-0.933132,-0.0381629,0.0638756,0.227611,0.136225,0.449566,-0.243161
-0.357531,-0.93142,-0.045113,0.0509175,0.239028,0.137051,0.449506,-0.246349
-0.363578,-0.929334,-0.0521182,0.0378432,0.250886,0.13775,0.449538,-0.249671
-0.370119,-0.926762,-0.0591666,0.0249481,0.263086,0.13836,0.449664,-0.252499
-0.377203,-0.923676,-0.0662448,0.0123166,0.275554,0.138888,0.449893,-0.254504
0.384555,0.920188,0.0732875,0.000256504,0.288242,0.139301,0.450242,-0.255939
0.391771,0.916464,0.080233,0.0131082,0.301104,0.139568,0.450742,-0.257224
0.398547,0.91262,0.0871022,0.0264285,0.314069,0.139708,0.451425,-0.258639
0.404776,0.908686,0.0940154,0.040101,0.327018,0.1398,0.452314,-0.260215
0.410564,0.90461,0.101113,0.0537946,0.339825,0.139932,0.453426,-0.261574
0.415916,0.90041,0.108432,0.0672128,0.352401,0.140143,0.454755,-0.262702
0.42072,0.896166,0.115917,0.0802761,0.364712,0.140429,0.456283,-0.263974
0.424939,0.891919,0.123472,0.0930726,0.376762,0.140777,0.457987,-0.265528
0.428496,0.887722,0.131011,0.105723,0.388564,0.141189,0.45984,-0.267509
0.431258,0.883654,0.138472,0.11831,0.400129,0.141672,0.461832,-0.27022
0.433278,0.879702,0.14586,0.130838,0.411461,0.142248,0.463952,-0.273539
0.434744,0.875803,0.153137,0.143235,0.422554,0.142914,0.466174,-0.277162
0.435825,0.871925,0.160143,0.155425,0.433399,0.143635,0.468458,-0.280931
0.436536,0.868124,0.166651,0.167403,0.443997,0.144354,0.470749,-0.285021
0.437038,0.864375,0.172594,0.179065,0.454336,0.145067,0.473003,-0.289211
0.437509,0.86062,0.178101,0.190263,0.464414,0.145808,0.475209,-0.293166
0.437852,0.856932,0.183187,0.200987,0.47424,0.146586,0.477367,-0.297202
0.437993,0.85342,0.187667,0.211228,0.48382,0.147381,0.479436,-0.301731
0.438249,0.850067,0.191362,0.220691,0.493116,0.148172,0.481359,-0.306568
0.439056,0.846816,0.194168,0.228979,0.502081,0.148938,0.48308,-0.31135
0.440582,0.843687,0.19605,0.235889,0.510699,0.149668,0.48455,-0.316098
0.442675,0.840736,0.197141,0.241531,0.519001,0.150382,0.485763,-0.3211
0.445109,0.837966,0.197741,0.246149,0.527029,0.151123,0.48677,-0.326432
0.447661,0.8354,0.198046,0.24997,0.534803,0.151918,0.487623,-0.332247
0.450167,0.833093,0.198,0.253184,0.542321,0.152747,0.488328,-0.338796
0.452575,0.831082,0.197504,0.255872,0.549563,0.153577,0.488878,-0.346262
0.454886,0.829355,0.196555,0.258099,0.556514,0.154378,0.489276,-0.354571
0.457034,0.827913,0.195193,0.259961,0.563167,0.155121,0.489538,-0.363722
0.459048,0.826675,0.193635,0.261512,0.569511,0.15582,0.489697,-0.373405
0.46098,0.825567,0.192047,0.262784,0.575527,0.156486,0.489774,-0.383289
0.462809,0.824598,0.19042,0.26379,0.581174,0.157099,0.489756,-0.393304
0.464643,0.823765,0.188691,0.264411,0.586381,0.157638,0.489602,-0.403223
0.466693,0.823033,0.186793,0.26443,0.591056,0.15808,0.489254,-0.412614
0.469247,0.822333,0.184711,0.263547,0.595099,0.158413,0.488654,-0.420886
0.472587,0.82157,0.182541,0.261463,0.598411,0.158657,0.487751,-0.427319
0.476752,0.82073,0.180336,0.258047,0.600888,0.158848,0.486522,-0.431505
0.481248,0.820098,0.177749,0.253465,0.60241,0.158987,0.484975,-0.434126
0.485488,0.819994,0.174419,0.247971,0.60286,0.159091,0.483133,-0.435932
0.489388,0.8204,0.170605,0.241529,0.602162,0.159297,0.481029,-0.436436
0.492747,0.821359,0.166605,0.234122,0.600263,0.159735,0.478716,-0.435566
0.495158,0.823028,0.162501,0.225913,0.597144,0.160459,0.476268,-0.433897
0.496444,0.825408,0.158409,0.217145,0.592845,0.161492,0.473766,-0.431525
0.496682,0.828335,0.154477,0.208099,0.587447,0.162824,0.471298,-0.428072
0.495925,0.831714,0.15074,0.198967,0.58104,0.164408,0.468924,-0.423536
0.49425,0.835497,0.147207,0.189713,0.573706,0.166198,0.466671,-0.418216
0.491902,0.839572,0.143983,0.180053,0.565513,0.168183,0.464543,-0.41221
0.489193,0.843806,0.141101,0.169626,0.556509,0.17034,0.462527,-0.405475
0.486233,0.848143,0.138424,0.158337,0.546747,0.172609,0.460604,-0.398142
0.482996,0.85255,0.135757,0.146437,0.536311,0.174914,0.458768,-0.390302
0.479471,0.856978,0.132881,0.134308,0.525311,0.177175,0.457021,-0.381902
0.475702,0.861385,0.129632,0.122146,0.51384,0.179334,0.45536,-0.372955
0.471799,0.865726,0.125937,0.109836,0.501956,0.181362,0.453764,-0.36358
0.46788,0.869941,0.121848,0.0971822,0.489706,0.183266,0.452212,-0.353802
0.464023,0.873956,0.117476,0.0841639,0.47715,0.18506,0.450691,-0.343468
0.460213,0.877733,0.112859,0.0710813,0.464376,0.186744,0.449196,-0.3324
0.456344,0.881307,0.107925,0.0583115,0.451466,0.188293,0.447733,-0.320639
0.452234,0.884784,0.102544,0.0461127,0.438474,0.189661,0.446293,-0.308553
0.447641,0.888298,0.0966922,0.0345581,0.425429,0.190833,0.444877,-0.296775
0.442463,0.891897,0.0904829,0.0236368,0.412367,0.191815,0.443501,-0.285681
0.436801,0.895526,0.0840292,0.0133411,0.399321,0.192625,0.442184,-0.275102
0.430679,0.899166,0.0774702,0.00375464,0.386351,0.193294,0.440943,-0.264985
-0.424075,-0.902831,-0.0709294,0.00500641,0.373521,0.19385,0.439796,-0.255352
-0.416914,-0.906564,-0.0644825,0.0129111,0.360881,0.194312,0.438754,-0.246409
-0.409192,-0.910373,-0.0581428,0.0200715,0.348451,0.194694,0.437824,-0.238247
-0.401062,-0.914192,-0.0518599,0.0267073,0.336227,0.195019,0.437002,-0.230665
-0.392682,-0.917948,-0.0456025,0.0330476,0.324208,0.195307,0.436286,-0.223511
-0.384098,-0.921617,-0.0393733,0.0392455,0.312416,0.19558,0.435668,-0.21687
-0.375372,-0.925168,-0.0332525,0.0453304,0.300884,0.195866,0.435148,-0.210687
-0.366544,-0.928584,-0.0274088,0.0512381,0.28966,0.196207,0.434729,-0.204876
-0.357534,-0.931905,-0.0219918,0.05691,0.278778,0.196631,0.434416,-0.199588
-0.348312,-0.935144,-0.0170712,0.0623952,0.268243,0.197164,0.434197,-0.194896
-0.339111,-0.938211,-0.0126809,0.0678511,0.25803,0.197836,0.434058,-0.190382
-0.330142,-0.941031,-0.00876783,0.0734202,0.2481,0.198664,0.433972,-0.185666
-0.321337,-0.943634,-0.0052397,0.0791836,0.238413,0.199648,0.433914,-0.180928
-0.31271,-0.946015,-0.00204547,0.0852254,0.228929,0.200798,0.433865,-0.176155
-0.304353,-0.948143,0.000844836,0.0916214,0.219613,0.202127,0.433823,-0.171157
-0.296256,-0.950017,0.00348946,0.098421,0.210438,0.203628,0.433796,-0.165956
-0.288336,-0.951668,0.00590425,0.105619,0.201379,0.205293,0.433777,-0.160699
-0.280686,-0.953065,0.00806724,0.11321,0.192408,0.207127,0.433756,-0.155186
-0.273268,-0.954234,0.00994824,0.12109,0.183535,0.209123,0.433719,-0.149505
-0.265843,-0.955269,0.0114968,0.129063,0.1748,0.211251,0.433651,-0.144163
-0.258363,-0.956208,0.0127264,0.136941,0.166253,0.213459,0.433564,-0.139289
-0.250853,-0.957059,0.0137316,0.144642,0.157935,0.21569,0.433477,-0.134933
-0.243479,-0.957773,0.014667,0.15223,0.14988,0.217899,0.433405,-0.130972
-0.236189,-0.958352,0.0157138,0.159776,0.14213,0.220035,0.433349,-0.127779
-0.228601,-0.958911,0.0169311,0.167165,0.134798,0.222038,0.433315,-0.126421
-0.220305,-0.959609,0.0181711,0.174029,0.128054,0.223871,0.433291,-0.127932
-0.211379,-0.960501,0.0190955,0.179978,0.122085,0.225567,0.43326,-0.132308
-0.202231,-0.961558,0.0193591,0.184752,0.117052,0.22721,0.433202,-0.138902
-0.193565,-0.962692,0.018855,0.188149,0.113102,0.228854,0.433084,-0.1465
-0.186442,-0.963735,0.0177921,0.190098,0.110343,0.230506,0.432868,-0.15323
-0.181263,-0.964616,0.0163966,0.190764,0.108829,0.232156,0.432533,-0.158676
-0.177882,-0.965346,0.0148273,0.190382,0.108579,0.23379,0.432064,-0.163424
-0.176212,-0.965926,0.0131868,0.189109,0.109608,0.235399,0.431445,-0.167793
-0.176145,-0.966384,0.011467,0.186933,0.11194,0.236994,0.430666,-0.172044
-0.177557,-0.966769,0.00951518,0.183687,0.115611,0.238602,0.429718,-0.176373
-0.180302,-0.967133,0.00711728,0.179147,0.120644,0.240254,0.428605,-0.180894
-0.18425,-0.967481,0.00418945,0.173251,0.127011,0.241959,0.427355,-0.185647
-0.189229,-0.967758,0.000754714,0.166241,0.134627,0.243721,0.426008,-0.190841
-0.195379,-0.96782,-0.00305525,0.158562,0.143357,0.245535,0.424611,-0.196109
-0.20285,-0.967533,-0.00706889,0.150606,0.153073,0.247373,0.423202,-0.20107
-0.211699,-0.966832,-0.0111515,0.142458,0.163695,0.249195,0.421807,-0.205353
-0.221837,-0.965725,-0.015316,0.133903,0.175178,0.250963,0.420442,-0.208706
-0.233031,-0.964251,-0.0197047,0.12461,0.18748,0.252662,0.419119,-0.211065
-0.244634,-0.962531,-0.0245276,0.114396,0.200522,0.254288,0.417867,-0.213264
-0.255615,-0.960768,-0.0299038,0.103404,0.214158,0.255826,0.416719,-0.217098
-0.265668,-0.95899,-0.0357102,0.0921044,0.228182,0.257264,0.415704,-0.223079
-0.275193,-0.957054,-0.0417255,0.0810898,0.242375,0.258609,0.414859,-0.230366
-0.28446,-0.954885,-0.0477811,0.0706714,0.256589,0.259856,0.414221,-0.238333
-0.293574,-0.952482,-0.0537774,0.0608297,0.270767,0.260993,0.413815,-0.246615
-0.302688,-0.949828,-0.0597039,0.0514033,0.284873,0.262029,0.413643,-0.254645
-0.311797,-0.946942,-0.0655585,0.0422449,0.298854,0.262977,0.413676,-0.262225
-0.320861,-0.943848,-0.0713202,0.0333441,0.312634,0.26385,0.413901,-0.269297
-0.329793,-0.940584,-0.0769774,0.02476,0.326146,0.264675,0.414311,-0.276003
-0.338461,-0.937211,-0.0825101,0.0164698,0.33935,0.265467,0.41489,-0.282597
-0.346715,-0.933798,-0.0879765,0.00841705,0.35223,0.266246,0.415635,-0.289391
-0.354588,-0.930344,-0.0934225,0.000545923,0.364786,0.26704,0.416541,-0.29629
0.36205,0.926869,0.0988951,0.00722302,0.377019,0.267873,0.417601,-0.303292
0.368902,0.92346,0.104444,0.0149583,0.38892,0.268774,0.418803,-0.310761
0.374896,0.920225,0.110103,0.022705,0.400471,0.269768,0.420131,-0.31917
0.380069,0.917161,0.115924,0.0304225,0.41165,0.270883,0.421575,-0.328433
0.384697,0.914157,0.122,0.0379689,0.422433,0.272152,0.423128,-0.338009
0.388875,0.911186,0.128317,0.0452992,0.432819,0.273578,0.424768,-0.347742
0.392631,0.908245,0.13481,0.0525211,0.442832,0.275144,0.426463,-0.357539
0.395968,0.905339,0.1414,0.0598135,0.452497,0.276826,0.428177,-0.367326
0.398924,0.902454,0.148024,0.0672676,0.461828,0.278613,0.42988,-0.377029
0.40159,0.899566,0.154669,0.0747279,0.470793,0.280504,0.431531,-0.386606
0.404187,0.896616,0.161349,0.0817309,0.479315,0.282513,0.433068,-0.39597
0.407003,0.893529,0.168089,0.0877535,0.487288,0.284653,0.43442,-0.40488
0.410227,0.890275,0.174824,0.0925232,0.494621,0.28691,0.435517,-0.413038
0.413852,0.88688,0.181467,0.0961264,0.501256,0.289251,0.436315,-0.420152
0.417792,0.883392,0.187848,0.0988964,0.507156,0.291608,0.436781,-0.4258
0.421946,0.879885,0.193706,0.101202,0.512251,0.293883,0.43689,-0.429448
0.426118,0.876518,0.198684,0.103272,0.516422,0.295999,0.436619,-0.430822
0.430009,0.873513,0.202519,0.105135,0.519515,0.297954,0.435958,-0.430033
0.433292,0.871108,0.205124,0.106555,0.521383,0.299806,0.434915,-0.42762
0.435676,0.869481,0.206623,0.107221,0.521935,0.301646,0.433535,-0.424295
0.437028,0.868684,0.207285,0.1069,0.521161,0.303558,0.431868,-0.420537
0.437305,0.868682,0.207322,0.105704,0.519137,0.30557,0.429958,-0.416411
0.436613,0.869371,0.20678,0.103947,0.515995,0.307639,0.427828,-0.411596
0.435091,0.870661,0.205536,0.101979,0.511866,0.309686,0.425486,-0.405769
0.432778,0.872535,0.203433,0.100002,0.506855,0.311642,0.42292,-0.399101
0.429784,0.874934,0.200473,0.0979118,0.501034,0.31348,0.420128,-0.391874
0.426233,0.877766,0.196849,0.0954073,0.494456,0.315217,0.417122,-0.38447
0.42223,0.880928,0.192853,0.0921684,0.487175,0.316892,0.413934,-0.377248
0.41792,0.884297,0.188725,0.0880052,0.479246,0.318526,0.410603,-0.370267
0.413431,0.887767,0.184569,0.0829411,0.470735,0.320112,0.40716,-0.363375
0.408742,0.891323,0.180347,0.077127,0.461699,0.321625,0.403617,-0.356642
0.403896,0.894923,0.176024,0.0706862,0.452188,0.323043,0.399994,-0.349958
0.39893,0.89852,0.171632,0.063703,0.442247,0.324356,0.396315,-0.343227
0.393826,0.902105,0.167174,0.0562097,0.431905,0.32556,0.392592,-0.336538
0.388638,0.905642,0.162641,0.0481844,0.421181,0.32665,0.388828,-0.329844
0.383459,0.909082,0.157982,0.03963,0.410099,0.32761,0.385015,-0.323034
0.378323,0.912411,0.153102,0.0306329,0.398688,0.328405,0.381154,-0.316067
0.37326,0.915612,0.14792,0.0212652,0.386967,0.329016,0.37725,-0.308863
0.368315,0.918653,0.142437,0.0114839,0.374941,0.329447,0.373319,-0.301381
0.363367,0.921562,0.136699,0.00129331,0.362635,0.329699,0.369378,-0.293922
-0.358376,-0.924329,-0.130747,0.00931648,0.350073,0.329768,0.365451,-0.286606
-0.353426,-0.926902,-0.124618,0.0203236,0.33728,0.329661,0.361563,-0.27924
-0.348576,-0.929244,-0.118324,0.0316318,0.324293,0.329374,0.357736,-0.271658
-0.343905,-0.931318,-0.111877,0.0431311,0.311157,0.328907,0.353989,-0.263643
-0.339266,-0.933176,-0.105298,0.0547054,0.297921,0.328257,0.350352,-0.255473
-0.334385,-0.934913,-0.0986789,0.0662412,0.284645,0.327427,0.346865,-0.247754
-0.329367,-0.936475,-0.092117,0.0777648,0.271379,0.326446,0.343556,-0.240371
-0.324454,-0.93777,-0.0857038,0.0892821,0.258179,0.325349,0.340448,-0.232917
-0.319587,-0.938836,-0.0795125,0.100642,0.245124,0.324156,0.337556,-0.225543
-0.314625,-0.939751,-0.0735754,0.111652,0.232291,0.32287,0.334897,-0.218539
-0.309499,-0.940561,-0.0679288,0.122238,0.219735,0.321515,0.332468,-0.212124
-0.304179,-0.941277,-0.0626643,0.132464,0.207488,0.320132,0.330253,-0.206527
-0.298632,-0.941899,-0.0578784,0.142463,0.195584,0.318758,0.328245,-0.202097
-0.292135,-0.942652,-0.05376,0.152232,0.184095,0.317427,0.326443,-0.200639
-0.284497,-0.943592,-0.0503555,0.161741,0.173103,0.31615,0.324837,-0.202741
-0.277224,-0.944272,-0.0473799,0.171032,0.162683,0.314925,0.32341,-0.20536
-0.271345,-0.944453,-0.0445961,0.179978,0.152922,0.313745,0.32213,-0.206375
-0.266577,-0.944301,-0.0419912,0.188333,0.143916,0.312595,0.320961,-0.206379
-0.262675,-0.943956,-0.0396064,0.19591,0.135754,0.311473,0.319872,-0.205899
-0.259444,-0.943524,-0.0375064,0.202593,0.128516,0.310383,0.318849,-0.205378
-0.256853,-0.94305,-0.0357583,0.208339,0.122268,0.309348,0.317872,-0.204964
-0.255041,-0.942529,-0.0344024,0.213097,0.117074,0.308393,0.316917,-0.204433
-0.25414,-0.941963,-0.0334248,0.216798,0.112991,0.307521,0.31596,-0.203535
-0.253985,-0.941432,-0.0328331,0.219363,0.110071,0.306722,0.31497,-0.202633
-0.254298,-0.941034,-0.0326216,0.220734,0.108348,0.305984,0.313917,-0.202337
-0.254924,-0.94081,-0.0327613,0.220946,0.107837,0.305295,0.312785,-0.203067
-0.255864,-0.940729,-0.0332311,0.220134,0.10852,0.304654,0.311572,-0.204932
-0.257194,-0.940742,-0.0340048,0.218402,0.110368,0.304069,0.310283,-0.207808
-0.259045,-0.940795,-0.0350331,0.215809,0.113345,0.30353,0.308934,-0.211356
-0.261452,-0.94088,-0.0363359,0.212292,0.117419,0.303029,0.307551,-0.215271
-0.264353,-0.941015,-0.0380067,0.207761,0.122548,0.302573,0.306164,-0.21942
-0.267692,-0.941193,-0.0401467,0.202202,0.128666,0.302169,0.304817,-0.223692
-0.271526,-0.94135,-0.0427491,0.195722,0.13569,0.301817,0.303555,-0.227859
-0.275929,-0.941388,-0.0457816,0.188565,0.143522,0.301519,0.302412,-0.231763
-0.280947,-0.941235,-0.0491112,0.180924,0.152062,0.301256,0.301403,-0.235297
-0.286715,-0.940819,-0.0525938,0.17288,0.161231,0.300997,0.300524,-0.23805
-0.293411,-0.940059,-0.0561252,0.164468,0.170964,0.300726,0.299754,-0.239555
-0.300499,-0.939098,-0.0597202,0.155659,0.181221,0.300424,0.299062,-0.240885
-0.307109,-0.938195,-0.0634189,0.146468,0.191954,0.300078,0.298414,-0.243895
-0.31317,-0.937371,-0.0671037,0.136959,0.203104,0.299665,0.297779,-0.248718
-0.319013,-0.936523,-0.0705953,0.127172,0.214609,0.299155,0.297124,-0.254557
-0.324947,-0.935533,-0.0738958,0.117164,0.22639,0.298558,0.296425,-0.260586
-0.331029,-0.934362,-0.0770378,0.107014,0.238371,0.297875,0.295698,-0.266544
-0.337098,-0.933047,-0.080066,0.0968405,0.25048,0.297098,0.294979,-0.272725
-0.343142,-0.931557,-0.083029,0.0869608,0.26262,0.29625,0.294288,-0.279329
-0.349229,-0.929849,-0.0859188,0.0776991,0.274703,0.295356,0.293611,-0.286445
-0.355332,-0.927959,-0.0886521,0.0690745,0.286685,0.294408,0.292917,-0.294142
-0.361382,-0.925957,-0.0911673,0.060792,0.298569,0.293373,0.29218,-0.302306
-0.367455,-0.923846,-0.0934568,0.052442,0.310379,0.292225,0.291396,-0.310333
-0.373604,-0.921614,-0.0955841,0.0437213,0.322121,0.29096,0.290578,-0.317691
-0.379449,-0.919396,-0.0976566,0.03454,0.333763,0.2896,0.289756,-0.324998
-0.384739,-0.917269,-0.099823,0.0250876,0.34525,0.288199,0.288968,-0.3329
-0.389646,-0.915142,-0.102196,0.0156902,0.356509,0.286813,0.288244,-0.341221
-0.394286,-0.912971,-0.10479,0.00644673,0.367505,0.285456,0.287596,-0.349749
0.398599,0.910796,0.107526,0.00283136,0.378254,0.284109,0.287032,-0.358382
0.402586,0.908623,0.110338,0.0123749,0.388771,0.282747,0.286566,-0.366822
0.406406,0.906381,0.113204,0.0222081,0.399033,0.281363,0.28622,-0.374567
0.410117,0.904037,0.116161,0.0320399,0.408965,0.279973,0.286001,-0.381701
0.413742,0.9016,0.119241,0.0414434,0.418468,0.278596,0.285911,-0.388576
0.417262,0.899109,0.122403,0.0501267,0.427444,0.277231,0.285945,-0.395462
0.420731,0.896582,0.125523,0.0580475,0.435808,0.275845,0.286116,-0.402052
0.424148,0.894051,0.128462,0.0653391,0.443489,0.274409,0.286445,-0.407802
0.427517,0.891539,0.131146,0.0720319,0.450404,0.272914,0.286955,-0.412207
0.430823,0.88909,0.133545,0.0779438,0.45644,0.271368,0.287663,-0.415098
0.434093,0.886747,0.135626,0.0827556,0.461464,0.269806,0.288568,-0.416415
0.437211,0.884625,0.13731,0.0862008,0.465341,0.268272,0.289647,-0.416355
0.440049,0.882832,0.138574,0.0880979,0.467958,0.266814,0.290877,-0.415062
0.442398,0.881487,0.139482,0.0883712,0.469247,0.265463,0.292245,-0.412876
0.444103,0.880661,0.140104,0.0870557,0.469194,0.264225,0.293747,-0.410047
0.445105,0.880378,0.140421,0.0842544,0.467829,0.263073,0.295365,-0.406685
0.445464,0.880593,0.14034,0.0801374,0.465208,0.26194,0.297071,-0.402682
0.445296,0.881236,0.139717,0.0749297,0.46141,0.260744,0.298831,-0.397828
0.444723,0.882217,0.138494,0.0688038,0.456522,0.259422,0.30061,-0.392011
0.443725,0.883508,0.136707,0.0619129,0.45065,0.257944,0.302381,-0.385514
0.442262,0.885086,0.134444,0.0543326,0.443904,0.256306,0.304115,-0.378729
0.440292,0.88693,0.131773,0.0462014,0.436399,0.254502,0.305773,-0.37197
0.437971,0.88893,0.128709,0.0376631,0.42825,0.252521,0.307305,-0.365049
0.435388,0.891026,0.125201,0.0288744,0.41957,0.25032,0.308669,-0.357951
0.432522,0.893226,0.121123,0.0200357,0.410463,0.247855,0.309838,-0.350829
0.42934,0.895551,0.116302,0.0113679,0.401028,0.2451,0.310793,-0.343803
0.425836,0.898001,0.110674,0.00303378,0.391366,0.242063,0.311523,-0.336982
-0.422035,-0.900544,-0.104323,0.00495636,0.381567,0.238793,0.312037,-0.330532
-0.418002,-0.903122,-0.0973856,0.0127062,0.371701,0.235347,0.312348,-0.324584
-0.413926,-0.905618,-0.0900453,0.0203244,0.361825,0.231771,0.312498,-0.318926
-0.410086,-0.907888,-0.0823977,0.0279227,0.351962,0.228112,0.312531,-0.313091
-0.406622,-0.909859,-0.0744842,0.0355938,0.342127,0.224423,0.312478,-0.306893
-0.403427,-0.911572,-0.0663842,0.0433052,0.332349,0.220753,0.312358,-0.300575
-0.400392,-0.913069,-0.0582459,0.0509714,0.32266,0.217141,0.312205,-0.294321
-0.397517,-0.914346,-0.0502607,0.0585317,0.313092,0.213624,0.312061,-0.288038
-0.394781,-0.915417,-0.0425892,0.0659256,0.303668,0.210237,0.311963,-0.281688
-0.391989,-0.916377,-0.0353419,0.0731386,0.294391,0.207004,0.311935,-0.275661
-0.389014,-0.917285,-0.0285559,0.0802545,0.285248,0.203936,0.311994,-0.270319
-0.385884,-0.91813,-0.0222587,0.0873785,0.276233,0.201036,0.312144,-0.265703
-0.382699,-0.918876,-0.0164678,0.0945415,0.267363,0.198305,0.312381,-0.26165
-0.379535,-0.919504,-0.0112003,0.101683,0.258661,0.195737,0.312685,-0.257979
-0.376427,-0.920024,-0.00643795,0.108704,0.250151,0.193315,0.313029,-0.254573
-0.373238,-0.920518,-0.00208265,0.115479,0.241851,0.191003,0.313379,-0.251656
-0.369836,-0.921059,0.00200695,0.121932,0.233765,0.188752,0.313715,-0.249466
-0.366334,-0.921606,0.00592845,0.128088,0.225876,0.186543,0.314015,-0.247775
-0.362951,-0.92206,0.00970971,0.134083,0.218155,0.184375,0.314261,-0.246218
-0.359839,-0.922345,0.013347,0.140063,0.210584,0.18226,0.314446,-0.244591
-0.357081,-0.922425,0.0168082,0.146089,0.203159,0.180196,0.314582,-0.242767
-0.354607,-0.922344,0.0201132,0.15209,0.19589,0.178165,0.314686,-0.240829
-0.352313,-0.922162,0.0233503,0.157946,0.188785,0.176139,0.314772,-0.238853
-0.350169,-0.921901,0.0266416,0.163615,0.181857,0.174091,0.314858,-0.236873
-0.348189,-0.921546,0.0300895,0.169153,0.17514,0.172001,0.314973,-0.234948
-0.346413,-0.921069,0.033749,0.174617,0.16868,0.169868,0.315143,-0.233121
-0.344889,-0.920465,0.0375851,0.179954,0.162552,0.167709,0.315388,-0.231348
-0.343603,-0.919776,0.0414283,0.185021,0.156856,0.165557,0.31573,-0.229704
-0.342505,-0.919078,0.0449752,0.189637,0.151718,0.163476,0.316174,-0.228378
-0.341564,-0.918446,0.0479344,0.193633,0.147282,0.161539,0.316716,-0.227594
-0.340833,-0.917926,0.050061,0.196823,0.143715,0.159796,0.317343,-0.227451
-0.340504,-0.917515,0.0512519,0.19899,0.141175,0.158259,0.31803,-0.22772
-0.344037,-0.917609,0.0463361,0.19361,0.143442,0.153928,0.320836,-0.233083
-0.346674,-0.917714,0.0429587,0.189139,0.147213,0.153283,0.321484,-0.235086
-0.350327,-0.917518,0.0388841,0.184171,0.152123,0.152825,0.32213,-0.237073
-0.354962,-0.916958,0.0342348,0.178934,0.158069,0.152522,0.322788,-0.239073
-0.360366,-0.916094,0.02915,0.173374,0.164968,0.152311,0.323462,-0.241245
-0.366263,-0.915032,0.0237424,0.167344,0.172736,0.152127,0.324152,-0.243802
-0.372452,-0.913844,0.0180492,0.160758,0.181282,0.151938,0.324863,-0.246839
-0.378791,-0.912545,0.0120486,0.153732,0.1905,0.151748,0.325608,-0.250497
-0.385207,-0.911108,0.00568655,0.146508,0.200286,0.151584,0.326402,-0.254859
-0.391634,-0.909516,-0.00103539,0.139288,0.210539,0.151449,0.327243,-0.260002
-0.397927,-0.907825,-0.00801262,0.132076,0.221182,0.151312,0.328116,-0.26605
-0.404088,-0.906041,-0.0150834,0.124802,0.232143,0.15113,0.328992,-0.272791
-0.41023,-0.904117,-0.0220429,0.117462,0.243345,0.150863,0.329827,-0.279844
-0.416338,-0.902051,-0.0287775,0.110177,0.254717,0.150495,0.33059,-0.287203
-0.422377,-0.89985,-0.0352639,0.103076,0.266197,0.150031,0.331264,-0.294925
-0.42834,-0.897535,-0.0414621,0.0961087,0.27774,0.149461,0.331842,-0.302868
-0.434026,-0.895246,-0.0472668,0.0890051,0.289316,0.148741,0.332323,-0.311175
-0.439338,-0.893059,-0.0525358,0.0816509,0.300888,0.147844,0.3327,-0.319916
-0.444305,-0.89096,-0.0571415,0.0742763,0.312397,0.146784,0.332955,-0.329163
-0.449088,-0.888853,-0.0610628,0.0673198,0.323785,0.145606,0.333074,-0.338897
-0.45382,-0.886658,-0.0643869,0.0611455,0.335026,0.144353,0.333039,-0.349184
-0.458465,-0.884407,-0.0672547,0.0557718,0.346141,0.14304,0.33284,-0.36026
-0.462894,-0.882198,-0.0697947,0.0508411,0.357188,0.141656,0.332486,-0.372271
-0.467062,-0.88009,-0.0720648,0.0458482,0.368228,0.140169,0.332001,-0.385018
-0.47103,-0.878068,-0.074108,0.0404347,0.379296,0.138552,0.331419,-0.398116
-0.474914,-0.876067,-0.0759823,0.0345005,0.390387,0.136803,0.330775,-0.411208
-0.478754,-0.874042,-0.0777979,0.0281625,0.401457,0.134953,0.33011,-0.424235
-0.482557,-0.87196,-0.0797081,0.0217059,0.412439,0.133066,0.329461,-0.437307
-0.486485,-0.869707,-0.0818618,0.0155144,0.423237,0.131202,0.328855,-0.450241
-0.490699,-0.867185,-0.0843086,0.00986752,0.433767,0.129399,0.328305,-0.462776
-0.495274,-0.864358,-0.0869829,0.00486499,0.443964,0.127662,0.327819,-0.474698
-0.500194,-0.861242,-0.0898226,0.000470712,0.453784,0.12597,0.327397,-0.485899
0.505331,0.857914,0.0927948,0.00348357,0.463203,0.124291,0.327035,-0.496428
0.51051,0.854474,0.095936,0.00716359,0.472196,0.122594,0.32673,-0.506437
0.515598,0.850998,0.0992378,0.0105953,0.480703,0.12086,0.326478,-0.516035
0.520563,0.847529,0.10258,0.0136725,0.488611,0.119074,0.326273,-0.52513
0.525458,0.844061,0.105796,0.0161998,0.495776,0.117238,0.326113,-0.533397
0.530323,0.840606,0.108687,0.0180464,0.502059,0.11536,0.326001,-0.540449
0.535039,0.837268,0.111112,0.0192271,0.507352,0.113457,0.325962,-0.546115
0.539389,0.83419,0.113096,0.0198796,0.511577,0.111574,0.326037,-0.550347
0.543174,0.831488,0.11482,0.0201393,0.514686,0.10979,0.326267,-0.553091
0.54627,0.829221,0.116527,0.0200782,0.516647,0.108199,0.326704,-0.55424
0.548511,0.827489,0.118365,0.0197075,0.517427,0.10688,0.327386,-0.553968
0.549785,0.826373,0.120341,0.0190155,0.516994,0.105875,0.328321,-0.55242
0.550099,0.825888,0.122383,0.0179651,0.515331,0.10519,0.329495,-0.549615
0.549523,0.826009,0.124342,0.0165176,0.512438,0.104785,0.330871,-0.54554
0.548151,0.826697,0.126053,0.014603,0.50834,0.10461,0.332386,-0.540293
0.546046,0.827919,0.127424,0.0121475,0.503091,0.104624,0.333971,-0.534144
0.543258,0.829648,0.128343,0.00907331,0.496744,0.104762,0.33556,-0.527457
0.539898,0.831815,0.12871,0.00523362,0.489357,0.104963,0.337081,-0.520547
0.536175,0.834272,0.128478,0.000487448,0.481006,0.105186,0.338474,-0.513472
-0.532116,-0.836994,-0.127548,0.00511324,0.471795,0.105376,0.339683,-0.506513
-0.527754,-0.839946,-0.125845,0.0113734,0.461849,0.105469,0.340664,-0.499758
-0.523265,-0.843003,-0.123351,0.0180235,0.451319,0.105398,0.341395,-0.492904
-0.518761,-0.846083,-0.120085,0.0247006,0.44036,0.105104,0.341878,-0.48572
-0.514242,-0.849184,-0.116083,0.0310862,0.429105,0.104548,0.342125,-0.478268
-0.50969,-0.852311,-0.111423,0.0369691,0.417659,0.103725,0.342152,-0.470691
-0.505055,-0.855484,-0.106216,0.042248,0.406093,0.10265,0.341979,-0.463194
-0.500306,-0.858701,-0.100633,0.0469024,0.394455,0.101367,0.341636,-0.455904
-0.495397,-0.861973,-0.0948147,0.0509369,0.382779,0.099928,0.341151,-0.448925
-0.490209,-0.86536,-0.0888523,0.0543292,0.37109,0.098371,0.34054,-0.442487
-0.484566,-0.86896,-0.0827841,0.0570187,0.359413,0.096723,0.339805,-0.43694
-0.47834,-0.872832,-0.0766741,0.0589526,0.347789,0.095016,0.338963,-0.432514
-0.471445,-0.876996,-0.0706727,0.0601892,0.336268,0.093293,0.338041,-0.42947
-0.463889,-0.881406,-0.0649637,0.0609148,0.324907,0.091596,0.337055,-0.427982
-0.455923,-0.885887,-0.0597096,0.0614313,0.313748,0.089969,0.336021,-0.427772
-0.44808,-0.890129,-0.0550654,0.0621483,0.302817,0.088467,0.334966,-0.427998
-0.440892,-0.89386,-0.0510967,0.0633883,0.292128,0.087121,0.333925,-0.427784
-0.434389,-0.897094,-0.0476304,0.0652642,0.28168,0.08589,0.332888,-0.427237
-0.42846,-0.899923,-0.0443889,0.067745,0.271469,0.0847,0.331823,-0.426696
-0.423065,-0.902394,-0.0412035,0.0707364,0.261511,0.083503,0.330714,-0.426283
-0.418187,-0.904534,-0.0380323,0.0741063,0.251837,0.082273,0.32958,-0.425991
-0.413855,-0.906342,-0.0349857,0.0777456,0.24249,0.081021,0.328458,-0.42574
-0.41018,-0.907776,-0.032172,0.0816087,0.233507,0.079776,0.327383,-0.425309
-0.407243,-0.908809,-0.02962,0.0856867,0.224918,0.078555,0.326374,-0.424572
-0.405058,-0.90944,-0.0273083,0.0900072,0.216748,0.07737,0.325424,-0.423544
-0.403536,-0.909712,-0.0251831,0.0945937,0.209015,0.076225,0.324518,-0.422425
-0.402528,-0.909703,-0.0232028,0.0993602,0.201759,0.075115,0.323635,-0.421432
-0.431759,-0.895655,-0.0263938,0.103393,0.208706,0.057058,0.317926,-0.442418
-0.436221,-0.894185,-0.030554,0.0959764,0.218073,0.055687,0.318787,-0.445345
-0.440773,-0.892624,-0.0350938,0.0878072,0.228108,0.054283,0.319874,-0.448368
-0.445252,-0.891035,-0.0397994,0.0788902,0.238707,0.052812,0.321155,-0.451635
-0.449658,-0.889376,-0.0445696,0.0695058,0.249749,0.05127,0.322597,-0.455198
-0.454162,-0.887513,-0.0494478,0.0600996,0.261113,0.049699,0.324183,-0.45889
-0.458725,-0.885436,-0.0544948,0.0510288,0.272707,0.048125,0.325884,-0.463023
-0.463416,-0.883098,-0.0597354,0.0425999,0.28446,0.046562,0.327653,-0.467668
-0.468466,-0.880382,-0.0651169,0.0350344,0.296321,0.045001,0.329438,-0.472474
-0.473747,-0.877388,-0.0704239,0.0281964,0.308275,0.043364,0.331172,-0.477644
-0.479039,-0.874284,-0.075366,0.0216505,0.320337,0.04155,0.332805,-0.483339
-0.484152,-0.871209,-0.079805,0.0149153,0.33254,0.039491,0.334312,-0.489652
-0.489058,-0.868189,-0.083732,0.00773379,0.34489,0.037159,0.335692,-0.496475
-0.493857,-0.865154,-0.0872559,0.00019488,0.357354,0.034585,0.33696,-0.503696
0.498717,0.861995,0.0905105,0.0073585,0.369854,0.031831,0.338128,-0.511186
0.503815,0.858594,0.0936772,0.0145202,0.3823,0.028985,0.339216,-0.518799
0.509215,0.854902,0.0969558,0.0210346,0.394632,0.026131,0.340256,-0.526539
0.514887,0.850927,0.100467,0.0268413,0.406811,0.02333,0.341265,-0.534491
0.520726,0.84673,0.104247,0.0320403,0.418827,0.020607,0.342248,-0.542806
0.526662,0.842339,0.108328,0.0368371,0.430689,0.017964,0.343217,-0.551451
0.532705,0.837738,0.112694,0.0414718,0.442405,0.015386,0.344191,-0.560141
0.538781,0.832963,0.117293,0.0461616,0.453953,0.012843,0.345187,-0.568767
0.54481,0.828063,0.122039,0.0509864,0.465264,0.010304,0.346196,-0.577322
0.550839,0.823018,0.126905,0.0557907,0.476232,0.007762,0.347199,-0.585658
0.556847,0.817855,0.131905,0.0603002,0.486722,0.005211,0.348175,-0.593891
0.562811,0.812608,0.136992,0.0643772,0.4966,0.002629,0.349108,-0.602008
0.5688,0.807269,0.141991,0.0679813,0.505725,-2.2e-05,0.349973,-0.609557
0.574762,0.801935,0.146565,0.0711856,0.513938,-0.002781,0.350739,-0.616124
0.580623,0.796727,0.150402,0.0740501,0.521069,-0.00566,0.351385,-0.621205
0.586217,0.791824,0.153345,0.0764821,0.526949,-0.008614,0.351912,-0.624703
0.591377,0.787378,0.155516,0.078258,0.53144,-0.011519,0.352341,-0.626732
0.59603,0.783433,0.15722,0.0791343,0.534458,-0.014215,0.352717,-0.627297
0.600041,0.780066,0.158744,0.0790502,0.535985,-0.016577,0.353085,-0.62654
0.603209,0.777415,0.16017,0.0781618,0.536044,-0.018558,0.353463,-0.624727
0.605418,0.775593,0.161369,0.0767079,0.534675,-0.020172,0.353833,-0.621973
0.606668,0.774636,0.16213,0.0748779,0.531945,-0.021476,0.354149,-0.618326
0.60715,0.774445,0.162261,0.0726262,0.527921,-0.022528,0.354339,-0.613711
0.607015,0.774935,0.16167,0.0698004,0.522686,-0.023388,0.354343,-0.608409
0.606382,0.776021,0.160347,0.0661932,0.516336,-0.024109,0.354108,-0.602882
0.605452,0.777528,0.158359,0.0616487,0.508988,-0.024741,0.353602,-0.597316
0.604374,0.779305,0.155758,0.0561693,0.500781,-0.025342,0.352805,-0.591872
0.60326,0.781224,0.152556,0.049935,0.491868,-0.025987,0.351712,-0.586544
0.602252,0.783143,0.148714,0.0431677,0.482392,-0.02675,0.350324,-0.581134
0.601494,0.784933,0.144169,0.0360495,0.472473,-0.027704,0.348644,-0.575423
0.601037,0.786541,0.138866,0.0287065,0.462209,-0.028907,0.346682,-0.569473
0.600923,0.787907,0.132832,0.0212109,0.451696,-0.030366,0.344454,-0.563358
0.601157,0.788982,0.126222,0.0136208,0.441035,-0.032052,0.341983,-0.557209
0.601805,0.789668,0.11924,0.00599719,0.430335,-0.033919,0.339312,-0.550902
-0.602891,-0.789921,-0.112006,0.00155325,0.419688,-0.035941,0.336488,-0.544315
-0.604301,-0.789814,-0.104573,0.00882598,0.409166,-0.038117,0.333563,-0.537584
-0.605882,-0.789464,-0.0970038,0.0156075,0.398815,-0.040447,0.330589,-0.530917
-0.607546,-0.788942,-0.0893651,0.0217226,0.388662,-0.042918,0.327624,-0.524349
-0.609227,-0.788304,-0.0817522,0.0271262,0.378706,-0.045492,0.324722,-0.517936
-0.610856,-0.787604,-0.0742464,0.0319619,0.368918,-0.048111,0.321921,-0.511863
-0.612488,-0.786796,-0.0669102,0.0365112,0.359261,-0.050702,0.319242,-0.506073
-0.614265,-0.785765,-0.0597675,0.0409911,0.349705,-0.053211,0.31669,-0.500285
-0.6162,-0.784506,-0.0527517,0.0454475,0.340227,-0.055629,0.31426,-0.494426
-0.618165,-0.783134,-0.0457652,0.0497986,0.330822,-0.057979,0.311957,-0.488694
-0.620213,-0.781608,-0.0388132,0.0540244,0.321498,-0.060251,0.30979,-0.482884
-0.622458,-0.779836,-0.031968,0.0581351,0.312273,-0.062411,0.307748,-0.476657
-0.624953,-0.777773,-0.0252831,0.0621644,0.303172,-0.064443,0.30582,-0.469904
-0.627749,-0.775367,-0.0188787,0.0661935,0.294217,-0.066323,0.303995,-0.462593
-0.630946,-0.772531,-0.0128359,0.07027,0.285426,-0.068027,0.302271,-0.454504
-0.634598,-0.769224,-0.00710274,0.0743604,0.276797,-0.069547,0.30064,-0.445394
-0.638468,-0.765641,-0.00146492,0.0784255,0.268291,-0.070923,0.299086,-0.435701
-0.642015,-0.762228,0.00437898,0.082494,0.259842,-0.072231,0.297585,-0.426727
-0.64508,-0.75911,0.0105625,0.0866751,0.251413,-0.073498,0.296123,-0.418886
-0.647896,-0.756066,0.0170781,0.0911189,0.243007,-0.074705,0.294703,-0.411646
-0.650465,-0.753077,0.0239185,0.0959066,0.23465,-0.075856,0.293326,-0.405044
-0.652651,-0.750255,0.030992,0.10101,0.226385,-0.076959,0.292001,-0.399432
-0.654648,-0.747433,0.0381598,0.106411,0.218273,-0.077993,0.290746,-0.394359
-0.656701,-0.744406,0.0453069,0.112029,0.210393,-0.078948,0.289559,-0.389187
-0.658753,-0.741246,0.0523812,0.117704,0.202828,-0.07985,0.288423,-0.384022
-0.660652,-0.738113,0.0594125,0.123281,0.195643,-0.080745,0.287341,-0.379198
-0.6624,-0.735028,0.0664574,0.128624,0.188891,-0.081666,0.28632,-0.374651
-0.663982,-0.73203,0.0734471,0.133663,0.182633,-0.082625,0.285353,-0.370462
-0.66531,-0.729241,0.0800808,0.138407,0.176972,-0.083602,0.284447,-0.367097
-0.666336,-0.726772,0.0859694,0.142855,0.172043,-0.084553,0.283608,-0.364983
-0.66727,-0.72451,0.0908387,0.146918,0.167977,-0.085444,0.282837,-0.363735
-0.672898,-0.71628,0.0980374,0.156654,0.163072,-0.08946,0.280038,-0.364494
-0.67414,-0.715527,0.0966692,0.155597,0.165282,-0.0904,0.279722,-0.365511
-0.675412,-0.715094,0.0946376,0.153304,0.168497,-0.091437,0.279513,-0.366461
-0.676624,-0.715031,0.0919887,0.149829,0.17266,-0.092552,0.279424,-0.3675
-0.677752,-0.715292,0.0886947,0.145407,0.177701,-0.0937,0.279466,-0.368762
-0.678963,-0.715629,0.084756,0.140358,0.183528,-0.094826,0.279648,-0.369919
-0.680445,-0.715791,0.0802174,0.134919,0.190036,-0.09589,0.279969,-0.370535
-0.682168,-0.715761,0.0752525,0.129112,0.197125,-0.096885,0.280422,-0.370507
-0.68409,-0.715561,0.070036,0.12283,0.204708,-0.097812,0.280994,-0.369682
-0.686153,-0.71522,0.0646418,0.116088,0.212717,-0.098656,0.281688,-0.368122
-0.688258,-0.714797,0.0590003,0.10902,0.221099,-0.099399,0.282512,-0.366202
-0.690317,-0.714327,0.0528984,0.101981,0.229802,-0.099993,0.283451,-0.364534
-0.692135,-0.713939,0.0461804,0.0954355,0.238738,-0.100383,0.284477,-0.363975
-0.693555,-0.713752,0.0389444,0.0895755,0.247811,-0.100583,0.285565,-0.364936
-0.694592,-0.713764,0.0314783,0.0842188,0.256949,-0.100669,0.28669,-0.367145
-0.695186,-0.714064,0.0240826,0.0790476,0.266108,-0.100732,0.287826,-0.370516
-0.695179,-0.714839,0.0169267,0.073793,0.275264,-0.100843,0.28895,-0.375334
-0.694601,-0.716073,0.0100835,0.068315,0.284407,-0.101029,0.290055,-0.381441
-0.693879,-0.71736,0.00362518,0.0625519,0.293536,-0.101288,0.291144,-0.38762
-0.69355,-0.718184,-0.00240669,0.0565159,0.302643,-0.101596,0.292223,-0.392357
-0.693558,-0.718597,-0.00808562,0.0503051,0.311722,-0.101902,0.293305,-0.39585
-0.693539,-0.71894,-0.013607,0.0440883,0.32078,-0.102147,0.294406,-0.399256
-0.693447,-0.719249,-0.019155,0.0380091,0.329822,-0.102284,0.295542,-0.402841
-0.693288,-0.719522,-0.0247811,0.03203,0.338845,-0.10231,0.296735,-0.406612
-0.69292,-0.719907,-0.030368,0.0259485,0.347834,-0.102266,0.29799,-0.410843
-0.692284,-0.720475,-0.0357048,0.019567,0.356764,-0.102196,0.299294,-0.41544
-0.691331,-0.721284,-0.040608,0.012714,0.365623,-0.102135,0.300628,-0.420273
-0.690037,-0.722355,-0.0449892,0.00532712,0.374404,-0.10211,0.301987,-0.42533
0.688382,0.723697,0.0488387,0.00262119,0.383097,-0.102133,0.303378,-0.430655
0.686436,0.725232,0.0521696,0.0110679,0.39169,-0.102206,0.304818,-0.436099
0.684546,0.726617,0.0550804,0.0197608,0.400168,-0.102288,0.30633,-0.440876
0.683023,0.727551,0.0578084,0.0284031,0.408536,-0.102322,0.307929,-0.444454
0.681896,0.728013,0.0605084,0.0367851,0.416798,-0.102282,0.309611,-0.447067
0.681086,0.728089,0.0632459,0.0447995,0.424954,-0.10217,0.311364,-0.449125
0.680483,0.727891,0.0660604,0.052466,0.433016,-0.10199,0.313184,-0.450965
0.680034,0.727468,0.068984,0.0598789,0.440999,-0.101756,0.315072,-0.452693
0.679698,0.726855,0.0720454,0.0670903,0.448895,-0.101483,0.317037,-0.454394
0.679449,0.726086,0.0753069,0.0740079,0.456678,-0.101173,0.319083,-0.456278
0.679327,0.725128,0.0788683,0.0805275,0.464311,-0.100819,0.321214,-0.458351
0.679307,0.724008,0.0827495,0.0866428,0.471754,-0.100442,0.323433,-0.46068
0.679322,0.722784,0.0869027,0.092484,0.478968,-0.100077,0.325745,-0.463301
0.679312,0.72151,0.0912357,0.0981517,0.485889,-0.099756,0.328138,-0.466246
0.679245,0.72025,0.0955844,0.10358,0.492413,-0.099495,0.330587,-0.469472
0.679339,0.718861,0.099875,0.108456,0.49841,-0.099256,0.333053,-0.47224
0.679841,0.71719,0.104029,0.11239,0.503732,-0.098985,0.335495,-0.474039
0.680581,0.715501,0.107709,0.11518,0.508215,-0.098663,0.337883,-0.475738
0.681305,0.714096,0.110651,0.116817,0.511751,-0.09827,0.34021,-0.477902
0.681872,0.713102,0.112923,0.117409,0.514333,-0.097753,0.342495,-0.480502
0.682229,0.712519,0.114769,0.117085,0.516017,-0.097054,0.344758,-0.483408
0.682473,0.712221,0.11641,0.115847,0.516855,-0.096127,0.347004,-0.48631
0.682613,0.712225,0.117741,0.113634,0.51685,-0.094991,0.349218,-0.489012
0.682606,0.712611,0.118475,0.110448,0.515998,-0.093711,0.351388,-0.491149
0.682549,0.71328,0.1185,0.10638,0.514347,-0.092336,0.353524,-0.492226
0.682572,0.714079,0.117772,0.101566,0.511958,-0.090916,0.355647,-0.491988
0.682685,0.714971,0.116257,0.0961404,0.508888,-0.089501,0.357785,-0.4906
0.682925,0.715881,0.114052,0.0901158,0.505191,-0.088115,0.359984,-0.488128
0.683425,0.716642,0.111352,0.0833972,0.500914,-0.086748,0.362283,-0.48439
0.684182,0.717228,0.10827,0.0758645,0.49609,-0.085383,0.36471,-0.479613
0.685113,0.717674,0.104946,0.0674614,0.490765,-0.083994,0.367288,-0.474101
0.686138,0.717987,0.101599,0.058197,0.485006,-0.082552,0.370056,-0.46806
0.687166,0.718187,0.098402,0.0482401,0.478904,-0.081049,0.373066,-0.461635
0.688127,0.718281,0.0954902,0.0378827,0.472564,-0.079504,0.37637,-0.454839
0.689023,0.718227,0.092968,0.0274664,0.466098,-0.077952,0.380016,-0.447519
0.689881,0.718,0.0907772,0.0173293,0.459591,-0.076452,0.384036,-0.439509
0.690761,0.717569,0.088798,0.0077089,0.453099,-0.075062,0.388441,-0.430692
-0.691719,-0.716918,-0.086902,0.00126596,0.44666,-0.073833,0.393224,-0.421038
-0.692812,-0.716028,-0.0849944,0.00954239,0.4403,-0.072792,0.39837,-0.410499
-0.694083,-0.714888,-0.0830211,0.0170503,0.434053,-0.07196,0.403856,-0.399041
-0.695438,-0.713612,-0.0810189,0.0236553,0.427972,-0.071339,0.409662,-0.387005
-0.696705,-0.712379,-0.0791477,0.0292324,0.422128,-0.0709,0.415769,-0.374936
-0.697742,-0.711325,-0.0776715,0.033768,0.416579,-0.07059,0.422167,-0.363304
-0.698509,-0.710478,-0.0768774,0.0373655,0.411369,-0.070345,0.42884,-0.352304
-0.69896,-0.709867,-0.0769946,0.0401886,0.406512,-0.070108,0.435774,-0.342122
-0.699046,-0.70953,-0.0781283,0.0424005,0.401991,-0.069845,0.442944,-0.332928
-0.69885,-0.709384,-0.0802183,0.0441413,0.397773,-0.069552,0.450303,-0.324518
-0.69851,-0.709306,-0.0830627,0.0454973,0.393816,-0.069249,0.457797,-0.316537
-0.698125,-0.709216,-0.0864229,0.0465283,0.390069,-0.068967,0.465376,-0.308723
-0.69765,-0.70918,-0.0900975,0.0472281,0.386497,-0.068737,0.472995,-0.301227
-0.697054,-0.709249,-0.0938911,0.0476048,0.383071,-0.068579,0.480614,-0.294139
-0.696211,-0.709556,-0.0977139,0.0476681,0.379764,-0.068504,0.488204,-0.287834
-0.695104,-0.710106,-0.101576,0.047554,0.376535,-0.068498,0.495746,-0.282327
-0.69386,-0.71075,-0.105503,0.0475582,0.373331,-0.068525,0.503219,-0.277202
-0.692507,-0.711444,-0.109507,0.0478512,0.370117,-0.068571,0.510622,-0.272337
-0.690998,-0.712235,-0.113557,0.0484565,0.366863,-0.068645,0.517952,-0.26787
-0.689428,-0.713035,-0.117586,0.04943,0.363532,-0.068739,0.525187,-0.263467
-0.687916,-0.713738,-0.121524,0.0508143,0.360095,-0.068847,0.532309,-0.258751
-0.68644,-0.714381,-0.125327,0.0524658,0.356553,-0.068989,0.539317,-0.253776
-0.684911,-0.715067,-0.12899,0.0541987,0.352929,-0.069181,0.546215,-0.24887
-0.683213,-0.715911,-0.132566,0.0558358,0.349256,-0.069438,0.553015,-0.244468
-0.681358,-0.716903,-0.136111,0.0572312,0.345568,-0.069771,0.559733,-0.24065
-0.679365,-0.718025,-0.139642,0.0583365,0.341874,-0.070177,0.566378,-0.237403
-0.677196,-0.719326,-0.143092,0.0591663,0.338152,-0.070648,0.572954,-0.234844
-0.67485,-0.720813,-0.146392,0.0597958,0.334373,-0.071178,0.579459,-0.232986
-0.672369,-0.722447,-0.14949,0.0603513,0.330513,-0.071747,0.585881,-0.231732
-0.669818,-0.724171,-0.152335,0.0609484,0.326546,-0.072329,0.592211,-0.230821
-0.667164,-0.726016,-0.154898,0.0616436,0.322455,-0.072893,0.598438,-0.23004
-0.664352,-0.728043,-0.157141,0.0624197,0.318233,-0.073419,0.604545,-0.229207
-0.661411,-0.73024,-0.159022,0.0632199,0.313886,-0.073892,0.610508,-0.228172
-0.658355,-0.732604,-0.160533,0.0639443,0.309439,-0.074299,0.6163,-0.226989
-0.655201,-0.735136,-0.161642,0.0644867,0.304911,-0.074643,0.621902,-0.225749
-0.651992,-0.73781,-0.162316,0.0647718,0.300317,-0.074932,0.627298,-0.224448
-0.648678,-0.740684,-0.162529,0.0647263,0.295663,-0.075159,0.632466,-0.223298
-0.645283,-0.743727,-0.162289,0.0643575,0.290956,-0.075307,0.637398,-0.222231
-0.641914,-0.746827,-0.161649,0.063758,0.286196,-0.07535,0.642089,-0.220891
-0.638533,-0.749998,-0.160657,0.0629991,0.281384,-0.075262,0.646542,-0.219311
-0.635056,-0.753284,-0.159385,0.0621556,0.276522,-0.07501,0.650762,-0.217588
-0.631471,-0.756668,-0.15793,0.0612868,0.271625,-0.074551,0.654759,-0.215634
-0.627761,-0.760135,-0.15641,0.0603876,0.266729,-0.073852,0.658543,-0.213448
-0.623872,-0.763701,-0.154962,0.059425,0.261881,-0.072901,0.662141,-0.211172
-0.619793,-0.767346,-0.153717,0.0583804,0.257138,-0.071709,0.665584,-0.208872
-0.615491,-0.771075,-0.152762,0.0572567,0.252562,-0.070289,0.668892,-0.206686
-0.61095,-0.774885,-0.152149,0.0560746,0.248223,-0.068665,0.672071,-0.204789
-0.606153,-0.778783,-0.151887,0.0548329,0.244203,-0.066883,0.675121,-0.203413
-0.601211,-0.782675,-0.151981,0.0535453,0.240591,-0.064989,0.678037,-0.202506
-0.596301,-0.78643,-0.152403,0.0522137,0.237482,-0.06303,0.680808,-0.20191
-0.591573,-0.789953,-0.153108,0.050736,0.234987,-0.061069,0.683418,-0.201667
-0.587167,-0.793172,-0.154021,0.048898,0.233221,-0.059181,0.685843,-0.201922
-0.583326,-0.795937,-0.155089,0.0465138,0.232298,-0.057425,0.688075,-0.202544
-0.58039,-0.798021,-0.156244,0.0435657,0.232297,-0.055837,0.690113,-0.20299
-0.578451,-0.799383,-0.157398,0.0400904,0.233261,-0.054443,0.691952,-0.2032
-0.577522,-0.800033,-0.15844,0.0362144,0.235178,-0.053253,0.693584,-0.203166
-0.577524,-0.800039,-0.159286,0.0321135,0.238005,-0.052257,0.69501,-0.202963
-0.578275,-0.799535,-0.159872,0.0279811,0.241668,-0.051434,0.696242,-0.202787
-0.579442,-0.79875,-0.160219,0.0239789,0.246084,-0.050756,0.697297,-0.203169
-0.58084,-0.7978,-0.160408,0.0202209,0.251176,-0.05018,0.698196,-0.204286
-0.582327,-0.79677,-0.160542,0.0166999,0.2569,-0.049659,0.698974,-0.20632
-0.583867,-0.795659,-0.160777,0.0132652,0.263232,-0.049157,0.699685,-0.209275
-0.585443,-0.794451,-0.161278,0.00969475,0.270161,-0.048656,0.700376,-0.21316
-0.587111,-0.793098,-0.162054,0.00584818,0.27765,-0.048158,0.701076,-0.217759
-0.588882,-0.791602,-0.163039,0.00163999,0.28564,-0.047682,0.701789,-0.222998
0.59082,0.78993,0.164117,0.00284757,0.294043,-0.047245,0.702494,-0.228576
0.592997,0.788043,0.165189,0.00743956,0.302766,-0.046846,0.703156,-0.23413
0.595361,0.785988,0.16621,0.0119796,0.311739,-0.046473,0.703746,-0.239625
0.597851,0.783808,0.167184,0.0164033,0.320911,-0.046118,0.704258,-0.245108
0.60042,0.781537,0.168134,0.0206619,0.330239,-0.045766,0.704691,-0.250593
0.602988,0.77924,0.169059,0.0246842,0.339673,-0.045397,0.705043,-0.256169
0.605469,0.776995,0.169949,0.0283468,0.349151,-0.044995,0.70529,-0.261925
0.607878,0.774803,0.170785,0.0315783,0.358634,-0.044561,0.705414,-0.267781
0.610224,0.772668,0.171545,0.0343915,0.368095,-0.0441,0.705404,-0.273723
0.6124,0.770691,0.172157,0.0369238,0.37752,-0.04363,0.705252,-0.280107
0.614275,0.768978,0.172608,0.0393135,0.386896,-0.043163,0.704965,-0.287281
0.615963,0.767432,0.172948,0.0415592,0.396211,-0.042689,0.70456,-0.294878
0.617616,0.765931,0.173193,0.0436386,0.40545,-0.042194,0.704047,-0.302466
0.619249,0.764478,0.173278,0.0455942,0.414597,-0.041683,0.703424,-0.310051
0.620835,0.763096,0.173188,0.0474761,0.423648,-0.041163,0.70269,-0.317761
0.622372,0.761778,0.172984,0.0492427,0.432609,-0.040631,0.701852,-0.325627
0.623925,0.760457,0.172741,0.0508201,0.441474,-0.040066,0.700924,-0.333456
0.625524,0.759109,0.172467,0.0522374,0.450241,-0.039454,0.699923,-0.341158
0.627116,0.757757,0.172176,0.0537134,0.458933,-0.038779,0.698872,-0.348784
0.628599,0.756465,0.171871,0.0555275,0.467582,-0.038042,0.697786,-0.35651
0.62988,0.755296,0.17153,0.0579354,0.476219,-0.037257,0.696685,-0.364591
0.630949,0.75424,0.171168,0.0610457,0.484857,-0.036428,0.695576,-0.373037
0.631802,0.753286,0.170853,0.0647748,0.493494,-0.035552,0.694464,-0.381864
0.632371,0.752444,0.170832,0.0689273,0.50212,-0.03464,0.693341,-0.391344
0.632598,0.751729,0.171247,0.0734743,0.510717,-0.033724,0.692203,-0.401704
0.632577,0.751105,0.171803,0.078559,0.519269,-0.032837,0.691047,-0.412656
0.632369,0.750542,0.172305,0.0843084,0.527761,-0.03199,0.689888,-0.423886
0.631959,0.750005,0.172903,0.0906907,0.536171,-0.031166,0.688759,-0.435251
0.631334,0.74948,0.173744,0.0975257,0.544462,-0.030353,0.687688,-0.446684
0.63053,0.748936,0.174923,0.104541,0.552594,-0.029517,0.686695,-0.458047
0.629417,0.748481,0.176539,0.111553,0.560532,-0.028615,0.68579,-0.469659
0.627894,0.748201,0.178627,0.118473,0.568239,-0.027618,0.684975,-0.481736
0.625913,0.748149,0.181156,0.125255,0.575677,-0.02652,0.684243,-0.494391
0.623575,0.748282,0.184014,0.131785,0.582797,-0.02533,0.68357,-0.507473
0.621183,0.74842,0.187009,0.137938,0.589543,-0.024088,0.682914,-0.520314
0.619021,0.748403,0.18986,0.143736,0.595861,-0.022865,0.682231,-0.53218
0.617109,0.748273,0.192236,0.14936,0.601695,-0.021738,0.681485,-0.542879
0.615403,0.748117,0.193869,0.154969,0.606978,-0.020747,0.680651,-0.552249
0.613785,0.748082,0.194594,0.160544,0.611621,-0.019874,0.679716,-0.560318
0.612286,0.748228,0.194343,0.165806,0.615505,-0.019056,0.678663,-0.566805
0.610967,0.748606,0.193109,0.170346,0.618502,-0.018209,0.677484,-0.571458
0.609906,0.749202,0.191079,0.173784,0.620518,-0.01723,0.676187,-0.573985
0.609061,0.75004,0.188516,0.175916,0.621504,-0.016019,0.674806,-0.574367
0.608305,0.751166,0.185639,0.176786,0.62145,-0.014517,0.673392,-0.572673
0.607465,0.752633,0.182585,0.176613,0.620373,-0.012714,0.672001,-0.569069
0.606286,0.75458,0.179351,0.175669,0.618298,-0.010623,0.670668,-0.564071
0.604631,0.757079,0.175921,0.174084,0.615242,-0.008249,0.669404,-0.558074
0.602531,0.760104,0.172341,0.171748,0.611214,-0.005597,0.668198,-0.551267
0.600047,0.763604,0.16875,0.168453,0.606237,-0.00267,0.667038,-0.543835
0.597355,0.767423,0.165342,0.163985,0.600359,0.000519,0.665912,-0.535588
0.594624,0.771396,0.162173,0.158338,0.593652,0.003927,0.66481,-0.526254
0.591979,0.775391,0.159123,0.151685,0.586208,0.007475,0.663716,-0.51564
0.589403,0.779391,0.155952,0.144333,0.578117,0.011065,0.662615,-0.503954
0.586798,0.783432,0.152436,0.136622,0.569465,0.014604,0.661498,-0.491584
0.584005,0.787594,0.148446,0.128833,0.560345,0.018028,0.660372,-0.479026
0.58101,0.791853,0.144027,0.121046,0.550841,0.021322,0.659253,-0.466402
0.577822,0.79617,0.139319,0.113249,0.541024,0.024504,0.658155,-0.453782
0.574462,0.800501,0.134472,0.105398,0.530951,0.027589,0.657088,-0.44122
0.571057,0.804749,0.129511,0.0974709,0.520666,0.030565,0.656057,-0.428468
0.56769,0.808859,0.124315,0.0895628,0.510214,0.033417,0.655075,-0.415344
0.564161,0.812943,0.119071,0.0816599,0.499653,0.03615,0.654166,-0.40249
0.559747,0.817443,0.114108,0.0738208,0.489047,0.038786,0.653351,-0.391735
0.554159,0.822543,0.109207,0.066367,0.478447,0.041351,0.652647,-0.383588
0.548001,0.827772,0.104815,0.0591753,0.467896,0.04387,0.652064,-0.376541
0.541669,0.832773,0.101925,0.0519174,0.457421,0.046354,0.651602,-0.369722
0.535325,0.837495,0.100143,0.0447171,0.447035,0.048802,0.651248,-0.362698
0.529243,0.841896,0.0984216,0.0377803,0.436746,0.051216,0.65099,-0.354808
0.523198,0.846172,0.0963527,0.0311965,0.42657,0.053596,0.650823,-0.346625
0.516921,0.850479,0.0941094,0.0249229,0.416522,0.055946,0.650752,-0.338795
0.51051,0.85474,0.0918815,0.0189088,0.406622,0.058292,0.650779,-0.331128
0.503991,0.858921,0.0898907,0.0129667,0.396895,0.060667,0.650913,-0.323734
0.497228,0.86307,0.0884659,0.00692925,0.387354,0.063099,0.651152,-0.316986
0.490129,0.867232,0.0876409,0.00104907,0.378013,0.065618,0.651494,-0.31094
-0.482585,-0.871479,-0.0872758,0.00445254,0.368885,0.068247,0.651926,-0.305739
-0.474608,-0.875803,-0.0873216,0.00960135,0.359964,0.070989,0.652431,-0.301358
-0.46629,-0.880156,-0.087706,0.0143736,0.351242,0.073828,0.652975,-0.297598
-0.45764,-0.884545,-0.0882854,0.0187316,0.342701,0.076728,0.653514,-0.294477
-0.448538,-0.889052,-0.0888276,0.0225844,0.334318,0.079633,0.654,-0.292303
-0.438997,-0.893682,-0.089127,0.0258854,0.32607,0.082489,0.654377,-0.291046
-0.42911,-0.898396,-0.0890366,0.0286464,0.31794,0.085262,0.654603,-0.290481
-0.41901,-0.903126,-0.0885152,0.030967,0.3099,0.087942,0.654667,-0.290313
-0.408773,-0.90782,-0.0876167,0.0330176,0.301918,0.090543,0.654575,-0.290345
-0.398484,-0.912422,-0.0864489,0.0349682,0.29397,0.093085,0.654337,-0.290351
-0.388101,-0.916939,-0.0850667,0.0369281,0.286043,0.095577,0.653951,-0.290367
-0.377625,-0.921364,-0.0834775,0.0389716,0.278127,0.098015,0.65341,-0.290316
-0.366907,-0.925752,-0.0816697,0.0411396,0.270224,0.10038,0.652705,-0.290529
-0.356022,-0.930062,-0.0796319,0.0434902,0.262345,0.102654,0.651828,-0.290885
-0.345087,-0.934243,-0.0773505,0.0460573,0.254511,0.104816,0.650769,-0.291166
-0.334231,-0.938247,-0.0748169,0.048831,0.246753,0.106858,0.649517,-0.291261
-0.323449,-0.942076,-0.0720538,0.0517894,0.239106,0.108774,0.648061,-0.291499
-0.312729,-0.945733,-0.069083,0.0549357,0.231601,0.11055,0.6464,-0.292114
-0.302018,-0.949236,-0.0658899,0.0582568,0.224275,0.112159,0.64454,-0.29332
-0.291368,-0.952574,-0.0624674,0.0616869,0.217183,0.113587,0.642493,-0.295133
-0.280906,-0.955711,-0.0588723,0.0651361,0.210392,0.114843,0.64029,-0.29744
-0.270758,-0.95862,-0.0551936,0.0684918,0.203978,0.115935,0.63799,-0.30015
-0.261113,-0.961259,-0.0515728,0.0717019,0.198017,0.1169,0.63567,-0.303033
-0.252128,-0.963595,-0.0482091,0.0747834,0.192589,0.117795,0.633412,-0.305972
-0.243868,-0.965629,-0.0453179,0.077684,0.187798,0.118665,0.631297,-0.309083
-0.23643,-0.967368,-0.0430529,0.0802866,0.183771,0.119545,0.629388,-0.312468
-0.229982,-0.968813,-0.0415409,0.0823589,0.180658,0.120467,0.627732,-0.316077
-0.224641,-0.969983,-0.0408671,0.0836617,0.178597,0.121453,0.62637,-0.319931
-0.220422,-0.970906,-0.0410823,0.0840664,0.177687,0.122524,0.625328,-0.324192
-0.217325,-0.971593,-0.0421947,0.0836478,0.177965,0.123705,0.624621,-0.329001
-0.215367,-0.972028,-0.044183,0.0826259,0.179412,0.125013,0.624251,-0.334378
-0.214369,-0.972238,-0.0469901,0.0811868,0.181991,0.12645,0.624208,-0.340681
-0.214221,-0.972241,-0.0505601,0.0793752,0.185658,0.127998,0.624466,-0.348047
-0.214969,-0.972025,-0.0547672,0.0771731,0.190371,0.129631,0.624982,-0.356242
-0.216726,-0.971566,-0.0593877,0.0745791,0.19608,0.131299,0.625706,-0.364863
-0.219658,-0.970823,-0.0642348,0.0716019,0.202716,0.132951,0.626591,-0.373349
-0.223809,-0.969779,-0.0691659,0.0682192,0.210197,0.134535,0.627583,-0.381343
-0.229031,-0.968458,-0.0740788,0.0643906,0.21844,0.136016,0.628639,-0.388854
-0.235187,-0.966871,-0.0789326,0.0601483,0.227353,0.137379,0.629725,-0.395886
-0.24225,-0.964997,-0.0836801,0.0556104,0.236837,0.138614,0.630813,-0.402195
-0.250092,-0.962848,-0.088249,0.0508886,0.246789,0.139699,0.63188,-0.407765
-0.258636,-0.960427,-0.092527,0.0461058,0.257113,0.140608,0.632897,-0.412565
-0.267889,-0.957725,-0.0963821,0.0413403,0.26773,0.141318,0.633837,-0.416413
-0.277936,-0.95471,-0.0996825,0.0366466,0.278578,0.141807,0.634674,-0.419039
-0.288684,-0.951395,-0.102406,0.0319784,0.289617,0.142078,0.635396,-0.420517
-0.29994,-0.947812,-0.104605,0.0273108,0.300807,0.142149,0.636001,-0.421159
-0.311505,-0.944,-0.10637,0.0226751,0.312103,0.142046,0.636494,-0.421298
-0.323157,-0.940013,-0.107778,0.018128,0.323457,0.1418,0.636885,-0.421299
-0.33467,-0.935922,-0.108898,0.0137054,0.334827,0.141444,0.63718,-0.421567
-0.346022,-0.931735,-0.109778,0.00937734,0.346192,0.140999,0.637391,-0.422079
-0.357296,-0.927424,-0.110451,0.00503033,0.357556,0.14048,0.637526,-0.422595
-0.368591,-0.922949,-0.110926,0.000481625,0.368931,0.139885,0.637597,-0.422826
0.379778,0.918319,0.111544,0.00407468,0.380329,0.139196,0.637601,-0.423246
0.390698,0.91356,0.112668,0.0082654,0.391729,0.138402,0.637534,-0.424469
0.401521,0.908656,0.113897,0.0123459,0.403088,0.13751,0.637388,-0.425864
0.412066,0.903725,0.114909,0.0167103,0.414387,0.136531,0.637174,-0.427526
0.421899,0.898953,0.115876,0.0214018,0.425609,0.135488,0.636903,-0.430372
0.430804,0.894446,0.116961,0.0263384,0.436709,0.134393,0.636575,-0.434878
0.438884,0.890212,0.117953,0.0314633,0.44763,0.133274,0.636187,-0.44073
0.446338,0.886205,0.118623,0.0367478,0.45832,0.132162,0.635742,-0.447348
0.453262,0.882354,0.119355,0.0419495,0.468739,0.131086,0.635236,-0.454552
0.459659,0.878628,0.120553,0.0468425,0.478859,0.130079,0.634679,-0.462385
0.465485,0.875012,0.122672,0.0512757,0.488659,0.129167,0.63408,-0.470988
0.47073,0.871521,0.12591,0.0548838,0.49813,0.128358,0.633449,-0.480701
0.475949,0.868045,0.128691,0.0583943,0.507272,0.127641,0.632789,-0.489699
0.481716,0.864351,0.129968,0.0628915,0.516075,0.127013,0.632104,-0.495643
0.48762,0.860509,0.131041,0.0676742,0.524517,0.126475,0.6314,-0.500035
0.493213,0.856698,0.132819,0.0718895,0.532568,0.126056,0.630675,-0.504604
0.498609,0.852943,0.134702,0.0757144,0.540201,0.125792,0.629927,-0.508802
0.503821,0.849281,0.136364,0.079312,0.547403,0.125708,0.62916,-0.51236
0.508544,0.845812,0.138454,0.0825571,0.554167,0.125816,0.628384,-0.516096
0.512642,0.842593,0.141156,0.0855048,0.560495,0.126118,0.627615,-0.520311
0.516243,0.83959,0.144103,0.0884096,0.56638,0.126586,0.626859,-0.524459
0.519421,0.836791,0.147067,0.0914005,0.571777,0.127172,0.626117,-0.528156
0.522221,0.834219,0.149825,0.0944236,0.576598,0.127847,0.625372,-0.53112
0.524714,0.831886,0.152253,0.0972594,0.580729,0.128607,0.624591,-0.533015
0.526867,0.829862,0.154305,0.0996515,0.584042,0.129477,0.623763,-0.533713
0.528553,0.828272,0.155945,0.10138,0.586416,0.130498,0.62288,-0.533301
0.529707,0.827192,0.157185,0.102256,0.587743,0.131725,0.62194,-0.531704
0.530271,0.826669,0.158077,0.10219,0.587944,0.133206,0.620951,-0.528777
0.530042,0.82682,0.158646,0.10127,0.586977,0.134968,0.619941,-0.524787
0.528768,0.82777,0.158956,0.0996675,0.584843,0.13702,0.618951,-0.520205
0.526384,0.82953,0.159092,0.0974188,0.581569,0.139377,0.618009,-0.515254
0.52291,0.832058,0.159133,0.0944544,0.577201,0.142036,0.61713,-0.510138
0.518451,0.835254,0.159174,0.0906841,0.57182,0.144977,0.616318,-0.504983
0.513116,0.839008,0.159243,0.0861357,0.565547,0.14815,0.615571,-0.49994
0.507109,0.843155,0.15929,0.0809671,0.558516,0.151474,0.614876,-0.494866
0.50076,0.84747,0.159224,0.075377,0.55086,0.154867,0.614215,-0.48923
0.494224,0.85184,0.158954,0.0696071,0.542695,0.158254,0.613555,-0.482859
0.487501,0.856258,0.158394,0.0638507,0.534116,0.161578,0.612866,-0.475954
0.480702,0.860672,0.157464,0.0580812,0.525178,0.164808,0.612113,-0.468518
0.473852,0.865072,0.156183,0.0521697,0.515923,0.167948,0.611284,-0.460738
0.466897,0.869479,0.154588,0.0460099,0.506396,0.171021,0.610374,-0.452891
0.459863,0.873871,0.152677,0.0395634,0.496631,0.174028,0.609376,-0.444991
0.452691,0.878282,0.150354,0.032958,0.486667,0.176938,0.60828,-0.437174
0.445298,0.882758,0.147488,0.0263823,0.476545,0.179724,0.607078,-0.429593
0.437716,0.887272,0.14407,0.0199264,0.466299,0.182372,0.605768,-0.422192
0.429986,0.891786,0.14016,0.0135813,0.455959,0.184885,0.604362,-0.414932
0.422061,0.896299,0.135861,0.00735279,0.445559,0.187271,0.602885,-0.407954
0.413993,0.900758,0.131313,0.00121723,0.435119,0.189553,0.601372,-0.401139
-0.405951,-0.905065,-0.126638,0.00494935,0.424641,0.191763,0.599856,-0.394122
-0.398037,-0.909157,-0.121961,0.0112244,0.41414,0.193937,0.598366,-0.386702
-0.390089,-0.913101,-0.117351,0.0175052,0.403662,0.196087,0.596932,-0.379256
-0.381883,-0.916989,-0.112866,0.0236208,0.393254,0.198218,0.595588,-0.372264
-0.373427,-0.920812,-0.108574,0.0295009,0.382945,0.200341,0.594366,-0.365689
-0.364745,-0.92455,-0.104573,0.0350995,0.372761,0.202472,0.593297,-0.359455
-0.35572,-0.928247,-0.100948,0.0403762,0.362725,0.204633,0.592401,-0.353833
-0.346329,-0.931899,-0.0978062,0.0453226,0.352861,0.206855,0.591699,-0.348891
-0.336649,-0.935474,-0.0951856,0.0499562,0.343185,0.209155,0.591203,-0.344479
-0.326797,-0.938935,-0.0930613,0.0542699,0.333703,0.211531,0.590916,-0.340346
-0.316819,-0.942279,-0.091342,0.0582407,0.324413,0.213965,0.590835,-0.336403
-0.306692,-0.945526,-0.0899401,0.0619027,0.315307,0.216444,0.590951,-0.332728
-0.296539,-0.948635,-0.0887649,0.0653926,0.306367,0.218954,0.591255,-0.329098
-0.286362,-0.951607,-0.0877646,0.0688385,0.297574,0.22148,0.591734,-0.32557
-0.27618,-0.954435,-0.0869015,0.0722886,0.28892,0.224012,0.592374,-0.32216
-0.265994,-0.957124,-0.0861642,0.0757362,0.280404,0.226539,0.593167,-0.318931
-0.255703,-0.959704,-0.0855538,0.0791435,0.272025,0.229052,0.5941,-0.31609
-0.245293,-0.962182,-0.0850253,0.082509,0.263773,0.231531,0.595142,-0.313643
-0.23483,-0.964545,-0.0844968,0.0858368,0.255637,0.233943,0.596253,-0.311433
-0.224421,-0.96677,-0.083923,0.0891554,0.247606,0.236259,0.597407,-0.309258
-0.214221,-0.968823,-0.0832467,0.0925261,0.239656,0.238454,0.598579,-0.306809
-0.204309,-0.97069,-0.0824765,0.0960043,0.231763,0.240518,0.599752,-0.303893
-0.19454,-0.972402,-0.0815931,0.0996507,0.223906,0.242434,0.600911,-0.300819
-0.184629,-0.974018,-0.0805716,0.103485,0.216083,0.244198,0.602044,-0.298253
-0.174427,-0.975561,-0.079466,0.107431,0.208303,0.245811,0.603155,-0.296532
-0.163805,-0.977053,-0.0783733,0.111325,0.200585,0.24726,0.604267,-0.295859
-0.152574,-0.978526,-0.0773242,0.115015,0.192953,0.248524,0.605382,-0.296615
-0.14062,-0.979993,-0.0763077,0.118392,0.185431,0.249611,0.606488,-0.299029
-0.128211,-0.981399,-0.0753162,0.121432,0.178036,0.250554,0.607577,-0.302569
-0.116078,-0.98263,-0.074313,0.124262,0.17076,0.251401,0.608644,-0.305817
-0.104566,-0.983652,-0.073317,0.126958,0.1636,0.252211,0.609669,-0.308138
-0.0936486,-0.984485,-0.072356,0.129551,0.156568,0.252973,0.610618,-0.309637
-0.0831249,-0.985175,-0.0713992,0.131993,0.149694,0.253574,0.611471,-0.310755
-0.072639,-0.985778,-0.0704047,0.134193,0.143023,0.25394,0.612226,-0.312292
-0.0621943,-0.986312,-0.0693176,0.136072,0.136612,0.254081,0.61287,-0.314373
-0.0521798,-0.986777,-0.0680914,0.137519,0.13055,0.254021,0.6134,-0.316335
-0.0427556,-0.987207,-0.0667625,0.13834,0.124965,0.253804,0.613819,-0.318098
-0.0338326,-0.987648,-0.0654795,0.138271,0.120032,0.253502,0.614141,-0.320244
-0.0255907,-0.988133,-0.0643867,0.137085,0.115945,0.25321,0.614396,-0.322826
-0.0183995,-0.988676,-0.0635908,0.134672,0.112876,0.253046,0.614583,-0.325522
-0.012444,-0.989276,-0.0631483,0.131115,0.110944,0.253141,0.614677,-0.328406
-0.00773177,-0.989902,-0.063072,0.12671,0.110216,0.253582,0.614695,-0.331929
-0.00436365,-0.990515,-0.0633216,0.121868,0.110722,0.254418,0.614692,-0.336347
-0.0025678,-0.991077,-0.0638889,0.116952,0.112473,0.255686,0.61472,-0.341508
-0.00243911,-0.991576,-0.0648218,0.112113,0.115482,0.257407,0.614825,-0.34733
-0.00399961,-0.992014,-0.066261,0.107243,0.119773,0.2596,0.615031,-0.353714
-0.00733469,-0.992397,-0.0683188,0.10211,0.125356,0.262256,0.615338,-0.360272
-0.0124704,-0.992712,-0.0710469,0.0965378,0.132203,0.265322,0.615729,-0.366698
-0.0193765,-0.992925,-0.0743803,0.090514,0.140236,0.268715,0.61618,-0.372723
-0.0279863,-0.992983,-0.0782258,0.084152,0.149334,0.272318,0.616671,-0.378124
-0.0382269,-0.992834,-0.0824691,0.0775802,0.159359,0.275955,0.61718,-0.382665
-0.0499287,-0.992437,-0.086931,0.0708487,0.170178,0.279457,0.617688,-0.386259
-0.0626299,-0.991776,-0.0914605,0.0639824,0.181664,0.282723,0.618169,-0.38941
-0.0760056,-0.990844,-0.0959566,0.0569571,0.193698,0.285722,0.618601,-0.392366
-0.0898439,-0.98964,-0.100347,0.0497024,0.206173,0.288444,0.61897,-0.395164
-0.104034,-0.988164,-0.104545,0.0421915,0.218974,0.290869,0.619272,-0.397705
-0.118601,-0.986392,-0.108507,0.0345077,0.231974,0.292968,0.619507,-0.399632
-0.133492,-0.98431,-0.112238,0.0267585,0.245054,0.29473,0.619686,-0.40079
-0.148268,-0.981962,-0.115802,0.0189053,0.258125,0.296156,0.619821,-0.401796
-0.16221,-0.979456,-0.119316,0.0107986,0.271126,0.297266,0.619933,-0.403882
-0.175293,-0.976814,-0.12289,0.00233266,0.28401,0.298088,0.620043,-0.406877
0.187919,0.973974,0.126569,0.00645965,0.296726,0.298646,0.620163,-0.409787
0.200078,0.970945,0.130366,0.015456,0.309207,0.298967,0.620305,-0.412552
0.211512,0.967796,0.134279,0.0245459,0.321393,0.299084,0.620486,-0.415685
0.222135,0.964567,0.138334,0.0336144,0.33324,0.29904,0.620723,-0.419364
0.232084,0.96125,0.142557,0.0425685,0.344719,0.298872,0.621028,-0.423312
0.241383,0.957852,0.147006,0.0514159,0.355805,0.298606,0.621421,-0.427398
0.24997,0.954391,0.151726,0.0602685,0.366493,0.298257,0.621917,-0.431612
0.25804,0.950811,0.156773,0.0692555,0.37679,0.297841,0.622524,-0.435402
0.265621,0.947086,0.162168,0.078581,0.386723,0.297365,0.623242,-0.438595
0.272635,0.943215,0.167924,0.0884178,0.396308,0.296835,0.624073,-0.441265
0.279152,0.93915,0.17408,0.0988356,0.405553,0.296261,0.62502,-0.443159
0.285214,0.934849,0.180693,0.109815,0.414446,0.295665,0.626087,-0.444098
0.290879,0.930295,0.187774,0.121165,0.422953,0.295071,0.627273,-0.443943
0.296152,0.925525,0.195251,0.132571,0.431022,0.294501,0.628564,-0.4428
0.300909,0.92064,0.203001,0.143756,0.438614,0.293968,0.629923,-0.441074
0.305152,0.915736,0.210883,0.154397,0.445687,0.293482,0.631293,-0.438983
0.308995,0.910872,0.218859,0.164117,0.452193,0.293063,0.632628,-0.436534
0.312488,0.906107,0.226955,0.172662,0.458097,0.292734,0.633892,-0.433793
0.315558,0.901515,0.23514,0.180007,0.463407,0.292493,0.635079,-0.431043
0.318124,0.89715,0.243344,0.186286,0.468159,0.292312,0.636209,-0.428547
0.320211,0.893017,0.251455,0.191721,0.472393,0.292153,0.637284,-0.4263
0.321835,0.889135,0.259302,0.19653,0.476145,0.291977,0.63829,-0.424358
0.323041,0.885521,0.266751,0.200853,0.479448,0.291749,0.639219,-0.422771
0.323959,0.882152,0.27379,0.204688,0.482332,0.291466,0.640064,-0.421394
0.324729,0.878994,0.280474,0.207977,0.484831,0.291141,0.640825,-0.420047
0.325424,0.876019,0.286844,0.210738,0.486985,0.290779,0.641511,-0.418645
0.326196,0.873099,0.293121,0.213012,0.488863,0.290426,0.642132,-0.416768
0.32728,0.870007,0.299702,0.214835,0.490564,0.290163,0.642692,-0.413614
0.328512,0.866745,0.306491,0.216554,0.492174,0.289949,0.643195,-0.409473
0.329575,0.863473,0.313085,0.218571,0.493725,0.28966,0.64365,-0.405206
0.330447,0.860199,0.319439,0.220955,0.495233,0.289257,0.644068,-0.400919
0.331069,0.856955,0.32551,0.223753,0.496733,0.288718,0.644432,-0.39684
0.331385,0.853752,0.3313,0.227005,0.498247,0.288028,0.644737,-0.393136
0.331529,0.850466,0.336997,0.230716,0.499798,0.287197,0.645003,-0.389298
0.331542,0.846999,0.342663,0.235064,0.501419,0.286204,0.645252,-0.385004
0.33136,0.843323,0.348233,0.240294,0.503146,0.285008,0.64549,-0.380237
0.331005,0.83944,0.353609,0.24645,0.504988,0.283583,0.645714,-0.374938
0.330642,0.835353,0.35876,0.253283,0.506919,0.281919,0.645899,-0.368935
0.330362,0.831118,0.36368,0.260461,0.508911,0.28003,0.646016,-0.362319
0.330245,0.826758,0.36842,0.267722,0.510948,0.277943,0.646053,-0.355088
0.330339,0.822251,0.37298,0.275074,0.51304,0.275661,0.646024,-0.347087
0.330552,0.817608,0.377244,0.282736,0.515203,0.273164,0.645941,-0.338424
0.330752,0.812891,0.381035,0.290901,0.517448,0.270438,0.645803,-0.329409
0.330953,0.808152,0.384281,0.29948,0.519765,0.267484,0.645591,-0.320194
0.331344,0.8034,0.387055,0.308137,0.522132,0.264331,0.645284,-0.310595
0.332066,0.798632,0.38939,0.316694,0.524536,0.261012,0.644866,-0.300428
0.333038,0.793879,0.391218,0.325255,0.526986,0.257539,0.644338,-0.289872
0.334164,0.789154,0.392481,0.333959,0.529488,0.253918,0.643713,-0.279044
0.335427,0.784433,0.393227,0.342821,0.532034,0.250178,0.643012,-0.267839
0.336742,0.779736,0.393504,0.351812,0.53461,0.246354,0.642254,-0.256405
0.338016,0.775131,0.393359,0.360814,0.537191,0.242482,0.641435,-0.245085
0.339265,0.77069,0.392838,0.369615,0.539757,0.238597,0.640541,-0.23413
0.340616,0.766401,0.391993,0.378089,0.542299,0.234713,0.639577,-0.223387
0.342109,0.762215,0.390869,0.386279,0.544816,0.230833,0.638562,-0.212642
0.343685,0.758096,0.389523,0.394264,0.547309,0.226964,0.637524,-0.201855
0.345347,0.754019,0.388,0.402053,0.549764,0.223119,0.636473,-0.190939
0.347101,0.749996,0.386297,0.409635,0.552176,0.219318,0.635409,-0.179945
0.348922,0.746045,0.38438,0.417041,0.554551,0.215572,0.634334,-0.169002
0.350837,0.742144,0.382212,0.424324,0.556898,0.211868,0.633247,-0.158064
0.352855,0.738272,0.379762,0.431541,0.559223,0.208181,0.632151,-0.147102
0.354996,0.73444,0.377007,0.438682,0.56153,0.204505,0.631027,-0.136136
0.357287,0.730679,0.373904,0.445702,0.563825,0.200842,0.62984,-0.125217
0.359837,0.727062,0.370341,0.452489,0.566115,0.197182,0.628526,-0.114482
0.36279,0.723685,0.366077,0.458968,0.568404,0.193495,0.627006,-0.104218
0.366374,0.720605,0.360867,0.465053,0.570699,0.189741,0.62519,-0.094546
0.370706,0.717898,0.354473,0.470689,0.573006,0.185887,0.623004,-0.0857653
0.375802,0.7156,0.346843,0.475804,0.575316,0.18194,0.620406,-0.0780165
0.381558,0.713724,0.338147,0.480279,0.577595,0.177959,0.617386,-0.0712668
0.387834,0.712258,0.328585,0.484051,0.579805,0.174008,0.613951,-0.0653914
0.394542,0.711187,0.31826,0.487094,0.581896,0.170116,0.610113,-0.0603228
0.401582,0.710573,0.30704,0.489432,0.583828,0.166267,0.605876,-0.056459
0.408941,0.710489,0.294816,0.490974,0.585555,0.162451,0.601223,-0.0541254
0.416633,0.711011,0.281715,0.491444,0.587027,0.158706,0.596133,-0.0534297
0.424718,0.712115,0.268249,0.490458,0.5882,0.155145,0.590614,-0.0538243
0.433055,0.713766,0.254948,0.487855,0.589046,0.151904,0.584717,-0.0548236
0.441108,0.716115,0.241584,0.483984,0.589506,0.148996,0.578521,-0.0573503
0.448408,0.719323,0.227789,0.479184,0.589517,0.146398,0.572102,-0.0624375
0.455033,0.723268,0.214117,0.473267,0.589061,0.144212,0.565531,-0.0692526
0.461241,0.727857,0.201305,0.465787,0.58813,0.142573,0.558839,-0.0768001
0.467046,0.733221,0.189578,0.456416,0.586697,0.141557,0.552029,-0.0852722
0.472475,0.739395,0.179035,0.444983,0.584749,0.141216,0.54511,-0.0947318
0.477533,0.746304,0.169639,0.431527,0.582283,0.141562,0.538116,-0.105109
0.48215,0.753836,0.161291,0.41623,0.579301,0.142579,0.53111,-0.116373
0.486279,0.761836,0.153974,0.399287,0.575813,0.144245,0.524168,-0.128318
0.489938,0.770125,0.147883,0.380788,0.571836,0.14657,0.517369,-0.140527
0.493177,0.778492,0.143385,0.360786,0.567399,0.149607,0.510796,-0.152404
0.495954,0.786758,0.140792,0.33944,0.562538,0.153396,0.504537,-0.163551
0.498083,0.794823,0.140255,0.317015,0.557302,0.157952,0.498683,-0.174033
0.499289,0.802635,0.14173,0.293938,0.551748,0.163255,0.493335,-0.184159
0.499265,0.810145,0.145152,0.270794,0.545953,0.169255,0.488603,-0.194233
0.497629,0.817365,0.150505,0.248251,0.540011,0.175884,0.484604,-0.204726
0.494083,0.824295,0.157862,0.226935,0.534025,0.183071,0.481453,-0.216012
0.488764,0.830748,0.167441,0.207196,0.528088,0.190762,0.479228,-0.227663
0.481896,0.836586,0.179355,0.18903,0.522244,0.198912,0.477956,-0.239455
0.473617,0.84177,0.193487,0.172258,0.516494,0.207454,0.477626,-0.251664
0.464029,0.846272,0.209551,0.15681,0.510833,0.216276,0.478221,-0.264587
0.453033,0.85013,0.227235,0.142846,0.505282,0.225234,0.479739,-0.278784
0.440618,0.853279,0.246357,0.130685,0.499898,0.234208,0.482178,-0.294281
0.426821,0.855642,0.266678,0.12076,0.494747,0.243088,0.485521,-0.310749
0.411497,0.857336,0.287713,0.113431,0.489859,0.25175,0.4897,-0.328486
0.394619,0.858489,0.308966,0.108684,0.485214,0.260088,0.494608,-0.347947
0.37664,0.859023,0.330125,0.106013,0.480768,0.268035,0.500124,-0.368912
0.358301,0.858735,0.351021,0.10478,0.4765,0.275535,0.506135,-0.390538
0.34001,0.857565,0.371459,0.104847,0.472456,0.282512,0.512538,-0.412181
0.321761,0.855626,0.391174,0.106571,0.468712,0.288884,0.519249,-0.433593
0.303468,0.853024,0.40996,0.110405,0.465339,0.294584,0.526194,-0.454423
0.285401,0.849679,0.427827,0.116433,0.462382,0.299598,0.533326,-0.473525
0.268097,0.845352,0.445005,0.124398,0.459857,0.303967,0.54063,-0.489132
0.251821,0.839989,0.461515,0.134192,0.457767,0.307696,0.548086,-0.500065
0.236543,0.833697,0.477209,0.145835,0.456126,0.310743,0.555664,-0.506015
0.222171,0.826568,0.491995,0.159266,0.454937,0.313085,0.56335,-0.507067
0.208717,0.818653,0.505804,0.174374,0.454199,0.314737,0.571134,-0.502971
0.196357,0.809982,0.518569,0.190943,0.453902,0.315728,0.578988,-0.493012
0.185187,0.800671,0.530137,0.208774,0.454041,0.316073,0.586874,-0.477054
0.175248,0.790921,0.540354,0.227486,0.454596,0.315786,0.594735,-0.455969
0.166696,0.780953,0.54916,0.246472,0.455541,0.31489,0.602498,-0.431009
0.15973,0.770947,0.55659,0.265205,0.456868,0.313406,0.610101,-0.40331
0.154526,0.761042,0.562677,0.283428,0.458595,0.311352,0.617499,-0.373544
0.151233,0.751364,0.567426,0.301012,0.460748,0.308743,0.624654,-0.342266
0.149829,0.742048,0.570822,0.317928,0.463344,0.305587,0.631523,-0.310522
0.150192,0.733205,0.572962,0.334018,0.466368,0.3019,0.638063,-0.27964
0.152299,0.724896,0.573997,0.349083,0.469789,0.297697,0.644242,-0.25028
0.156244,0.717116,0.574041,0.363056,0.473582,0.292996,0.650034,-0.222211
0.161892,0.709938,0.572913,0.376231,0.477761,0.287796,0.655399,-0.196022
0.169284,0.70344,0.570402,0.38879,0.482362,0.282087,0.660282,-0.172181
0.178568,0.697626,0.566557,0.400556,0.487388,0.275873,0.664632,-0.150735
0.189643,0.692437,0.561654,0.41123,0.492779,0.26918,0.668425,-0.131693
0.202113,0.687746,0.555842,0.420947,0.498441,0.262026,0.67167,-0.114836
0.21574,0.683443,0.54887,0.430236,0.504336,0.254385,0.674359,-0.099759
0.230722,0.67955,0.540296,0.439386,0.510472,0.246227,0.67643,-0.0863229
0.247453,0.676151,0.529827,0.448186,0.516854,0.237541,0.677787,-0.074588
0.266086,0.673297,0.517498,0.456142,0.52343,0.228366,0.67835,-0.0646197
0.286115,0.670925,0.503647,0.462966,0.53007,0.218799,0.678115,-0.0564163
0.306642,0.668862,0.488728,0.468763,0.536599,0.208963,0.677169,-0.0496925
0.32695,0.666992,0.472882,0.473928,0.542883,0.198948,0.675601,-0.0443136
0.346752,0.665398,0.456016,0.478599,0.548842,0.188816,0.673417,-0.0406011
0.366101,0.664284,0.438092,0.482465,0.554424,0.178634,0.670567,-0.0389494
0.385125,0.663756,0.419271,0.485097,0.559571,0.168496,0.667019,-0.0392025
0.403718,0.66377,0.399969,0.486257,0.564215,0.158537,0.662818,-0.0407656
0.421462,0.664229,0.380649,0.486083,0.5683,0.148898,0.658088,-0.0432015
0.437756,0.665152,0.361756,0.484845,0.571789,0.139729,0.652965,-0.0466294
0.452127,0.666663,0.343845,0.482609,0.574672,0.131186,0.647554,-0.0512731
0.464553,0.668808,0.327488,0.479206,0.576962,0.123394,0.641919,-0.0568218
0.475398,0.671496,0.312986,0.474478,0.578682,0.116401,0.636086,-0.0626082
0.485017,0.674622,0.30032,0.468456,0.579851,0.110206,0.630072,-0.0682641
0.493562,0.678151,0.289308,0.461312,0.580484,0.1048,0.623902,-0.0739251
0.50088,0.682268,0.279539,0.453307,0.580585,0.100128,0.617612,-0.0806145
0.506816,0.687174,0.270763,0.444541,0.580158,0.096154,0.611228,-0.0892254
0.511773,0.692665,0.263424,0.43464,0.579249,0.092944,0.604747,-0.0987526
0.51613,0.698571,0.257743,0.423293,0.577889,0.090541,0.59815,-0.108468
0.519998,0.704937,0.253492,0.410376,0.576077,0.088907,0.591407,-0.118698
0.52341,0.711786,0.250501,0.395792,0.573813,0.088001,0.584499,-0.12976
0.526433,0.718995,0.248586,0.379631,0.571108,0.087796,0.577464,-0.141539
0.529119,0.726311,0.247563,0.362241,0.567991,0.088279,0.570386,-0.153484
0.531334,0.733596,0.247352,0.344003,0.564492,0.08946,0.563361,-0.165407
0.532907,0.740832,0.248032,0.325052,0.560624,0.091395,0.556461,-0.177442
0.533876,0.747966,0.249778,0.305178,0.556378,0.094116,0.549733,-0.189591
0.534382,0.754908,0.252692,0.284072,0.551745,0.097565,0.543227,-0.201825
0.53451,0.761525,0.256758,0.261637,0.54673,0.101678,0.537006,-0.214108
0.534082,0.767752,0.2618,0.238273,0.541362,0.106376,0.531172,-0.226667
0.532842,0.77355,0.26764,0.214636,0.535688,0.111553,0.525861,-0.239656
0.530493,0.778958,0.274247,0.191286,0.529765,0.117138,0.521182,-0.253379
0.526772,0.784075,0.281701,0.168469,0.523633,0.1231,0.517225,-0.268407
0.521771,0.788796,0.290202,0.146076,0.51731,0.129439,0.514055,-0.284676
0.51588,0.792834,0.299846,0.123993,0.510836,0.136121,0.511716,-0.301418
0.509303,0.796039,0.310511,0.102543,0.504294,0.143039,0.510235,-0.318102
0.501765,0.798568,0.32203,0.0825672,0.497812,0.150054,0.509648,-0.335095
0.492985,0.800575,0.334419,0.0648749,0.491508,0.157065,0.510002,-0.352697
0.482777,0.802172,0.347789,0.0498909,0.485454,0.164,0.511325,-0.371278
0.471163,0.803393,0.362146,0.0376262,0.479661,0.170775,0.513601,-0.391084
0.45842,0.8042,0.377283,0.0277612,0.474098,0.177303,0.516757,-0.411982
0.444918,0.804486,0.393007,0.0198918,0.468738,0.183518,0.520703,-0.433597
0.431079,0.804051,0.409247,0.013741,0.463582,0.189363,0.525372,-0.455139
0.417645,0.802452,0.426106,0.00881573,0.458617,0.194838,0.530737,-0.474779
0.404912,0.799536,0.44358,0.00503424,0.453885,0.199931,0.53674,-0.491666
0.391949,0.795988,0.461266,0.00365946,0.449526,0.204504,0.543233,-0.507794
0.378314,0.792215,0.478794,0.00545204,0.445619,0.208445,0.550078,-0.524075
0.364516,0.788054,0.495983,0.0100553,0.442151,0.211738,0.557194,-0.539297
0.350905,0.783383,0.51272,0.0171757,0.439122,0.214381,0.564516,-0.552552
0.337608,0.778169,0.528922,0.0267463,0.436544,0.216372,0.571992,-0.563263
0.324601,0.772442,0.544476,0.0389027,0.434434,0.217702,0.579572,-0.571141
0.31196,0.766202,0.559233,0.0536143,0.432788,0.218377,0.587209,-0.575793
0.299894,0.7594,0.573068,0.0704837,0.431572,0.218418,0.594859,-0.576694
0.288648,0.752026,0.585857,0.088943,0.430738,0.217843,0.602468,-0.573345
0.278421,0.744093,0.597524,0.108503,0.430256,0.216679,0.609982,-0.565372
0.269303,0.735676,0.607974,0.128932,0.430125,0.214951,0.617345,-0.552521
0.26126,0.726944,0.617046,0.150164,0.430357,0.212679,0.624495,-0.534983
0.254259,0.718084,0.624541,0.17221,0.430968,0.20987,0.63138,-0.513046
0.248328,0.709235,0.630332,0.194938,0.431952,0.206544,0.637962,-0.487135
0.243582,0.700477,0.634414,0.217989,0.433286,0.202734,0.644213,-0.457867
0.240073,0.691862,0.636842,0.241091,0.434946,0.198467,0.650126,-0.42605
0.237847,0.68342,0.637694,0.264031,0.43691,0.19376,0.655705,-0.392536
0.236928,0.675185,0.637109,0.286499,0.439145,0.188621,0.660956,-0.358503
0.237313,0.667221,0.635203,0.308246,0.441633,0.183064,0.665874,-0.325185
0.239117,0.659559,0.632094,0.329032,0.444349,0.17709,0.670448,-0.293152
0.242547,0.652195,0.627872,0.348697,0.447275,0.170682,0.674666,-0.262419
0.247742,0.645149,0.622556,0.367192,0.450412,0.163809,0.67851,-0.233178
0.254689,0.638428,0.616266,0.384394,0.453753,0.156471,0.681973,-0.205867
0.263041,0.632038,0.60923,0.400221,0.457261,0.1487,0.685071,-0.181283
0.2724,0.625969,0.601589,0.414792,0.460883,0.140524,0.687817,-0.159788
0.282578,0.6202,0.593308,0.428355,0.464593,0.131953,0.69021,-0.141159
0.293742,0.614692,0.584329,0.440942,0.468382,0.122984,0.692225,-0.124733
0.306056,0.609414,0.574685,0.452417,0.472246,0.113625,0.693835,-0.110074
0.31944,0.60439,0.564455,0.462667,0.476162,0.103899,0.695018,-0.0970505
0.333546,0.59969,0.553892,0.471511,0.480076,0.09387,0.695773,-0.0857652
0.348024,0.595353,0.543216,0.478905,0.483922,0.083609,0.69612,-0.0763376
0.362892,0.59129,0.532179,0.485253,0.487679,0.07309,0.696062,-0.0682653
0.378429,0.587453,0.520241,0.490958,0.491363,0.062254,0.695553,-0.0612294
0.394986,0.583868,0.50705,0.495969,0.494987,0.051077,0.694511,-0.0552524
0.412673,0.580567,0.492463,0.500122,0.498528,0.039581,0.692873,-0.0505583
0.431237,0.577499,0.476605,0.503366,0.501916,0.027856,0.690638,-0.0469961
0.450241,0.574517,0.459864,0.505706,0.505052,0.016061,0.687864,-0.0439396
0.469252,0.571581,0.442433,0.507297,0.507855,0.004344,0.684603,-0.0411731
0.488063,0.568769,0.424193,0.508287,0.510273,-0.007207,0.680866,-0.0388838
0.506605,0.566258,0.405106,0.508519,0.512276,-0.018527,0.676618,-0.0374381
0.524777,0.564237,0.38547,0.5076,0.513839,-0.029513,0.671826,-0.0370921
0.542361,0.562836,0.365719,0.505281,0.514959,-0.040013,0.666517,-0.0378793
0.558987,0.56212,0.346369,0.50158,0.515653,-0.049863,0.660786,-0.0396681
0.574323,0.562069,0.328004,0.496633,0.515958,-0.058928,0.65477,-0.0421787
0.588287,0.562612,0.310958,0.490602,0.515904,-0.067134,0.648578,-0.0450971
0.600946,0.563811,0.295226,0.483552,0.515504,-0.074451,0.642252,-0.0485798
0.612469,0.565793,0.280883,0.475252,0.514784,-0.080841,0.635781,-0.0528581
0.623048,0.568626,0.268206,0.465339,0.513785,-0.086238,0.629147,-0.0578801
0.63281,0.572297,0.257458,0.453589,0.512554,-0.090579,0.622359,-0.0634862
0.641791,0.576733,0.248665,0.440055,0.511122,-0.093859,0.615455,-0.0695935
0.649976,0.581843,0.241591,0.424998,0.509502,-0.096125,0.60849,-0.0763042
0.657435,0.587457,0.235944,0.408661,0.507701,-0.097433,0.601515,-0.0834698
0.664278,0.593424,0.231549,0.391109,0.505722,-0.0978,0.594556,-0.0908008
0.670595,0.599724,0.228522,0.372037,0.503572,-0.097193,0.587612,-0.09825
0.676462,0.606351,0.227029,0.350991,0.501248,-0.095582,0.580662,-0.105882
0.681988,0.613077,0.227086,0.327812,0.498752,-0.092991,0.573728,-0.113348
0.687096,0.619615,0.228355,0.303034,0.496097,-0.089541,0.566896,-0.120356
0.691349,0.625972,0.230311,0.277764,0.493304,-0.085415,0.560315,-0.127392
0.694504,0.632102,0.232913,0.252712,0.490402,-0.080717,0.554138,-0.134548
0.696652,0.63785,0.236667,0.227622,0.48742,-0.075418,0.548453,-0.141552
0.698001,0.64303,0.242039,0.201803,0.48435,-0.069451,0.54329,-0.148154
0.698622,0.647532,0.249,0.175013,0.481165,-0.062853,0.538691,-0.154459
0.698286,0.651482,0.257016,0.148024,0.477886,-0.055812,0.534722,-0.161067
0.697155,0.654578,0.26595,0.121546,0.474601,-0.04845,0.531453,-0.167141
0.695519,0.656439,0.27604,0.0956201,0.471386,-0.040771,0.52895,-0.1717
0.692807,0.657759,0.287087,0.0703718,0.468235,-0.032825,0.527213,-0.176904
0.688552,0.659152,0.29888,0.045679,0.465089,-0.024648,0.526206,-0.18467
0.682868,0.660568,0.311263,0.0213442,0.461906,-0.016275,0.525884,-0.194917
-0.675769,-0.66213,-0.323908,0.00202886,0.4587,-0.007859,0.526206,-0.207645
-0.667306,-0.663921,-0.336689,0.0235203,0.455538,0.000422,0.52716,-0.222665
-0.657687,-0.665792,-0.349805,0.0424939,0.45253,0.008466,0.528765,-0.239418
-0.6471,-0.667544,-0.363581,0.058787,0.449765,0.016246,0.531042,-0.257505
-0.635704,-0.669036,-0.378148,0.0726273,0.447264,0.023755,0.533996,-0.276736
-0.623692,-0.670224,-0.393335,0.0842395,0.445,0.030942,0.537593,-0.296892
-0.611336,-0.671071,-0.408867,0.093594,0.442967,0.037713,0.541765,-0.317428
-0.599021,-0.671384,-0.424621,0.100569,0.441208,0.043981,0.546461,-0.337299
-0.586841,-0.67112,-0.440695,0.104898,0.43979,0.049683,0.551664,-0.35619
-0.574559,-0.670421,-0.45727,0.106403,0.438747,0.054792,0.55738,-0.374804
-0.56195,-0.669443,-0.47434,0.105168,0.438053,0.059311,0.563585,-0.393902
-0.548957,-0.668258,-0.491713,0.101471,0.437642,0.063238,0.570221,-0.413817
-0.535666,-0.666867,-0.509132,0.0955773,0.43746,0.066562,0.577208,-0.434488
-0.522199,-0.665272,-0.526374,0.087473,0.437494,0.069245,0.584455,-0.455655
-0.508683,-0.663482,-0.543255,0.0768572,0.437764,0.071239,0.59187,-0.476806
-0.495132,-0.661622,-0.559543,0.0633468,0.43828,0.072509,0.599359,-0.49764
-0.481578,-0.659785,-0.574941,0.0470086,0.438998,0.073073,0.60683,-0.517904
-0.468195,-0.657888,-0.5892,0.0286425,0.439821,0.073011,0.614206,-0.537311
-0.455192,-0.655816,-0.602184,0.00894855,0.440679,0.07238,0.621432,-0.555469
0.442677,0.653565,0.613793,0.0121682,0.441584,0.071178,0.628465,-0.57177
0.430641,0.651174,0.623922,0.0352488,0.442581,0.069376,0.635281,-0.585532
0.419067,0.648664,0.632396,0.060767,0.443698,0.06696,0.641866,-0.595895
0.408016,0.645985,0.639038,0.0886418,0.444918,0.063948,0.648216,-0.602113
0.397647,0.642994,0.643771,0.118299,0.446202,0.060376,0.654335,-0.603612
0.388091,0.639556,0.646615,0.149141,0.447534,0.056267,0.660232,-0.600154
0.379566,0.635495,0.6477,0.180445,0.448915,0.051654,0.665931,-0.591466
0.372338,0.630563,0.647347,0.211415,0.450319,0.046602,0.671472,-0.57698
0.366273,0.624864,0.645649,0.241922,0.451718,0.041134,0.676856,-0.557339
0.360861,0.6188,0.642457,0.272242,0.45308,0.03524,0.682049,-0.534875
0.355923,0.6125,0.637888,0.302097,0.454355,0.028963,0.687038,-0.511061
0.351584,0.605974,0.632145,0.331024,0.455532,0.022349,0.691802,-0.486349
0.348072,0.599319,0.625223,0.358829,0.456652,0.015401,0.69629,-0.460887
0.345679,0.592646,0.617123,0.385273,0.457769,0.008117,0.700438,-0.43489
0.344573,0.586046,0.607976,0.410102,0.458924,0.000502,0.704206,-0.409002
0.3448,0.579526,0.598097,0.433062,0.460135,-0.00743,0.70759,-0.383749
0.346346,0.5731,0.587686,0.454121,0.461403,-0.015692,0.710594,-0.359459
0.349104,0.566887,0.576659,0.47353,0.462737,-0.024315,0.713213,-0.336768
0.353122,0.560955,0.564839,0.491519,0.464152,-0.033316,0.715433,-0.315672
0.358408,0.555383,0.552099,0.508213,0.465652,-0.042695,0.717235,-0.296408
0.364625,0.550315,0.538456,0.523705,0.467206,-0.052429,0.718629,-0.28016
0.371429,0.545825,0.524107,0.537984,0.46876,-0.062478,0.719637,-0.267654
0.37896,0.541691,0.50944,0.550846,0.470279,-0.072816,0.720271,-0.257663
0.387807,0.537525,0.494764,0.562033,0.471756,-0.08345,0.720517,-0.247959
0.398344,0.533196,0.479992,0.571517,0.473199,-0.094413,0.720329,-0.238002
0.410585,0.528772,0.465012,0.579296,0.47461,-0.105711,0.719672,-0.228418
0.424283,0.524336,0.44994,0.585328,0.475962,-0.117285,0.718541,-0.219817
0.438972,0.519866,0.43502,0.589746,0.477203,-0.12902,0.716979,-0.212039
0.454212,0.515259,0.420219,0.592972,0.478278,-0.140825,0.715031,-0.204286
0.469849,0.51039,0.405294,0.595383,0.479145,-0.15265,0.712716,-0.195851
0.485892,0.505214,0.389923,0.597183,0.479776,-0.164471,0.710013,-0.186539
0.502309,0.499729,0.373957,0.598424,0.48015,-0.176245,0.7069,-0.176386
0.518837,0.494159,0.357622,0.598934,0.480242,-0.187888,0.703366,-0.166329
0.535045,0.488904,0.341258,0.598533,0.480041,-0.199295,0.699438,-0.157814
0.550666,0.484111,0.325084,0.597264,0.479561,-0.210389,0.695166,-0.15117
0.565686,0.479732,0.309045,0.595271,0.478797,-0.221138,0.690579,-0.146115
0.580353,0.475624,0.293019,0.592547,0.477733,-0.23156,0.685666,-0.142237
0.595039,0.471621,0.277031,0.58886,0.476355,-0.241671,0.680388,-0.139097
0.609933,0.467733,0.261144,0.583961,0.474668,-0.251453,0.674716,-0.136742
0.624945,0.464095,0.24547,0.577758,0.472702,-0.260841,0.668654,-0.135424
0.639822,0.460863,0.230109,0.570335,0.470501,-0.269739,0.662252,-0.135453
0.654329,0.458125,0.215019,0.56191,0.468091,-0.278075,0.655566,-0.136898
0.668364,0.455869,0.200074,0.552669,0.465463,-0.285804,0.64864,-0.139553
0.681953,0.453984,0.185337,0.542669,0.462619,-0.292887,0.641502,-0.14289
0.695032,0.452567,0.171127,0.531818,0.459592,-0.299265,0.634185,-0.146951
0.707419,0.451995,0.157906,0.519927,0.456446,-0.304856,0.626714,-0.152538
0.719072,0.452382,0.146036,0.506912,0.453254,-0.309586,0.619117,-0.159647
0.730077,0.453584,0.135659,0.492795,0.450071,-0.313414,0.611407,-0.167644
0.740474,0.455609,0.12673,0.477554,0.446924,-0.316326,0.603591,-0.176453
0.750219,0.458636,0.119207,0.4611,0.443824,-0.318315,0.59568,-0.186468
0.759313,0.46271,0.113351,0.443278,0.440811,-0.319355,0.587699,-0.19782
0.767766,0.467791,0.109586,0.423907,0.437946,-0.319404,0.579688,-0.210538
0.775546,0.473873,0.108356,0.40278,0.435298,-0.318427,0.571697,-0.224829
0.782573,0.480337,0.109392,0.380643,0.432927,-0.316413,0.563806,-0.238827
0.788858,0.485877,0.111866,0.359322,0.430864,-0.313365,0.55612,-0.248233
0.794336,0.490506,0.115902,0.339116,0.429116,-0.309296,0.548751,-0.25317
0.798825,0.495273,0.122338,0.318773,0.427681,-0.304233,0.541803,-0.257605
0.802233,0.500436,0.131377,0.297868,0.426553,-0.298229,0.535375,-0.262998
0.804554,0.505758,0.142835,0.276586,0.42572,-0.291334,0.529552,-0.26913
0.805854,0.51096,0.156616,0.254934,0.42516,-0.283593,0.524393,-0.275593
0.806215,0.515765,0.172461,0.23294,0.424832,-0.275089,0.519935,-0.281827
0.805534,0.52018,0.189793,0.210968,0.424679,-0.26599,0.516217,-0.288056
0.803596,0.524374,0.207999,0.189743,0.424658,-0.25653,0.513301,-0.294912
0.800259,0.528474,0.226681,0.170049,0.424768,-0.246934,0.511257,-0.302823
0.795542,0.532487,0.245624,0.152446,0.425022,-0.237389,0.510145,-0.311889
0.789585,0.536281,0.264821,0.137217,0.425429,-0.228036,0.510012,-0.321897
0.782568,0.539688,0.284349,0.124381,0.42598,-0.218982,0.510888,-0.332598
0.774691,0.542521,0.304241,0.113854,0.426649,-0.210309,0.512782,-0.343673
0.766107,0.544657,0.324453,0.105634,0.427417,-0.202115,0.515686,-0.354901
0.756979,0.545946,0.344906,0.0998238,0.42827,-0.19452,0.519585,-0.365918
0.747358,0.546435,0.36542,0.0966123,0.429187,-0.187648,0.524435,-0.376779
0.737258,0.546277,0.385719,0.0961956,0.430133,-0.181617,0.530156,-0.387716
0.726822,0.545505,0.405499,0.0986121,0.43106,-0.176513,0.536631,-0.39851
0.716254,0.544076,0.424501,0.103732,0.431918,-0.17238,0.543736,-0.408685
0.70562,0.542044,0.442576,0.111422,0.432668,-0.16922,0.551359,-0.418164
0.694891,0.539476,0.45971,0.121483,0.433287,-0.167008,0.559407,-0.427163
0.684112,0.536363,0.475874,0.133605,0.433751,-0.165703,0.567782,-0.43564
0.673366,0.532752,0.490919,0.147487,0.434027,-0.165263,0.576369,-0.443536
0.662724,0.528805,0.504598,0.162922,0.434083,-0.165654,0.585048,-0.450914
0.652234,0.524727,0.516633,0.179841,0.43391,-0.166848,0.593706,-0.4579
0.64197,0.520611,0.526825,0.198229,0.433514,-0.168826,0.60225,-0.464353
0.631899,0.51656,0.535053,0.218146,0.432906,-0.171561,0.610629,-0.47039
0.622021,0.512572,0.541243,0.239615,0.432089,-0.175021,0.618822,-0.475817
0.612525,0.508462,0.545356,0.262422,0.43107,-0.179159,0.626807,-0.479704
0.603628,0.504038,0.547494,0.286057,0.429856,-0.183911,0.634551,-0.481376
0.595473,0.499228,0.54783,0.309946,0.428452,-0.189205,0.642023,-0.480749
0.58819,0.493968,0.54652,0.333683,0.426872,-0.194987,0.649193,-0.477647
0.581858,0.488257,0.543606,0.357126,0.425114,-0.201231,0.656038,-0.471922
0.5764,0.482224,0.538986,0.380417,0.423172,-0.207926,0.662538,-0.463842
0.571673,0.475997,0.532556,0.403733,0.421052,-0.215055,0.668687,-0.453864
0.567582,0.469614,0.524436,0.426944,0.418766,-0.222567,0.674487,-0.442479
0.564192,0.462996,0.514994,0.449559,0.416338,-0.230381,0.679926,-0.429853
0.561542,0.456119,0.504577,0.471199,0.413783,-0.238447,0.684989,-0.416347
0.559667,0.44901,0.49332,0.49173,0.411114,-0.246754,0.689657,-0.402216
0.558648,0.441652,0.48124,0.51114,0.408346,-0.255295,0.693908,-0.387279
0.558579,0.43392,0.468468,0.529377,0.405494,-0.264029,0.697731,-0.370861
0.559406,0.425759,0.455215,0.546419,0.402559,-0.272884,0.701134,-0.352673
0.561004,0.417106,0.441611,0.562385,0.399546,-0.281792,0.704138,-0.332302
0.563269,0.408124,0.427747,0.577231,0.396466,-0.290722,0.706745,-0.310592
0.566052,0.399361,0.413741,0.590689,0.393345,-0.299678,0.708913,-0.290398
0.569479,0.391079,0.399673,0.602505,0.390225,-0.308686,0.710585,-0.27302
0.573787,0.383191,0.385699,0.612511,0.387153,-0.317751,0.711719,-0.258059
0.57901,0.375618,0.372083,0.620655,0.384158,-0.326852,0.71231,-0.245181
0.584972,0.368341,0.358928,0.627138,0.381244,-0.335958,0.712386,-0.234124
0.591529,0.361385,0.346013,0.632273,0.378401,-0.345065,0.711964,-0.22465
0.598711,0.354771,0.332931,0.63627,0.375625,-0.354193,0.711023,-0.216518
0.606649,0.348495,0.319424,0.639137,0.372919,-0.363368,0.709526,-0.209633
0.61542,0.342584,0.305558,0.640725,0.370268,-0.372596,0.707444,-0.204245
0.624944,0.337071,0.291588,0.640941,0.367634,-0.381866,0.704797,-0.200652
0.635077,0.33182,0.277729,0.639874,0.364964,-0.391142,0.701635,-0.198372
0.645737,0.326611,0.263963,0.637709,0.362205,-0.400374,0.698003,-0.196588
0.656954,0.321324,0.250102,0.634517,0.359318,-0.409525,0.693913,-0.194934
0.668826,0.315903,0.236038,0.630209,0.35628,-0.418559,0.689357,-0.193363
0.681393,0.310321,0.221935,0.62462,0.353096,-0.427408,0.684325,-0.191911
0.69451,0.304544,0.208177,0.617714,0.349787,-0.435982,0.678856,-0.19046
0.707786,0.298656,0.194983,0.609775,0.346349,-0.444181,0.673066,-0.189066
0.720903,0.292623,0.18247,0.601145,0.342763,-0.451887,0.667077,-0.187334
0.733667,0.286657,0.170029,0.592158,0.338981,-0.459067,0.660949,-0.18573
0.746069,0.281048,0.156913,0.582899,0.334961,-0.465731,0.654673,-0.185067
0.758437,0.275671,0.143447,0.572889,0.33076,-0.471815,0.648165,-0.185008
0.770995,0.270309,0.130449,0.561678,0.326503,-0.477226,0.641361,-0.184808
0.783558,0.265013,0.118439,0.549342,0.322312,-0.481889,0.634303,-0.184206
0.795736,0.259851,0.107552,0.536389,0.318272,-0.48576,0.627121,-0.182833
0.807185,0.25502,0.0973184,0.5234,0.314408,-0.488871,0.619919,-0.180796
0.817854,0.250725,0.0871119,0.510552,0.310687,-0.491251,0.612699,-0.178515
0.827973,0.247279,0.0765367,0.49745,0.307052,-0.492858,0.605368,-0.176963
0.837791,0.244974,0.065679,0.483508,0.303523,-0.493653,0.597806,-0.177013
0.84745,0.243804,0.0551188,0.468348,0.300201,-0.493621,0.58994,-0.178565
0.856951,0.24357,0.0454118,0.451937,0.297178,-0.492741,0.581786,-0.180897
0.866097,0.244261,0.0365269,0.434601,0.294487,-0.491026,0.573438,-0.183674
0.874661,0.246004,0.0281981,0.416718,0.292128,-0.488522,0.564986,-0.186964
0.882565,0.248911,0.020511,0.398375,0.290125,-0.485232,0.556476,-0.190875
0.889862,0.252989,0.0138935,0.379406,0.28852,-0.481125,0.547925,-0.195362
0.896603,0.258129,0.00873663,0.359717,0.287344,-0.476187,0.539357,-0.200135
0.902717,0.264181,0.00508626,0.339536,0.286592,-0.470461,0.530823,-0.204807
0.90802,0.271127,0.00253075,0.319348,0.286222,-0.464036,0.522419,-0.209346
0.912369,0.279002,0.000685416,0.299567,0.286188,-0.457002,0.514243,-0.213919
0.915719,0.287875,-0.000529343,0.280333,0.28647,-0.449392,0.506351,-0.218802
0.918192,0.297565,-0.000782251,0.261491,0.287081,-0.441182,0.498751,-0.223711
0.920018,0.307608,0.000465336,0.242783,0.288053,-0.432327,0.491433,-0.227739
0.92127,0.317862,0.0035289,0.224083,0.28941,-0.422798,0.484418,-0.230677
0.921822,0.328558,0.00841134,0.20548,0.291148,-0.412606,0.477771,-0.233165
0.921562,0.339819,0.0149699,0.187142,0.293238,-0.401772,0.471562,-0.235628
0.920368,0.351739,0.0228977,0.169347,0.295624,-0.390352,0.465851,-0.238454
0.918141,0.364394,0.0318013,0.152386,0.29824,-0.378441,0.460666,-0.242005
0.914875,0.377775,0.0414044,0.136287,0.301008,-0.366099,0.456009,-0.246487
0.910671,0.391688,0.0517143,0.120766,0.303864,-0.353329,0.451868,-0.25175
0.905631,0.405883,0.0629376,0.105505,0.30678,-0.340116,0.448233,-0.257526
0.89979,0.420175,0.0752574,0.0903737,0.30975,-0.326475,0.445115,-0.263703
0.893177,0.43436,0.0886494,0.0755422,0.312759,-0.312485,0.442547,-0.270105
0.885836,0.448289,0.102777,0.0613942,0.315759,-0.29829,0.440567,-0.276554
0.877762,0.462032,0.117133,0.0483668,0.318685,-0.284044,0.439192,-0.283243
0.868898,0.47581,0.131401,0.0368099,0.321497,-0.269874,0.438434,-0.290671
0.859307,0.489529,0.145714,0.0268167,0.324217,-0.255844,0.438312,-0.298776
0.849204,0.502761,0.160467,0.0183117,0.326911,-0.241991,0.438858,-0.306857
0.838747,0.51519,0.175943,0.0112919,0.329647,-0.228364,0.440079,-0.314458
0.827991,0.526781,0.192086,0.00591663,0.332451,-0.215062,0.44195,-0.321631
0.816943,0.537672,0.208584,0.00244468,0.335313,-0.20222,0.444427,-0.32864
0.805654,0.547941,0.225124,0.00111223,0.338216,-0.189959,0.447464,-0.335517
0.794094,0.557713,0.24159,0.00206022,0.341168,-0.178348,0.451028,-0.342488
0.782135,0.567094,0.25815,0.00529546,0.344213,-0.167401,0.455113,-0.349969
0.769683,0.575992,0.275151,0.0106847,0.347408,-0.157092,0.459745,-0.35811
0.75676,0.584182,0.292783,0.0180208,0.350767,-0.147409,0.464942,-0.366669
0.743549,0.591431,0.310815,0.0271725,0.354249,-0.138387,0.470666,-0.374958
0.730188,0.597789,0.328651,0.0382435,0.357777,-0.130116,0.476813,-0.382537
0.716563,0.603643,0.345682,0.0515375,0.361292,-0.122677,0.483281,-0.389731
0.702495,0.609267,0.361615,0.0673008,0.364783,-0.116088,0.490018,-0.396816
0.687876,0.614605,0.376531,0.0855035,0.368262,-0.110296,0.497023,-0.403604
0.672671,0.619497,0.390585,0.10574,0.371711,-0.10522,0.504291,-0.410039
0.657085,0.623733,0.403687,0.127405,0.375075,-0.100812,0.511753,-0.415828
0.641542,0.627156,0.415443,0.150019,0.378297,-0.097078,0.519286,-0.420038
0.626326,0.629799,0.42536,0.173602,0.381365,-0.09407,0.526775,-0.421784
0.611468,0.631766,0.433094,0.198515,0.384313,-0.091847,0.534159,-0.420576
0.596954,0.633048,0.438505,0.224964,0.387174,-0.09043,0.541425,-0.415956
0.582779,0.633663,0.441527,0.252771,0.38996,-0.089796,0.548548,-0.407984
0.569156,0.633588,0.442116,0.281355,0.392669,-0.089917,0.555459,-0.396871
0.556445,0.632833,0.440165,0.310075,0.395296,-0.090792,0.562063,-0.382932
0.54495,0.631445,0.435622,0.338438,0.397856,-0.092431,0.568275,-0.366756
0.534875,0.629444,0.428599,0.366076,0.40037,-0.094841,0.574054,-0.349112
0.526311,0.626792,0.419597,0.392513,0.402836,-0.097972,0.57941,-0.33087
0.519478,0.623355,0.409411,0.417077,0.405216,-0.101729,0.584362,-0.312317
0.514725,0.619059,0.398546,0.4393,0.40748,-0.106054,0.588891,-0.29328
0.512445,0.613968,0.386992,0.458999,0.409626,-0.11097,0.592916,-0.273691
0.512846,0.608323,0.374457,0.476145,0.411659,-0.116517,0.596325,-0.254254
0.515845,0.602432,0.360943,0.490612,0.41358,-0.122656,0.599035,-0.236086
0.521087,0.596534,0.346976,0.502218,0.41536,-0.129234,0.601032,-0.21992
0.527872,0.590854,0.333292,0.511037,0.416951,-0.136031,0.602378,-0.206059
0.535413,0.585537,0.320199,0.517641,0.418301,-0.142879,0.603185,-0.194338
0.543198,0.580544,0.307315,0.522937,0.419357,-0.149736,0.603547,-0.184116
0.551157,0.575804,0.293981,0.527495,0.420071,-0.156645,0.603476,-0.175026
0.559586,0.571265,0.279897,0.531205,0.420414,-0.163623,0.602911,-0.166727
0.568863,0.566829,0.265171,0.533651,0.420389,-0.170637,0.601775,-0.158825
0.579092,0.562423,0.250068,0.534602,0.420032,-0.177612,0.600037,-0.151338
0.590003,0.558021,0.234683,0.534259,0.41936,-0.184468,0.597758,-0.144085
0.601242,0.553515,0.218961,0.533089,0.418364,-0.191154,0.595051,-0.136394
0.61253,0.54896,0.20269,0.531382,0.417006,-0.197665,0.591995,-0.128508
0.623799,0.54461,0.185737,0.528938,0.415246,-0.204009,0.588593,-0.121539
0.635171,0.54062,0.168033,0.525407,0.413064,-0.210171,0.584796,-0.116112
0.64665,0.537134,0.149653,0.520513,0.410481,-0.216082,0.580552,-0.112497
0.658067,0.534306,0.130952,0.514117,0.40755,-0.221618,0.57585,-0.110665
0.669118,0.532256,0.112345,0.506323,0.40434,-0.226632,0.570722,-0.110302
0.679422,0.531107,0.0940849,0.497454,0.400909,-0.23099,0.565237,-0.111144
0.688593,0.531035,0.0762341,0.487883,0.3973,-0.234589,0.55947,-0.113212
0.696397,0.532215,0.0589287,0.477814,0.393563,-0.23733,0.553461,-0.116561
0.702837,0.534762,0.0425967,0.467156,0.389781,-0.239096,0.54721,-0.12098
0.708017,0.538771,0.0277901,0.455703,0.386039,-0.239753,0.540729,-0.126232
0.645838,0.739398,0.0537647,0.182464,0.33946,-0.096314,0.446915,-0.249133
0.634002,0.752797,0.0683996,0.163276,0.33661,-0.081315,0.444873,-0.258901
0.621412,0.765269,0.0839608,0.145471,0.33385,-0.066282,0.443717,-0.268238
0.60786,0.777006,0.100358,0.12921,0.331209,-0.051305,0.443475,-0.277893
0.593292,0.788084,0.117546,0.114503,0.3287,-0.036453,0.444136,-0.28826
0.577694,0.798527,0.13543,0.101407,0.326331,-0.021809,0.445669,-0.299574
0.561155,0.808267,0.153894,0.090143,0.324133,-0.007466,0.448042,-0.31163
0.543902,0.817155,0.172815,0.0810124,0.32217,0.006473,0.451223,-0.323795
0.526156,0.82505,0.192191,0.0742593,0.320517,0.019948,0.455181,-0.335495
0.507885,0.831978,0.21202,0.0701025,0.319236,0.032917,0.459875,-0.346835
0.488945,0.838016,0.23225,0.0687125,0.318348,0.04533,0.46527,-0.358178
0.469187,0.843257,0.252685,0.0702277,0.317857,0.057115,0.471311,-0.369937
0.448664,0.847697,0.272998,0.0747098,0.317764,0.068191,0.477915,-0.382116
0.427459,0.851347,0.292786,0.0822413,0.318077,0.078471,0.484987,-0.394645
0.405989,0.85399,0.311925,0.0926073,0.318797,0.087948,0.492461,-0.406632
0.385115,0.855157,0.330667,0.105133,0.319911,0.096734,0.500287,-0.416178
0.365363,0.854642,0.34911,0.119244,0.321387,0.104906,0.50841,-0.422253
0.346842,0.852505,0.36714,0.134702,0.323194,0.112472,0.516775,-0.424724
0.329709,0.848772,0.3847,0.151276,0.32531,0.119434,0.525347,-0.423269
0.313944,0.843645,0.401434,0.168979,0.327722,0.125717,0.534066,-0.418037
0.299057,0.837595,0.416639,0.188179,0.330432,0.131158,0.542862,-0.410614
0.284931,0.830847,0.430002,0.20882,0.333438,0.135685,0.551695,-0.401904
0.271914,0.823374,0.441635,0.230383,0.336714,0.139359,0.560519,-0.391682
0.260164,0.815216,0.451656,0.252476,0.340223,0.142266,0.56924,-0.380082
0.249843,0.806435,0.460188,0.274713,0.343939,0.144458,0.577785,-0.367156
0.241106,0.797139,0.467375,0.296646,0.347834,0.145969,0.586098,-0.353017
0.234071,0.787507,0.473322,0.31782,0.351872,0.146839,0.594131,-0.337974
0.228917,0.777782,0.47796,0.337945,0.356033,0.147086,0.601836,-0.322363
0.225854,0.768147,0.481251,0.356845,0.360321,0.146713,0.609162,-0.30621
0.224934,0.758785,0.483112,0.374502,0.364751,0.145721,0.616036,-0.289784
0.22614,0.749891,0.483518,0.390814,0.369312,0.14413,0.622394,-0.273546
0.229273,0.741644,0.482565,0.405622,0.37396,0.141985,0.628184,-0.258133
0.23402,0.734152,0.480449,0.418837,0.378627,0.139354,0.633388,-0.244
0.240146,0.727393,0.477286,0.430614,0.383274,0.136286,0.638005,-0.231039
0.24761,0.721284,0.472976,0.441285,0.3879,0.132774,0.642033,-0.218858
0.256465,0.715798,0.467304,0.451093,0.392524,0.128789,0.645445,-0.207299
0.266809,0.71096,0.460192,0.459969,0.397143,0.12434,0.648197,-0.196298
0.278478,0.70688,0.451642,0.46775,0.401727,0.119488,0.65025,-0.186327
0.291012,0.703628,0.441812,0.474365,0.406219,0.114332,0.651594,-0.177894
0.303913,0.701138,0.431082,0.479802,0.410529,0.109004,0.652265,-0.170865
0.316879,0.699262,0.419751,0.484179,0.414569,0.103612,0.652309,-0.164678
0.329777,0.69791,0.407797,0.48772,0.418293,0.098204,0.651753,-0.159069
0.342661,0.697112,0.395033,0.490477,0.421697,0.092794,0.650565,-0.154057
0.35573,0.696952,0.381295,0.492269,0.424776,0.087403,0.648689,-0.149635
0.369095,0.697532,0.366495,0.492848,0.427512,0.0821,0.646068,-0.145851
0.382507,0.698952,0.350689,0.492109,0.42987,0.076994,0.642687,-0.143008
0.395442,0.701295,0.334129,0.49007,0.431818,0.072194,0.638596,-0.141518
0.407367,0.704604,0.31714,0.486834,0.433323,0.067805,0.633884,-0.141653
0.418001,0.708867,0.300069,0.482433,0.434353,0.063929,0.628632,-0.143319
0.427341,0.714027,0.283179,0.476817,0.434875,0.060618,0.622898,-0.146156
0.432117,0.877144,0.103392,0.182218,0.362087,0.099451,0.502205,-0.254398
0.423165,0.886271,0.104341,0.156743,0.353689,0.107735,0.497165,-0.261554
0.413438,0.894469,0.107305,0.132211,0.345299,0.116477,0.492982,-0.268582
0.402878,0.901778,0.112422,0.108846,0.337017,0.125664,0.489721,-0.27585
0.391486,0.908211,0.119894,0.0866982,0.328919,0.13531,0.487415,-0.2836
0.379391,0.913727,0.129773,0.065756,0.321049,0.145395,0.486082,-0.291791
0.366916,0.918208,0.141942,0.0460338,0.313437,0.155859,0.485712,-0.299869
0.354237,0.921627,0.156051,0.0277197,0.306112,0.16658,0.486275,-0.30757
0.341023,0.924179,0.171665,0.0112758,0.299125,0.177404,0.487732,-0.31564
-0.327045,-0.925994,-0.188592,0.00304132,0.292504,0.188233,0.490063,-0.32458
-0.312367,-0.927022,-0.206931,0.0153628,0.286231,0.199052,0.493267,-0.334252
-0.297187,-0.92714,-0.226753,0.0259835,0.280259,0.209866,0.497312,-0.344289
-0.28173,-0.926248,-0.247919,0.0350518,0.274556,0.220627,0.502137,-0.354256
-0.265942,-0.924415,-0.270083,0.0422836,0.269136,0.231205,0.507669,-0.364214
-0.249422,-0.921829,-0.292932,0.0470072,0.264058,0.241472,0.513827,-0.374789
-0.231856,-0.918568,-0.316415,0.048556,0.259387,0.251366,0.520555,-0.386324
-0.213421,-0.914475,-0.340608,0.0466245,0.255166,0.26087,0.527829,-0.398111
-0.194415,-0.909344,-0.365498,0.0413224,0.251387,0.269966,0.535623,-0.40937
-0.175122,-0.90311,-0.390678,0.033099,0.248002,0.278588,0.543846,-0.419765
-0.156054,-0.895914,-0.415297,0.0226652,0.244958,0.286628,0.552318,-0.428902
-0.137695,-0.888024,-0.438566,0.0106228,0.242247,0.294029,0.560832,-0.436557
0.120464,0.879611,0.460181,0.00258266,0.239903,0.30081,0.569265,-0.442415
0.104494,0.870741,0.480214,0.0168822,0.237993,0.307008,0.577571,-0.446337
0.0897729,0.861468,0.498754,0.0325369,0.236605,0.312637,0.58573,-0.448192
0.0762655,0.851826,0.515848,0.049765,0.235824,0.317688,0.593704,-0.447963
0.0640784,0.841936,0.531348,0.0686138,0.235719,0.322139,0.601421,-0.445555
0.0536677,0.832064,0.544879,0.0888543,0.236313,0.326024,0.608798,-0.440351
0.0456562,0.822399,0.556342,0.109811,0.237598,0.32943,0.615792,-0.431429
0.0401655,0.813032,0.565885,0.130918,0.239566,0.332431,0.622385,-0.418928
0.0369283,0.804012,0.573709,0.151853,0.242173,0.335072,0.628575,-0.403676
0.0355714,0.795384,0.580011,0.172297,0.245358,0.337385,0.634372,-0.386779
0.0358165,0.787298,0.584778,0.192129,0.249102,0.339357,0.63976,-0.369297
0.0375501,0.779969,0.587777,0.21156,0.253446,0.34094,0.644687,-0.352002
0.0408644,0.773561,0.588823,0.230697,0.258431,0.342128,0.649093,-0.335112
0.0457927,0.768167,0.587922,0.24934,0.264047,0.342943,0.652941,-0.318869
0.0521444,0.763791,0.585312,0.267049,0.270213,0.343431,0.656224,-0.303653
0.0597969,0.760331,0.581435,0.283293,0.27681,0.343673,0.658953,-0.28905
0.0686402,0.757767,0.576398,0.298066,0.283783,0.343675,0.661099,-0.2749
0.0786682,0.756249,0.56983,0.311757,0.291143,0.343357,0.662569,-0.261605
0.0901218,0.75598,0.561413,0.324328,0.298879,0.342659,0.663266,-0.249237
0.103181,0.757113,0.551021,0.335425,0.306938,0.341575,0.663102,-0.237801
0.117605,0.759568,0.538878,0.344726,0.31519,0.340133,0.662053,-0.227357
0.132697,0.762998,0.525501,0.352242,0.323429,0.338386,0.660213,-0.217993
0.14764,0.766981,0.511344,0.358427,0.33147,0.336387,0.657727,-0.209857
0.161792,0.771284,0.4965,0.363913,0.339209,0.334163,0.654717,-0.203434
0.174997,0.775908,0.480918,0.368866,0.346597,0.331724,0.65123,-0.198833
0.187319,0.781035,0.464581,0.372908,0.353564,0.329108,0.64723,-0.196016
0.19868,0.786862,0.447545,0.375603,0.360015,0.326408,0.642637,-0.195162
0.208935,0.79342,0.430031,0.376701,0.365861,0.32373,0.637447,-0.196187
0.217921,0.800528,0.412358,0.376332,0.371048,0.32114,0.631759,-0.198718
0.225482,0.807923,0.394803,0.374899,0.375565,0.318648,0.625687,-0.202398
0.231567,0.815409,0.377424,0.372875,0.379427,0.316216,0.619312,-0.207021
0.236426,0.822983,0.359977,0.37043,0.382633,0.313805,0.612647,-0.212438
0.240353,0.830797,0.342198,0.367298,0.385153,0.311417,0.605662,-0.218625
0.243504,0.838967,0.324179,0.362972,0.386932,0.309113,0.598336,-0.225426
0.245973,0.847426,0.306324,0.357117,0.387909,0.306988,0.590721,-0.232305
0.195082,0.955361,0.147434,0.165804,0.321145,0.313266,0.493346,-0.32697
0.18435,0.961787,0.141633,0.144639,0.310497,0.316393,0.487773,-0.338114
0.172845,0.967606,0.13661,0.123293,0.299344,0.319738,0.48272,-0.349955
0.160293,0.972795,0.132477,0.10211,0.287805,0.323285,0.478249,-0.363044
0.146582,0.977337,0.129371,0.0811714,0.275968,0.327038,0.474409,-0.37777
0.132359,0.98112,0.127479,0.0602839,0.263892,0.331007,0.471234,-0.393073
0.118226,0.984066,0.126866,0.0392712,0.251632,0.335186,0.468748,-0.408024
0.104283,0.986173,0.127503,0.0181912,0.23927,0.339562,0.466967,-0.422656
-0.0904532,-0.987455,-0.129401,0.0026771,0.226924,0.344139,0.465911,-0.437232
-0.0768027,-0.987909,-0.132695,0.0230198,0.214709,0.348942,0.465598,-0.451627
-0.063241,-0.987564,-0.137521,0.0424966,0.202735,0.353991,0.466032,-0.466016
-0.049665,-0.986459,-0.143902,0.0610287,0.191063,0.359288,0.467202,-0.480752
-0.0361953,-0.984614,-0.151717,0.0787839,0.179706,0.364802,0.469086,-0.495857
-0.023237,-0.982052,-0.160749,0.0958832,0.168675,0.370461,0.471652,-0.510644
-0.0109453,-0.978849,-0.170733,0.112182,0.158016,0.376189,0.474853,-0.524754
0.000924733,-0.975102,-0.181561,0.12732,0.1478,0.381973,0.47862,-0.53852
0.0125917,-0.970855,-0.193343,0.141069,0.138067,0.38783,0.482905,-0.552253
0.0239864,-0.966089,-0.2062,0.153555,0.128811,0.393758,0.487693,-0.56591
0.034919,-0.960771,-0.2201,0.165095,0.119996,0.399718,0.49296,-0.579297
0.0452837,-0.954913,-0.234796,0.17596,0.111587,0.405646,0.498648,-0.592395
0.0552752,-0.94859,-0.249989,0.186085,0.103589,0.411483,0.504658,-0.605666
0.0649778,-0.941881,-0.265531,0.195273,0.096034,0.417197,0.510907,-0.619218
0.0742861,-0.934813,-0.281502,0.203378,0.088951,0.422795,0.517355,-0.632682
0.08328,-0.92737,-0.298118,0.210177,0.08239,0.428297,0.523979,-0.64615
0.0921617,-0.919554,-0.315479,0.215404,0.076426,0.433708,0.530736,-0.660034
0.100751,-0.911461,-0.333378,0.218968,0.071132,0.439016,0.537557,-0.673932
0.108717,-0.90323,-0.351493,0.220928,0.066563,0.444201,0.544372,-0.687174
0.115878,-0.89496,-0.369691,0.221241,0.06278,0.449272,0.551129,-0.699307
0.122239,-0.886671,-0.388085,0.219688,0.05985,0.45427,0.557796,-0.71014
0.128016,-0.878344,-0.406846,0.215872,0.05784,0.459226,0.564355,-0.719778
0.133172,-0.870043,-0.425888,0.209547,0.056794,0.464139,0.570774,-0.727696
0.137176,-0.86199,-0.444753,0.200874,0.056739,0.468984,0.576995,-0.732291
0.139591,-0.854384,-0.462992,0.190211,0.05768,0.473733,0.582961,-0.732375
0.140257,-0.847294,-0.480417,0.177823,0.059612,0.478368,0.588654,-0.727423
0.13929,-0.840666,-0.497077,0.163688,0.062541,0.482876,0.594084,-0.717376
0.137019,-0.834395,-0.513044,0.147636,0.066449,0.487228,0.599269,-0.702614
0.13384,-0.828429,-0.528215,0.129539,0.071283,0.491385,0.604194,-0.683907
0.128758,-0.822999,-0.542147,0.110321,0.076973,0.495317,0.60882,-0.659108
0.120828,-0.818337,-0.554476,0.091008,0.083456,0.49899,0.613102,-0.626428
0.111891,-0.814244,-0.565226,0.0707536,0.090681,0.502369,0.617007,-0.591148
0.103368,-0.810631,-0.574282,0.0489172,0.098601,0.505426,0.6205,-0.557856
0.09454,-0.807693,-0.581375,0.0264309,0.107152,0.508146,0.623539,-0.52604
0.084832,-0.805574,-0.586375,0.00424322,0.116261,0.51051,0.626086,-0.495489
-0.0742757,0.804325,0.589276,0.0172928,0.125884,0.512498,0.628116,-0.467133
-0.0628745,0.803982,0.590087,0.0381682,0.136014,0.514089,0.629592,-0.441202
-0.0506905,0.804559,0.588805,0.0585125,0.146638,0.515274,0.630478,-0.417837
-0.0378835,0.806022,0.58547,0.0782137,0.157688,0.516046,0.630733,-0.397455
-0.0247262,0.808288,0.580248,0.0968112,0.16904,0.516404,0.630337,-0.380697
-0.0114353,0.811169,0.573542,0.113681,0.180517,0.516365,0.629314,-0.367496
0.00184689,0.81446,0.565787,0.128592,0.191975,0.515948,0.627721,-0.35715
0.015039,0.818069,0.557125,0.141948,0.20335,0.515166,0.625595,-0.348829
0.0281747,0.822066,0.54734,0.154378,0.214629,0.514027,0.622914,-0.341882
0.0413457,0.826651,0.53601,0.166228,0.225774,0.512536,0.619622,-0.336136
0.0545293,0.831995,0.52286,0.177282,0.236687,0.510718,0.615651,-0.331921
0.0673999,0.838046,0.508183,0.186777,0.2472,0.508615,0.610973,-0.329838
0.0796246,0.844634,0.492522,0.194099,0.257125,0.506297,0.605631,-0.329968
0.0908607,0.851581,0.476296,0.199241,0.266315,0.50384,0.599705,-0.332218
0.100802,0.85875,0.459703,0.202633,0.274699,0.501276,0.593289,-0.336575
0.109302,0.865979,0.442923,0.204824,0.282272,0.498587,0.586484,-0.342637
0.11638,0.873118,0.426241,0.206009,0.28903,0.495781,0.579394,-0.349849
0.122274,0.880193,0.409785,0.205876,0.294918,0.492905,0.572128,-0.357921
0.127331,0.887197,0.393799,0.203937,0.299843,0.490024,0.564787,-0.366359
0.131714,0.894016,0.378673,0.199984,0.303746,0.487227,0.557468,-0.374745
0.135435,0.900587,0.364551,0.194172,0.306633,0.484566,0.550265,-0.383034
0.138376,0.906939,0.351276,0.186866,0.308542,0.482041,0.543261,-0.391631
0.14037,0.91316,0.338589,0.178306,0.309498,0.479636,0.536508,-0.401128
0.141402,0.919307,0.326396,0.168361,0.309488,0.477354,0.530044,-0.411762
0.141744,0.925347,0.314831,0.156597,0.308483,0.475236,0.523919,-0.423107
0.141693,0.931171,0.304126,0.142655,0.30648,0.473346,0.518199,-0.43461
0.141314,0.936644,0.294438,0.12663,0.303551,0.471726,0.512972,-0.446081
0.140477,0.941643,0.285767,0.109138,0.299827,0.470367,0.508328,-0.457564
0.138932,0.946093,0.278076,0.0909893,0.295471,0.469235,0.504341,-0.469282
0.136523,0.949945,0.271414,0.0728025,0.290634,0.468319,0.501071,-0.481322
0.133134,0.953166,0.265961,0.0549018,0.285439,0.467649,0.498582,-0.493848
0.128702,0.95569,0.262101,0.0373494,0.279958,0.467279,0.496956,-0.507021
0.123335,0.957413,0.260281,0.0200782,0.274255,0.467277,0.496281,-0.520786
0.117285,0.958238,0.260796,0.00307047,0.268412,0.467687,0.496623,-0.53486
-0.110793,-0.958126,-0.263695,0.0135916,0.262521,0.468505,0.498012,-0.548993
-0.103928,-0.957095,-0.268852,0.0297603,0.25666,0.469696,0.50044,-0.563286
-0.0965292,-0.955196,-0.276101,0.0452771,0.250888,0.471216,0.50388,-0.578293
-0.088484,-0.952445,-0.285325,0.0600785,0.245237,0.473032,0.508306,-0.59446
-0.0797356,-0.94884,-0.296409,0.074073,0.239741,0.475097,0.513689,-0.612059
-0.0703408,-0.944386,-0.309182,0.0871445,0.234433,0.477348,0.519985,-0.631077
-0.0604598,-0.939137,-0.323332,0.0991074,0.229359,0.479704,0.527114,-0.651187
-0.0501569,-0.93322,-0.338457,0.109689,0.224579,0.482073,0.534971,-0.672207
-0.0396067,-0.926703,-0.354321,0.118779,0.220129,0.484398,0.543476,-0.693701
-0.0291069,-0.919566,-0.370867,0.126525,0.215992,0.48667,0.552582,-0.715094
-0.0189486,-0.911769,-0.388065,0.133129,0.212145,0.488873,0.562261,-0.735849
-0.00943552,-0.903265,-0.405898,0.138818,0.208587,0.491012,0.572475,-0.75545
-0.00112473,-0.893947,-0.424392,0.144044,0.205282,0.493127,0.583193,-0.7729
0.00617029,-0.883925,-0.443349,0.148592,0.202279,0.495155,0.594312,-0.788548
0.0132847,-0.873503,-0.462415,0.151621,0.199716,0.496944,0.60568,-0.803955
0.0204424,-0.862805,-0.481432,0.152883,0.197666,0.498417,0.617225,-0.81959
0.0273161,-0.851787,-0.500436,0.152568,0.196123,0.49958,0.628921,-0.834831
0.0336167,-0.840418,-0.519466,0.15074,0.195102,0.500436,0.640728,-0.849002
0.039191,-0.828693,-0.538561,0.147252,0.194651,0.50099,0.6526,-0.861579
0.0439743,-0.816607,-0.557733,0.141965,0.194813,0.501233,0.664494,-0.872243
0.0479424,-0.804173,-0.576902,0.134874,0.1956,0.501148,0.676372,-0.880826
0.0510153,-0.791429,-0.595911,0.126203,0.196993,0.500716,0.688186,-0.88707
0.0531223,-0.778456,-0.61457,0.116133,0.19897,0.499915,0.699884,-0.890578
0.0542531,-0.765382,-0.632692,0.104635,0.201525,0.49874,0.711398,-0.890784
0.0545699,-0.752326,-0.650145,0.0913183,0.204667,0.497191,0.722657,-0.88731
0.0541133,-0.739337,-0.666837,0.0760301,0.208396,0.495265,0.733612,-0.879639
0.0526506,-0.726419,-0.682669,0.0592151,0.212679,0.492952,0.744228,-0.866929
0.0500009,-0.713664,-0.697475,0.0413791,0.217469,0.490266,0.75445,-0.848473
0.0461197,-0.70137,-0.710938,0.0228133,0.222749,0.487246,0.764202,-0.823901
0.0408942,-0.689859,-0.722778,0.00374594,0.228536,0.483941,0.773402,-0.792874
-0.0342169,0.679335,0.732864,0.0156457,0.234853,0.480392,0.781975,-0.755424
-0.026271,0.669874,0.741174,0.0352151,0.241681,0.476629,0.789871,-0.713124
-0.017457,0.661406,0.747812,0.0549044,0.248971,0.47266,0.797078,-0.668587
-0.00809238,0.653807,0.752923,0.0746843,0.256682,0.468493,0.803614,-0.623926
0.00180362,0.647004,0.756606,0.0944954,0.264804,0.464135,0.809493,-0.579848
0.0124089,0.641046,0.758851,0.114244,0.273352,0.459605,0.814714,-0.536415
0.0240056,0.636077,0.759566,0.133749,0.282356,0.454934,0.819261,-0.49365
0.0367386,0.632214,0.758719,0.152648,0.291809,0.450149,0.823119,-0.452319
0.050466,0.629386,0.756472,0.170515,0.301631,0.44526,0.826307,-0.413651
0.0648615,0.627439,0.753083,0.187024,0.311704,0.440265,0.828861,-0.378665
0.0796493,0.626252,0.748699,0.202272,0.321941,0.435159,0.830812,-0.347481
0.094811,0.625833,0.743221,0.216718,0.332313,0.429941,0.832135,-0.319473
0.110655,0.626249,0.736476,0.230586,0.342809,0.424629,0.83275,-0.293471
0.127409,0.627599,0.728371,0.243641,0.3534,0.419271,0.832589,-0.269108
0.144747,0.629956,0.718991,0.255453,0.364009,0.413924,0.831631,-0.247697
0.162232,0.633308,0.708431,0.265948,0.374518,0.408636,0.829877,-0.230004
0.180156,0.637522,0.696577,0.275481,0.384805,0.403443,0.827354,-0.214095
0.198252,0.642462,0.683468,0.284272,0.394769,0.398371,0.8241,-0.199971
0.215414,0.648114,0.669479,0.292135,0.404331,0.393441,0.820155,-0.19008
0.231676,0.654344,0.6549,0.298775,0.413393,0.388709,0.815582,-0.183516
0.247233,0.661041,0.639991,0.30383,0.421853,0.38424,0.810446,-0.179114
0.261448,0.668331,0.624928,0.307317,0.429662,0.38005,0.804799,-0.178076
0.274102,0.676321,0.60968,0.309431,0.436789,0.376164,0.798698,-0.18068
0.2854,0.684961,0.594294,0.310146,0.443187,0.372629,0.792208,-0.186116
0.295462,0.694179,0.578879,0.309381,0.448819,0.369478,0.785393,-0.19378
0.304407,0.703886,0.563587,0.307003,0.453668,0.366725,0.778303,-0.20315
0.312388,0.713957,0.548571,0.302902,0.457728,0.364374,0.770987,-0.21361
0.319529,0.724246,0.533935,0.297123,0.461006,0.362417,0.763511,-0.224628
0.325819,0.734592,0.519827,0.289821,0.463505,0.360861,0.755977,-0.23588
0.331069,0.744865,0.506486,0.281143,0.465215,0.359736,0.748506,-0.24739
0.335119,0.754983,0.494284,0.270887,0.466104,0.359107,0.7412,-0.259225
0.337834,0.764947,0.483521,0.258711,0.466133,0.359032,0.734138,-0.271653
0.339321,0.77465,0.474426,0.244332,0.465282,0.359534,0.727395,-0.284433
0.339837,0.783864,0.467148,0.227687,0.463575,0.360603,0.721062,-0.296948
0.339495,0.792381,0.461668,0.209137,0.461057,0.362197,0.715256,-0.308861
0.338132,0.800109,0.457868,0.189338,0.457796,0.364258,0.7101,-0.320565
0.335455,0.807017,0.455734,0.168819,0.453854,0.366739,0.705707,-0.332741
0.331365,0.813067,0.455293,0.147741,0.449272,0.36961,0.702164,-0.345737
0.32593,0.8182,0.456532,0.126085,0.444082,0.372825,0.699536,-0.359614
0.319252,0.822298,0.459431,0.104055,0.438353,0.376293,0.69789,-0.374291
0.311409,0.825242,0.463927,0.0822905,0.432229,0.379873,0.697284,-0.389689
0.302556,0.826886,0.470025,0.0616175,0.425906,0.383421,0.697771,-0.405519
0.292593,0.827217,0.477746,0.0431259,0.41961,0.386797,0.69939,-0.422135
0.281096,0.82639,0.487119,0.0279393,0.413536,0.389864,0.702154,-0.440719
0.267377,0.824633,0.498204,0.0167872,0.407782,0.392542,0.706039,-0.463216
0.251426,0.821978,0.510925,0.00965577,0.402378,0.39475,0.710971,-0.490123
0.234872,0.817977,0.52509,0.00535847,0.397325,0.396423,0.716856,-0.517965
0.219051,0.812311,0.540518,0.00292168,0.392641,0.397558,0.723594,-0.543747
0.204164,0.805062,0.556943,0.00243691,0.388387,0.398123,0.731068,-0.567044
0.190311,0.796342,0.574112,0.00415065,0.384631,0.398102,0.739162,-0.587571
0.177815,0.786172,0.591822,0.00782439,0.381399,0.39752,0.747769,-0.604458
0.16706,0.774621,0.609827,0.0128104,0.378674,0.396424,0.75677,-0.61677
0.158483,0.761784,0.627885,0.0181171,0.37642,0.394898,0.766044,-0.623536
0.152523,0.747758,0.64582,0.0226133,0.374603,0.393052,0.775484,-0.623679
0.14853,0.733102,0.663149,0.0270723,0.373322,0.390756,0.7849,-0.618833
0.144964,0.71863,0.679257,0.0341487,0.372792,0.387655,0.794043,-0.612954
0.141215,0.704512,0.694042,0.0450186,0.373097,0.383618,0.802808,-0.607381
0.137508,0.690593,0.707583,0.0591575,0.374181,0.378734,0.811201,-0.601428
0.134229,0.676945,0.719691,0.0759792,0.375974,0.373084,0.819205,-0.59393
0.132527,0.663972,0.729734,0.0952113,0.378421,0.366753,0.826787,-0.580546
0.133189,0.651935,0.737335,0.116524,0.381497,0.35982,0.833905,-0.558557
0.135437,0.640516,0.742999,0.139102,0.38517,0.352348,0.840526,-0.531955
0.138568,0.629499,0.74711,0.162349,0.389396,0.344396,0.846629,-0.504103
0.142484,0.618918,0.749675,0.186079,0.394112,0.336015,0.852218,-0.47553
0.147099,0.608707,0.750812,0.210045,0.39923,0.327255,0.857302,-0.446423
0.152491,0.598769,0.750628,0.23405,0.404685,0.318162,0.861876,-0.416138
0.159066,0.588929,0.749225,0.257919,0.410461,0.308784,0.865919,-0.382641
0.167322,0.57898,0.746624,0.281672,0.416577,0.299138,0.869404,-0.343591
0.177633,0.568638,0.742844,0.305417,0.423042,0.289224,0.872319,-0.297128
0.190076,0.557648,0.737897,0.329253,0.429819,0.279048,0.874668,-0.242906
0.204409,0.545922,0.731752,0.353164,0.436821,0.268629,0.876483,-0.182597
0.220298,0.533568,0.724588,0.376493,0.443903,0.258025,0.877812,-0.119159
0.237294,0.520944,0.716618,0.398456,0.450944,0.247281,0.878692,-0.0566039
0.254739,0.50884,0.707486,0.41911,0.457927,0.236353,0.879112,-0.000641268
0.272058,0.49824,0.696879,0.438293,0.464894,0.225218,0.879043,0.0437047
0.288806,0.490051,0.684918,0.455333,0.47186,0.213904,0.878459,0.0737657
0.304542,0.484922,0.671832,0.469837,0.478811,0.202441,0.877328,0.0888893
0.318981,0.482996,0.657884,0.481825,0.485708,0.190882,0.875626,0.0906019
0.332115,0.483738,0.643369,0.491704,0.492486,0.179298,0.873348,0.0825892
0.344328,0.486146,0.62858,0.499987,0.499077,0.167772,0.870496,0.0697731
0.356221,0.489352,0.613771,0.506879,0.50544,0.156381,0.86706,0.0562039
0.368223,0.493059,0.598824,0.512557,0.511584,0.145162,0.863008,0.0431352
0.380658,0.497226,0.583241,0.517393,0.517544,0.134124,0.858291,0.0304831
0.393832,0.501761,0.566677,0.521545,0.52334,0.123294,0.852886,0.0184824
0.407722,0.506704,0.54907,0.524915,0.528946,0.112736,0.846823,0.00679715
0.421932,0.512229,0.530803,0.527107,0.534288,0.102576,0.840176,-0.00524181
0.436407,0.51799,0.512516,0.52779,0.539272,0.09296,0.833039,-0.016198
0.45155,0.523217,0.494395,0.527181,0.543838,0.083976,0.825483,-0.0234631
0.467455,0.527708,0.476255,0.525539,0.547951,0.075664,0.817546,-0.0267761
0.48381,0.531802,0.458122,0.522723,0.551582,0.068076,0.809256,-0.027586
0.500368,0.535589,0.440205,0.518649,0.55472,0.0613,0.800672,-0.0263395
0.517189,0.538571,0.422552,0.513718,0.557359,0.055423,0.791901,-0.0217448
0.534015,0.540539,0.405205,0.508384,0.559487,0.050498,0.783086,-0.0137031
0.54973,0.542621,0.388651,0.502305,0.561082,0.046546,0.774368,-0.00589635
0.562794,0.546915,0.374035,0.49421,0.562147,0.043594,0.765853,-0.00381445
0.572151,0.55496,0.362912,0.482657,0.562723,0.041712,0.757596,-0.0105722
0.577546,0.56696,0.35635,0.466918,0.562852,0.040965,0.749637,-0.026205
0.579343,0.582204,0.354295,0.447074,0.562555,0.041358,0.742025,-0.0496418
0.578312,0.599415,0.355729,0.423927,0.561858,0.042825,0.734849,-0.079149
0.575543,0.616703,0.35915,0.399299,0.560793,0.045252,0.728222,-0.110948
0.571989,0.632379,0.363275,0.375442,0.559387,0.048513,0.722266,-0.140557
0.567843,0.646026,0.368032,0.35321,0.557679,0.052527,0.717071,-0.166291
0.56279,0.658049,0.373882,0.332343,0.555691,0.057233,0.712714,-0.189129
0.556352,0.669104,0.380616,0.312895,0.55341,0.062471,0.709233,-0.211339
0.549111,0.678894,0.388845,0.293906,0.550878,0.068238,0.706605,-0.231796
0.543177,0.685781,0.400054,0.273166,0.548204,0.074768,0.704783,-0.244452
0.53872,0.689698,0.413616,0.251036,0.545452,0.081893,0.703798,-0.249426
0.533925,0.692155,0.427044,0.231255,0.542645,0.08899,0.703759,-0.25232
0.528262,0.693667,0.439223,0.216446,0.539852,0.095668,0.704764,-0.254212
0.52175,0.69419,0.45071,0.206733,0.537149,0.101821,0.706851,-0.254885
0.514249,0.693715,0.462205,0.20168,0.53457,0.107359,0.709995,-0.25489
0.505882,0.692119,0.474057,0.200809,0.532116,0.1122,0.714116,-0.254097
0.496682,0.689322,0.486549,0.203497,0.529778,0.116275,0.719107,-0.252669
0.486334,0.685326,0.500063,0.209153,0.527552,0.119532,0.724858,-0.251577
0.474157,0.680239,0.514907,0.217535,0.525441,0.12191,0.731263,-0.252597
0.460452,0.673758,0.530521,0.229308,0.523466,0.123347,0.738205,-0.254021
0.447364,0.664918,0.545188,0.246008,0.521652,0.123767,0.745532,-0.247836
0.436362,0.653023,0.557821,0.2683,0.520023,0.123111,0.753101,-0.228036
0.427571,0.637937,0.568222,0.295539,0.518575,0.121371,0.760774,-0.193613
0.420985,0.619794,0.576278,0.32639,0.517287,0.118614,0.76842,-0.145498
0.416323,0.59928,0.581955,0.35898,0.516137,0.114946,0.7759,-0.0878773
0.41299,0.577743,0.585246,0.39133,0.515127,0.110467,0.783081,-0.0283574
0.410179,0.556991,0.586193,0.421772,0.514281,0.105226,0.789859,0.0240472
0.407024,0.53893,0.584984,0.449088,0.513612,0.099239,0.796176,0.0614634
0.402739,0.525167,0.581991,0.472532,0.513116,0.092535,0.802005,0.0788859
0.396626,0.516753,0.577535,0.492043,0.512772,0.085154,0.807331,0.0738865
0.388089,0.514058,0.57174,0.508178,0.51255,0.077113,0.812159,0.0456317
0.377156,0.516251,0.564339,0.522264,0.512408,0.068406,0.816503,-0.00342064
0.365205,0.520856,0.554464,0.536567,0.51231,0.059005,0.820378,-0.0644495
0.355082,0.524837,0.543199,0.550815,0.512306,0.049191,0.823752,-0.122284
0.349461,0.526436,0.533966,0.561803,0.512508,0.039492,0.826566,-0.164093
0.348403,0.525876,0.527809,0.56876,0.512919,0.030002,0.828822,-0.18943
0.350515,0.524087,0.523733,0.572866,0.513471,0.020538,0.830574,-0.20408
0.354651,0.521737,0.520257,0.575626,0.514102,0.01091,0.831853,-0.212894
0.359869,0.519338,0.515107,0.579178,0.514736,0.000857,0.832686,-0.220196
0.365973,0.517043,0.507892,0.58376,0.515348,-0.009625,0.833076,-0.226962
0.373205,0.514749,0.499783,0.588191,0.515932,-0.020349,0.833016,-0.231925
0.381494,0.512495,0.491105,0.592137,0.516454,-0.031241,0.832504,-0.235328
0.39071,0.51037,0.481907,0.595511,0.516897,-0.042261,0.831533,-0.237652
0.400822,0.508389,0.472487,0.598029,0.51726,-0.053327,0.830091,-0.238916
0.411768,0.506521,0.463032,0.599571,0.517532,-0.064355,0.82817,-0.23933
0.423892,0.504508,0.4534,0.60018,0.517693,-0.07527,0.825767,-0.23776
0.437094,0.502292,0.443528,0.599946,0.517726,-0.086016,0.822887,-0.234083
0.450002,0.500579,0.43419,0.598663,0.517612,-0.09655,0.819534,-0.231677
0.462135,0.499698,0.425428,0.596443,0.517356,-0.106867,0.815702,-0.231893
0.474671,0.499035,0.415724,0.593991,0.516985,-0.117025,0.811372,-0.232118
0.49053,0.496748,0.402102,0.592398,0.516513,-0.127074,0.806554,-0.225128
0.510232,0.492294,0.382821,0.592249,0.515936,-0.137054,0.801273,-0.210642
0.529405,0.48839,0.361144,0.592268,0.515239,-0.146857,0.795586,-0.200157
0.546121,0.486211,0.340878,0.590891,0.514423,-0.156191,0.789569,-0.196015
0.561221,0.485197,0.322707,0.587771,0.513516,-0.164869,0.783247,-0.194734
0.575038,0.485414,0.306524,0.582878,0.512559,-0.172821,0.776604,-0.195815
0.587839,0.486866,0.292448,0.576092,0.51159,-0.179976,0.769632,-0.198745
0.599701,0.489556,0.280546,0.567439,0.510636,-0.18628,0.762365,-0.203305
0.610558,0.493472,0.270686,0.557165,0.509701,-0.191694,0.754863,-0.209509
0.620384,0.498524,0.262894,0.545422,0.508798,-0.196148,0.747184,-0.217094
0.629141,0.504683,0.257388,0.532192,0.507966,-0.199557,0.739389,-0.22591
0.637066,0.511714,0.25471,0.517125,0.507236,-0.20184,0.73152,-0.235189
0.644529,0.519181,0.255422,0.499793,0.506623,-0.202938,0.723621,-0.243769
0.651345,0.527065,0.259365,0.480293,0.506129,-0.20283,0.715782,-0.252183
0.657175,0.535249,0.266005,0.459208,0.50573,-0.201568,0.708156,-0.260991
0.661899,0.54327,0.274728,0.437346,0.505373,-0.199277,0.70093,-0.269754
0.665527,0.550702,0.285091,0.415361,0.505021,-0.196075,0.694253,-0.277813
0.668225,0.557264,0.297102,0.393271,0.50465,-0.192024,0.688213,-0.284655
0.6702,0.56278,0.31085,0.370786,0.50424,-0.187173,0.682855,-0.290039
0.671052,0.567697,0.325657,0.348362,0.503781,-0.181681,0.678222,-0.295673
0.670202,0.572519,0.340631,0.327141,0.503275,-0.175802,0.674391,-0.30338
0.667798,0.576893,0.355639,0.307833,0.502718,-0.169705,0.671462,-0.312108
0.663973,0.580567,0.370551,0.29116,0.502134,-0.163561,0.669515,-0.321015
0.65857,0.583769,0.385079,0.277874,0.501559,-0.157552,0.668575,-0.330666
0.651607,0.586613,0.399213,0.268182,0.501006,-0.151784,0.668637,-0.341275
0.643241,0.589118,0.413025,0.261901,0.500465,-0.146328,0.669651,-0.352848
0.633685,0.591314,0.426453,0.258705,0.499908,-0.141253,0.671529,-0.365431
0.623222,0.593178,0.439385,0.258214,0.499309,-0.136628,0.674164,-0.378838
0.611981,0.594781,0.45168,0.260191,0.498647,-0.132512,0.677458,-0.39321
0.599899,0.596286,0.463154,0.264673,0.497918,-0.128938,0.681337,-0.409019
0.586904,0.597803,0.473615,0.271778,0.497117,-0.125926,0.685742,-0.426543
0.573121,0.599261,0.48294,0.281402,0.496232,-0.123493,0.690604,-0.445463
0.56011,0.599317,0.491586,0.2923,0.495253,-0.121672,0.69584,-0.460852
0.549415,0.596822,0.499977,0.303266,0.494177,-0.120514,0.701353,-0.467857
0.539972,0.593039,0.507331,0.315197,0.493014,-0.120056,0.70704,-0.470208
0.530815,0.589033,0.512957,0.328862,0.491772,-0.120308,0.712813,-0.471389
0.52213,0.584764,0.516814,0.343998,0.490455,-0.121259,0.718598,-0.47108
0.514024,0.580199,0.518956,0.360323,0.489065,-0.122888,0.724338,-0.469157
0.506615,0.57528,0.519539,0.377456,0.487601,-0.125177,0.729991,-0.465596
0.500019,0.569921,0.518704,0.395116,0.486059,-0.128113,0.735524,-0.460205
0.494319,0.564036,0.516463,0.413252,0.484424,-0.13171,0.74092,-0.452693
0.489461,0.557688,0.512709,0.431904,0.482687,-0.135977,0.746155,-0.443402
0.485331,0.55107,0.507369,0.450946,0.480862,-0.140865,0.751182,-0.433175
0.481844,0.544276,0.500551,0.470147,0.478951,-0.146312,0.755971,-0.422585
0.478823,0.53738,0.492285,0.489496,0.476938,-0.15228,0.760518,-0.412178
0.476321,0.530278,0.482912,0.508645,0.474805,-0.15868,0.764818,-0.401637
0.474628,0.522707,0.473174,0.526889,0.472537,-0.165386,0.768859,-0.389855
0.473844,0.514678,0.463183,0.544095,0.470123,-0.172369,0.772619,-0.376671
0.47393,0.506386,0.452404,0.560619,0.467554,-0.179683,0.776071,-0.362666
0.474998,0.497817,0.440624,0.576546,0.464842,-0.187332,0.779195,-0.347657
0.477222,0.488864,0.427884,0.591766,0.462006,-0.195276,0.78197,-0.331118
0.480726,0.479369,0.414328,0.606168,0.459068,-0.203444,0.784385,-0.31248
0.485301,0.469491,0.400363,0.619492,0.456043,-0.211752,0.78644,-0.292906
0.490395,0.459835,0.386412,0.631467,0.452944,-0.220153,0.788126,-0.275176
0.495773,0.450737,0.37252,0.642086,0.449787,-0.228632,0.789431,-0.260221
0.501612,0.442145,0.358618,0.651373,0.446586,-0.23719,0.79033,-0.247431
0.508176,0.433955,0.34482,0.659196,0.443371,-0.24583,0.790793,-0.236257
0.51568,0.426048,0.331316,0.665422,0.440175,-0.25455,0.790794,-0.226165
0.52414,0.418433,0.318161,0.670049,0.43702,-0.263334,0.790323,-0.217158
0.533433,0.411112,0.305413,0.673171,0.433909,-0.272144,0.789391,-0.209211
0.543447,0.404062,0.293082,0.674909,0.430832,-0.280929,0.788018,-0.202182
0.554054,0.397334,0.281099,0.675376,0.42776,-0.28968,0.786229,-0.196276
0.565203,0.391044,0.26929,0.674621,0.424653,-0.298411,0.784029,-0.192014
0.576999,0.38514,0.257578,0.672601,0.421501,-0.307103,0.781395,-0.189272
0.58957,0.379455,0.246036,0.669244,0.418311,-0.315703,0.778303,-0.187458
0.602875,0.373927,0.234764,0.664534,0.4151,-0.324144,0.774759,-0.18626
0.616763,0.368561,0.223964,0.658487,0.411906,-0.33232,0.770791,-0.185459
0.630927,0.363539,0.213638,0.651252,0.408769,-0.34014,0.766443,-0.185364
0.645001,0.359189,0.203553,0.643058,0.405721,-0.347547,0.761769,-0.186767
0.658753,0.355747,0.193542,0.634058,0.402785,-0.354503,0.756799,-0.190047
0.672105,0.35324,0.183633,0.624319,0.399973,-0.360966,0.751553,-0.194905
0.685039,0.35152,0.173865,0.613943,0.397269,-0.366911,0.746045,-0.200647
0.697571,0.350437,0.164267,0.602997,0.394652,-0.372311,0.740287,-0.206683
0.709705,0.349953,0.154894,0.591489,0.392115,-0.377135,0.734274,-0.212768
0.721376,0.350259,0.14574,0.579393,0.389666,-0.381339,0.728001,-0.219275
0.732489,0.351596,0.13692,0.56665,0.387335,-0.384865,0.721463,-0.226645
0.742946,0.354124,0.128715,0.553228,0.385165,-0.387652,0.714682,-0.235036
0.752622,0.357858,0.121489,0.539201,0.383203,-0.389654,0.707706,-0.244272
0.761417,0.362806,0.115486,0.524671,0.381487,-0.390845,0.700584,-0.254249
0.769409,0.36879,0.111007,0.509589,0.38005,-0.391194,0.693327,-0.26442
0.776806,0.375537,0.10843,0.493748,0.378918,-0.390666,0.685912,-0.274023
0.78368,0.382957,0.107946,0.47701,0.378107,-0.389242,0.678339,-0.282908
0.789964,0.391032,0.109664,0.459374,0.377619,-0.38692,0.670659,-0.291238
0.79551,0.399771,0.113607,0.440953,0.377453,-0.383713,0.662962,-0.299349
0.800079,0.409313,0.119676,0.421917,0.377602,-0.379662,0.655363,-0.30803
0.803474,0.419785,0.127755,0.402354,0.378045,-0.374797,0.647949,-0.318053
0.805707,0.431012,0.138031,0.382116,0.37878,-0.369115,0.640771,-0.329374
0.806781,0.442738,0.150584,0.361125,0.379798,-0.362635,0.633882,-0.341814
0.806633,0.454597,0.164924,0.33983,0.381045,-0.355467,0.627367,-0.35502
0.805147,0.466247,0.180229,0.31917,0.382446,-0.347806,0.621352,-0.368654
0.802188,0.477568,0.195833,0.30012,0.383939,-0.339862,0.615993,-0.382817
0.797753,0.48842,0.211574,0.283324,0.38551,-0.331802,0.611426,-0.397461
0.792097,0.4984,0.227781,0.268878,0.387169,-0.323726,0.607741,-0.411859
0.785377,0.507358,0.24474,0.256658,0.388923,-0.315706,0.604961,-0.425946
0.77768,0.515333,0.262435,0.246522,0.390773,-0.307817,0.603025,-0.440098
0.769175,0.522262,0.280643,0.238436,0.392698,-0.300165,0.601851,-0.45434
0.759806,0.528344,0.298931,0.232783,0.394672,-0.292906,0.601394,-0.469266
0.749368,0.533912,0.316878,0.230162,0.396684,-0.286188,0.601634,-0.485773
0.737827,0.539018,0.334273,0.230939,0.398719,-0.28011,0.602563,-0.504013
0.725281,0.543637,0.350921,0.235118,0.400732,-0.27474,0.604152,-0.523874
0.712097,0.547524,0.366645,0.242296,0.402649,-0.27012,0.606323,-0.544544
0.698883,0.550265,0.38128,0.251787,0.404404,-0.266283,0.608958,-0.564495
0.68603,0.551794,0.394577,0.263049,0.405948,-0.263257,0.611917,-0.582981
0.673676,0.552265,0.406365,0.27574,0.407266,-0.261038,0.615081,-0.599904
0.661847,0.551793,0.416623,0.28967,0.408358,-0.259611,0.618372,-0.615215
0.650608,0.550407,0.425258,0.304823,0.409218,-0.258981,0.621737,-0.628504
0.640134,0.548084,0.43196,0.321314,0.409843,-0.259204,0.625105,-0.638885
0.630623,0.544877,0.436263,0.339262,0.410229,-0.260341,0.628386,-0.645382
0.622268,0.540803,0.438046,0.358372,0.410379,-0.262374,0.631489,-0.647211
0.615137,0.53595,0.437504,0.378093,0.410305,-0.265213,0.634349,-0.644225
0.609156,0.530518,0.434971,0.397844,0.410007,-0.268738,0.636917,-0.637033
0.604239,0.524767,0.430635,0.417215,0.409491,-0.272857,0.639134,-0.626458
0.600446,0.518873,0.424506,0.435924,0.408776,-0.277535,0.640914,-0.612921
0.597918,0.51295,0.41646,0.453803,0.407889,-0.282783,0.642163,-0.596604
0.596772,0.507083,0.406465,0.470655,0.406855,-0.288602,0.642801,-0.577853
0.596941,0.501356,0.394653,0.486366,0.405691,-0.294958,0.642793,-0.557461
0.598293,0.495704,0.381329,0.50091,0.404405,-0.301779,0.642154,-0.535724
0.600682,0.489955,0.366849,0.514343,0.402998,-0.308985,0.640924,-0.512473
0.604017,0.48396,0.351384,0.526758,0.401466,-0.316522,0.639128,-0.487398
0.608306,0.477615,0.334922,0.538215,0.399796,-0.324365,0.636768,-0.460164
0.613526,0.471018,0.317689,0.548455,0.397971,-0.332473,0.633835,-0.431922
0.61948,0.464565,0.300159,0.557072,0.395976,-0.340789,0.630335,-0.405533
0.626013,0.458381,0.282816,0.563924,0.393801,-0.349239,0.626309,-0.382137
0.632998,0.452395,0.26589,0.56917,0.391439,-0.357758,0.621815,-0.3614
0.640352,0.446536,0.249399,0.573023,0.388883,-0.366304,0.616899,-0.342801
0.648163,0.440735,0.233122,0.575579,0.386115,-0.374873,0.611559,-0.325866
0.656589,0.434991,0.216828,0.576765,0.383117,-0.383482,0.60576,-0.31061
0.665783,0.429385,0.200506,0.576332,0.379884,-0.39213,0.599449,-0.297605
0.675761,0.423949,0.184443,0.574104,0.376441,-0.400768,0.592602,-0.287107
0.686288,0.418707,0.168996,0.570206,0.372828,-0.409302,0.585255,-0.278901
0.696998,0.413728,0.154254,0.565004,0.369079,-0.417647,0.577475,-0.272575
0.707788,0.408896,0.139968,0.558792,0.365202,-0.425779,0.569276,-0.267161
0.718816,0.404028,0.125791,0.551581,0.361191,-0.4337,0.560602,-0.261836
0.730164,0.399206,0.11133,0.543232,0.357003,-0.441411,0.551374,-0.256863
0.741781,0.394598,0.0963824,0.533632,0.352589,-0.448882,0.541565,-0.25286
0.753548,0.390138,0.0812715,0.522832,0.347971,-0.45605,0.531218,-0.249593
0.765098,0.385874,0.0663733,0.511196,0.343224,-0.462828,0.520449,-0.246749
0.775966,0.382107,0.0515808,0.499209,0.338402,-0.469152,0.509383,-0.24449
0.785915,0.379114,0.0365153,0.48711,0.333499,-0.47498,0.498093,-0.243104
0.795042,0.376947,0.0209248,0.474743,0.328466,-0.480285,0.486578,-0.242752
0.803611,0.375485,0.00483564,0.461732,0.323254,-0.485018,0.474818,-0.243518
0.811829,0.374604,-0.0115439,0.447741,0.317841,-0.489118,0.462829,-0.245574
0.81969,0.374296,-0.0279226,0.432702,0.31226,-0.492513,0.450705,-0.249151
0.827053,0.374551,-0.0438727,0.416858,0.306614,-0.495139,0.438598,-0.254105
0.833744,0.375409,-0.0590058,0.400571,0.301023,-0.496963,0.426674,-0.260279
0.839641,0.376972,-0.0731653,0.384111,0.295565,-0.497985,0.415064,-0.267733
0.844853,0.379138,-0.0862456,0.367476,0.290288,-0.498197,0.403808,-0.276204
0.849644,0.38167,-0.0981203,0.350435,0.285223,-0.497576,0.392875,-0.285277
0.854258,0.384362,-0.10862,0.332732,0.280407,-0.496089,0.382223,-0.294657
0.858834,0.387121,-0.117524,0.314214,0.275896,-0.493711,0.371832,-0.304237
0.863409,0.389908,-0.124628,0.294897,0.271759,-0.490439,0.361709,-0.313919
0.867951,0.392706,-0.129791,0.274951,0.268068,-0.486299,0.351899,-0.323536
0.872439,0.395425,-0.13293,0.254596,0.264873,-0.48134,0.342445,-0.332758
0.876861,0.398056,-0.134035,0.233881,0.262197,-0.475608,0.333353,-0.341588
0.881208,0.400669,-0.133095,0.212658,0.260043,-0.469119,0.324598,-0.350415
0.885424,0.403375,-0.130072,0.190776,0.258428,-0.461886,0.316165,-0.359764
0.889441,0.406187,-0.12486,0.168276,0.257392,-0.453942,0.308079,-0.369849
0.89317,0.40904,-0.117395,0.145439,0.256984,-0.445368,0.300403,-0.380568
0.896524,0.411849,-0.107685,0.122593,0.257242,-0.436259,0.293228,-0.391794
0.899449,0.414512,-0.0957804,0.0999908,0.258195,-0.426714,0.286654,-0.403479
0.901898,0.416927,-0.0817838,0.0778657,0.259855,-0.416836,0.280765,-0.415548
0.903854,0.418948,-0.0659022,0.0564584,0.26221,-0.406731,0.275627,-0.427699
0.905268,0.420521,-0.0485,0.0360376,0.265224,-0.396515,0.271275,-0.439632
0.906016,0.421842,-0.0300023,0.0168405,0.268844,-0.386302,0.26772,-0.451523
-0.905967,-0.423211,0.0107219,0.000994244,0.273023,-0.376179,0.264957,-0.463892
-0.905088,-0.424767,-0.00921834,0.0174073,0.277728,-0.36621,0.262977,-0.477052
-0.903387,-0.426562,-0.029849,0.0323362,0.282949,-0.35644,0.261764,-0.491254
-0.900892,-0.428585,-0.0512113,0.0456743,0.288683,-0.34692,0.261299,-0.506639
-0.897594,-0.430911,-0.0732364,0.057241,0.2949,-0.337726,0.261559,-0.523457
-0.893484,-0.433666,-0.0956502,0.0668636,0.30153,-0.328944,0.262506,-0.541859
-0.888612,-0.436913,-0.118101,0.0743524,0.308494,-0.320659,0.264086,-0.561693
-0.88305,-0.440702,-0.140308,0.0794908,0.315732,-0.312947,0.266236,-0.582775
-0.876829,-0.445156,-0.16212,0.0819962,0.323212,-0.305879,0.268892,-0.605195
-0.870081,-0.450152,-0.183416,0.0817367,0.330895,-0.299498,0.271999,-0.628616
-0.863071,-0.455265,-0.204019,0.0788579,0.338714,-0.293811,0.275513,-0.652049
-0.855926,-0.460406,-0.223622,0.0735554,0.346565,-0.288822,0.279364,-0.67503
-0.848717,-0.465628,-0.24191,0.0659506,0.354354,-0.284538,0.283471,-0.697257
-0.841493,-0.471001,-0.258661,0.0560465,0.362018,-0.280967,0.287757,-0.718426
-0.834278,-0.47664,-0.273661,0.0436272,0.369515,-0.278144,0.292169,-0.73814
-0.827095,-0.482636,-0.28665,0.0284144,0.376796,-0.276114,0.296659,-0.755747
-0.820007,-0.48895,-0.29734,0.0102324,0.383816,-0.274899,0.301191,-0.770151
0.813038,0.495522,0.305465,0.0108943,0.390528,-0.27449,0.305733,-0.78016
0.806201,0.502196,0.310862,0.0347007,0.396888,-0.274842,0.310269,-0.784446
0.799482,0.508834,0.313412,0.0607454,0.402853,-0.275885,0.314783,-0.781697
0.792735,0.515519,0.312986,0.0886046,0.408383,-0.277538,0.319248,-0.77107
0.785738,0.522447,0.309471,0.117867,0.413451,-0.279712,0.323637,-0.752151
0.778489,0.529445,0.30299,0.147786,0.418042,-0.282301,0.32793,-0.724524
0.771199,0.536048,0.293959,0.177463,0.422154,-0.285218,0.33209,-0.688331
0.76416,0.541806,0.282931,0.206049,0.425788,-0.28843,0.336056,-0.644838
0.757691,0.546415,0.270351,0.232906,0.428932,-0.291953,0.339752,-0.595949
0.752085,0.549695,0.256549,0.257655,0.431576,-0.295808,0.343107,-0.543681
0.747416,0.551733,0.241842,0.280127,0.433722,-0.299994,0.346065,-0.490763
0.743526,0.552887,0.226437,0.300352,0.435384,-0.304503,0.348593,-0.440176
0.740284,0.553469,0.210374,0.318426,0.436565,-0.309332,0.350667,-0.393818
0.737739,0.553603,0.193464,0.334419,0.437248,-0.314488,0.352246,-0.35214
0.735915,0.553422,0.175315,0.348451,0.437397,-0.320003,0.353279,-0.315129
0.734731,0.553096,0.155607,0.360614,0.43698,-0.325893,0.353734,-0.283006
0.733858,0.552969,0.1343,0.371001,0.435994,-0.332119,0.353626,-0.256656
0.733214,0.553067,0.112135,0.379394,0.434483,-0.338491,0.352996,-0.236679
0.733158,0.552914,0.0904356,0.385469,0.432524,-0.34471,0.351892,-0.22213
0.733768,0.552396,0.0695755,0.389362,0.430146,-0.350624,0.350368,-0.211642
0.734877,0.551751,0.0490111,0.391312,0.427313,-0.356217,0.348441,-0.204587
0.73662,0.550915,0.0284644,0.391247,0.423985,-0.361451,0.346095,-0.200279
0.739249,0.549685,0.00815796,0.388961,0.420158,-0.366225,0.343319,-0.198065
0.742589,0.54832,-0.011687,0.384408,0.41586,-0.370416,0.340136,-0.198233
0.74627,0.547223,-0.0306153,0.377744,0.411221,-0.373875,0.336595,-0.200958
0.750064,0.546554,-0.0480292,0.369292,0.406431,-0.376475,0.332731,-0.205517
0.753796,0.546434,-0.0639564,0.359321,0.401574,-0.378161,0.328582,-0.211436
0.757371,0.546973,-0.0788348,0.347842,0.396626,-0.378919,0.324166,-0.218749
0.760907,0.548081,-0.0927785,0.334695,0.391567,-0.378728,0.31947,-0.227318
0.764671,0.549463,-0.105377,0.319787,0.386444,-0.377555,0.314502,-0.236494
0.768864,0.550826,-0.115947,0.303309,0.381383,-0.37536,0.309336,-0.245381
0.773414,0.552096,-0.123966,0.28575,0.376575,-0.372124,0.3041,-0.253325
0.777957,0.553511,-0.129471,0.26767,0.372181,-0.367877,0.298943,-0.260425
0.782114,0.555375,-0.132769,0.249455,0.368301,-0.362655,0.29398,-0.267191
0.785902,0.557692,-0.133893,0.231108,0.364986,-0.356459,0.289251,-0.273825
0.789784,0.56002,-0.132471,0.212295,0.362258,-0.349247,0.284739,-0.279889
0.793748,0.562453,-0.128278,0.192761,0.360161,-0.341043,0.280457,-0.28628
0.797206,0.5656,-0.121474,0.172635,0.358758,-0.331961,0.276495,-0.294799
0.80009,0.569282,-0.112256,0.152226,0.358072,-0.322086,0.272966,-0.305021
0.802384,0.573251,-0.100916,0.131833,0.358095,-0.311478,0.269983,-0.316208
0.803785,0.577709,-0.087686,0.111776,0.35884,-0.300214,0.267636,-0.328673
0.804299,0.582554,-0.0724,0.0921504,0.360331,-0.288333,0.265962,-0.34243
0.804264,0.587254,-0.0546667,0.0728214,0.362582,-0.275847,0.264978,-0.356944
0.803989,0.591224,-0.0343671,0.0536125,0.365555,-0.262807,0.264711,-0.371651
0.803431,0.594269,-0.011938,0.0346366,0.369169,-0.249367,0.265191,-0.386398
0.802181,0.59674,0.0118119,0.0163602,0.373331,-0.235766,0.26643,-0.401662
-0.799916,-0.599018,-0.0362173,0.000657468,0.377967,-0.222227,0.268428,-0.417732
-0.796579,-0.601243,-0.0609123,0.016064,0.383022,-0.208894,0.271163,-0.434563
-0.79217,-0.603515,-0.0857339,0.0297728,0.38844,-0.195852,0.274589,-0.452379
-0.786702,-0.605904,-0.110627,0.0417393,0.394172,-0.183173,0.278642,-0.471471
-0.780301,-0.608338,-0.135531,0.0518366,0.400186,-0.170934,0.283241,-0.491701
-0.773081,-0.610806,-0.160272,0.0597863,0.406439,-0.159251,0.288309,-0.512813
-0.765195,-0.613308,-0.184597,0.0652254,0.41289,-0.148249,0.293768,-0.534278
-0.756644,-0.616042,-0.208307,0.0677518,0.419514,-0.138033,0.299547,-0.556017
-0.74749,-0.619085,-0.231252,0.0671901,0.426273,-0.128654,0.30558,-0.577788
-0.737792,-0.622472,-0.253267,0.0636149,0.433105,-0.120127,0.311797,-0.599434
-0.72746,-0.626405,-0.274146,0.0571154,0.439931,-0.112453,0.318118,-0.621201
-0.716489,-0.630997,-0.293617,0.0477035,0.446679,-0.105641,0.324458,-0.6428
-0.705134,-0.636028,-0.311462,0.0352954,0.453324,-0.099712,0.330749,-0.662872
-0.693512,-0.641371,-0.32756,0.0197429,0.45987,-0.094689,0.336952,-0.680381
-0.681488,-0.64711,-0.341793,0.000831063,0.466324,-0.090591,0.343037,-0.694837
0.669057,0.653184,0.353908,0.021504,0.472679,-0.087444,0.348972,-0.705033
0.656441,0.659296,0.363583,0.0471392,0.478917,-0.085268,0.354736,-0.708671
0.64369,0.665321,0.370466,0.0759337,0.485019,-0.084061,0.360313,-0.703567
0.630848,0.671098,0.374353,0.107321,0.490937,-0.083767,0.365697,-0.688134
0.618175,0.676296,0.37532,0.140067,0.496598,-0.084274,0.370871,-0.662014
0.606402,0.680318,0.373777,0.172436,0.501943,-0.085449,0.37578,-0.625784
0.596184,0.682882,0.370056,0.203214,0.506951,-0.087228,0.380333,-0.580834
0.587701,0.684215,0.364086,0.232163,0.511629,-0.089622,0.384436,-0.528927
0.580701,0.68474,0.355794,0.259475,0.515988,-0.092623,0.38805,-0.472969
0.574795,0.684778,0.34543,0.285251,0.520036,-0.096166,0.391197,-0.416871
0.569758,0.684482,0.333308,0.30946,0.523768,-0.100194,0.393906,-0.363665
0.565764,0.683875,0.319486,0.331896,0.527176,-0.104707,0.39614,-0.315012
0.563274,0.682844,0.303908,0.352259,0.530247,-0.109744,0.397817,-0.27176
0.562794,0.681205,0.286687,0.370179,0.532967,-0.115328,0.398871,-0.234486
0.564427,0.678882,0.268293,0.385435,0.5353,-0.121394,0.399323,-0.203576
0.567615,0.67609,0.249327,0.398185,0.537211,-0.127805,0.399277,-0.179032
0.571562,0.673121,0.230263,0.408907,0.538704,-0.1344,0.398863,-0.159899
0.575948,0.670025,0.211315,0.417967,0.539801,-0.141063,0.398151,-0.144486
0.580897,0.666804,0.192149,0.425452,0.540489,-0.147793,0.397098,-0.131937
0.586693,0.663479,0.172329,0.43115,0.540729,-0.154638,0.395607,-0.122332
0.59332,0.660216,0.151592,0.434862,0.540483,-0.161619,0.393611,-0.116352
0.600388,0.657296,0.1301,0.436543,0.539743,-0.168637,0.39112,-0.114573
0.607773,0.65464,0.108915,0.436115,0.538554,-0.175426,0.388203,-0.115665
0.615236,0.652263,0.0887295,0.43378,0.536972,-0.181767,0.384941,-0.118398
0.622499,0.650325,0.0694071,0.429832,0.535006,-0.187564,0.381388,-0.12254
0.629721,0.648724,0.0509026,0.424284,0.532637,-0.192739,0.377562,-0.127524
0.637217,0.64729,0.0334378,0.416956,0.529862,-0.197212,0.37345,-0.132726
0.645128,0.645976,0.0173435,0.407706,0.526703,-0.20088,0.369053,-0.137884
0.65328,0.644967,0.00289844,0.396528,0.523212,-0.203613,0.364391,-0.143298
0.661135,0.644735,-0.00990878,0.383562,0.519465,-0.205309,0.359504,-0.150048
0.668282,0.645593,-0.0212174,0.368997,0.515519,-0.205918,0.354442,-0.158774
0.674652,0.647515,-0.0310922,0.35299,0.511413,-0.205428,0.349248,-0.169237
0.68039,0.650298,-0.0394674,0.335594,0.507171,-0.203839,0.343951,-0.180831
0.685716,0.653702,-0.0461403,0.316762,0.502816,-0.201142,0.338565,-0.192985
0.690635,0.657693,-0.0509346,0.296427,0.498381,-0.197314,0.333138,-0.205825
0.694926,0.662351,-0.0537213,0.274742,0.493926,-0.192339,0.327771,-0.219672
0.698373,0.667621,-0.0543896,0.252188,0.48956,-0.186242,0.322583,-0.234267
0.700841,0.673357,-0.0530187,0.229348,0.485369,-0.179112,0.317677,-0.249143
0.702345,0.679394,-0.0498572,0.206518,0.481356,-0.171053,0.313138,-0.264034
0.703057,0.685568,-0.0450226,0.183525,0.477484,-0.16212,0.309001,-0.279051
0.703291,0.691617,-0.0383867,0.15992,0.473719,-0.15231,0.305264,-0.294229
0.703236,0.697314,-0.0298604,0.135357,0.470042,-0.141628,0.301935,-0.309655
0.702758,0.702617,-0.0195898,0.109897,0.466469,-0.130142,0.299066,-0.325648
0.701629,0.707519,-0.00789006,0.0840876,0.463061,-0.117981,0.296739,-0.342092
0.69973,0.711983,0.00486099,0.058609,0.45988,-0.105315,0.295038,-0.35855
0.696995,0.716039,0.0184334,0.0338636,0.456976,-0.092281,0.294015,-0.374977
0.693385,0.719751,0.0328331,0.00985861,0.454383,-0.078952,0.293682,-0.391853
-0.688857,-0.723167,-0.0481996,0.0134814,0.45214,-0.065386,0.294034,-0.409813
-0.683429,-0.726265,-0.0645623,0.035984,0.450296,-0.051681,0.295063,-0.429003
-0.677278,-0.72893,-0.0817341,0.057224,0.448912,-0.037988,0.296748,-0.448842
-0.670445,-0.731257,-0.0994066,0.0767114,0.448023,-0.024476,0.299027,-0.469067
-0.662915,-0.73343,-0.117334,0.0941063,0.447643,-0.01128,0.301835,-0.489721
-0.654798,-0.735482,-0.135454,0.109355,0.447764,0.001539,0.305119,-0.51076
-0.646339,-0.737241,-0.153846,0.122689,0.448366,0.013982,0.308841,-0.531968
-0.637829,-0.738453,-0.172576,0.134454,0.449413,0.026068,0.312963,-0.553082
-0.629029,-0.739415,-0.191479,0.144649,0.450852,0.037736,0.317412,-0.574908
-0.619813,-0.740365,-0.210336,0.153135,0.452629,0.048911,0.322114,-0.59772
-0.610858,-0.740754,-0.229127,0.160112,0.454724,0.059618,0.327054,-0.619805
-0.602739,-0.740129,-0.247832,0.165813,0.457118,0.069889,0.332228,-0.639746
-0.595241,-0.738852,-0.266226,0.170026,0.459777,0.079666,0.337568,-0.657892
-0.587671,-0.73778,-0.284058,0.172146,0.462681,0.088848,0.342949,-0.67567
-0.579743,-0.737354,-0.301138,0.171826,0.465816,0.097371,0.348271,-0.693513
-0.571696,-0.737449,-0.317356,0.16917,0.469153,0.105229,0.35348,-0.710709
-0.563722,-0.737971,-0.332624,0.16425,0.472679,0.112416,0.358522,-0.726667
-0.555976,-0.738834,-0.346916,0.157046,0.476405,0.118923,0.363361,-0.740844
-0.548461,-0.7401,-0.36016,0.147402,0.480339,0.124726,0.367965,-0.752888
-0.541223,-0.74178,-0.372198,0.135311,0.484465,0.129823,0.372298,-0.762172
-0.534386,-0.743834,-0.38279,0.120893,0.48875,0.134224,0.37632,-0.767776
-0.528038,-0.746224,-0.391734,0.104259,0.493162,0.137925,0.379995,-0.768833
-0.522134,-0.748941,-0.398965,0.0853833,0.497697,0.140912,0.383317,-0.764864
-0.516584,-0.751988,-0.404406,0.0641208,0.502373,0.143162,0.38629,-0.755264
-0.511339,-0.75534,-0.407869,0.0404518,0.507196,0.14466,0.388908,-0.73925
-0.506418,-0.758949,-0.409045,0.014759,0.512108,0.145438,0.391148,-0.716257
0.501694,0.762869,0.407652,0.0123836,0.517022,0.145564,0.392978,-0.686853
0.49684,0.767237,0.403551,0.0405427,0.521869,0.145107,0.394385,-0.652836
0.491782,0.771918,0.396863,0.0692314,0.526596,0.144134,0.395407,-0.615815
0.486613,0.776642,0.387845,0.0980427,0.531173,0.142698,0.396105,-0.577005
0.481321,0.781304,0.376599,0.126757,0.535584,0.140829,0.396496,-0.537753
0.475744,0.786024,0.362904,0.155356,0.539825,0.138515,0.396533,-0.499675
0.469807,0.79089,0.346433,0.183737,0.543886,0.135738,0.396159,-0.464298
0.463682,0.795786,0.327227,0.211295,0.547727,0.132522,0.395348,-0.43328
0.457795,0.800418,0.306032,0.236854,0.551254,0.128985,0.394119,-0.408043
0.452733,0.804444,0.284129,0.259177,0.554351,0.125311,0.392539,-0.388712
0.449053,0.80762,0.262652,0.277695,0.556945,0.121647,0.390695,-0.373709
0.44698,0.809932,0.241957,0.292704,0.558998,0.11803,0.388656,-0.36114
0.446318,0.81161,0.221654,0.304893,0.560491,0.114416,0.386443,-0.350225
0.446684,0.812979,0.201253,0.3147,0.561404,0.110773,0.384045,-0.341366
0.447828,0.814287,0.18072,0.322067,0.561698,0.107168,0.38144,-0.335147
0.449727,0.81565,0.160485,0.326657,0.561307,0.103747,0.378621,-0.331526
0.452246,0.817149,0.141029,0.328407,0.560215,0.10066,0.375595,-0.330084
0.455114,0.818802,0.122677,0.327695,0.558489,0.098014,0.3724,-0.330092
0.457961,0.820645,0.105357,0.325136,0.556185,0.095835,0.369097,-0.33108
0.460564,0.822721,0.0888189,0.321126,0.553325,0.094096,0.365723,-0.332882
0.462829,0.825132,0.0729815,0.315625,0.549903,0.092807,0.362275,-0.335736
0.464745,0.828021,0.0580178,0.308266,0.545905,0.092043,0.358715,-0.340022
0.466376,0.831461,0.04427,0.298675,0.541319,0.091905,0.355016,-0.345809
0.467808,0.835403,0.0320271,0.286761,0.536147,0.092455,0.35119,-0.352728
0.469025,0.839747,0.0213016,0.272738,0.530415,0.093694,0.3473,-0.360387
0.469932,0.844414,0.0119112,0.25688,0.524152,0.09558,0.34342,-0.368668
0.47058,0.849286,0.00381412,0.239276,0.517389,0.098108,0.339602,-0.377319
0.471283,0.854176,-0.00278753,0.219702,0.510139,0.101324,0.335867,-0.38584
0.472334,0.858894,-0.00768812,0.197846,0.502405,0.105299,0.332232,-0.393855
0.473762,0.86329,-0.0108862,0.17367,0.494214,0.110063,0.328747,-0.401294
0.475318,0.867259,-0.0126094,0.147567,0.485639,0.115575,0.325506,-0.408265
0.476548,0.870796,-0.0131438,0.120183,0.476785,0.121758,0.32262,-0.415152
0.47727,0.873835,-0.0125373,0.0920317,0.467766,0.12856,0.320186,-0.42198
0.477523,0.876262,-0.0106133,0.0634417,0.458699,0.135968,0.318277,-0.428551
0.477338,0.87801,-0.00721161,0.0345718,0.449677,0.143971,0.316948,-0.434944
0.476497,0.879156,-0.00227794,0.00553607,0.440778,0.152535,0.31625,-0.44188
-0.474859,-0.879737,-0.00423188,0.0235543,0.432066,0.161623,0.316222,-0.449875
-0.472501,-0.879676,-0.0123097,0.0525387,0.423614,0.171184,0.316891,-0.45889
-0.469607,-0.878871,-0.0218723,0.0811,0.415502,0.18113,0.31826,-0.468549
-0.466259,-0.877334,-0.0327451,0.108697,0.407835,0.191331,0.320308,-0.478539
-0.462407,-0.875225,-0.0448323,0.134725,0.400733,0.201677,0.32298,-0.488861
-0.457918,-0.872777,-0.0581468,0.158716,0.394301,0.21208,0.326214,-0.499889
-0.452763,-0.870133,-0.0727243,0.180516,0.38859,0.222474,0.329949,-0.511974
-0.447154,-0.867263,-0.0884857,0.200198,0.3836,0.232811,0.334118,-0.524975
-0.441297,-0.86416,-0.105235,0.217736,0.379329,0.243022,0.338644,-0.538617
-0.434847,-0.861165,-0.122872,0.232821,0.375791,0.253017,0.343441,-0.553677
-0.427388,-0.858642,-0.141441,0.245087,0.373001,0.262723,0.348431,-0.571105
-0.419416,-0.856416,-0.160919,0.254454,0.370976,0.272121,0.353564,-0.589929
-0.41138,-0.854244,-0.1813,0.261081,0.369717,0.28122,0.358815,-0.609408
-0.403351,-0.85208,-0.202404,0.265144,0.36918,0.289977,0.364151,-0.629477
-0.395668,-0.849799,-0.223824,0.266817,0.369304,0.298349,0.369513,-0.6492
-0.389479,-0.846818,-0.245217,0.266595,0.370034,0.306404,0.374877,-0.665868
-0.384986,-0.843101,-0.266324,0.264646,0.371324,0.314124,0.380206,-0.678757
-0.38074,-0.839564,-0.287022,0.260361,0.373157,0.321316,0.385409,-0.690707
-0.37616,-0.836516,-0.307273,0.253629,0.3755,0.327902,0.390432,-0.702983
-0.371703,-0.833685,-0.326879,0.244859,0.378297,0.333901,0.395241,-0.714496
-0.367619,-0.831106,-0.34542,0.234105,0.381497,0.339284,0.399753,-0.724013
-0.363906,-0.829016,-0.362493,0.221141,0.385073,0.344015,0.403879,-0.730527
-0.36052,-0.827511,-0.37794,0.205943,0.389007,0.348094,0.40758,-0.733566
-0.357627,-0.826388,-0.391795,0.188898,0.393277,0.351555,0.410877,-0.732753
-0.355493,-0.825394,-0.404139,0.170355,0.397867,0.354425,0.413806,-0.727375
-0.353995,-0.824627,-0.414905,0.150104,0.402768,0.356691,0.416352,-0.716819
-0.352803,-0.824355,-0.423837,0.127793,0.407961,0.35834,0.418466,-0.700636
-0.351916,-0.824614,-0.430616,0.103618,0.413381,0.359381,0.42012,-0.678259
-0.351464,-0.82525,-0.435107,0.0782066,0.418944,0.359856,0.421318,-0.649867
-0.351189,-0.826231,-0.437398,0.0518809,0.424595,0.359806,0.422089,-0.61691
-0.350549,-0.827652,-0.43761,0.0245951,0.430288,0.359269,0.422485,-0.581284
0.349046,0.829616,0.435764,0.0036893,0.435961,0.358302,0.422549,-0.544837
0.346342,0.832196,0.43176,0.0328823,0.441561,0.356948,0.422301,-0.509388
0.342514,0.835282,0.425531,0.0625459,0.447033,0.355252,0.421757,-0.47613
0.337879,0.838679,0.417133,0.0919582,0.452302,0.353265,0.420933,-0.446028
0.332872,0.842221,0.406663,0.120354,0.457296,0.351031,0.419825,-0.419702
0.328239,0.845671,0.394391,0.146821,0.461937,0.348589,0.41843,-0.396844
0.324848,0.848818,0.380643,0.170566,0.466159,0.345973,0.416731,-0.376459
0.323068,0.851676,0.365617,0.19131,0.46993,0.343199,0.414705,-0.358218
0.322681,0.854402,0.349483,0.209131,0.473217,0.340282,0.412353,-0.342648
0.323262,0.857116,0.332557,0.224188,0.475981,0.337275,0.409715,-0.330182
0.324377,0.859906,0.315097,0.236761,0.478183,0.334245,0.40684,-0.320847
0.325702,0.862861,0.297189,0.24712,0.479792,0.331232,0.403755,-0.314484
0.327035,0.866064,0.278765,0.255481,0.480792,0.328244,0.400454,-0.310945
0.32831,0.869582,0.259698,0.261909,0.481171,0.325274,0.396906,-0.310097
0.329612,0.873381,0.240052,0.266341,0.480916,0.32234,0.393101,-0.311437
0.330923,0.877408,0.220135,0.268673,0.480003,0.319503,0.389074,-0.314568
0.332046,0.881657,0.20036,0.268854,0.478401,0.316863,0.384886,-0.319365
0.332763,0.886113,0.181096,0.266978,0.476102,0.314517,0.380606,-0.325636
0.333062,0.890702,0.162563,0.263235,0.473111,0.312509,0.376285,-0.332815
0.332857,0.89544,0.14463,0.257827,0.46944,0.31083,0.371934,-0.340868
0.332118,0.900414,0.127096,0.250598,0.465061,0.309458,0.36754,-0.35014
0.331154,0.905597,0.110179,0.241023,0.459925,0.308436,0.363089,-0.360369
0.330493,0.910792,0.0945453,0.228676,0.454038,0.307883,0.358596,-0.370428
0.330323,0.915826,0.0805865,0.213673,0.447452,0.307874,0.354117,-0.379572
0.330226,0.920662,0.0680369,0.196734,0.440245,0.308364,0.349737,-0.388075
0.32965,0.925325,0.0564176,0.178669,0.432496,0.309264,0.345541,-0.396509
0.328159,0.929893,0.0454189,0.159838,0.424252,0.310508,0.341575,-0.405618
0.325801,0.934355,0.0350452,0.140025,0.415503,0.312087,0.337845,-0.415551
0.323011,0.938567,0.0254795,0.118772,0.406214,0.314026,0.334346,-0.425788
0.320164,0.942361,0.0168216,0.095752,0.396367,0.316338,0.331091,-0.435859
0.317391,0.94559,0.00902445,0.0709971,0.385992,0.319001,0.328118,-0.445523
0.31452,0.948189,0.00192075,0.0448548,0.375156,0.32196,0.325485,-0.454956
0.311355,0.950117,-0.00453156,0.0177706,0.363947,0.325176,0.323252,-0.464278
-0.307663,-0.95139,0.0102225,0.0097916,0.352477,0.328646,0.321479,-0.473717
-0.304565,-0.951639,0.0143791,0.0376505,0.340837,0.332567,0.320194,-0.480892
-0.30261,-0.95072,0.0164743,0.065479,0.329143,0.337087,0.319423,-0.484773
-0.299991,-0.949296,0.0169372,0.0924999,0.317586,0.342019,0.319229,-0.489064
-0.296481,-0.947523,0.0158098,0.118528,0.306256,0.347303,0.319634,-0.494486
-0.292775,-0.945231,0.0128433,0.143724,0.295182,0.353014,0.320632,-0.50002
-0.288423,-0.942611,0.00808263,0.168022,0.284416,0.359104,0.322229,-0.506819
-0.282703,-0.939934,0.00145529,0.191315,0.274021,0.365514,0.324435,-0.516559
-0.275662,-0.937215,-0.00717361,0.213513,0.264064,0.372239,0.327249,-0.529365
-0.268535,-0.934116,-0.0177313,0.234526,0.254619,0.379298,0.330656,-0.542868
-0.262151,-0.930436,-0.0299428,0.2543,0.245746,0.38665,0.334631,-0.5555
-0.256588,-0.926226,-0.043512,0.272718,0.237496,0.394211,0.339116,-0.5671
-0.25176,-0.921606,-0.0582006,0.289606,0.229901,0.401877,0.344031,-0.577783
-0.247538,-0.916673,-0.0739553,0.304904,0.222986,0.409583,0.349309,-0.587888
-0.243682,-0.911505,-0.0907812,0.318647,0.216765,0.417296,0.35489,-0.598073
-0.239848,-0.906234,-0.1087,0.330751,0.211259,0.42497,0.360708,-0.609138
-0.235656,-0.901094,-0.127722,0.340855,0.20651,0.432536,0.366668,-0.621722
-0.230957,-0.896302,-0.147863,0.34848,0.202583,0.439956,0.372669,-0.63586
-0.22594,-0.891958,-0.169004,0.35327,0.199527,0.447196,0.378631,-0.65083
-0.221029,-0.887979,-0.190768,0.355312,0.197336,0.454209,0.384524,-0.665481
-0.216806,-0.884087,-0.212617,0.355218,0.195946,0.460939,0.390375,-0.678609
-0.213722,-0.880013,-0.23404,0.353732,0.195264,0.467332,0.396209,-0.689408
-0.212067,-0.875628,-0.254721,0.351312,0.195228,0.47335,0.40201,-0.697286
-0.211901,-0.870997,-0.274615,0.347921,0.195843,0.478991,0.407733,-0.701768
-0.21327,-0.866232,-0.293775,0.3433,0.197138,0.484252,0.41334,-0.702115
-0.216443,-0.861286,-0.312125,0.337517,0.199099,0.489138,0.418814,-0.697221
-0.220673,-0.856437,-0.330003,0.330027,0.201792,0.49366,0.424059,-0.688253
-0.224029,-0.852385,-0.348339,0.319236,0.205425,0.497866,0.428889,-0.678933
-0.225888,-0.849256,-0.367243,0.304748,0.210029,0.501759,0.433251,-0.670291
-0.226961,-0.846758,-0.385604,0.28775,0.215361,0.505186,0.437193,-0.660489
-0.227802,-0.844793,-0.402393,0.269278,0.221181,0.507975,0.440738,-0.648004
-0.228689,-0.843325,-0.417327,0.249686,0.2274,0.510092,0.443897,-0.632061
-0.229746,-0.842242,-0.430512,0.22914,0.233998,0.511578,0.446698,-0.612642
-0.231129,-0.841371,-0.442036,0.208035,0.24093,0.512461,0.449175,-0.590047
-0.232983,-0.840544,-0.451927,0.186995,0.248113,0.512753,0.451364,-0.565077
-0.235253,-0.839705,-0.460217,0.166587,0.255452,0.512461,0.453283,-0.539177
-0.237707,-0.838916,-0.467025,0.14698,0.262889,0.511608,0.454938,-0.513831
-0.240206,-0.838247,-0.47248,0.128085,0.270407,0.510207,0.456318,-0.489762
-0.242798,-0.837702,-0.476667,0.109969,0.277984,0.508272,0.457421,-0.467312
-0.245608,-0.837237,-0.479666,0.0929087,0.285586,0.505831,0.458234,-0.446867
-0.248703,-0.836808,-0.481604,0.0771799,0.293179,0.50292,0.458749,-0.428924
-0.252225,-0.836356,-0.482618,0.0630191,0.300742,0.499575,0.458955,-0.413531
-0.256226,-0.835852,-0.482863,0.0504183,0.308282,0.495833,0.458852,-0.400493
-0.260682,-0.835325,-0.482436,0.0391576,0.31582,0.491722,0.458439,-0.389451
-0.265544,-0.834781,-0.481441,0.0290066,0.323365,0.487257,0.457737,-0.380055
-0.27089,-0.834154,-0.480008,0.0199385,0.330903,0.482473,0.456786,-0.371816
-0.276847,-0.833357,-0.478255,0.0120315,0.338413,0.477405,0.455619,-0.364307
-0.283419,-0.832356,-0.476268,0.00513695,0.345896,0.472064,0.454274,-0.357186
0.290579,0.831142,0.474095,0.00105033,0.353372,0.466436,0.452783,-0.349985
0.298303,0.829712,0.471751,0.00672158,0.36085,0.460505,0.451169,-0.342507
0.306555,0.828029,0.469308,0.0119292,0.368323,0.454269,0.449466,-0.334784
0.315254,0.826096,0.466803,0.0166217,0.375764,0.447733,0.447692,-0.327215
0.324292,0.823923,0.464279,0.0207632,0.383148,0.440905,0.445854,-0.320189
0.333602,0.821521,0.46176,0.0242997,0.390453,0.433786,0.443948,-0.314064
0.343233,0.818856,0.459266,0.0272198,0.397669,0.426376,0.441972,-0.308641
0.353211,0.815903,0.456801,0.029618,0.404795,0.418663,0.439927,-0.30365
0.363526,0.812658,0.454357,0.0315387,0.411828,0.410636,0.437815,-0.299115
0.374205,0.809108,0.451918,0.0329404,0.418758,0.402297,0.435636,-0.294969
0.385209,0.805291,0.449415,0.0338697,0.425575,0.393652,0.433379,-0.291163
0.396526,0.801226,0.446791,0.0343745,0.432272,0.384714,0.431035,-0.287582
0.40787,0.797037,0.444035,0.0347495,0.438866,0.37549,0.428597,-0.284661
0.418992,0.792835,0.441148,0.0353125,0.44538,0.365993,0.426079,-0.282588
0.429861,0.788605,0.438198,0.0361108,0.451795,0.356255,0.423516,-0.281082
0.440344,0.784444,0.435152,0.0372628,0.458088,0.346305,0.42093,-0.280135
0.450299,0.780483,0.431931,0.0388971,0.464235,0.336172,0.418322,-0.279878
0.45974,0.776782,0.428447,0.0410097,0.470207,0.325884,0.415686,-0.280219
0.468699,0.773378,0.424625,0.0436055,0.475986,0.315455,0.413014,-0.28103
0.47719,0.770293,0.42042,0.0467425,0.481563,0.304882,0.410318,-0.28211
0.485287,0.767448,0.415902,0.0504463,0.486921,0.294164,0.407653,-0.282976
0.492964,0.764792,0.411195,0.0547505,0.492033,0.283321,0.405106,-0.28344
0.500056,0.762369,0.406399,0.059822,0.496895,0.272375,0.402746,-0.283599
0.506417,0.760248,0.401526,0.0658956,0.501527,0.261331,0.400625,-0.28344
0.512297,0.758228,0.396629,0.0729937,0.505968,0.250187,0.398792,-0.281991
0.518043,0.756056,0.391724,0.0810095,0.51025,0.238924,0.397267,-0.278318
0.523589,0.753762,0.386798,0.0899102,0.51438,0.227527,0.396046,-0.272879
0.528871,0.751384,0.381848,0.0995524,0.518356,0.215997,0.395109,-0.266416
0.534061,0.748768,0.376978,0.109601,0.522172,0.204351,0.394443,-0.259065
0.539291,0.745814,0.372271,0.119752,0.525826,0.192587,0.394031,-0.251068
0.54458,0.742583,0.367565,0.129999,0.529333,0.180661,0.393826,-0.242667
0.54993,0.739164,0.362625,0.140417,0.53271,0.168519,0.393767,-0.233974
0.555334,0.735595,0.357366,0.150977,0.535956,0.156136,0.393815,-0.225213
0.560784,0.73187,0.35184,0.161542,0.539061,0.143516,0.393956,-0.216718
0.566345,0.727904,0.346184,0.17195,0.542013,0.130676,0.394189,-0.208515
0.572038,0.72365,0.340456,0.18219,0.544801,0.117622,0.394504,-0.200509
0.577749,0.719202,0.334542,0.192452,0.547417,0.104318,0.39489,-0.192852
0.583347,0.714672,0.328276,0.202941,0.54985,0.090737,0.395335,-0.185712
0.588758,0.710139,0.321566,0.213688,0.552077,0.076879,0.39582,-0.179308
0.594045,0.705565,0.314483,0.224475,0.554079,0.062797,0.396315,-0.173718
0.599411,0.700791,0.307217,0.234984,0.555846,0.048563,0.396789,-0.168632
0.60503,0.695685,0.299856,0.245047,0.557363,0.034215,0.397225,-0.163651
0.610926,0.690243,0.292299,0.254747,0.558613,0.019759,0.397604,-0.158551
0.617069,0.684493,0.284393,0.264226,0.559575,0.005197,0.397906,-0.153195
0.623382,0.6785,0.276007,0.273593,0.560232,-0.009462,0.398118,-0.147627
0.629864,0.672251,0.267149,0.28281,0.560575,-0.024185,0.398232,-0.141774
0.636518,0.665696,0.257967,0.291801,0.560587,-0.038927,0.398271,-0.135516
0.643283,0.658792,0.248639,0.300597,0.560261,-0.053647,0.398282,-0.128694
0.650044,0.6516,0.239221,0.309245,0.55959,-0.068313,0.398279,-0.121444
0.656636,0.644292,0.229609,0.3178,0.558577,-0.082912,0.398234,-0.114215
0.662812,0.637106,0.219651,0.326389,0.557232,-0.097446,0.398136,-0.107576
0.668224,0.630367,0.20917,0.335204,0.555566,-0.111919,0.397992,-0.102273
0.672898,0.624077,0.198249,0.344142,0.553593,-0.126294,0.397785,-0.0981705
0.67727,0.617871,0.187228,0.352827,0.551336,-0.1405,0.397464,-0.0941964
0.681664,0.611537,0.176248,0.360961,0.548795,-0.154506,0.396987,-0.0899249
0.686233,0.605053,0.165309,0.368331,0.54595,-0.168314,0.396339,-0.0857051
0.691122,0.598364,0.154499,0.374754,0.542787,-0.181926,0.395517,-0.0817184
0.696397,0.591419,0.14399,0.38016,0.539302,-0.19533,0.394545,-0.077991
0.70195,0.584253,0.134005,0.384652,0.53551,-0.208497,0.393477,-0.0745559
0.707634,0.576928,0.12467,0.388415,0.531439,-0.221393,0.392373,-0.0713589
0.713297,0.569537,0.115923,0.391658,0.527112,-0.234003,0.391275,-0.0684374
0.718872,0.562153,0.107644,0.394487,0.522537,-0.246325,0.390195,-0.0659417
0.724369,0.554793,0.0997047,0.39693,0.517706,-0.258374,0.389136,-0.0639523
0.729875,0.547387,0.0920483,0.398969,0.512613,-0.270166,0.388086,-0.0623306
0.735444,0.539869,0.0846382,0.400624,0.50726,-0.281709,0.38704,-0.0608434
0.741063,0.532214,0.0774411,0.401967,0.50166,-0.292999,0.386,-0.0593185
0.74675,0.524357,0.0704397,0.403053,0.495826,-0.30404,0.384954,-0.057458
0.752532,0.51628,0.0636367,0.403859,0.489765,-0.314823,0.38388,-0.0551671
0.758348,0.508098,0.056917,0.404357,0.483477,-0.325346,0.382756,-0.0527856
0.764132,0.499894,0.0501414,0.404591,0.476965,-0.335621,0.381572,-0.0504631
0.769918,0.491582,0.0432699,0.4046,0.470239,-0.345654,0.380316,-0.0478782
0.775622,0.483244,0.0362299,0.404442,0.463331,-0.355435,0.378977,-0.0450886
0.781162,0.474975,0.0289547,0.404162,0.456265,-0.364952,0.377559,-0.0422892
0.786581,0.466699,0.0215056,0.403758,0.449065,-0.374192,0.376073,-0.0393125
0.791921,0.458358,0.0139278,0.403207,0.441742,-0.383141,0.374522,-0.0360873
0.797235,0.449883,0.00625873,0.402471,0.43431,-0.391785,0.372907,-0.0325108
0.802538,0.441263,-0.00150446,0.401518,0.426779,-0.400116,0.371225,-0.0285941
0.807804,0.432538,-0.00936207,0.400345,0.419172,-0.408122,0.369469,-0.0243442
0.812958,0.423802,-0.0173076,0.398987,0.411534,-0.415779,0.367631,-0.019867
0.817905,0.415234,-0.0253026,0.397457,0.403909,-0.423056,0.365701,-0.0156426
0.822522,0.407056,-0.0333084,0.395796,0.396343,-0.429934,0.363684,-0.0123666
0.82666,0.399491,-0.0413411,0.394122,0.388864,-0.436418,0.361604,-0.0104417
0.830244,0.392663,-0.0494283,0.392515,0.381497,-0.442509,0.359492,-0.0100216
0.833385,0.386452,-0.0573838,0.390938,0.374281,-0.448191,0.357346,-0.0105957
0.836443,0.380323,-0.0646994,0.389271,0.367275,-0.45344,0.355124,-0.0108608
0.839595,0.374032,-0.0711933,0.387443,0.360509,-0.458246,0.352802,-0.0104906
0.842826,0.367692,-0.076994,0.38538,0.353986,-0.462613,0.350368,-0.00961024
0.846088,0.36143,-0.0822505,0.383064,0.34771,-0.466542,0.347811,-0.0081852
0.849297,0.355372,-0.0870303,0.380568,0.341714,-0.470036,0.345146,-0.0063974
0.852387,0.349597,-0.0912644,0.378006,0.336051,-0.473092,0.342399,-0.00426202
0.855316,0.344139,-0.0948926,0.375497,0.330766,-0.475717,0.339605,-0.0017427
0.858062,0.339042,-0.0979618,0.373073,0.325878,-0.477908,0.336788,0.00105311
0.860681,0.334263,-0.1005,0.37067,0.321385,-0.479659,0.333946,0.00412566
0.863279,0.329702,-0.102475,0.368164,0.317285,-0.48096,0.331057,0.00750633
0.865934,0.325281,-0.103776,0.365487,0.313598,-0.481796,0.328109,0.0112351
0.868621,0.321037,-0.104353,0.362688,0.310364,-0.482174,0.325114,0.0153083
0.871274,0.317052,-0.104158,0.359875,0.307642,-0.482103,0.32209,0.0197071
0.873821,0.313418,-0.103139,0.357167,0.305489,-0.481585,0.319061,0.0244362
0.876233,0.31023,-0.101291,0.354561,0.303933,-0.480617,0.316038,0.0292383
0.878491,0.30759,-0.0987051,0.351993,0.30297,-0.479201,0.31302,0.0337757
0.880576,0.305579,-0.0954851,0.349414,0.302593,-0.477337,0.310013,0.0378142
0.882436,0.304259,-0.091627,0.346897,0.302817,-0.475015,0.307047,0.0413592
0.883987,0.30373,-0.0871132,0.344566,0.303667,-0.472233,0.304162,0.044396
0.885153,0.304076,-0.0819583,0.342526,0.305163,-0.468996,0.301393,0.0469298
0.88591,0.30532,-0.0761895,0.340791,0.307305,-0.465299,0.298766,0.0488924
0.886303,0.30737,-0.0697664,0.339299,0.31008,-0.461136,0.296294,0.05031
0.886401,0.310078,-0.0626364,0.337968,0.313473,-0.4565,0.29398,0.05131
0.886252,0.313319,-0.0548147,0.336726,0.317459,-0.451387,0.291823,0.0519762
0.885862,0.317021,-0.0463407,0.335558,0.322011,-0.445799,0.289832,0.0524161
0.885205,0.321154,-0.0372477,0.334492,0.327105,-0.439745,0.288016,0.0527504
0.884239,0.325707,-0.0275912,0.333578,0.332707,-0.433243,0.286384,0.0531178
0.882943,0.33068,-0.0174549,0.332802,0.33877,-0.426301,0.284934,0.0535912
0.881364,0.335946,-0.00680139,0.332102,0.345252,-0.418921,0.28366,0.054377
0.879589,0.341314,0.00449992,0.331373,0.352115,-0.411108,0.282552,0.0556983
0.87752,0.346945,0.0163008,0.330639,0.359303,-0.402887,0.281637,0.0571463
0.874837,0.353439,0.0281994,0.330069,0.366742,-0.394306,0.280973,0.0574683
0.871386,0.361009,0.0400289,0.329783,0.374384,-0.385393,0.280591,0.0561943
0.867183,0.369529,0.0518431,0.329779,0.382193,-0.376155,0.280494,0.0534632
0.86226,0.378864,0.0637081,0.330017,0.390132,-0.366589,0.280679,0.0493837
0.856661,0.388841,0.0756962,0.330461,0.398168,-0.356694,0.281142,0.0441574
0.850422,0.399332,0.0877823,0.331075,0.406256,-0.346473,0.281873,0.0379495
0.843704,0.410024,0.0999727,0.331737,0.414345,-0.335936,0.282836,0.0313221
0.836804,0.420411,0.112376,0.332242,0.422406,-0.325091,0.28397,0.0253095
0.829838,0.43032,0.124955,0.332535,0.430406,-0.31396,0.285234,0.0202733
0.822736,0.439912,0.137549,0.332661,0.438307,-0.302579,0.28661,0.0156388
0.815318,0.449522,0.14997,0.33271,0.446086,-0.290978,0.288096,0.0104944
0.807464,0.459323,0.162074,0.332801,0.453721,-0.279183,0.289702,0.00455301
0.799174,0.469318,0.173771,0.332964,0.461182,-0.267215,0.291413,-0.00211379
0.790493,0.479504,0.184947,0.333154,0.468431,-0.255095,0.293188,-0.00955674
0.781529,0.489805,0.195528,0.333276,0.475439,-0.242838,0.294989,-0.01769
0.77239,0.500109,0.205505,0.333275,0.482188,-0.230457,0.29679,-0.0262996
0.763323,0.510056,0.215063,0.33306,0.488672,-0.217965,0.298574,-0.0345113
0.754461,0.519461,0.224364,0.332581,0.494877,-0.205381,0.300346,-0.0416759
0.745882,0.528215,0.233582,0.331795,0.500799,-0.19272,0.302114,-0.0472814
0.737672,0.53619,0.242893,0.330671,0.506435,-0.179983,0.303885,-0.0510166
0.729653,0.543599,0.25231,0.329311,0.51178,-0.167164,0.305665,-0.053401
0.721458,0.55095,0.261607,0.327893,0.51681,-0.154252,0.307455,-0.055627
0.712939,0.558503,0.270567,0.326474,0.521505,-0.141249,0.309244,-0.0584125
0.703955,0.566447,0.278991,0.325192,0.525871,-0.128186,0.311013,-0.062132
0.694396,0.574876,0.286798,0.324159,0.529912,-0.115091,0.312749,-0.0670469
0.684635,0.583378,0.294289,0.323015,0.533602,-0.101923,0.314437,-0.072592
0.67517,0.591411,0.301835,0.321362,0.536925,-0.08865,0.316079,-0.0776888
0.666099,0.598878,0.309488,0.319179,0.539884,-0.075303,0.317687,-0.0820454
0.658127,0.605115,0.317781,0.315785,0.542461,-0.061803,0.319246,-0.0842382
0.651958,0.609527,0.327192,0.310439,0.544633,-0.048052,0.320722,-0.0830431
0.646868,0.612911,0.337144,0.303703,0.546413,-0.034118,0.322122,-0.0803874
0.641653,0.616442,0.34674,0.296735,0.547824,-0.020157,0.323491,-0.0787258
0.63598,0.620371,0.355813,0.289941,0.548874,-0.006227,0.324868,-0.0783261
0.629998,0.624516,0.364544,0.283178,0.549552,0.007703,0.32626,-0.0786743
0.623738,0.628859,0.37295,0.276397,0.549858,0.021657,0.327648,-0.079632
0.617197,0.633431,0.380993,0.269588,0.549783,0.035643,0.329015,-0.0811043
0.610202,0.638391,0.388562,0.262926,0.549315,0.049641,0.330366,-0.083236
0.6024,0.644021,0.395511,0.256751,0.548428,0.06361,0.331712,-0.086416
0.593818,0.650257,0.4019,0.251044,0.547114,0.077546,0.333043,-0.0903284
0.584553,0.657018,0.407725,0.245734,0.545366,0.091425,0.334334,-0.0948248
0.574608,0.664328,0.412912,0.240828,0.543181,0.105204,0.335571,-0.100119
0.564195,0.671966,0.417574,0.236173,0.54057,0.118864,0.336741,-0.105673
0.553483,0.679743,0.421828,0.231664,0.537549,0.132383,0.337838,-0.11098
0.542514,0.687596,0.425721,0.227273,0.534134,0.145738,0.338851,-0.115944
0.531371,0.695471,0.429258,0.22294,0.530339,0.158905,0.33976,-0.120531
0.520102,0.703376,0.432351,0.218696,0.526186,0.171846,0.340544,-0.12472
0.50882,0.711294,0.434926,0.214481,0.521697,0.184527,0.341168,-0.128476
0.497793,0.719044,0.437082,0.21009,0.516894,0.196946,0.341604,-0.131793
0.48706,0.726583,0.438913,0.20544,0.511805,0.209104,0.341834,-0.135437
0.47628,0.734128,0.440349,0.200766,0.506452,0.220975,0.341848,-0.14001
0.465188,0.741825,0.441336,0.196263,0.500854,0.232537,0.341654,-0.145699
0.453818,0.74963,0.441866,0.191989,0.495023,0.243774,0.341262,-0.151986
0.442307,0.757452,0.441938,0.187942,0.488965,0.254679,0.340681,-0.158099
0.430802,0.765176,0.441648,0.184016,0.482701,0.265252,0.33992,-0.163805
0.41944,0.772697,0.44112,0.180061,0.476255,0.275483,0.338999,-0.169216
0.408274,0.77998,0.44043,0.175969,0.469643,0.285372,0.337943,-0.174646
0.397391,0.78698,0.439646,0.171622,0.462875,0.294928,0.336782,-0.180358
0.386781,0.793683,0.43884,0.166995,0.455976,0.304151,0.335557,-0.186662
0.376524,0.800018,0.438123,0.162015,0.448965,0.31304,0.334317,-0.193587
0.366784,0.805892,0.437596,0.156578,0.441865,0.3216,0.333104,-0.200889
0.357633,0.811302,0.437258,0.150641,0.43469,0.329843,0.331938,-0.208606
0.348985,0.816326,0.43706,0.144226,0.427445,0.33779,0.330823,-0.217152
0.340686,0.821057,0.436943,0.137405,0.420135,0.345461,0.329766,-0.226936
0.332673,0.825521,0.436902,0.130234,0.412761,0.352871,0.328787,-0.23785
0.324902,0.829711,0.436958,0.122828,0.405337,0.360029,0.327917,-0.24947
0.317134,0.833693,0.437117,0.115372,0.397874,0.366948,0.327181,-0.261962
0.309341,0.83749,0.437369,0.107827,0.390372,0.373637,0.326581,-0.275601
0.301933,0.840992,0.437705,0.0999174,0.38283,0.380108,0.326111,-0.289655
0.295096,0.84416,0.438109,0.0914999,0.375247,0.386371,0.325764,-0.303783
0.288748,0.847026,0.438574,0.0826083,0.367626,0.392447,0.325536,-0.317974
0.282855,0.849579,0.439127,0.0733184,0.359971,0.398356,0.325429,-0.331875
0.277366,0.851811,0.439809,0.0636792,0.352285,0.404107,0.325465,-0.345378
0.272171,0.853769,0.440588,0.0537006,0.344568,0.409709,0.325644,-0.358974
0.267158,0.855515,0.441406,0.043384,0.336825,0.415178,0.325958,-0.373256
0.262229,0.857091,0.442219,0.0327746,0.329068,0.420523,0.326407,-0.388565
0.257328,0.858495,0.443039,0.0220229,0.321324,0.425745,0.327011,-0.404594
0.252435,0.859694,0.443933,0.0112892,0.313622,0.430844,0.327803,-0.420784
0.247657,0.860629,0.444954,0.000529391,0.305968,0.435828,0.328814,-0.436832
-0.243197,-0.861243,-0.446098,0.0106046,0.298342,0.440708,0.330067,-0.453258
-0.239203,-0.861478,-0.447361,0.0225038,0.290735,0.445489,0.331569,-0.471018
-0.235742,-0.861301,-0.448703,0.0353681,0.283166,0.450166,0.33333,-0.490762
-0.232825,-0.860706,-0.450079,0.0490644,0.275671,0.454728,0.335376,-0.511951
-0.230476,-0.85965,-0.451509,0.0634213,0.268295,0.459168,0.337746,-0.533766
-0.228612,-0.858105,-0.453066,0.0782574,0.261087,0.463481,0.340478,-0.555873
-0.227115,-0.856052,-0.454823,0.0934355,0.254106,0.467656,0.343601,-0.578352
-0.225946,-0.853475,-0.456813,0.108864,0.247409,0.471681,0.34713,-0.601208
-0.225172,-0.850347,-0.459024,0.124516,0.241055,0.475543,0.351066,-0.62429
-0.22488,-0.846656,-0.461418,0.140343,0.235103,0.479235,0.355399,-0.647237
-0.224951,-0.84245,-0.463999,0.15614,0.229609,0.482742,0.360098,-0.669965
-0.225186,-0.837809,-0.466799,0.171655,0.22462,0.486055,0.365129,-0.692625
-0.225383,-0.832831,-0.469864,0.186608,0.220174,0.489163,0.370451,-0.715273
-0.225449,-0.827595,-0.47326,0.200711,0.216308,0.492066,0.376021,-0.73749
-0.225584,-0.822103,-0.476993,0.213859,0.213044,0.494773,0.381794,-0.75823
-0.226023,-0.816329,-0.481047,0.226085,0.21039,0.49728,0.387733,-0.776815
-0.226896,-0.810235,-0.485396,0.237545,0.208328,0.499577,0.393805,-0.793397
-0.22822,-0.803827,-0.48998,0.248391,0.206831,0.501659,0.399976,-0.808451
-0.229873,-0.797184,-0.494754,0.258602,0.205877,0.503518,0.4062,-0.822444
-0.23159,-0.790457,-0.499737,0.267966,0.205457,0.505149,0.412424,-0.835867
-0.23322,-0.783782,-0.504934,0.27629,0.205559,0.506552,0.418598,-0.848766
-0.234846,-0.777222,-0.510233,0.283613,0.206161,0.507733,0.42468,-0.860782
-0.236558,-0.770808,-0.515519,0.290061,0.207236,0.508703,0.430623,-0.871821
-0.238437,-0.764539,-0.520703,0.295797,0.208759,0.509471,0.436395,-0.881934
-0.24054,-0.758419,-0.525737,0.300901,0.210709,0.510033,0.441978,-0.890992
-0.242818,-0.752467,-0.530661,0.305339,0.213067,0.510399,0.447364,-0.899105
-0.245158,-0.746707,-0.535576,0.309006,0.215807,0.510571,0.452558,-0.906538
-0.24743,-0.741163,-0.540577,0.31182,0.218901,0.51055,0.45756,-0.913733
-0.249683,-0.735802,-0.545684,0.31382,0.222321,0.510334,0.462369,-0.920655
-0.251958,-0.730621,-0.550879,0.315027,0.226046,0.509918,0.466974,-0.927125
-0.254317,-0.725647,-0.556108,0.31544,0.230061,0.509314,0.471358,-0.932682
-0.256793,-0.720897,-0.561351,0.31504,0.23435,0.508525,0.47551,-0.936961
-0.259418,-0.716349,-0.56659,0.313883,0.238886,0.507538,0.47944,-0.939902
-0.262244,-0.711903,-0.571867,0.312073,0.243654,0.506352,0.483184,-0.941737
-0.265362,-0.707496,-0.577154,0.309717,0.248642,0.504978,0.48675,-0.942276
-0.268816,-0.703124,-0.582377,0.306906,0.253831,0.503428,0.490129,-0.941247
-0.272551,-0.698844,-0.587452,0.303699,0.259208,0.501713,0.493316,-0.938675
-0.276399,-0.694767,-0.592377,0.299987,0.264763,0.499834,0.496312,-0.934838
-0.280347,-0.690911,-0.597128,0.295779,0.270486,0.497784,0.499122,-0.929726
-0.28447,-0.687213,-0.601687,0.291184,0.276372,0.495565,0.501759,-0.923269
-0.288776,-0.6836,-0.606087,0.286283,0.282409,0.493174,0.504252,-0.915708
-0.293182,-0.680069,-0.610416,0.280967,0.288599,0.490585,0.506632,-0.907198
-0.297663,-0.676616,-0.614717,0.275156,0.294943,0.487786,0.50892,-0.897636
-0.302237,-0.67325,-0.618949,0.268868,0.301438,0.484775,0.511121,-0.886739
-0.306845,-0.669956,-0.623113,0.262175,0.30807,0.48157,0.513235,-0.875069
-0.311445,-0.666613,-0.62726,0.255292,0.314825,0.478178,0.51527,-0.863997
-0.316093,-0.66317,-0.631366,0.248329,0.321698,0.474599,0.517231,-0.853641
-0.320973,-0.659676,-0.635255,0.241363,0.328684,0.470828,0.519118,-0.842386
-0.326168,-0.656171,-0.638811,0.234467,0.335818,0.466917,0.520906,-0.829386
-0.331519,-0.652762,-0.642068,0.227478,0.343136,0.462867,0.522564,-0.815112
-0.336863,-0.649595,-0.645051,0.220133,0.350593,0.458549,0.524084,-0.799885
-0.342201,-0.646652,-0.647788,0.212391,0.358157,0.45389,0.52547,-0.783972
-0.347603,-0.643876,-0.650263,0.204338,0.365836,0.448895,0.526712,-0.767433
-0.353102,-0.641265,-0.65244,0.196012,0.373635,0.443565,0.527802,-0.750547
-0.358761,-0.638796,-0.654282,0.187469,0.381554,0.437908,0.528735,-0.733448
-0.364597,-0.636425,-0.655791,0.178801,0.389576,0.431929,0.529515,-0.716048
-0.370529,-0.63411,-0.657044,0.170017,0.397685,0.425615,0.530163,-0.698898
-0.376499,-0.631774,-0.658147,0.1611,0.405869,0.418932,0.530706,-0.682713
-0.382441,-0.629406,-0.659172,0.151917,0.414122,0.411849,0.531161,-0.667707
-0.38843,-0.626992,-0.660094,0.142406,0.422446,0.404345,0.531524,-0.653146
-0.394578,-0.624485,-0.660849,0.132687,0.430839,0.396415,0.531785,-0.638714
-0.4009,-0.621877,-0.661386,0.122953,0.439282,0.388059,0.531933,-0.624881
-0.407222,-0.61928,-0.661716,0.113117,0.447734,0.379265,0.531971,-0.612432
-0.413307,-0.616847,-0.661883,0.1029,0.456151,0.370018,0.531915,-0.601707
-0.419055,-0.614624,-0.661928,0.0921026,0.464503,0.360302,0.531782,-0.592614
-0.424525,-0.612587,-0.661818,0.0807032,0.472772,0.350109,0.531564,-0.584709
-0.429874,-0.610664,-0.661482,0.0688389,0.480953,0.339427,0.531241,-0.577498
-0.435273,-0.608783,-0.660835,0.0567234,0.489032,0.328251,0.530792,-0.570585
-0.440834,-0.606877,-0.659834,0.0445656,0.496991,0.316588,0.530202,-0.564021
-0.446557,-0.604927,-0.658482,0.032428,0.504809,0.304457,0.529472,-0.55809
-0.452416,-0.602912,-0.656815,0.0202729,0.512465,0.291879,0.528621,-0.552891
-0.458426,-0.600795,-0.654848,0.00808151,0.519944,0.278874,0.527662,-0.54823
0.464626,0.598553,0.652564,0.00412985,0.527229,0.265459,0.526596,-0.54387
0.471088,0.596146,0.649939,0.0162596,0.534301,0.251658,0.525423,-0.539525
0.477842,0.593539,0.646982,0.0281482,0.541122,0.237515,0.524151,-0.535271
0.484768,0.590804,0.643711,0.0398276,0.547642,0.223075,0.522788,-0.531572
0.491799,0.587974,0.640141,0.0513814,0.553821,0.208392,0.521339,-0.528224
0.498874,0.585079,0.636278,0.0629112,0.559631,0.193514,0.519818,-0.524792
0.505924,0.58213,0.632159,0.0744351,0.565036,0.178478,0.518258,-0.521187
0.512917,0.579088,0.627842,0.0859529,0.569999,0.163295,0.516707,-0.51713
0.5199,0.57584,0.623403,0.0973705,0.574491,0.147988,0.515194,-0.512253
0.526931,0.572316,0.618855,0.108703,0.5785,0.132598,0.513725,-0.5057
0.534056,0.568472,0.614195,0.119947,0.582024,0.117167,0.512302,-0.496845
0.541236,0.564291,0.60952,0.130857,0.585061,0.101731,0.510943,-0.486941
0.548453,0.559724,0.604936,0.141282,0.587608,0.086309,0.509676,-0.476635
0.555657,0.554833,0.600405,0.151394,0.58968,0.070891,0.508497,-0.465634
0.562813,0.549768,0.595791,0.161337,0.591281,0.055462,0.50737,-0.453964
0.569887,0.544686,0.590965,0.171191,0.59239,0.040014,0.506257,-0.44209
0.576784,0.539738,0.585828,0.181132,0.593009,0.024551,0.505151,-0.430344
0.583366,0.535007,0.580397,0.191287,0.593152,0.009069,0.504072,-0.419345
0.58947,0.530553,0.574775,0.201674,0.592839,-0.006416,0.503039,-0.410457
0.595196,0.526258,0.569048,0.212082,0.592098,-0.021857,0.502054,-0.403672
0.600682,0.522006,0.563227,0.222409,0.590961,-0.037234,0.501119,-0.398344
0.606019,0.517727,0.557308,0.23261,0.589458,-0.052549,0.500238,-0.394116
0.61129,0.513319,0.551333,0.24261,0.587617,-0.067786,0.499421,-0.390605
0.616535,0.508734,0.545332,0.252362,0.585455,-0.082929,0.498688,-0.387555
0.62174,0.503945,0.539343,0.261892,0.582984,-0.097969,0.498064,-0.384865
0.626841,0.498988,0.533347,0.271333,0.580208,-0.112895,0.497568,-0.382672
0.631684,0.494033,0.527211,0.28099,0.577143,-0.127701,0.497206,-0.380982
0.636207,0.489189,0.520849,0.29095,0.573796,-0.142361,0.496971,-0.379284
0.640454,0.484499,0.514229,0.301077,0.570163,-0.156822,0.496839,-0.3773
0.644551,0.479906,0.507389,0.311129,0.566257,-0.171028,0.496776,-0.375017
0.6486,0.475325,0.500391,0.320926,0.562104,-0.184946,0.496763,-0.372365
0.65257,0.470816,0.493199,0.330514,0.557734,-0.198576,0.49678,-0.369543
0.656345,0.466515,0.485742,0.340043,0.553177,-0.211923,0.496818,-0.366883
0.659853,0.462521,0.477985,0.34957,0.548455,-0.224979,0.496872,-0.364663
0.663069,0.458859,0.469952,0.359072,0.543579,-0.237717,0.496947,-0.362969
0.665986,0.455605,0.461559,0.36858,0.538538,-0.250114,0.497047,-0.361613
0.668561,0.452849,0.452692,0.378185,0.533331,-0.26215,0.497177,-0.360356
0.670759,0.45064,0.443304,0.387927,0.527962,-0.273819,0.497345,-0.359197
0.672665,0.448818,0.433545,0.397648,0.522433,-0.285125,0.49756,-0.35809
0.674438,0.447123,0.42361,0.407147,0.516763,-0.296089,0.497832,-0.356721
0.676225,0.445386,0.413595,0.416281,0.51099,-0.306726,0.498156,-0.354897
0.678117,0.443523,0.403531,0.424978,0.505153,-0.317042,0.498525,-0.352501
0.68015,0.441495,0.393412,0.433249,0.499289,-0.327049,0.498929,-0.349297
0.682345,0.439284,0.383228,0.441102,0.493424,-0.336756,0.499359,-0.345154
0.684691,0.436865,0.373024,0.448553,0.487586,-0.346165,0.499822,-0.340065
0.687196,0.434201,0.362862,0.45559,0.481798,-0.355274,0.500329,-0.333988
0.689735,0.431468,0.352494,0.462438,0.476075,-0.364116,0.500897,-0.326937
0.692147,0.42889,0.34168,0.469298,0.470447,-0.372731,0.501534,-0.319361
0.694611,0.426213,0.330828,0.475826,0.464946,-0.381067,0.502244,-0.311296
0.697273,0.423245,0.320191,0.481821,0.459592,-0.389095,0.50302,-0.302519
0.700024,0.420175,0.309628,0.487392,0.454401,-0.396842,0.503875,-0.293754
0.702759,0.417132,0.299108,0.49261,0.449391,-0.404321,0.504831,-0.285618
0.705454,0.414113,0.288683,0.497501,0.444592,-0.411522,0.505908,-0.278111
0.708111,0.411058,0.278478,0.502056,0.440042,-0.418415,0.50712,-0.270966
0.710676,0.407968,0.268553,0.50634,0.435772,-0.424979,0.508486,-0.263901
0.713094,0.404848,0.258933,0.51044,0.43181,-0.431184,0.510027,-0.256532
0.715315,0.401672,0.249667,0.514441,0.42818,-0.436998,0.511769,-0.248467
0.717229,0.398494,0.240795,0.518462,0.424907,-0.442384,0.513739,-0.239579
0.718712,0.395418,0.232454,0.522554,0.422021,-0.447303,0.515966,-0.230283
0.719569,0.392718,0.224692,0.526789,0.419553,-0.451724,0.518477,-0.221651
0.719679,0.390557,0.217529,0.531234,0.417529,-0.455615,0.521285,-0.214093
0.719024,0.388956,0.210929,0.535935,0.415972,-0.458952,0.524386,-0.207308
0.717604,0.387956,0.204867,0.540892,0.414899,-0.461709,0.527775,-0.201284
0.715495,0.387445,0.199498,0.546035,0.414322,-0.463859,0.531445,-0.195741
0.712793,0.387349,0.194974,0.551245,0.414256,-0.465385,0.535376,-0.190726
0.709613,0.387613,0.191351,0.556408,0.414702,-0.466275,0.539533,-0.186287
0.706035,0.388228,0.188585,0.561453,0.415654,-0.466529,0.543875,-0.182507
0.702131,0.389155,0.186703,0.566315,0.417106,-0.466144,0.548361,-0.179309
0.698013,0.390285,0.185849,0.57089,0.41906,-0.465113,0.552948,-0.176463
0.693698,0.391595,0.186036,0.575175,0.421499,-0.463436,0.557617,-0.173796
0.689112,0.393149,0.187076,0.579276,0.424378,-0.461131,0.562371,-0.171209
0.684332,0.394842,0.188983,0.583159,0.427652,-0.458226,0.567183,-0.168374
0.679437,0.396632,0.191711,0.586767,0.431286,-0.454762,0.57201,-0.165188
0.674477,0.398511,0.195147,0.590075,0.435243,-0.450793,0.576805,-0.161643
0.669538,0.400455,0.199231,0.593011,0.4395,-0.44636,0.581519,-0.157799
0.664657,0.402532,0.203806,0.595535,0.44403,-0.44151,0.586102,-0.154022
0.659824,0.404869,0.208647,0.597645,0.448805,-0.43629,0.590512,-0.150857
0.655102,0.40741,0.213712,0.599321,0.453789,-0.430746,0.594725,-0.148293
0.650552,0.409997,0.219107,0.600564,0.458942,-0.424915,0.59875,-0.145905
0.646177,0.412579,0.2249,0.601376,0.464226,-0.418815,0.602595,-0.143694
0.642007,0.415137,0.231133,0.601718,0.469613,-0.41246,0.606257,-0.141787
0.638065,0.417684,0.237802,0.601551,0.475081,-0.405877,0.609711,-0.140291
0.634307,0.420246,0.244828,0.600922,0.480609,-0.399082,0.612951,-0.139078
0.630628,0.422838,0.252122,0.599959,0.486168,-0.392077,0.615993,-0.13775
0.626931,0.425448,0.259656,0.598774,0.491725,-0.384853,0.618865,-0.135888
0.623249,0.427943,0.267597,0.597342,0.497266,-0.377391,0.621581,-0.133019
0.619426,0.430588,0.275685,0.595737,0.502776,-0.36966,0.624142,-0.130145
0.614965,0.434148,0.28311,0.594292,0.508229,-0.361651,0.626544,-0.129713
0.609757,0.438754,0.289679,0.593108,0.513597,-0.353355,0.628789,-0.132089
0.604268,0.443698,0.296071,0.59189,0.518867,-0.34476,0.630888,-0.134931
0.598668,0.448644,0.302618,0.590539,0.524017,-0.335861,0.632867,-0.137072
0.592862,0.453667,0.309192,0.589154,0.529026,-0.326669,0.634751,-0.138802
0.586819,0.458779,0.315725,0.587778,0.533875,-0.317201,0.63656,-0.140323
0.580582,0.463939,0.322261,0.586372,0.538544,-0.307467,0.638311,-0.141685
0.574226,0.469091,0.328851,0.584873,0.543026,-0.297482,0.640016,-0.142839
0.567789,0.474215,0.335484,0.583255,0.547315,-0.287267,0.641677,-0.143827
0.561263,0.479349,0.342081,0.58154,0.551408,-0.27685,0.643299,-0.144953
0.554608,0.484534,0.348574,0.579769,0.5553,-0.266255,0.644891,-0.146385
0.54782,0.489737,0.355014,0.57794,0.558985,-0.255491,0.646471,-0.147977
0.540954,0.49489,0.361502,0.575994,0.562456,-0.244553,0.648048,-0.149449
0.534051,0.499974,0.368059,0.573889,0.565711,-0.233442,0.64962,-0.150738
0.527171,0.505012,0.374575,0.571618,0.568749,-0.222179,0.651171,-0.151986
0.520244,0.510064,0.381045,0.569197,0.571577,-0.210794,0.652688,-0.153595
0.513111,0.51514,0.387596,0.566672,0.574205,-0.199312,0.654178,-0.155688
0.50574,0.520173,0.394309,0.564064,0.576642,-0.187742,0.655654,-0.157988
0.498129,0.52514,0.401211,0.56136,0.578898,-0.176088,0.657136,-0.160525
0.490256,0.530074,0.408297,0.558538,0.580977,-0.164359,0.658635,-0.163706
0.48227,0.534893,0.4155,0.555576,0.582885,-0.152587,0.660153,-0.167271
0.474543,0.539369,0.422818,0.552371,0.58464,-0.140791,0.661681,-0.170079
0.467272,0.543436,0.430201,0.548872,0.586241,-0.129005,0.663205,-0.171686
0.460267,0.547291,0.437349,0.545301,0.587672,-0.117277,0.664717,-0.172856
0.453343,0.551064,0.444045,0.541879,0.588929,-0.105638,0.666216,-0.174029
0.446423,0.554783,0.450266,0.538686,0.590014,-0.094098,0.667702,-0.175311
0.439548,0.558439,0.456087,0.535657,0.590938,-0.08265,0.669161,-0.176893
0.43282,0.562027,0.46159,0.53266,0.591727,-0.071288,0.67057,-0.179091
0.426303,0.565546,0.466847,0.529601,0.592403,-0.060009,0.671918,-0.181918
0.419988,0.568987,0.471886,0.526485,0.592973,-0.048816,0.673213,-0.185022
0.413833,0.57234,0.476742,0.523341,0.593438,-0.037707,0.674469,-0.18815
0.40778,0.575601,0.481404,0.52024,0.593796,-0.026686,0.675699,-0.191092
0.401799,0.578793,0.485854,0.517207,0.594047,-0.01575,0.6769,-0.193899
0.395992,0.581858,0.490211,0.514125,0.594188,-0.004886,0.678065,-0.196274
0.390351,0.584818,0.494505,0.510958,0.594214,0.005901,0.679192,-0.198436
0.38474,0.587769,0.498585,0.507855,0.594121,0.016587,0.680282,-0.200977
0.379079,0.590723,0.502436,0.50488,0.593902,0.027167,0.681343,-0.204077
0.373355,0.593657,0.506085,0.502051,0.593532,0.037641,0.682383,-0.207626
0.367465,0.596589,0.509473,0.499488,0.592977,0.04801,0.683412,-0.211692
0.361777,0.599327,0.513213,0.496525,0.592234,0.058376,0.684416,-0.215329
0.357228,0.601427,0.518628,0.491628,0.591331,0.068942,0.685365,-0.216222
0.35435,0.602671,0.526355,0.483916,0.590283,0.079822,0.686238,-0.213341
0.353448,0.602947,0.536667,0.472777,0.58909,0.091094,0.687014,-0.206145
0.353913,0.602549,0.548542,0.459109,0.587735,0.102632,0.687718,-0.195917
0.353993,0.602333,0.559579,0.445819,0.58617,0.114047,0.688412,-0.186972
0.353025,0.602599,0.569009,0.434138,0.584369,0.12516,0.68913,-0.180892
0.351288,0.603196,0.577323,0.423615,0.582334,0.136017,0.689869,-0.176971
0.348844,0.604092,0.584892,0.413863,0.580067,0.146666,0.69063,-0.175571
0.345635,0.605308,0.591953,0.404636,0.577568,0.157133,0.691415,-0.177357
0.341783,0.606749,0.598626,0.395836,0.574836,0.167428,0.692227,-0.181724
0.337643,0.608193,0.604972,0.387437,0.571879,0.177566,0.693061,-0.186668
0.333375,0.609566,0.611008,0.379421,0.568701,0.187563,0.69391,-0.191321
0.32897,0.610884,0.61679,0.371711,0.565309,0.197439,0.694773,-0.195781
0.324475,0.612143,0.622372,0.364211,0.5617,0.207194,0.695641,-0.200007
0.3199,0.613342,0.627802,0.356848,0.557871,0.216818,0.69651,-0.204053
0.315243,0.614468,0.633121,0.349582,0.553823,0.226305,0.697375,-0.207966
0.310521,0.615499,0.638362,0.34239,0.549565,0.235653,0.698231,-0.211719
0.305738,0.616452,0.643503,0.335284,0.545113,0.244857,0.699071,-0.215504
0.300946,0.617341,0.648511,0.328262,0.540485,0.253897,0.699886,-0.219372
0.29612,0.618194,0.653358,0.321361,0.535686,0.262744,0.700665,-0.223534
0.29118,0.619056,0.658005,0.314664,0.530726,0.27139,0.701396,-0.228333
0.286116,0.619909,0.662495,0.308142,0.525613,0.279836,0.702072,-0.233741
0.280956,0.620748,0.666863,0.301711,0.520344,0.288081,0.702678,-0.239665
0.275783,0.621568,0.671153,0.295213,0.514914,0.296126,0.703189,-0.245593
0.270679,0.622415,0.675338,0.288531,0.50932,0.303992,0.703559,-0.25105
0.265525,0.623437,0.679282,0.281778,0.503564,0.311724,0.703735,-0.256247
0.260143,0.624747,0.682878,0.275126,0.49764,0.319338,0.703685,-0.261352
0.254547,0.626321,0.686153,0.268555,0.491542,0.326813,0.703407,-0.265921
0.248892,0.628076,0.68919,0.261897,0.485282,0.334114,0.702905,-0.269342
0.243203,0.630013,0.691998,0.255096,0.478886,0.341214,0.702181,-0.271726
0.237514,0.632154,0.694572,0.248071,0.472375,0.348094,0.701231,-0.273263
0.231804,0.634538,0.696834,0.240938,0.46577,0.354704,0.700053,-0.274127
0.225882,0.637277,0.698558,0.234247,0.459145,0.360973,0.698643,-0.274842
0.21947,0.640455,0.699565,0.228604,0.452606,0.366887,0.69701,-0.276121
0.212462,0.64407,0.69985,0.224153,0.446202,0.372439,0.695167,-0.278374
0.204888,0.648062,0.699493,0.220784,0.439939,0.377607,0.693123,-0.281662
0.196885,0.652355,0.698582,0.218295,0.433832,0.382375,0.69088,-0.285751
0.188637,0.656875,0.697173,0.216521,0.427908,0.386716,0.688441,-0.290198
0.180303,0.661543,0.695309,0.215399,0.422211,0.390595,0.685825,-0.294664
0.172066,0.666258,0.693077,0.214798,0.416789,0.393986,0.683057,-0.298818
0.164016,0.670929,0.690558,0.214669,0.411687,0.396867,0.680174,-0.302493
0.156208,0.675507,0.687799,0.214996,0.406945,0.399214,0.677217,-0.305764
0.148737,0.679954,0.684844,0.215706,0.402598,0.401012,0.674224,-0.308693
0.141758,0.68425,0.681732,0.216676,0.398688,0.40227,0.671227,-0.311364
0.135346,0.688379,0.67847,0.217931,0.395272,0.403001,0.668245,-0.313934
0.129582,0.692327,0.675047,0.219553,0.392411,0.403219,0.665299,-0.316286
0.124532,0.696072,0.671478,0.22157,0.390147,0.40294,0.662415,-0.318265
0.120217,0.699619,0.667782,0.223939,0.388494,0.402188,0.659614,-0.320046
0.116582,0.702984,0.663964,0.22666,0.38745,0.400992,0.656917,-0.321964
0.113593,0.706162,0.660052,0.2297,0.387,0.399387,0.65434,-0.324151
0.111163,0.709147,0.656076,0.233062,0.387112,0.397392,0.651896,-0.326831
0.109359,0.711887,0.65213,0.236612,0.387748,0.395024,0.649605,-0.32962
0.1084,0.714353,0.648316,0.240073,0.388869,0.392301,0.64747,-0.331823
0.108321,0.716565,0.644641,0.24339,0.390444,0.389241,0.645484,-0.333221
0.109066,0.718554,0.641069,0.24661,0.392438,0.385861,0.643632,-0.33382
0.11073,0.72031,0.637634,0.24963,0.39481,0.382173,0.641904,-0.333136
0.113198,0.721821,0.634342,0.252529,0.397514,0.378196,0.640289,-0.331083
0.116105,0.723121,0.631095,0.255606,0.400515,0.373941,0.638777,-0.328775
0.119089,0.724284,0.627749,0.259154,0.403788,0.369395,0.637356,-0.327568
0.122119,0.725351,0.624269,0.263135,0.407303,0.364549,0.636016,-0.327296
0.125308,0.726333,0.620675,0.267394,0.411028,0.359416,0.634747,-0.327407
0.128653,0.727217,0.616972,0.271936,0.414926,0.354003,0.633546,-0.327739
0.132121,0.727984,0.613163,0.276795,0.418971,0.348312,0.632416,-0.328156
0.135617,0.728647,0.60922,0.282016,0.423138,0.342345,0.631352,-0.328886
0.139176,0.729217,0.60515,0.287516,0.427407,0.336102,0.630347,-0.329895
0.142773,0.729719,0.600924,0.293285,0.431758,0.329581,0.629401,-0.331319
0.146428,0.730153,0.596545,0.299281,0.436158,0.322782,0.628514,-0.333018
0.150075,0.730518,0.59199,0.305565,0.440578,0.315723,0.627689,-0.334991
0.153672,0.730826,0.587225,0.312161,0.445001,0.308424,0.62692,-0.337315
0.157155,0.7311,0.582209,0.319105,0.449416,0.300882,0.626212,-0.340186
0.160659,0.731284,0.577076,0.326182,0.453795,0.293085,0.625606,-0.343302
0.164316,0.73129,0.572066,0.333099,0.458083,0.28503,0.625173,-0.346236
0.168151,0.731067,0.567295,0.339768,0.462238,0.276738,0.624941,-0.34879
0.172236,0.730587,0.562804,0.346164,0.466214,0.26825,0.624879,-0.350717
0.176874,0.729762,0.558734,0.352108,0.469981,0.259597,0.624968,-0.351167
0.182365,0.728507,0.555221,0.357422,0.473524,0.250787,0.625217,-0.349295
0.18888,0.726752,0.552328,0.362063,0.476842,0.241812,0.625631,-0.344558
0.196043,0.724583,0.549826,0.366385,0.479939,0.232651,0.626211,-0.338013
0.203029,0.722215,0.547325,0.370972,0.482816,0.223305,0.626948,-0.332042
0.209488,0.719768,0.544614,0.37609,0.485468,0.213782,0.627832,-0.327712
0.215615,0.717207,0.541757,0.381606,0.487882,0.204089,0.628854,-0.324484
0.221736,0.714448,0.538911,0.387262,0.490045,0.194229,0.630007,-0.321504
0.228081,0.711417,0.536246,0.392815,0.491946,0.184229,0.631285,-0.318187
0.234504,0.708132,0.533732,0.398355,0.49359,0.174106,0.632683,-0.314825
0.24083,0.704648,0.53127,0.40401,0.494976,0.163872,0.63419,-0.311838
0.247054,0.70098,0.528822,0.409803,0.496113,0.153522,0.635793,-0.309217
0.253188,0.697149,0.526307,0.415787,0.497019,0.143054,0.637478,-0.306917
0.259197,0.693195,0.523624,0.422037,0.497717,0.132477,0.639226,-0.305086
0.265246,0.689091,0.520825,0.428416,0.498219,0.121803,0.641017,-0.303396
0.27169,0.684707,0.518136,0.434622,0.498533,0.11107,0.642836,-0.300816
0.27859,0.679996,0.515635,0.440582,0.498671,0.100306,0.644684,-0.297088
0.285657,0.675054,0.513169,0.446498,0.498647,0.089506,0.646569,-0.293028
0.292714,0.669936,0.51063,0.452506,0.498479,0.078673,0.648498,-0.289151
0.29966,0.664689,0.50792,0.458705,0.498174,0.067815,0.650471,-0.285807
0.306628,0.659265,0.505112,0.464985,0.497733,0.056934,0.652489,-0.282724
0.31379,0.653553,0.502505,0.471055,0.497155,0.046046,0.654553,-0.279482
0.320905,0.647648,0.500093,0.476948,0.496432,0.035166,0.656667,-0.276892
0.327848,0.641602,0.497719,0.482844,0.495553,0.024301,0.658836,-0.275161
0.334645,0.635418,0.495257,0.488854,0.494517,0.013453,0.661066,-0.274127
0.341328,0.629094,0.492624,0.495033,0.493317,0.002605,0.663353,-0.273669
0.347814,0.62267,0.489653,0.501545,0.491947,-0.008278,0.665696,-0.273995
0.354241,0.616041,0.486588,0.508171,0.4904,-0.019163,0.668092,-0.274481
0.361009,0.608972,0.484156,0.514217,0.488667,-0.029929,0.670529,-0.273732
0.36824,0.601385,0.482579,0.519474,0.486755,-0.040525,0.672984,-0.271199
0.375769,0.593364,0.481593,0.524199,0.484677,-0.05096,0.675438,-0.267202
0.383505,0.584945,0.481085,0.528508,0.482435,-0.061242,0.677874,-0.261937
0.391144,0.576274,0.480752,0.532721,0.480012,-0.071408,0.680282,-0.256283
0.39851,0.567503,0.480298,0.537069,0.477405,-0.081492,0.682636,-0.251028
0.405699,0.558632,0.479745,0.541464,0.474627,-0.091486,0.684902,-0.24613
0.412713,0.549751,0.479048,0.545852,0.471699,-0.101375,0.687044,-0.241935
0.419525,0.540923,0.478098,0.550294,0.468635,-0.111146,0.689038,-0.23835
0.425992,0.532266,0.476786,0.554885,0.465451,-0.120778,0.690869,-0.235514
0.431896,0.524006,0.474963,0.559727,0.46215,-0.130247,0.692524,-0.234345
0.437241,0.516181,0.472677,0.56476,0.458734,-0.139526,0.693996,-0.23502
0.442422,0.508509,0.470311,0.569639,0.455206,-0.148589,0.695281,-0.236144
0.447819,0.500653,0.468233,0.574076,0.451574,-0.157414,0.696377,-0.236183
0.45339,0.49266,0.466479,0.578032,0.447836,-0.165983,0.697284,-0.235288
0.45882,0.484858,0.464896,0.581609,0.443996,-0.174274,0.697999,-0.234611
0.464115,0.477221,0.463495,0.584833,0.440061,-0.182255,0.698514,-0.233613
0.469572,0.469362,0.46237,0.58772,0.43605,-0.189903,0.698819,-0.230027
0.475257,0.461158,0.461454,0.590359,0.431977,-0.197201,0.69891,-0.223009
0.48098,0.452841,0.46064,0.592793,0.427848,-0.204137,0.698782,-0.213733
0.486463,0.444841,0.459879,0.594964,0.423684,-0.210689,0.698423,-0.204512
0.491583,0.437353,0.45918,0.596844,0.419504,-0.216838,0.697831,-0.196288
0.496369,0.43037,0.458495,0.598483,0.415332,-0.222586,0.697004,-0.188786
0.500912,0.423854,0.457791,0.599885,0.411199,-0.227938,0.695923,-0.181652
0.505289,0.417847,0.45702,0.601016,0.407147,-0.232889,0.694566,-0.174928
0.509548,0.412413,0.45613,0.601849,0.403225,-0.237438,0.692913,-0.168762
0.513708,0.4076,0.455051,0.602408,0.399469,-0.241589,0.690962,-0.16322
0.517732,0.403431,0.453753,0.602748,0.395912,-0.245345,0.688733,-0.158317
0.581761,0.414635,0.442498,0.542058,0.405975,-0.257857,0.604362,-0.177943
0.584303,0.417646,0.444068,0.535692,0.410158,-0.255424,0.598784,-0.181424
0.586602,0.420839,0.445869,0.529144,0.414547,-0.252605,0.593209,-0.185419
0.588708,0.424212,0.447874,0.522375,0.419127,-0.249409,0.587633,-0.190042
0.590721,0.427642,0.450118,0.51533,0.423888,-0.245835,0.582064,-0.194748
0.592775,0.430907,0.452656,0.507975,0.428817,-0.241868,0.576511,-0.198401
0.594914,0.43391,0.455543,0.500281,0.433898,-0.237493,0.570992,-0.200558
0.597015,0.436797,0.458694,0.492322,0.439112,-0.23271,0.565525,-0.201907
0.599018,0.439668,0.462029,0.484147,0.444437,-0.22752,0.560123,-0.202915
0.60089,0.442591,0.46547,0.475795,0.449858,-0.221917,0.554799,-0.203806
0.602617,0.445644,0.468938,0.46728,0.455369,-0.21589,0.549559,-0.2048
0.604199,0.448844,0.472426,0.45858,0.460958,-0.20943,0.544417,-0.205908
0.60559,0.45219,0.476002,0.449676,0.4666,-0.202513,0.539401,-0.207176
0.60672,0.455644,0.479756,0.440584,0.472265,-0.195114,0.53455,-0.208455
0.607542,0.459195,0.483715,0.431338,0.477918,-0.187219,0.529895,-0.209741
0.608006,0.462914,0.487785,0.422024,0.483533,-0.17882,0.525442,-0.211173
0.608125,0.466814,0.49191,0.412666,0.489095,-0.169912,0.521201,-0.21266
0.607899,0.47092,0.496045,0.403278,0.494593,-0.160493,0.517178,-0.21415
0.607322,0.475265,0.500167,0.393847,0.500002,-0.150556,0.51338,-0.215668
0.606444,0.479769,0.504333,0.384312,0.505293,-0.14009,0.50982,-0.216807
0.605229,0.484418,0.508571,0.37469,0.510428,-0.129092,0.506522,-0.217525
0.603671,0.48915,0.512901,0.365029,0.515385,-0.117585,0.503499,-0.217598
0.60179,0.493966,0.517244,0.355395,0.520152,-0.105623,0.500741,-0.217356
0.599615,0.498905,0.52146,0.345882,0.52472,-0.093279,0.498217,-0.217385
0.597145,0.504015,0.525454,0.336578,0.529072,-0.080615,0.4959,-0.217922
0.594411,0.509263,0.529247,0.327451,0.533198,-0.067672,0.49376,-0.218778
0.591442,0.514645,0.532834,0.318473,0.537093,-0.054488,0.491754,-0.220001
0.588273,0.520208,0.536111,0.309683,0.540764,-0.041105,0.489827,-0.221661
0.584939,0.525984,0.538986,0.301134,0.544213,-0.02757,0.487933,-0.223667
0.581542,0.531864,0.541545,0.292675,0.54743,-0.0139,0.486061,-0.22575
0.578098,0.537796,0.543882,0.284202,0.5504,-0.000103,0.48421,-0.227932
0.574515,0.543867,0.54595,0.275826,0.553108,0.013789,0.482379,-0.230584
0.570734,0.550181,0.547631,0.267702,0.555539,0.027723,0.480548,-0.233996
0.566904,0.556639,0.548938,0.259693,0.557662,0.041665,0.478693,-0.237861
0.563153,0.563131,0.549917,0.251663,0.559447,0.055588,0.476805,-0.241865
0.559506,0.56955,0.550675,0.243562,0.560885,0.069475,0.474903,-0.24573
0.555911,0.575856,0.551292,0.235434,0.561963,0.083312,0.47302,-0.249299
0.552303,0.582079,0.551761,0.22739,0.562664,0.097098,0.471168,-0.25243
0.548688,0.588262,0.552035,0.219423,0.56297,0.110833,0.469343,-0.25509
0.545131,0.594368,0.552199,0.211272,0.562858,0.124543,0.46754,-0.257575
0.541455,0.600484,0.552385,0.202771,0.562294,0.138253,0.465778,-0.261203
0.537554,0.606621,0.552644,0.193987,0.561254,0.151972,0.464081,-0.265936
0.533592,0.61264,0.552911,0.185045,0.559727,0.165698,0.46246,-0.269988
0.529615,0.618528,0.553135,0.175988,0.557706,0.179435,0.460909,-0.27271
0.525566,0.624394,0.553255,0.166798,0.555196,0.193203,0.459395,-0.274456
0.521305,0.630421,0.553141,0.157625,0.552201,0.207002,0.457881,-0.275536
0.516625,0.636769,0.552742,0.148661,0.548695,0.220821,0.456375,-0.276343
0.511319,0.643547,0.552079,0.140033,0.544655,0.234646,0.45491,-0.277404
0.505154,0.650848,0.551186,0.131949,0.540081,0.248449,0.453529,-0.279277
0.498137,0.658579,0.550125,0.124481,0.534964,0.26218,0.452274,-0.281618
0.490523,0.666452,0.549019,0.117503,0.52928,0.275782,0.451202,-0.28315
0.482569,0.674192,0.548026,0.110724,0.523015,0.289214,0.450356,-0.283308
0.474297,0.681712,0.547265,0.10398,0.516162,0.302452,0.449759,-0.282566
0.465659,0.688996,0.546796,0.0972667,0.508729,0.315474,0.449423,-0.28133
0.456576,0.696062,0.54665,0.0906072,0.500736,0.328269,0.449343,-0.28006
0.447059,0.702893,0.546835,0.0839679,0.492206,0.340825,0.449501,-0.27887
0.437159,0.709482,0.547318,0.0772726,0.483164,0.353118,0.449866,-0.278012
0.42697,0.715782,0.548083,0.0704079,0.473636,0.365125,0.450416,-0.27776
0.416538,0.721784,0.549104,0.0633086,0.463652,0.376821,0.451132,-0.278243
0.405911,0.727483,0.550343,0.0559164,0.45324,0.388185,0.451999,-0.279294
0.395065,0.732918,0.551744,0.0483119,0.442423,0.399196,0.452995,-0.280717
0.383791,0.738217,0.553246,0.040733,0.431226,0.409835,0.454112,-0.28297
0.371918,0.743457,0.55483,0.0333393,0.419667,0.420084,0.455355,-0.286505
0.359507,0.748566,0.556529,0.0260547,0.407768,0.429927,0.45673,-0.29114
0.346815,0.75342,0.558327,0.0186586,0.395556,0.439344,0.458224,-0.296353
0.334206,0.757891,0.560169,0.0108768,0.383057,0.448311,0.459806,-0.301327
0.321868,0.761978,0.561946,0.00258959,0.370294,0.456816,0.46144,-0.305633
-0.309589,-0.765821,-0.563594,0.00596979,0.357295,0.464847,0.463104,-0.309655
-0.297217,-0.769504,-0.565078,0.0145636,0.344087,0.472388,0.464786,-0.313442
-0.284674,-0.773059,-0.566401,0.023018,0.330701,0.479418,0.466477,-0.316883
-0.27187,-0.776556,-0.567516,0.0312,0.317177,0.485923,0.468147,-0.320113
-0.258791,-0.780043,-0.568361,0.0390669,0.30356,0.491898,0.469758,-0.323188
-0.245478,-0.783559,-0.568853,0.0467108,0.28988,0.497338,0.471273,-0.326327
-0.231905,-0.787138,-0.56895,0.0541187,0.276172,0.502235,0.472664,-0.329725
-0.218057,-0.790792,-0.56864,0.061211,0.26248,0.506576,0.473915,-0.333366
-0.203884,-0.794507,-0.56797,0.0678162,0.248861,0.510342,0.475023,-0.33708
-0.189307,-0.798274,-0.566992,0.0737645,0.235369,0.513537,0.475979,-0.340857
-0.174368,-0.802057,-0.565726,0.0790859,0.222047,0.516177,0.476775,-0.344808
-0.159103,-0.805829,-0.564179,0.0838337,0.208939,0.518289,0.477391,-0.349251
-0.143569,-0.809572,-0.562339,0.0880643,0.19609,0.519904,0.477813,-0.354437
-0.12793,-0.813215,-0.560242,0.0918942,0.183534,0.521043,0.478043,-0.360144
-0.112309,-0.816725,-0.557885,0.0954519,0.17129,0.52172,0.478086,-0.366401
-0.0968461,-0.820115,-0.555216,0.0988286,0.159369,0.521951,0.477948,-0.373081
-0.081807,-0.82338,-0.552189,0.102182,0.147771,0.521754,0.477633,-0.379569
-0.0675129,-0.826519,-0.548734,0.105826,0.136473,0.521153,0.47715,-0.385403
-0.0539022,-0.829606,-0.544798,0.109743,0.125475,0.520165,0.476496,-0.390955
-0.0406833,-0.832685,-0.540437,0.113616,0.114806,0.518839,0.475675,-0.396773
-0.0277791,-0.835694,-0.535788,0.117367,0.104464,0.517272,0.474716,-0.402872
-0.0151584,-0.838562,-0.530993,0.120953,0.094428,0.515534,0.473661,-0.409063
-0.00262661,-0.841247,-0.526206,0.124112,0.084706,0.513647,0.472559,-0.415328
0.00992228,-0.843658,-0.521653,0.126574,0.075329,0.511641,0.471476,-0.421305
0.0224584,-0.845677,-0.517551,0.128322,0.066317,0.509562,0.470493,-0.426782
0.0347105,-0.847262,-0.513932,0.129677,0.057647,0.507448,0.469684,-0.431526
0.0465285,-0.848453,-0.510717,0.130885,0.049291,0.505333,0.469114,-0.435715
0.0578514,-0.849293,-0.507865,0.132014,0.041231,0.503255,0.468858,-0.439373
0.0686644,-0.849774,-0.505431,0.133074,0.033467,0.50125,0.469004,-0.442467
0.0791705,-0.84983,-0.503573,0.133921,0.026024,0.499372,0.469645,-0.445418
0.0894954,-0.84936,-0.50248,0.134506,0.018923,0.49766,0.470873,-0.448509
0.09955,-0.848303,-0.502248,0.134972,0.012168,0.49613,0.472772,-0.45166
0.10918,-0.846679,-0.502869,0.135416,0.005765,0.494783,0.475366,-0.454512
0.118279,-0.844588,-0.504175,0.13597,-0.00029,0.493622,0.478625,-0.457116
0.126816,-0.842129,-0.505992,0.136782,-0.006001,0.492643,0.482519,-0.45988
0.134805,-0.839335,-0.508279,0.137829,-0.011344,0.491844,0.487025,-0.462794
0.142339,-0.836197,-0.511097,0.138905,-0.01629,0.491225,0.492119,-0.465614
0.14959,-0.832688,-0.514505,0.13978,-0.020828,0.490776,0.497772,-0.468397
0.156557,-0.828824,-0.518478,0.140431,-0.024976,0.490476,0.503937,-0.471021
0.16329,-0.824637,-0.52295,0.140831,-0.028742,0.490299,0.510551,-0.473645
0.169868,-0.820184,-0.527813,0.140909,-0.032128,0.490227,0.517558,-0.476593
0.17627,-0.815508,-0.533004,0.140648,-0.035134,0.490249,0.524909,-0.479877
0.182343,-0.81062,-0.538517,0.140162,-0.037758,0.490348,0.532569,-0.48321
0.187957,-0.80554,-0.544337,0.139552,-0.039997,0.490505,0.540514,-0.48635
0.193104,-0.800315,-0.55039,0.138844,-0.04186,0.490699,0.548692,-0.489435
0.197893,-0.794948,-0.556661,0.137932,-0.043341,0.490922,0.557051,-0.492783
0.202344,-0.789446,-0.563158,0.136695,-0.044436,0.491168,0.565551,-0.496387
0.20629,-0.783863,-0.56984,0.135223,-0.045151,0.491429,0.574162,-0.499859
0.209558,-0.778257,-0.576673,0.133606,-0.04548,0.491709,0.582851,-0.502775
0.212071,-0.772682,-0.583603,0.131894,-0.045417,0.492005,0.591587,-0.504961
0.213894,-0.767137,-0.590626,0.130046,-0.044959,0.492306,0.600344,-0.506573
0.215079,-0.761615,-0.597732,0.128061,-0.044112,0.492605,0.609099,-0.507788
0.215679,-0.756124,-0.604902,0.125911,-0.04288,0.492898,0.617838,-0.508709
0.21576,-0.750657,-0.612136,0.123496,-0.04125,0.493175,0.626555,-0.509451
0.21535,-0.745218,-0.619425,0.120776,-0.039211,0.493425,0.635236,-0.510043
0.214432,-0.739818,-0.62674,0.117833,-0.036756,0.493625,0.643873,-0.510531
0.212907,-0.734479,-0.634055,0.114824,-0.033891,0.493748,0.652463,-0.510719
0.210784,-0.729205,-0.641347,0.111827,-0.030613,0.493774,0.660985,-0.510698
0.20816,-0.723966,-0.648616,0.108813,-0.026923,0.493673,0.669424,-0.510739
0.205101,-0.718726,-0.655891,0.105707,-0.022812,0.493419,0.677766,-0.510899
0.201662,-0.713453,-0.663208,0.102337,-0.018267,0.493002,0.685995,-0.511089
0.197792,-0.708211,-0.670507,0.0986709,-0.013277,0.492418,0.694079,-0.511021
0.193419,-0.703077,-0.67771,0.0947684,-0.007845,0.491664,0.701992,-0.510458
0.188597,-0.69807,-0.684768,0.0906794,-0.001977,0.490736,0.70971,-0.50966
0.183402,-0.693153,-0.691683,0.0864719,0.004324,0.489637,0.717213,-0.508984
0.177835,-0.688347,-0.698433,0.0821274,0.011064,0.488372,0.724499,-0.508447
0.171705,-0.68371,-0.704994,0.0777214,0.018242,0.486943,0.731582,-0.507359
0.164865,-0.679258,-0.711375,0.0733067,0.025853,0.485353,0.738476,-0.505119
0.157385,-0.674929,-0.71761,0.0688318,0.033876,0.483596,0.745179,-0.501841
0.149406,-0.670641,-0.723729,0.0643051,0.042281,0.481663,0.751685,-0.497949
0.141078,-0.666375,-0.72971,0.0597011,0.051027,0.479537,0.757982,-0.493872
0.132518,-0.662206,-0.735455,0.0550219,0.060064,0.477205,0.764058,-0.490013
0.123752,-0.658162,-0.740928,0.0503303,0.069345,0.474652,0.769902,-0.486333
0.114983,-0.654169,-0.746176,0.0454301,0.078832,0.471877,0.775504,-0.483227
0.106313,-0.650204,-0.751213,0.0401451,0.088492,0.468857,0.780851,-0.480842
0.0978841,-0.646265,-0.756035,0.034225,0.098326,0.465516,0.785963,-0.479567
0.0898162,-0.642339,-0.760646,0.0274067,0.108334,0.461806,0.79086,-0.479624
0.0823702,-0.638394,-0.765046,0.0193028,0.118483,0.457792,0.795505,-0.481722
0.0756155,-0.634453,-0.769192,0.0097763,0.128749,0.453532,0.79985,-0.486097
-0.0692452,0.630616,0.773,0.000753593,0.139129,0.449031,0.80387,-0.491927
-0.0622813,0.627045,0.77641,0.0110478,0.149614,0.444284,0.807542,-0.496239
-0.0536492,0.623829,0.779468,0.0197316,0.160195,0.439287,0.810856,-0.495642
-0.0437884,0.62086,0.782221,0.0272967,0.170854,0.43404,0.813811,-0.49151
-0.0339198,0.618011,0.784645,0.0352606,0.181584,0.42855,0.816414,-0.487768
-0.0243831,0.615259,0.786717,0.0440275,0.192368,0.422819,0.818663,-0.485468
-0.0148784,0.612608,0.788461,0.0531028,0.203158,0.416839,0.820558,-0.483564
-0.00518742,0.610051,0.789906,0.0621232,0.213913,0.410595,0.822096,-0.481312
0.00485027,0.607577,0.791082,0.0708202,0.224598,0.404092,0.823284,-0.478189
0.0161384,0.605196,0.792081,0.0780071,0.2352,0.397349,0.824117,-0.471346
0.0292037,0.60287,0.792972,0.0830097,0.245721,0.390366,0.824591,-0.4591
0.042812,0.600588,0.793606,0.0874655,0.256153,0.383128,0.824712,-0.445495
0.0559855,0.598365,0.793884,0.0925867,0.266459,0.375631,0.824489,-0.43369
0.0687888,0.596154,0.793871,0.0981672,0.276597,0.367882,0.823939,-0.42336
0.0813322,0.59396,0.793581,0.104051,0.286541,0.359873,0.823063,-0.414089
0.0937269,0.591862,0.792957,0.110155,0.296296,0.351596,0.821845,-0.405574
0.105997,0.58998,0.791907,0.116496,0.305864,0.343033,0.820271,-0.397832
0.118054,0.588415,0.790354,0.12317,0.315218,0.334161,0.818345,-0.391229
0.129877,0.58717,0.788314,0.130097,0.324321,0.324971,0.816088,-0.385757
0.141521,0.586187,0.785837,0.137176,0.333153,0.315462,0.813537,-0.381166
0.153087,0.585444,0.782928,0.144373,0.341702,0.305626,0.810718,-0.377158
0.164658,0.584952,0.779563,0.15166,0.349955,0.295483,0.807642,-0.37345
0.176312,0.584678,0.77575,0.158991,0.357874,0.285078,0.80431,-0.369479
0.188073,0.584563,0.771513,0.166384,0.36541,0.27448,0.800735,-0.364698
0.199992,0.584506,0.766893,0.173872,0.372526,0.263764,0.796945,-0.358487
0.211858,0.584535,0.761911,0.181455,0.379219,0.252997,0.792966,-0.351633
0.223093,0.584901,0.756557,0.189057,0.385506,0.242224,0.788801,-0.346804
0.233589,0.585743,0.750846,0.196397,0.3914,0.231456,0.784438,-0.34472
0.243574,0.587095,0.744794,0.203159,0.396898,0.220718,0.779836,-0.344658
0.253287,0.588993,0.738382,0.209102,0.401997,0.210117,0.774917,-0.345956
0.262924,0.591479,0.731563,0.2141,0.406706,0.199758,0.769612,-0.348106
0.272587,0.594581,0.724274,0.218169,0.411064,0.189691,0.763874,-0.35088
0.282277,0.598353,0.716403,0.221494,0.415124,0.179916,0.75766,-0.35442
0.292087,0.602724,0.707928,0.224157,0.418907,0.170427,0.750948,-0.358229
0.302269,0.607438,0.699,0.225945,0.422382,0.161244,0.743743,-0.360954
0.312897,0.612265,0.689737,0.226914,0.425533,0.152359,0.73607,-0.361835
0.323704,0.617177,0.680062,0.227649,0.428378,0.14369,0.727953,-0.361574
0.334239,0.62232,0.669754,0.228982,0.430949,0.135118,0.719413,-0.361669
0.344269,0.627782,0.658685,0.231306,0.433283,0.126568,0.710472,-0.362982
0.353954,0.633426,0.647006,0.234247,0.435396,0.118033,0.701176,-0.36511
0.363938,0.638772,0.635229,0.236649,0.437273,0.109575,0.6916,-0.366092
0.374606,0.643448,0.623723,0.237939,0.438912,0.101199,0.681825,-0.36482
0.385444,0.647635,0.61222,0.239143,0.440358,0.092765,0.671918,-0.362914
0.395986,0.651507,0.600555,0.240973,0.441637,0.084181,0.661948,-0.361755
0.406208,0.655003,0.588868,0.243314,0.442765,0.075424,0.651995,-0.361433
0.416233,0.658098,0.577184,0.246,0.443756,0.066471,0.642103,-0.361743
0.426235,0.66077,0.565487,0.248859,0.444631,0.057312,0.632296,-0.362363
0.436311,0.662999,0.553747,0.251852,0.445412,0.047935,0.622612,-0.363107
0.446481,0.664726,0.542017,0.254975,0.446105,0.038328,0.613101,-0.363864
0.456748,0.665834,0.530463,0.258177,0.446704,0.028486,0.603827,-0.364461
0.467153,0.666237,0.519218,0.261361,0.447198,0.018426,0.594836,-0.364695
0.477743,0.665927,0.508323,0.264405,0.447569,0.008182,0.586137,-0.364505
0.488535,0.664965,0.497722,0.267259,0.447789,-0.002215,0.577732,-0.363904
0.499351,0.663504,0.487337,0.270024,0.447828,-0.012745,0.56963,-0.363382
0.509903,0.661708,0.477161,0.272871,0.447669,-0.023393,0.561866,-0.363672
0.520004,0.659617,0.467277,0.275959,0.447297,-0.034151,0.55449,-0.365014
0.529742,0.657126,0.457735,0.27935,0.446708,-0.045022,0.547535,-0.366815
0.539217,0.654206,0.448425,0.283152,0.445898,-0.056023,0.540997,-0.368578
0.548488,0.650922,0.439181,0.28737,0.444855,-0.067162,0.534846,-0.370213
0.557623,0.647287,0.429971,0.291891,0.443555,-0.078419,0.529053,-0.371666
0.566621,0.643303,0.420884,0.296578,0.441986,-0.089757,0.523609,-0.373138
0.575518,0.638902,0.412089,0.301272,0.440134,-0.101151,0.51851,-0.374645
0.584389,0.634027,0.403674,0.305854,0.437989,-0.112597,0.513735,-0.376198
0.593364,0.628641,0.39562,0.310185,0.43554,-0.12411,0.509227,-0.377886
0.602539,0.622775,0.387798,0.314182,0.432776,-0.135712,0.504902,-0.379903
0.611989,0.616479,0.380057,0.317772,0.429689,-0.147424,0.500666,-0.382236
0.621771,0.609764,0.372313,0.32089,0.426276,-0.159258,0.496441,-0.384414
0.631863,0.602646,0.364494,0.323591,0.422543,-0.171223,0.492195,-0.386138
0.642084,0.595257,0.356416,0.326137,0.418493,-0.183341,0.48792,-0.387628
0.65223,0.587765,0.347833,0.328846,0.414132,-0.195632,0.483622,-0.389069
0.662155,0.580305,0.338536,0.331949,0.409469,-0.208114,0.479313,-0.390576
0.671707,0.573027,0.328378,0.335584,0.404504,-0.220786,0.475015,-0.392457
0.680959,0.565788,0.317538,0.33963,0.399245,-0.233599,0.470782,-0.394385
0.690127,0.558245,0.306402,0.343809,0.393697,-0.246476,0.466689,-0.395618
0.699307,0.550223,0.295195,0.347973,0.387861,-0.259358,0.462796,-0.395845
0.7084,0.5418,0.283941,0.352136,0.381733,-0.272209,0.459156,-0.395455
0.717167,0.533198,0.272605,0.356453,0.37532,-0.28498,0.455833,-0.395102
0.725436,0.524538,0.261244,0.361045,0.368635,-0.2976,0.452902,-0.395062
0.733235,0.515728,0.250081,0.365856,0.361711,-0.309984,0.450421,-0.395098
0.74072,0.50654,0.239399,0.370729,0.354589,-0.322058,0.448428,-0.394708
0.74799,0.496859,0.229269,0.375603,0.347296,-0.333784,0.44694,-0.393553
0.755046,0.486656,0.219602,0.380586,0.339839,-0.34516,0.44599,-0.391371
0.761754,0.476057,0.210321,0.385832,0.332243,-0.356175,0.445611,-0.388372
0.767991,0.465151,0.201531,0.39142,0.324557,-0.366804,0.44583,-0.384834
0.773702,0.45395,0.193411,0.397375,0.316827,-0.377029,0.446661,-0.380866
0.77894,0.442387,0.185992,0.403674,0.309068,-0.386856,0.448093,-0.376274
0.783763,0.430421,0.179195,0.410295,0.301282,-0.396304,0.4501,-0.370866
0.78817,0.418131,0.172942,0.417188,0.293468,-0.405388,0.452652,-0.364857
0.792193,0.405483,0.16727,0.424305,0.285641,-0.414103,0.455714,-0.358151
0.795824,0.392481,0.162285,0.43161,0.277827,-0.422443,0.459258,-0.350799
0.799023,0.379177,0.158022,0.439108,0.270046,-0.430404,0.463265,-0.342877
0.801775,0.365556,0.154434,0.44685,0.262311,-0.437994,0.467724,-0.33412
0.804036,0.351618,0.151387,0.454943,0.254624,-0.44523,0.472638,-0.324234
0.805678,0.337552,0.148726,0.46349,0.246997,-0.452123,0.478021,-0.313523
0.80659,0.32361,0.146313,0.472527,0.239457,-0.458675,0.483888,-0.302601
0.806716,0.310029,0.144054,0.482017,0.23203,-0.464883,0.490233,-0.292152
0.806128,0.296761,0.142032,0.491852,0.224747,-0.470747,0.497036,-0.282116
0.80496,0.283636,0.140295,0.501903,0.217623,-0.476263,0.504262,-0.27203
0.803336,0.270534,0.139106,0.511969,0.210672,-0.481436,0.511865,-0.261839
0.801441,0.257069,0.138961,0.521821,0.203908,-0.486285,0.519802,-0.250858
0.799162,0.243577,0.13952,0.53155,0.197338,-0.490831,0.528033,-0.239526
0.796177,0.231057,0.139874,0.541433,0.190949,-0.495092,0.536529,-0.229842
0.792561,0.219266,0.140011,0.551513,0.184712,-0.499087,0.545275,-0.220809
0.78847,0.207708,0.140106,0.561732,0.178612,-0.502826,0.554239,-0.210839
0.783927,0.196478,0.140149,0.572025,0.172675,-0.506322,0.563371,-0.200136
0.779025,0.185501,0.140425,0.582229,0.166966,-0.509587,0.5726,-0.188691
0.773822,0.174854,0.141079,0.592217,0.161532,-0.512619,0.581865,-0.176889
0.665734,0.109326,0.197547,0.711211,0.151235,-0.522137,0.7204,-0.113147
0.660554,0.112158,0.203512,0.713913,0.156783,-0.520024,0.725436,-0.11684
0.65548,0.115292,0.209844,0.716254,0.162793,-0.517555,0.730259,-0.119199
0.650517,0.118614,0.216666,0.718202,0.169229,-0.514736,0.734883,-0.120306
0.645693,0.122136,0.223901,0.719745,0.176051,-0.511572,0.739301,-0.120567
0.641017,0.125899,0.231386,0.720907,0.183208,-0.508062,0.743503,-0.120354
0.636468,0.129932,0.23897,0.721748,0.190658,-0.504216,0.747485,-0.119862
0.631982,0.13424,0.246638,0.722322,0.198379,-0.500035,0.751255,-0.11908
0.627518,0.138794,0.254481,0.722632,0.20636,-0.495509,0.754817,-0.117904
0.623074,0.143527,0.262697,0.722613,0.214588,-0.49062,0.758171,-0.116199
0.618688,0.148433,0.271336,0.722198,0.223039,-0.485361,0.76131,-0.114047
0.614406,0.153533,0.280375,0.721334,0.231685,-0.479725,0.764218,-0.111567
0.610296,0.158864,0.28983,0.71993,0.240507,-0.473693,0.76688,-0.108881
0.606329,0.164516,0.299696,0.717971,0.249506,-0.46725,0.769298,-0.106225
0.602349,0.170861,0.309589,0.715637,0.258683,-0.460396,0.77149,-0.104781
0.598145,0.178298,0.318796,0.713303,0.268021,-0.453138,0.773474,-0.105708
0.593728,0.186477,0.327278,0.711057,0.2775,-0.445481,0.775259,-0.107491
0.589287,0.19474,0.335673,0.708619,0.287086,-0.437435,0.776843,-0.107803
0.584912,0.202952,0.344235,0.705826,0.296752,-0.428928,0.778197,-0.106323
0.580512,0.211387,0.3527,0.702797,0.306488,-0.419879,0.7793,-0.104105
0.575942,0.220315,0.36075,0.699723,0.316243,-0.410383,0.780194,-0.102321
0.571235,0.229545,0.368625,0.696502,0.325963,-0.400538,0.780917,-0.100607
0.566498,0.238847,0.376605,0.692965,0.335619,-0.390368,0.781472,-0.0983997
0.561801,0.248228,0.384674,0.689048,0.345182,-0.379906,0.781854,-0.0959904
0.557182,0.257707,0.392838,0.6847,0.354619,-0.369184,0.782065,-0.0936694
0.552514,0.267486,0.400953,0.680012,0.36389,-0.35822,0.78213,-0.0924328
0.547499,0.277988,0.408858,0.675132,0.372951,-0.347026,0.78208,-0.0942625
0.541911,0.289406,0.416573,0.670107,0.381764,-0.335615,0.781942,-0.100263
0.535921,0.301197,0.424129,0.664969,0.3903,-0.324014,0.781728,-0.108209
0.529841,0.312737,0.431427,0.659799,0.398545,-0.312247,0.781432,-0.115278
0.523741,0.32398,0.438343,0.654666,0.406497,-0.300338,0.781053,-0.12116
0.517563,0.335027,0.444864,0.649601,0.414146,-0.288304,0.780594,-0.126381
0.511268,0.345899,0.451043,0.644608,0.421485,-0.276168,0.780067,-0.131219
0.504819,0.3566,0.456902,0.639715,0.428509,-0.263965,0.779487,-0.135998
0.498222,0.367139,0.462343,0.634998,0.435219,-0.251755,0.778869,-0.141054
0.491576,0.37728,0.46779,0.630227,0.441575,-0.239523,0.778239,-0.145593
0.484977,0.386675,0.474136,0.62488,0.447507,-0.227174,0.777638,-0.148131
0.478332,0.39568,0.480695,0.619329,0.453048,-0.214812,0.77704,-0.150157
0.471323,0.405101,0.485776,0.61463,0.458295,-0.202649,0.776374,-0.155141
0.46395,0.414911,0.489731,0.610543,0.463254,-0.190624,0.775614,-0.162767
0.456441,0.424765,0.493622,0.606278,0.467915,-0.178602,0.774745,-0.171218
0.449032,0.434344,0.497709,0.601665,0.472286,-0.166568,0.773757,-0.178724
0.441952,0.443319,0.502167,0.596636,0.476374,-0.154504,0.77265,-0.183351
0.435442,0.451571,0.507527,0.59067,0.480194,-0.142364,0.771411,-0.184692
0.429607,0.459132,0.513956,0.58351,0.483738,-0.130153,0.770034,-0.183658
0.4242,0.466267,0.520865,0.575629,0.486984,-0.117924,0.768516,-0.181748
0.418998,0.473213,0.527692,0.567496,0.489916,-0.105723,0.766849,-0.179926
0.413877,0.480079,0.534027,0.559504,0.492519,-0.093606,0.765028,-0.178592
0.408819,0.486879,0.539791,0.551762,0.494784,-0.081594,0.763051,-0.177623
0.403859,0.493593,0.545112,0.544166,0.496706,-0.069664,0.760915,-0.176673
0.399077,0.500135,0.55018,0.536567,0.498273,-0.057795,0.75862,-0.175127
0.394443,0.506541,0.55501,0.528956,0.499475,-0.045971,0.756164,-0.173022
0.389533,0.51313,0.559269,0.521708,0.500293,-0.034179,0.753545,-0.172004
0.384003,0.520156,0.562761,0.515053,0.500713,-0.022415,0.750766,-0.173527
0.377846,0.527606,0.565585,0.508898,0.500721,-0.010689,0.747833,-0.177773
0.371255,0.535342,0.567986,0.502962,0.500328,0.001017,0.744748,-0.183801
0.364551,0.543147,0.57041,0.496715,0.499562,0.012772,0.741518,-0.189788
0.35791,0.550889,0.573165,0.4898,0.498416,0.024603,0.738144,-0.194779
0.351266,0.558583,0.576291,0.482168,0.496855,0.036493,0.734634,-0.199037
0.344496,0.566365,0.579802,0.47369,0.494861,0.048433,0.730977,-0.203445
0.337473,0.574449,0.583711,0.464114,0.492434,0.060427,0.727156,-0.209284
0.330323,0.582963,0.588027,0.453063,0.489595,0.072472,0.723139,-0.217243
0.323407,0.591777,0.592677,0.440388,0.486364,0.084532,0.71891,-0.226394
0.317115,0.600586,0.597522,0.426264,0.482743,0.096548,0.71448,-0.234678
0.311629,0.609197,0.602501,0.410803,0.478729,0.108494,0.709871,-0.240884
0.306933,0.617578,0.607601,0.393968,0.474305,0.120375,0.705091,-0.244902
0.302938,0.625807,0.612707,0.375745,0.469437,0.132158,0.700133,-0.247163
0.299231,0.634151,0.617313,0.356704,0.464113,0.143743,0.694987,-0.249336
0.295112,0.642952,0.62068,0.338049,0.458359,0.154974,0.689652,-0.253668
0.290383,0.652247,0.622736,0.320079,0.45219,0.165781,0.684143,-0.26055
0.285311,0.6618,0.623867,0.302338,0.445609,0.176168,0.678491,-0.268817
0.280056,0.671469,0.624247,0.284628,0.438621,0.186102,0.672716,-0.277792
0.274632,0.681305,0.623833,0.266896,0.431233,0.195537,0.666801,-0.287675
0.26899,0.691398,0.622512,0.249183,0.423479,0.204461,0.660722,-0.298873
0.263107,0.70168,0.620358,0.231463,0.415412,0.212914,0.654497,-0.311269
0.256958,0.712033,0.617478,0.21378,0.407083,0.220923,0.648151,-0.324601
0.250549,0.722371,0.613914,0.196252,0.39853,0.228464,0.641696,-0.338595
0.243943,0.732605,0.609736,0.178893,0.389794,0.235503,0.635151,-0.352977
0.237272,0.742724,0.60498,0.161437,0.380898,0.242037,0.628515,-0.367771
0.230663,0.752797,0.599577,0.14352,0.371832,0.248097,0.621746,-0.38327
0.22413,0.762909,0.593377,0.125057,0.3626,0.253703,0.614801,-0.399734
0.217584,0.773105,0.586242,0.106233,0.35322,0.258841,0.607675,-0.417284
0.210854,0.783315,0.578195,0.0874582,0.343728,0.26348,0.6004,-0.435804
0.203988,0.793321,0.569443,0.0690386,0.33417,0.267586,0.593038,-0.454486
0.197325,0.802898,0.5602,0.0509352,0.324587,0.271148,0.585641,-0.472081
0.190946,0.812046,0.55048,0.0330619,0.315004,0.274174,0.578218,-0.48851
0.18468,0.820901,0.540162,0.0155123,0.305439,0.276675,0.570749,-0.504409
-0.178429,-0.829566,-0.529132,0.00162775,0.295917,0.278663,0.563207,-0.52014
-0.172057,-0.83808,-0.517384,0.0182448,0.286475,0.280151,0.555581,-0.536126
-0.165485,-0.846433,-0.50497,0.0342241,0.277164,0.281143,0.547874,-0.55257
-0.158829,-0.854568,-0.491965,0.049575,0.268047,0.281638,0.540115,-0.569236
-0.152183,-0.862422,-0.478482,0.0642193,0.259196,0.281645,0.532348,-0.585846
-0.145589,-0.869935,-0.46468,0.0780323,0.250693,0.281179,0.524619,-0.60228
-0.139114,-0.877048,-0.450745,0.0908976,0.242622,0.280266,0.516975,-0.618368
-0.132826,-0.883724,-0.436853,0.102707,0.23507,0.278946,0.509455,-0.634025
-0.126815,-0.889957,-0.423129,0.113386,0.228127,0.277263,0.502085,-0.64918
-0.121194,-0.89579,-0.409618,0.122825,0.22189,0.27526,0.494875,-0.663663
-0.116047,-0.901285,-0.396355,0.130851,0.216469,0.272968,0.48784,-0.677321
-0.11148,-0.906468,-0.38344,0.137337,0.211969,0.270424,0.481007,-0.690016
-0.107626,-0.911309,-0.371073,0.142261,0.208482,0.26769,0.474422,-0.701671
-0.104541,-0.915751,-0.359514,0.145676,0.206082,0.264833,0.468145,-0.71252
-0.102477,-0.919745,-0.348909,0.14775,0.204821,0.261913,0.46223,-0.722311
-0.101714,-0.923282,-0.339285,0.148626,0.204736,0.258976,0.456695,-0.730685
-0.102391,-0.92639,-0.330633,0.148325,0.20585,0.256051,0.451535,-0.737397
-0.104368,-0.929112,-0.322991,0.14675,0.208166,0.253151,0.446744,-0.742723
-0.107483,-0.931469,-0.316388,0.143914,0.211649,0.250293,0.442315,-0.747035
-0.111676,-0.933448,-0.310833,0.139948,0.216253,0.247487,0.438248,-0.750564
-0.116809,-0.935047,-0.306325,0.13494,0.221936,0.244731,0.434542,-0.753665
-0.122875,-0.936236,-0.302842,0.129035,0.228642,0.242013,0.4312,-0.756372
-0.129885,-0.937002,-0.30032,0.122335,0.236316,0.239314,0.428225,-0.758583
-0.137722,-0.937342,-0.298693,0.114915,0.244899,0.236609,0.425607,-0.760526
-0.146252,-0.93727,-0.297877,0.106793,0.254338,0.233868,0.423326,-0.762412
-0.155341,-0.936798,-0.297811,0.0979115,0.264597,0.231065,0.421358,-0.764379
-0.16496,-0.935918,-0.298417,0.0882763,0.275635,0.228166,0.419689,-0.766362
-0.175175,-0.934599,-0.299596,0.0779761,0.287381,0.225135,0.418311,-0.768091
-0.185884,-0.932819,-0.301325,0.0670754,0.299748,0.221955,0.417231,-0.769651
-0.197097,-0.930498,-0.303681,0.0557236,0.312642,0.218626,0.416473,-0.770941
-0.208899,-0.927537,-0.306758,0.0440064,0.325983,0.21514,0.416061,-0.771609
-0.221215,-0.923893,-0.310597,0.0318473,0.339706,0.21146,0.416001,-0.771539
-0.233876,-0.919582,-0.315128,0.0190951,0.353741,0.207522,0.416279,-0.77074
-0.246714,-0.91465,-0.32018,0.00566343,0.367991,0.203272,0.416865,-0.769251
0.259792,0.909035,0.325726,0.00820584,0.382338,0.198704,0.417763,-0.766903
0.273294,0.902592,0.331889,0.0220834,0.396652,0.193844,0.419,-0.76348
0.287093,0.89533,0.338641,0.0358327,0.410822,0.188676,0.420588,-0.759181
0.300964,0.887338,0.345826,0.0495641,0.424759,0.183167,0.422512,-0.75413
0.314691,0.878719,0.353286,0.0633387,0.438373,0.177295,0.42474,-0.748505
0.328133,0.869578,0.360852,0.0771301,0.451577,0.171061,0.427221,-0.74243
0.341505,0.85989,0.36841,0.0907592,0.464301,0.164483,0.429912,-0.73527
0.355101,0.849582,0.375881,0.104055,0.476499,0.157594,0.432768,-0.726061
0.369033,0.838641,0.383247,0.116697,0.488112,0.150443,0.435736,-0.714675
0.38331,0.827149,0.390464,0.128204,0.499052,0.143071,0.438746,-0.701718
0.3975,0.815463,0.397289,0.138475,0.509243,0.135484,0.441716,-0.688696
0.411093,0.803943,0.403529,0.147794,0.518659,0.127704,0.444591,-0.676752
0.423943,0.792739,0.409072,0.156516,0.527326,0.11975,0.447338,-0.665697
0.436168,0.781911,0.413777,0.164806,0.535259,0.111635,0.449903,-0.654787
0.448021,0.771461,0.417547,0.172567,0.542448,0.10338,0.452225,-0.643231
0.45956,0.761456,0.420327,0.179761,0.548901,0.094955,0.454289,-0.630863
0.470771,0.751924,0.422197,0.186372,0.554637,0.086368,0.456096,-0.617774
0.481663,0.742817,0.423373,0.192298,0.559634,0.077747,0.457628,-0.60409
0.492185,0.734156,0.423951,0.197571,0.563888,0.069184,0.458867,-0.58992
0.502324,0.726003,0.423853,0.202335,0.567423,0.060699,0.459801,-0.575131
0.512022,0.718471,0.422959,0.206734,0.570259,0.052304,0.460413,-0.559989
0.521243,0.711626,0.421257,0.210799,0.572413,0.044026,0.460701,-0.54478
0.529944,0.705514,0.418799,0.214517,0.573898,0.035893,0.460674,-0.529772
0.53807,0.700174,0.415683,0.217817,0.574715,0.027954,0.460343,-0.515393
0.545606,0.695616,0.412044,0.220571,0.574868,0.020259,0.459717,-0.502097
0.552578,0.691837,0.40799,0.222631,0.574358,0.012856,0.458797,-0.490192
0.559072,0.688808,0.403559,0.223881,0.573188,0.005778,0.457576,-0.479655
0.56509,0.686557,0.398729,0.224339,0.571373,-0.000961,0.456057,-0.47057
0.570468,0.685217,0.393422,0.224196,0.568941,-0.007368,0.454248,-0.463351
0.574977,0.684916,0.387563,0.223799,0.565933,-0.013479,0.452183,-0.458339
0.578483,0.685707,0.381068,0.223498,0.5624,-0.019343,0.449902,-0.45554
0.580973,0.687544,0.373964,0.223393,0.558386,-0.024979,0.447436,-0.454786
0.582688,0.690216,0.366328,0.223339,0.553936,-0.030392,0.444792,-0.455354
0.584048,0.693401,0.358235,0.223049,0.549096,-0.035594,0.441959,-0.456354
0.585378,0.696906,0.349652,0.222257,0.543906,-0.040601,0.438899,-0.457406
0.586828,0.700679,0.340481,0.220804,0.538393,-0.045422,0.43557,-0.458534
0.588515,0.704648,0.330678,0.218572,0.532585,-0.050056,0.431943,-0.459681
0.590587,0.708662,0.320271,0.215481,0.526503,-0.054506,0.428011,-0.460462
0.593092,0.712629,0.309292,0.211518,0.520165,-0.05876,0.423781,-0.460712
0.595953,0.716536,0.297815,0.206696,0.513581,-0.062787,0.419276,-0.460585
0.599038,0.720378,0.285986,0.201051,0.506757,-0.066541,0.414541,-0.460243
0.602083,0.724236,0.27401,0.194671,0.499705,-0.06995,0.409633,-0.460114
0.604768,0.728266,0.262006,0.187713,0.492448,-0.072948,0.404606,-0.460683
0.607007,0.732467,0.250019,0.180345,0.48501,-0.075505,0.399486,-0.461673
0.608827,0.73678,0.23804,0.172692,0.477414,-0.077606,0.394287,-0.462608
0.610299,0.741129,0.226041,0.16483,0.469685,-0.079245,0.389017,-0.463108
0.611462,0.745477,0.214022,0.156758,0.461846,-0.080419,0.383691,-0.463083
0.612243,0.749842,0.202112,0.148482,0.453925,-0.081096,0.378348,-0.462695
0.612495,0.754275,0.190599,0.139967,0.445952,-0.081197,0.373052,-0.462321
0.612015,0.758865,0.179806,0.131269,0.437971,-0.08064,0.367873,-0.462355
0.610548,0.76376,0.169933,0.122576,0.430039,-0.079383,0.362884,-0.463249
0.607974,0.769047,0.160997,0.114078,0.422202,-0.077433,0.358133,-0.465155
0.604497,0.774603,0.152889,0.105821,0.414491,-0.074827,0.353638,-0.467532
0.600435,0.78023,0.14548,0.0977429,0.406933,-0.071609,0.349394,-0.469713
0.595992,0.785817,0.138713,0.0896905,0.399552,-0.067805,0.345401,-0.471498
0.591231,0.791338,0.132652,0.081453,0.392369,-0.063412,0.341671,-0.473143
0.586167,0.796774,0.127484,0.072851,0.385414,-0.058405,0.338231,-0.47497
0.580839,0.802073,0.123424,0.0638062,0.378721,-0.052764,0.335128,-0.477057
0.575246,0.807207,0.12064,0.0543608,0.372323,-0.046491,0.332414,-0.479412
0.569422,0.81214,0.119147,0.0446294,0.366243,-0.039618,0.330112,-0.481867
0.563366,0.816877,0.118846,0.0347379,0.360488,-0.032205,0.32821,-0.484383
0.557043,0.821449,0.119618,0.0248318,0.355064,-0.024315,0.326695,-0.48694
0.550523,0.825812,0.121381,0.0150113,0.349974,-0.015996,0.325562,-0.489317
0.543804,0.829961,0.12415,0.00535159,0.345234,-0.007279,0.324812,-0.491516
-0.536935,-0.833844,-0.128011,0.00419009,0.340849,0.001823,0.324458,-0.493594
-0.529998,-0.837384,-0.133049,0.0137075,0.336825,0.011306,0.324512,-0.495593
-0.523009,-0.840553,-0.139247,0.0232692,0.333152,0.02115,0.324985,-0.497657
-0.516104,-0.843259,-0.146498,0.0330195,0.329795,0.031333,0.325877,-0.499644
-0.509418,-0.845407,-0.154665,0.0431223,0.326712,0.041832,0.327176,-0.501401
-0.50298,-0.846961,-0.163649,0.0537369,0.323862,0.052634,0.328871,-0.503037
-0.496748,-0.847908,-0.173406,0.0649899,0.321216,0.063725,0.330955,-0.504828
-0.490802,-0.848149,-0.18393,0.0769852,0.31875,0.075093,0.333425,-0.506718
-0.484996,-0.847741,-0.195151,0.0896181,0.316455,0.086688,0.336272,-0.509012
-0.479175,-0.846779,-0.206935,0.10264,0.314329,0.098446,0.339467,-0.511916
-0.473302,-0.845311,-0.219137,0.115817,0.312363,0.110302,0.342989,-0.515344
-0.467131,-0.843537,-0.231634,0.128762,0.310573,0.122175,0.3468,-0.51966
-0.460447,-0.841624,-0.244405,0.141151,0.308985,0.134008,0.350868,-0.525262
-0.453628,-0.839327,-0.257485,0.153142,0.307576,0.145816,0.355199,-0.531362
-0.4471,-0.836377,-0.270853,0.164968,0.306326,0.157607,0.359799,-0.537078
-0.440984,-0.832685,-0.28447,0.176765,0.305223,0.169358,0.364664,-0.542278
-0.435379,-0.82818,-0.298316,0.188602,0.30427,0.181036,0.369789,-0.546858
-0.430495,-0.822757,-0.312335,0.200478,0.303494,0.192594,0.375163,-0.55037
-0.426245,-0.816502,-0.326534,0.212168,0.302933,0.203975,0.380762,-0.553021
-0.422472,-0.809562,-0.340916,0.223389,0.302624,0.215123,0.386553,-0.555126
-0.419019,-0.802113,-0.355409,0.233927,0.302593,0.225978,0.392497,-0.557054
-0.415705,-0.794342,-0.369927,0.243647,0.302862,0.236496,0.398545,-0.559322
-0.412489,-0.786379,-0.38435,0.252458,0.303456,0.246652,0.404637,-0.562158
-0.409458,-0.778331,-0.398512,0.260255,0.304394,0.256409,0.410704,-0.565362
-0.40672,-0.770226,-0.412394,0.266949,0.305695,0.265731,0.416706,-0.568703
-0.404309,-0.762031,-0.426139,0.272486,0.307387,0.274597,0.422626,-0.572219
-0.402282,-0.753642,-0.439898,0.276915,0.309489,0.282984,0.428469,-0.575989
-0.400734,-0.744941,-0.453707,0.280401,0.312011,0.290875,0.434234,-0.580053
-0.399844,-0.735783,-0.467468,0.283235,0.314941,0.298264,0.439917,-0.584202
-0.399744,-0.726077,-0.481094,0.285596,0.31827,0.305139,0.445506,-0.588099
-0.400556,-0.715815,-0.494453,0.28754,0.321983,0.311481,0.450972,-0.591073
-0.402203,-0.705157,-0.507449,0.288933,0.326052,0.31727,0.456271,-0.592901
-0.404366,-0.694431,-0.520033,0.289516,0.330418,0.322491,0.461357,-0.594012
-0.406726,-0.68398,-0.532175,0.289024,0.335008,0.327132,0.46619,-0.594789
-0.409207,-0.673959,-0.543797,0.287425,0.339748,0.331185,0.470746,-0.595053
-0.411913,-0.66437,-0.554753,0.284936,0.344555,0.334641,0.475008,-0.594187
-0.414955,-0.655249,-0.564843,0.281805,0.349328,0.337483,0.47895,-0.591428
-0.41838,-0.646674,-0.573909,0.278206,0.353973,0.339692,0.482542,-0.586147
-0.422174,-0.638783,-0.581776,0.274339,0.358381,0.341263,0.485746,-0.577929
-0.426274,-0.631784,-0.588243,0.270388,0.362444,0.342205,0.488514,-0.566592
-0.43069,-0.625917,-0.592992,0.266636,0.366051,0.342544,0.490777,-0.551865
-0.435346,-0.621414,-0.595774,0.263387,0.369098,0.342316,0.492465,-0.534226
-0.440165,-0.618287,-0.59652,0.261036,0.371507,0.341555,0.493559,-0.514822
-0.445032,-0.616295,-0.595444,0.259951,0.373251,0.340272,0.494099,-0.495368
-0.449844,-0.615262,-0.592819,0.260114,0.374359,0.338439,0.494116,-0.476967
-0.454495,-0.61532,-0.588813,0.260988,0.374912,0.336026,0.493587,-0.459818
-0.45883,-0.616774,-0.583513,0.261873,0.374995,0.333016,0.492468,-0.444136
-0.462713,-0.619741,-0.577097,0.262253,0.374701,0.32939,0.490754,-0.430402
-0.466145,-0.624085,-0.569772,0.261889,0.374117,0.325116,0.488479,-0.418848
-0.469275,-0.629555,-0.561683,0.26068,0.373331,0.320157,0.485676,-0.40912
-0.472301,-0.635984,-0.552858,0.258464,0.372426,0.314481,0.48235,-0.400561
-0.475404,-0.643246,-0.543239,0.255183,0.371465,0.308062,0.478491,-0.39279
-0.478646,-0.651219,-0.532803,0.250863,0.370496,0.300902,0.474106,-0.386002
-0.482032,-0.659687,-0.52165,0.245642,0.369555,0.293014,0.469241,-0.380604
-0.485595,-0.668254,-0.51007,0.239714,0.368675,0.28441,0.463998,-0.376783
-0.489498,-0.676403,-0.498426,0.233329,0.367889,0.275105,0.45852,-0.374144
-0.493843,-0.68391,-0.486941,0.226441,0.367229,0.265116,0.452906,-0.372227
-0.498692,-0.690816,-0.475576,0.218878,0.366708,0.254464,0.447191,-0.370547
-0.503995,-0.697315,-0.46418,0.210424,0.366329,0.243182,0.441372,-0.369011
-0.509435,-0.703732,-0.452739,0.200662,0.366119,0.231306,0.435455,-0.368271
-0.515534,-0.709499,-0.440979,0.19072,0.365923,0.218945,0.429553,-0.367012
-0.523114,-0.71375,-0.428683,0.182052,0.365561,0.206221,0.423817,-0.363203
-0.53151,-0.716991,-0.416296,0.173546,0.365212,0.193172,0.418267,-0.358384
-0.540108,-0.719763,-0.404071,0.164167,0.365037,0.179834,0.412896,-0.353831
-0.548925,-0.722104,-0.391848,0.153955,0.365021,0.166244,0.407718,-0.349301
-0.557827,-0.724157,-0.379493,0.142865,0.365147,0.152427,0.402738,-0.344999
-0.566653,-0.726006,-0.366992,0.130903,0.365406,0.138423,0.39797,-0.341229
-0.575328,-0.727653,-0.354349,0.118138,0.365778,0.124265,0.393439,-0.338039
-0.583859,-0.729048,-0.341524,0.104688,0.366239,0.10998,0.389172,-0.335244
-0.592298,-0.730149,-0.328401,0.0906568,0.366761,0.095585,0.385184,-0.332549
-0.60057,-0.731016,-0.314893,0.0759853,0.367342,0.081085,0.381467,-0.330026
-0.60862,-0.73167,-0.300953,0.060569,0.368001,0.066471,0.378006,-0.327678
-0.616481,-0.732004,-0.286617,0.0444014,0.368763,0.051735,0.374804,-0.325319
-0.624252,-0.731842,-0.271947,0.0276087,0.369636,0.036888,0.371874,-0.32263
-0.632003,-0.73105,-0.256967,0.0102995,0.370618,0.02193,0.369227,-0.319342
0.639651,0.729654,0.241648,0.00751971,0.371711,0.006867,0.366875,-0.315541
0.64704,0.727721,0.226041,0.0258322,0.372927,-0.008263,0.364843,-0.311468
0.653934,0.725335,0.210402,0.0446144,0.374303,-0.023386,0.36319,-0.30756
0.66013,0.722539,0.195153,0.0638859,0.375905,-0.038399,0.362007,-0.304027
0.665446,0.71939,0.180719,0.0836685,0.377786,-0.053196,0.361388,-0.301018
0.669804,0.715946,0.167324,0.10386,0.379965,-0.067676,0.361395,-0.298595
0.673155,0.712325,0.154966,0.124261,0.382416,-0.081754,0.362059,-0.296967
0.675407,0.708718,0.143593,0.144658,0.385113,-0.09534,0.363383,-0.296563
0.676511,0.705248,0.133304,0.164888,0.388065,-0.108316,0.365371,-0.297609
0.676457,0.701945,0.124407,0.184938,0.391317,-0.120557,0.368047,-0.299947
0.67522,0.698818,0.11725,0.2049,0.394926,-0.131939,0.371451,-0.303333
0.673011,0.695682,0.112186,0.224717,0.398938,-0.142342,0.37559,-0.306954
0.670068,0.692378,0.109278,0.244295,0.40337,-0.151715,0.380422,-0.310006
0.666715,0.688715,0.108343,0.263483,0.408198,-0.160066,0.385872,-0.311575
0.663281,0.684516,0.109137,0.282109,0.413362,-0.167428,0.391857,-0.310999
0.659876,0.679768,0.111396,0.300118,0.418797,-0.173836,0.398312,-0.308177
0.656386,0.67461,0.114981,0.31755,0.424453,-0.1793,0.405185,-0.303375
0.652675,0.669219,0.119927,0.334334,0.430291,-0.183785,0.412413,-0.296962
0.648619,0.6638,0.12624,0.350323,0.436263,-0.187251,0.419909,-0.289611
0.644135,0.658564,0.133623,0.365415,0.442295,-0.189705,0.427575,-0.282157
0.639307,0.653589,0.141632,0.379538,0.448303,-0.191188,0.435307,-0.27478
0.634303,0.648892,0.150079,0.392523,0.454232,-0.191711,0.443002,-0.267381
0.629246,0.644512,0.159103,0.404154,0.460066,-0.191238,0.450561,-0.259983
0.624136,0.640508,0.168856,0.414356,0.465798,-0.189739,0.457924,-0.252618
0.618882,0.636965,0.179252,0.423236,0.471402,-0.187212,0.465065,-0.245355
0.613337,0.634042,0.189929,0.43097,0.476838,-0.183699,0.471952,-0.238613
0.607445,0.631875,0.200502,0.437657,0.482053,-0.179256,0.478537,-0.232822
0.601255,0.630481,0.210945,0.443271,0.487006,-0.173891,0.484802,-0.228054
0.594819,0.629784,0.221458,0.447794,0.49167,-0.16758,0.490764,-0.224045
0.588148,0.629651,0.232272,0.451298,0.496032,-0.160304,0.496462,-0.220278
0.581066,0.630086,0.243414,0.453986,0.500074,-0.152085,0.501952,-0.216785
0.573481,0.631047,0.25484,0.456021,0.503776,-0.142968,0.50727,-0.213565
0.565387,0.632488,0.2665,0.457465,0.507106,-0.133005,0.512431,-0.210706
0.55684,0.634331,0.278437,0.458286,0.510038,-0.12225,0.51744,-0.208084
0.547929,0.636529,0.290643,0.458401,0.512551,-0.110768,0.522275,-0.205597
0.538691,0.63909,0.302986,0.457794,0.514629,-0.098637,0.526901,-0.203336
0.529172,0.642,0.315355,0.45647,0.51626,-0.085933,0.531284,-0.201276
0.519468,0.645191,0.327636,0.454461,0.517445,-0.072744,0.535382,-0.199144
0.509603,0.64868,0.339624,0.451857,0.518161,-0.059177,0.539158,-0.196936
0.49949,0.652606,0.350956,0.448827,0.518373,-0.045359,0.542562,-0.195135
0.489064,0.657136,0.361285,0.445491,0.518069,-0.031412,0.545515,-0.194283
0.478517,0.662317,0.370352,0.441811,0.51726,-0.017453,0.547904,-0.194346
0.468073,0.668226,0.377866,0.437721,0.515948,-0.003579,0.54959,-0.19532
0.457997,0.674894,0.383695,0.433053,0.514135,0.010136,0.550441,-0.197043
0.448481,0.682305,0.38781,0.4277,0.511831,0.023596,0.550374,-0.199174
0.439606,0.690444,0.390221,0.421616,0.509053,0.036721,0.549342,-0.201473
0.431358,0.699313,0.390961,0.414778,0.505807,0.049466,0.547321,-0.203862
0.423749,0.708904,0.390125,0.407056,0.502077,0.061814,0.544303,-0.206335
0.416703,0.719214,0.387796,0.398377,0.497869,0.073753,0.540305,-0.209117
0.410031,0.730247,0.384026,0.388764,0.493209,0.085262,0.535376,-0.212739
0.403719,0.741846,0.379128,0.37807,0.48811,0.09635,0.529597,-0.217113
0.397823,0.753739,0.37363,0.366081,0.48256,0.107068,0.5231,-0.221713
0.392139,0.765711,0.367983,0.352848,0.476551,0.117458,0.516076,-0.226438
0.386423,0.777559,0.36252,0.338614,0.470085,0.127546,0.508741,-0.23129
0.380528,0.789085,0.357495,0.323636,0.463173,0.13738,0.50129,-0.236195
0.374372,0.800133,0.353107,0.308137,0.455833,0.147015,0.49389,-0.241062
0.367873,0.810634,0.349504,0.292212,0.448082,0.156497,0.486677,-0.246093
0.360981,0.82058,0.346824,0.275779,0.439934,0.16589,0.479758,-0.251651
0.353796,0.829932,0.345216,0.258585,0.431407,0.175251,0.473224,-0.257971
0.346597,0.838556,0.344813,0.240413,0.422539,0.184631,0.46716,-0.264751
0.339719,0.846282,0.345632,0.221214,0.413389,0.19405,0.461645,-0.271352
0.333305,0.853011,0.347561,0.201199,0.404034,0.203509,0.456753,-0.277369
0.326904,0.858865,0.350388,0.180867,0.394558,0.213004,0.452553,-0.283694
0.320123,0.86395,0.354016,0.160576,0.385039,0.222534,0.4491,-0.291136
0.312994,0.868202,0.358536,0.140399,0.375544,0.232092,0.446455,-0.299586
0.305779,0.871472,0.364079,0.120342,0.36614,0.241669,0.444684,-0.308355
0.2988,0.873633,0.370667,0.100447,0.356902,0.251227,0.44383,-0.316694
0.292093,0.874739,0.3781,0.0809512,0.347924,0.260695,0.44389,-0.324621
0.285404,0.874959,0.386145,0.0623154,0.339319,0.269996,0.444838,-0.332681
0.278439,0.87443,0.39473,0.0450713,0.331207,0.279063,0.446663,-0.341316
0.271118,0.873151,0.404009,0.0296399,0.323713,0.287853,0.449372,-0.350354
0.263658,0.87099,0.414245,0.0161768,0.316953,0.296346,0.452986,-0.359089
0.256259,0.867889,0.425533,0.00475167,0.311022,0.304501,0.457474,-0.367122
-0.24912,-0.86388,-0.437755,0.00462149,0.305994,0.312252,0.462759,-0.374255
-0.242425,-0.859026,-0.450734,0.0120081,0.301921,0.319536,0.468752,-0.380435
-0.236313,-0.853335,-0.464402,0.0175164,0.298846,0.326316,0.475377,-0.385607
-0.230958,-0.846768,-0.478738,0.0212703,0.296798,0.332559,0.482568,-0.3895
-0.226486,-0.839324,-0.493659,0.0232397,0.295799,0.338216,0.490247,-0.391767
-0.223019,-0.831031,-0.509026,0.0232983,0.295864,0.343236,0.498333,-0.391871
-0.220632,-0.82193,-0.524686,0.0213752,0.296984,0.347569,0.506719,-0.389372
-0.219535,-0.812014,-0.540483,0.01775,0.299099,0.351195,0.5153,-0.3837
-0.219718,-0.801465,-0.556074,0.0126134,0.302132,0.354066,0.523928,-0.375005
-0.220682,-0.790721,-0.570989,0.00559347,0.306027,0.356068,0.53242,-0.36461
0.222147,0.780091,0.584889,0.00354691,0.310711,0.357153,0.540624,-0.3532
0.224125,0.769717,0.59757,0.0146339,0.316085,0.357339,0.54843,-0.34088
0.226637,0.759703,0.608885,0.0273252,0.322039,0.356658,0.555747,-0.327923
0.229798,0.750101,0.618754,0.0410501,0.328456,0.355156,0.562504,-0.314486
0.233763,0.740944,0.627138,0.0552728,0.335237,0.35287,0.568643,-0.300443
0.23865,0.73228,0.634007,0.0696184,0.342309,0.349835,0.574124,-0.2856
0.244225,0.724246,0.639337,0.0840875,0.349608,0.346106,0.578908,-0.270656
0.250035,0.716988,0.643148,0.0988523,0.357065,0.341741,0.582985,-0.256832
0.255908,0.710529,0.64552,0.113854,0.364609,0.336787,0.586371,-0.244563
0.262029,0.704793,0.64654,0.128815,0.372193,0.331274,0.589092,-0.233402
0.26852,0.69978,0.646218,0.143552,0.379792,0.325246,0.59115,-0.223292
0.275557,0.695523,0.64452,0.157828,0.387397,0.318746,0.592526,-0.214117
0.283358,0.691986,0.641476,0.171385,0.395004,0.311809,0.59321,-0.205427
0.292043,0.68907,0.637196,0.18405,0.402597,0.304467,0.59322,-0.196833
0.301653,0.686635,0.631852,0.195706,0.410128,0.296741,0.592605,-0.187955
0.312168,0.684626,0.625512,0.206333,0.41754,0.28863,0.591404,-0.178694
0.323533,0.683106,0.618043,0.216137,0.424815,0.280128,0.58962,-0.169285
0.335701,0.68217,0.609221,0.225386,0.431961,0.271224,0.587237,-0.160054
0.348609,0.681846,0.598949,0.234131,0.438977,0.261915,0.584261,-0.151395
0.36207,0.682017,0.587431,0.242244,0.445827,0.252219,0.580748,-0.143617
0.375666,0.682423,0.575205,0.249625,0.452437,0.242185,0.576827,-0.136838
0.388833,0.682843,0.562784,0.256532,0.45874,0.231858,0.572667,-0.1311
0.401152,0.6832,0.550301,0.263598,0.464709,0.22124,0.568404,-0.126348
0.412489,0.683576,0.537538,0.271347,0.470355,0.210308,0.564085,-0.122649
0.423033,0.684029,0.524364,0.279626,0.475673,0.199088,0.559707,-0.119909
0.433162,0.684458,0.510929,0.287818,0.480641,0.187648,0.555257,-0.117575
0.443025,0.684792,0.497373,0.295649,0.485274,0.176043,0.550746,-0.115408
0.452558,0.684997,0.483722,0.303289,0.489606,0.164295,0.546207,-0.113362
0.461589,0.685085,0.469961,0.311015,0.493663,0.152426,0.54168,-0.111587
0.470105,0.685068,0.456138,0.318781,0.497463,0.140484,0.537166,-0.110146
0.478348,0.684906,0.442372,0.326181,0.501011,0.128559,0.532638,-0.108774
0.486614,0.684537,0.428781,0.33281,0.504307,0.116755,0.528061,-0.107027
0.49504,0.683909,0.415426,0.338564,0.507352,0.105152,0.523431,-0.104579
0.503542,0.683049,0.402209,0.343682,0.510139,0.093797,0.518759,-0.101552
0.511926,0.68207,0.388978,0.348437,0.512652,0.08271,0.514062,-0.0984648
0.520165,0.681054,0.375667,0.352801,0.51486,0.071884,0.509357,-0.0956333
0.528474,0.679983,0.362352,0.356427,0.516725,0.06137,0.504617,-0.0928703
0.536892,0.678975,0.348994,0.359087,0.518198,0.051289,0.49975,-0.0905245
0.545329,0.678167,0.335593,0.360671,0.519259,0.041745,0.494687,-0.0890071
0.553744,0.67759,0.322187,0.361158,0.519911,0.032811,0.489415,-0.0882683
0.562048,0.677296,0.308831,0.360549,0.520167,0.024585,0.483934,-0.0882757
0.570062,0.677408,0.295689,0.358769,0.520052,0.017182,0.478241,-0.0892367
0.577617,0.677997,0.283071,0.355738,0.519591,0.010739,0.472362,-0.0911615
0.584698,0.678988,0.271455,0.351305,0.518802,0.005395,0.466362,-0.0936406
0.591339,0.680266,0.261198,0.345444,0.517702,0.001245,0.460329,-0.0962005
0.597463,0.681834,0.252339,0.338327,0.516307,-0.001679,0.454348,-0.0988286
0.60295,0.683743,0.244982,0.330047,0.514642,-0.003332,0.448507,-0.101706
0.6079,0.685839,0.239537,0.320475,0.512745,-0.00364,0.442902,-0.104408
0.612359,0.688004,0.236348,0.309527,0.510655,-0.00255,0.437631,-0.106697
0.616236,0.69026,0.235518,0.297196,0.508398,-4.9e-05,0.432774,-0.108876
0.61944,0.692687,0.23698,0.283406,0.505979,0.003844,0.428381,-0.111488
0.622096,0.695186,0.240612,0.267992,0.503388,0.00908,0.42447,-0.114577
0.624271,0.697603,0.246227,0.251014,0.500635,0.015571,0.42107,-0.117974
0.62588,0.699807,0.253607,0.232869,0.497755,0.023189,0.418244,-0.121502
0.626654,0.701872,0.262489,0.213962,0.494765,0.031801,0.41605,-0.125599
0.626562,0.703801,0.272611,0.19434,0.491646,0.041287,0.414483,-0.130548
0.625768,0.705513,0.283604,0.173881,0.48837,0.051518,0.413488,-0.136345
0.624428,0.706935,0.295084,0.15251,0.484904,0.06237,0.413006,-0.142907
0.622642,0.707983,0.306839,0.130102,0.481218,0.073761,0.413009,-0.150121
0.62049,0.708515,0.318815,0.106565,0.477297,0.085626,0.413489,-0.157701
0.617791,0.708591,0.330892,0.0821157,0.47316,0.097875,0.414443,-0.165986
0.61429,0.708363,0.342935,0.0571433,0.468824,0.110411,0.415871,-0.175567
0.609856,0.707915,0.354833,0.032013,0.464295,0.123142,0.41777,-0.186673
0.604531,0.707245,0.366466,0.00705069,0.459576,0.135971,0.420115,-0.199025
-0.598575,-0.70617,-0.377789,0.0175223,0.454679,0.14881,0.422882,-0.211542
-0.5921,-0.704655,-0.388803,0.0413649,0.449643,0.161578,0.426055,-0.223394
-0.585168,-0.70272,-0.399541,0.0642623,0.4445,0.174225,0.429619,-0.234261
-0.577746,-0.700452,-0.410056,0.0861997,0.439254,0.186709,0.433554,-0.24456
-0.569944,-0.697771,-0.420371,0.107556,0.433876,0.199013,0.43785,-0.254539
-0.562091,-0.694389,-0.430397,0.128982,0.428315,0.211127,0.442505,-0.263813
-0.554783,-0.689725,-0.439927,0.151524,0.422494,0.223072,0.447532,-0.271195
-0.548254,-0.683478,-0.448782,0.1757,0.416425,0.234848,0.452928,-0.276319
-0.541709,-0.676359,-0.457089,0.200401,0.410275,0.246343,0.45864,-0.281449
-0.534651,-0.66892,-0.46501,0.224633,0.404185,0.257463,0.464622,-0.287966
-0.527201,-0.661172,-0.472535,0.248235,0.398209,0.268179,0.470861,-0.29551
-0.519453,-0.653067,-0.479608,0.271383,0.392354,0.278479,0.477343,-0.30401
-0.511445,-0.644437,-0.486153,0.294585,0.386594,0.28838,0.484069,-0.313716
-0.503284,-0.635066,-0.492043,0.31826,0.38092,0.297899,0.491035,-0.324482
-0.495094,-0.624903,-0.497215,0.34228,0.375368,0.307025,0.498219,-0.335738
-0.48685,-0.61426,-0.501799,0.365868,0.37001,0.315725,0.505577,-0.34713
-0.478368,-0.603688,-0.506148,0.387994,0.364909,0.323967,0.513052,-0.358936
-0.469441,-0.593656,-0.510614,0.408008,0.360077,0.331746,0.520602,-0.371764
-0.459805,-0.584446,-0.515463,0.425793,0.35547,0.33908,0.528226,-0.38664
-0.449466,-0.575958,-0.520652,0.441785,0.351016,0.345993,0.535957,-0.403693
-0.438823,-0.567724,-0.525761,0.456837,0.34665,0.3525,0.543828,-0.421668
-0.428113,-0.559511,-0.530503,0.471416,0.342347,0.358626,0.55185,-0.439774
-0.417337,-0.551447,-0.534863,0.485445,0.338126,0.364391,0.559994,-0.457944
-0.40654,-0.54361,-0.538964,0.498729,0.33405,0.369788,0.568216,-0.476144
-0.395827,-0.535868,-0.542946,0.511249,0.330191,0.374774,0.576488,-0.494416
-0.385344,-0.527916,-0.546838,0.523242,0.326619,0.379299,0.584792,-0.512761
-0.375173,-0.519509,-0.550628,0.534944,0.323397,0.383312,0.593102,-0.531344
-0.365394,-0.510539,-0.554333,0.546399,0.320592,0.386754,0.601371,-0.550251
-0.356074,-0.501068,-0.558067,0.557407,0.318278,0.38957,0.60952,-0.569557
-0.347299,-0.491315,-0.561984,0.567597,0.316522,0.391717,0.617446,-0.589114
-0.33919,-0.481469,-0.566155,0.576719,0.315371,0.393163,0.625054,-0.608549
-0.331814,-0.471633,-0.570634,0.58467,0.314853,0.393889,0.632261,-0.627718
-0.32524,-0.461747,-0.575471,0.591475,0.315,0.39387,0.639013,-0.646683
-0.319517,-0.451732,-0.58074,0.59715,0.315843,0.393094,0.645273,-0.665614
-0.31463,-0.441712,-0.586471,0.601622,0.317364,0.391564,0.650996,-0.68453
-0.310515,-0.431916,-0.592638,0.604822,0.319509,0.389295,0.656141,-0.703306
-0.307118,-0.422442,-0.599253,0.606727,0.322234,0.386313,0.660686,-0.722022
-0.304456,-0.413273,-0.606322,0.60736,0.325511,0.382641,0.664621,-0.740712
-0.302589,-0.404412,-0.613834,0.606711,0.329312,0.378305,0.667935,-0.759144
-0.301566,-0.395984,-0.621663,0.604806,0.333577,0.373342,0.670624,-0.776734
-0.301342,-0.388181,-0.629591,0.601767,0.338227,0.367836,0.672699,-0.792975
-0.301782,-0.381101,-0.637421,0.597816,0.343191,0.361896,0.674199,-0.807827
-0.302766,-0.374605,-0.644973,0.593307,0.348422,0.355578,0.675174,-0.821563
-0.304231,-0.368429,-0.652176,0.588532,0.353882,0.348882,0.675677,-0.834573
-0.306138,-0.36242,-0.65917,0.583461,0.359547,0.341802,0.675746,-0.847423
-0.308496,-0.356627,-0.666081,0.577914,0.365382,0.334345,0.675411,-0.860119
-0.311357,-0.351261,-0.672875,0.571762,0.371324,0.326543,0.67469,-0.871809
-0.314713,-0.346387,-0.679358,0.565194,0.377292,0.318411,0.673619,-0.881666
-0.318581,-0.341977,-0.685435,0.558334,0.383227,0.309949,0.672236,-0.889199
-0.323102,-0.33802,-0.691227,0.550956,0.389125,0.301179,0.670585,-0.894095
-0.328424,-0.334421,-0.69685,0.542863,0.394998,0.29213,0.668714,-0.8962
-0.33455,-0.331151,-0.702346,0.533971,0.400832,0.282833,0.666645,-0.895669
-0.34118,-0.328253,-0.707818,0.524252,0.406611,0.273346,0.664381,-0.894074
-0.347495,-0.32616,-0.713946,0.512979,0.41231,0.26373,0.661933,-0.895858
-0.352878,-0.325222,-0.721155,0.499643,0.417848,0.253987,0.65932,-0.904014
-0.357743,-0.324551,-0.728489,0.485789,0.423148,0.243965,0.656557,-0.915642
-0.362695,-0.323191,-0.735127,0.472851,0.428192,0.233499,0.65363,-0.927411
-0.36794,-0.321268,-0.74109,0.460644,0.433003,0.222634,0.650503,-0.938494
-0.373519,-0.319445,-0.746528,0.44848,0.437598,0.211561,0.647136,-0.948657
-0.379485,-0.317739,-0.751292,0.43657,0.44194,0.200333,0.643546,-0.957173
-0.385954,-0.315345,-0.754997,0.426119,0.445946,0.188822,0.639815,-0.962711
-0.392942,-0.311693,-0.757549,0.417808,0.449553,0.176943,0.63601,-0.964854
-0.400403,-0.306663,-0.759092,0.411601,0.452732,0.164686,0.632156,-0.963857
-0.408336,-0.300196,-0.759738,0.40736,0.455465,0.152039,0.628259,-0.959764
-0.416824,-0.292308,-0.759464,0.405004,0.457725,0.138996,0.624304,-0.951829
-0.425776,-0.28392,-0.758373,0.403702,0.459505,0.125795,0.620261,-0.939936
-0.434937,-0.276787,-0.756811,0.401817,0.460858,0.112895,0.616099,-0.925362
-0.444172,-0.271629,-0.755009,0.398611,0.461816,0.100452,0.611809,-0.909445
-0.45344,-0.268104,-0.753071,0.394204,0.462367,0.088328,0.607408,-0.893262
-0.462774,-0.265804,-0.750978,0.388871,0.462514,0.076406,0.602902,-0.877189
-0.472319,-0.264514,-0.748577,0.382856,0.462279,0.064677,0.598265,-0.860656
-0.48216,-0.264361,-0.745682,0.376288,0.461676,0.053209,0.593453,-0.843121
-0.492301,-0.265562,-0.742151,0.369226,0.460724,0.042051,0.588437,-0.824521
-0.502616,-0.268318,-0.738026,0.361525,0.459454,0.031221,0.583211,-0.805867
-0.512998,-0.272537,-0.733341,0.353224,0.45791,0.020697,0.57781,-0.788003
-0.523417,-0.277653,-0.728117,0.344658,0.456142,0.010405,0.572309,-0.771174
-0.533983,-0.283004,-0.722352,0.336123,0.454198,0.000238,0.566782,-0.754801
-0.54474,-0.288475,-0.716114,0.327446,0.452114,-0.009868,0.561262,-0.738727
-0.555641,-0.294178,-0.70945,0.318439,0.449907,-0.01994,0.555779,-0.723047
-0.566666,-0.299944,-0.702292,0.309369,0.44758,-0.02999,0.55039,-0.707338
-0.577858,-0.305439,-0.694527,0.300699,0.445136,-0.04003,0.545144,-0.690884
-0.589253,-0.310525,-0.68612,0.292566,0.442592,-0.050074,0.540055,-0.673408
-0.600794,-0.315349,-0.67713,0.284775,0.439963,-0.060135,0.535118,-0.6554
-0.612391,-0.320094,-0.667686,0.276969,0.437275,-0.070236,0.530334,-0.637666
-0.623972,-0.324814,-0.657908,0.268909,0.434547,-0.080409,0.525719,-0.620725
-0.635552,-0.329355,-0.647839,0.260583,0.431794,-0.090699,0.521286,-0.604514
-0.647233,-0.333506,-0.637398,0.252164,0.429047,-0.101106,0.517027,-0.588444
-0.659052,-0.337226,-0.626484,0.243817,0.426345,-0.111587,0.512917,-0.572283
-0.671008,-0.340538,-0.615003,0.235698,0.423704,-0.122108,0.50894,-0.55604
-0.683056,-0.343441,-0.60297,0.227837,0.421152,-0.132655,0.505104,-0.539848
-0.69506,-0.345932,-0.590611,0.220004,0.418744,-0.143248,0.501474,-0.52407
-0.706936,-0.347753,-0.578275,0.211915,0.41657,-0.153935,0.498165,-0.508724
-0.718529,-0.348681,-0.566441,0.203182,0.414732,-0.16476,0.495301,-0.494218
-0.729728,-0.348459,-0.555539,0.193519,0.413316,-0.17574,0.49298,-0.480634
-0.740527,-0.346676,-0.545764,0.183239,0.41237,-0.186826,0.491269,-0.467164
-0.750853,-0.342985,-0.537231,0.173101,0.411896,-0.197894,0.490249,-0.452917
-0.760345,-0.337718,-0.53022,0.163365,0.411918,-0.208818,0.489981,-0.438819
-0.768605,-0.331657,-0.524999,0.153705,0.412479,-0.219496,0.490483,-0.42661
-0.775448,-0.32553,-0.521593,0.143707,0.413602,-0.229831,0.491732,-0.41737
-0.780905,-0.319729,-0.519825,0.133205,0.415277,-0.239738,0.493676,-0.411169
-0.785066,-0.31437,-0.51949,0.122367,0.417484,-0.249126,0.496251,-0.407662
-0.787953,-0.309423,-0.520509,0.111613,0.420204,-0.257888,0.499411,-0.40662
-0.789527,-0.304869,-0.522902,0.101367,0.423421,-0.265924,0.503123,-0.408106
-0.789774,-0.300671,-0.526714,0.0917929,0.427119,-0.273179,0.507361,-0.412168
-0.788698,-0.29682,-0.531963,0.0828729,0.431265,-0.279637,0.512099,-0.418886
-0.786286,-0.293404,-0.538623,0.0745217,0.435821,-0.285298,0.517302,-0.428583
-0.782504,-0.290477,-0.546682,0.066707,0.440736,-0.290168,0.522945,-0.441656
-0.777344,-0.28799,-0.556128,0.0593327,0.445958,-0.294259,0.529008,-0.458277
-0.770869,-0.285842,-0.566864,0.0521607,0.451422,-0.297602,0.535453,-0.478313
-0.763195,-0.284015,-0.578661,0.0449334,0.457051,-0.300229,0.542214,-0.501579
-0.754408,-0.282622,-0.591262,0.0374563,0.462758,-0.302174,0.549206,-0.528248
-0.744577,-0.281696,-0.604458,0.0297158,0.468466,-0.303451,0.556359,-0.558411
-0.733785,-0.28111,-0.618108,0.0218892,0.474102,-0.30407,0.563624,-0.591916
-0.722157,-0.280691,-0.632058,0.0142861,0.4796,-0.304038,0.570939,-0.628355
-0.709972,-0.280316,-0.645996,0.00720013,0.48489,-0.303376,0.578192,-0.666776
-0.697651,-0.279949,-0.659477,0.000842012,0.489925,-0.302114,0.58523,-0.705694
0.685648,0.279701,0.672037,0.00461068,0.494676,-0.300272,0.591891,-0.743413
0.674312,0.279721,0.683359,0.00891728,0.499124,-0.297841,0.598047,-0.77844
0.663843,0.28011,0.693336,0.0117179,0.503235,-0.294792,0.60363,-0.809652
0.65431,0.281032,0.701952,0.012744,0.506964,-0.29109,0.608617,-0.836388
0.64574,0.28276,0.70917,0.0120679,0.510262,-0.286723,0.612993,-0.858405
0.638167,0.285537,0.714922,0.00987736,0.513083,-0.281696,0.616742,-0.875474
0.631628,0.289568,0.719136,0.00624157,0.515386,-0.276021,0.619843,-0.887382
0.626115,0.294917,0.721805,0.00115138,0.517119,-0.269719,0.622286,-0.894046
-0.621505,-0.301573,-0.723019,0.00527254,0.518218,-0.262818,0.6241,-0.895981
-0.61758,-0.309396,-0.722983,0.0128319,0.518615,-0.255364,0.625358,-0.894097
-0.614111,-0.318224,-0.721906,0.0212804,0.518253,-0.24743,0.626148,-0.889415
-0.610982,-0.327877,-0.719914,0.0303651,0.517102,-0.239104,0.626534,-0.882482
-0.60814,-0.338119,-0.717112,0.0399012,0.515157,-0.230484,0.626584,-0.87352
-0.60545,-0.348738,-0.71368,0.0497255,0.512417,-0.221675,0.626387,-0.863107
-0.602785,-0.359502,-0.709817,0.0597321,0.508898,-0.212791,0.626036,-0.85176
-0.600146,-0.370176,-0.705636,0.0698001,0.504646,-0.203949,0.625593,-0.839611
-0.59772,-0.380585,-0.70107,0.0799204,0.499735,-0.195244,0.625068,-0.826112
-0.595733,-0.390667,-0.695956,0.0901503,0.494239,-0.186742,0.624444,-0.810612
-0.594269,-0.400474,-0.690184,0.100554,0.488218,-0.178481,0.623706,-0.793049
-0.593257,-0.410053,-0.683757,0.111256,0.481707,-0.170474,0.62287,-0.773845
-0.592517,-0.419436,-0.676781,0.12233,0.474737,-0.162728,0.621971,-0.753779
-0.591851,-0.428733,-0.669338,0.133742,0.46733,-0.155239,0.621044,-0.733634
-0.591192,-0.438098,-0.661356,0.145502,0.459511,-0.147987,0.620087,-0.71369
-0.590602,-0.447628,-0.652667,0.157619,0.451311,-0.14096,0.619065,-0.693791
-0.590136,-0.457297,-0.643191,0.170073,0.442762,-0.134159,0.617949,-0.673829
-0.589727,-0.466933,-0.633064,0.182826,0.4339,-0.127594,0.616777,-0.654023
-0.589138,-0.476351,-0.62264,0.195768,0.424775,-0.121269,0.615641,-0.635051
-0.588034,-0.48559,-0.612326,0.208506,0.41546,-0.115231,0.614633,-0.618044
-0.586204,-0.494882,-0.602347,0.220533,0.40602,-0.109558,0.613776,-0.603936
-0.583686,-0.504379,-0.592618,0.231767,0.396477,-0.104292,0.613029,-0.592595
-0.580563,-0.514175,-0.582951,0.24236,0.38682,-0.099436,0.612351,-0.583573
-0.576906,-0.524252,-0.573237,0.252466,0.377073,-0.094929,0.611748,-0.576319
-0.572831,-0.534331,-0.563522,0.262295,0.367317,-0.090635,0.611283,-0.570014
-0.568324,-0.544182,-0.554001,0.271949,0.357604,-0.086464,0.611021,-0.564389
-0.563357,-0.55367,-0.544774,0.281603,0.347934,-0.082377,0.610991,-0.559235
-0.557899,-0.562792,-0.53581,0.291415,0.338294,-0.078349,0.611188,-0.554421
-0.552006,-0.57156,-0.526998,0.301465,0.32868,-0.074366,0.611585,-0.549647
-0.545694,-0.580037,-0.518348,0.311593,0.319126,-0.070424,0.612158,-0.54496
-0.538911,-0.58831,-0.510006,0.321496,0.309703,-0.066523,0.612898,-0.540758
-0.531751,-0.596244,-0.502063,0.331158,0.300476,-0.062657,0.613816,-0.536803
-0.524209,-0.603756,-0.494594,0.340676,0.291485,-0.058829,0.61493,-0.533015
-0.516245,-0.610852,-0.487585,0.350161,0.282738,-0.055049,0.616236,-0.529335
-0.507874,-0.617533,-0.480941,0.35974,0.274244,-0.05132,0.617723,-0.525547
-0.499163,-0.623764,-0.474611,0.369457,0.266035,-0.047648,0.619393,-0.521401
-0.49004,-0.629588,-0.468732,0.37917,0.258179,-0.044044,0.621271,-0.517224
-0.480389,-0.635002,-0.463554,0.388738,0.250756,-0.040513,0.623396,-0.51347
-0.470152,-0.63991,-0.459265,0.398181,0.243851,-0.037075,0.625816,-0.510304
-0.459308,-0.64424,-0.456002,0.407496,0.237544,-0.03375,0.628551,-0.507881
-0.44799,-0.647881,-0.453776,0.416704,0.231923,-0.030558,0.631597,-0.506051
-0.436492,-0.650753,-0.452514,0.425706,0.227104,-0.027544,0.634904,-0.504572
-0.425266,-0.652819,-0.452133,0.434226,0.223228,-0.024739,0.638382,-0.50321
-0.41469,-0.654192,-0.452619,0.441815,0.220438,-0.022166,0.641907,-0.502193
-0.40501,-0.655065,-0.453916,0.448126,0.21884,-0.019843,0.645348,-0.501917
-0.396444,-0.65555,-0.455852,0.453085,0.218479,-0.017786,0.648597,-0.502385
-0.389134,-0.655713,-0.458226,0.456775,0.219346,-0.015999,0.651576,-0.503441
-0.383081,-0.655554,-0.460942,0.45938,0.221394,-0.014458,0.654257,-0.505031
-0.378292,-0.654993,-0.463929,0.461138,0.224565,-0.013129,0.656645,-0.506959
-0.374615,-0.654029,-0.46719,0.462214,0.228779,-0.011988,0.658757,-0.50938
-0.371898,-0.652635,-0.470661,0.462859,0.23393,-0.011007,0.660626,-0.512249
-0.369913,-0.650821,-0.474241,0.463348,0.239878,-0.010164,0.662284,-0.515546
-0.368545,-0.648521,-0.477767,0.464041,0.246473,-0.009434,0.663775,-0.518869
-0.367655,-0.645697,-0.481155,0.465183,0.253587,-0.008791,0.665144,-0.521998
-0.367018,-0.642388,-0.484479,0.466814,0.261133,-0.008218,0.66644,-0.525215
-0.366533,-0.638579,-0.487858,0.468898,0.269067,-0.007702,0.667705,-0.528681
-0.366262,-0.634242,-0.491312,0.471383,0.277368,-0.007233,0.668967,-0.532192
-0.366242,-0.629439,-0.494867,0.47411,0.286014,-0.006807,0.670234,-0.535693
-0.36637,-0.624339,-0.498594,0.476842,0.294953,-0.006415,0.671504,-0.539478
-0.366448,-0.619107,-0.502593,0.479398,0.304119,-0.006054,0.672781,-0.54404
-0.366479,-0.613746,-0.506806,0.481827,0.313448,-0.005732,0.674088,-0.549145
-0.366426,-0.608283,-0.511244,0.4841,0.3229,-0.005448,0.675445,-0.554787
-0.366179,-0.602845,-0.516034,0.486003,0.332454,-0.005189,0.67685,-0.561407
-0.365627,-0.597635,-0.521294,0.487239,0.34208,-0.004947,0.678289,-0.56955
-0.364978,-0.592667,-0.52692,0.487742,0.351739,-0.004717,0.679752,-0.578763
-0.364628,-0.587755,-0.532632,0.487743,0.361408,-0.004499,0.681241,-0.587833
-0.3647,-0.582776,-0.538337,0.4874,0.371088,-0.00429,0.682784,-0.59632
-0.365087,-0.577726,-0.544218,0.486592,0.380796,-0.004094,0.6844,-0.60472
-0.36575,-0.572578,-0.550442,0.485175,0.390555,-0.00391,0.686097,-0.613386
-0.366678,-0.567278,-0.557035,0.483172,0.400364,-0.003745,0.687868,-0.622372
-0.367791,-0.561773,-0.563982,0.480691,0.4102,-0.003607,0.689718,-0.631715
-0.369097,-0.555998,-0.571219,0.477851,0.420037,-0.003499,0.691644,-0.641223
-0.37064,-0.549952,-0.578768,0.474558,0.42987,-0.003422,0.693629,-0.650906
-0.372469,-0.543671,-0.586718,0.470585,0.43971,-0.003382,0.695651,-0.660996
-0.374613,-0.537151,-0.595065,0.465867,0.449545,-0.003393,0.697698,-0.671529
-0.376994,-0.530296,-0.603729,0.460623,0.459333,-0.003466,0.699791,-0.682364
-0.37949,-0.522994,-0.612674,0.455076,0.469021,-0.00361,0.701959,-0.69342
-0.38206,-0.515211,-0.621901,0.449251,0.47857,-0.003834,0.704188,-0.704715
-0.384774,-0.507022,-0.631448,0.442889,0.487965,-0.004146,0.706432,-0.716432
-0.387684,-0.498599,-0.641323,0.435666,0.49717,-0.004554,0.708624,-0.728886
-0.390758,-0.490123,-0.651435,0.427458,0.506109,-0.005061,0.710696,-0.742276
-0.393922,-0.481714,-0.66156,0.418468,0.51466,-0.00565,0.712594,-0.756401
-0.397062,-0.473548,-0.671461,0.408943,0.52268,-0.006284,0.714263,-0.771033
-0.400233,-0.46576,-0.680913,0.399047,0.530057,-0.006923,0.715632,-0.78565
-0.403631,-0.458467,-0.689705,0.388841,0.536708,-0.00753,0.716619,-0.79954
-0.40736,-0.45181,-0.697742,0.378261,0.542563,-0.008068,0.717158,-0.81241
-0.411294,-0.445895,-0.705062,0.367292,0.547541,-0.0085,0.717229,-0.824493
-0.415226,-0.440641,-0.711689,0.356262,0.551545,-0.008788,0.716863,-0.835777
-0.419055,-0.435968,-0.717452,0.345815,0.554461,-0.008868,0.716089,-0.845516
-0.422846,-0.432019,-0.722099,0.336353,0.556178,-0.008756,0.714856,-0.852816
-0.426362,-0.429921,-0.725789,0.326518,0.556696,-0.008454,0.712969,-0.859829
-0.429324,-0.43057,-0.728715,0.315064,0.556104,-0.007805,0.710347,-0.868665
-0.43195,-0.432987,-0.730618,0.303544,0.554407,-0.006723,0.707192,-0.876844
-0.43446,-0.436062,-0.731412,0.29348,0.551625,-0.005255,0.703672,-0.882285
-0.436815,-0.439643,-0.73124,0.284948,0.547845,-0.003437,0.699803,-0.885333
-0.438975,-0.443818,-0.730119,0.277944,0.543138,-0.001284,0.695576,-0.886224
-0.440895,-0.448765,-0.728017,0.27242,0.537554,0.001207,0.691006,-0.885081
-0.442446,-0.454559,-0.725018,0.268265,0.531146,0.004036,0.68615,-0.882434
-0.443466,-0.461105,-0.721336,0.265321,0.523976,0.007176,0.6811,-0.879156
-0.443905,-0.468215,-0.717157,0.263455,0.516121,0.010578,0.675942,-0.875779
-0.443859,-0.475758,-0.712568,0.262468,0.507672,0.014188,0.670723,-0.87231
-0.44343,-0.483701,-0.7076,0.262117,0.49872,0.017964,0.665468,-0.868687
-0.442759,-0.491915,-0.702248,0.26236,0.489353,0.02187,0.660199,-0.864648
-0.441928,-0.500224,-0.696549,0.263239,0.479661,0.025886,0.654945,-0.860194
-0.440932,-0.508513,-0.690567,0.264785,0.469721,0.030003,0.64973,-0.855574
-0.439791,-0.516662,-0.684356,0.267024,0.459596,0.034202,0.644578,-0.85094
-0.438601,-0.524533,-0.677952,0.269956,0.449344,0.038452,0.639514,-0.846137
-0.437401,-0.53206,-0.671431,0.273444,0.439025,0.042724,0.634544,-0.841291
-0.436252,-0.539199,-0.664855,0.277337,0.428702,0.046997,0.629658,-0.836496
-0.435282,-0.54593,-0.658152,0.281648,0.418414,0.051287,0.624829,-0.831403
-0.434523,-0.552356,-0.651173,0.286472,0.408165,0.055627,0.62003,-0.825745
-0.433864,-0.558678,-0.643783,0.291864,0.397934,0.060052,0.615243,-0.819572
-0.433189,-0.565021,-0.635915,0.297844,0.387706,0.064574,0.610478,-0.813006
-0.432387,-0.571418,-0.627627,0.304313,0.377484,0.069181,0.605765,-0.8063
-0.431409,-0.577816,-0.619005,0.311204,0.367284,0.073863,0.601146,-0.799565
-0.430256,-0.584131,-0.610093,0.318524,0.35713,0.078616,0.596657,-0.792747
-0.428896,-0.590334,-0.600919,0.326268,0.347043,0.083422,0.59232,-0.785908
-0.427337,-0.596368,-0.591502,0.334445,0.337047,0.088262,0.588144,-0.779054
-0.42562,-0.602177,-0.581815,0.343106,0.327157,0.093107,0.584137,-0.772023
-0.423764,-0.607795,-0.571783,0.352241,0.317373,0.097921,0.580301,-0.764629
-0.421579,-0.613468,-0.561457,0.361517,0.307707,0.102677,0.576615,-0.757395
-0.418889,-0.619378,-0.550986,0.370562,0.298201,0.107354,0.573058,-0.750975
-0.41572,-0.625474,-0.540427,0.379339,0.288905,0.111937,0.569626,-0.745421
-0.412209,-0.631604,-0.529727,0.388008,0.279872,0.116407,0.566314,-0.740404
-0.408494,-0.637703,-0.518764,0.396675,0.271161,0.120738,0.563094,-0.735525
-0.404656,-0.643817,-0.507514,0.405194,0.26285,0.124895,0.559928,-0.730626
-0.400886,-0.649885,-0.496064,0.413353,0.255034,0.128837,0.556811,-0.725316
-0.397259,-0.655846,-0.484759,0.420786,0.247832,0.132547,0.553778,-0.719754
-0.393698,-0.661629,-0.474006,0.42728,0.24137,0.13603,0.550885,-0.714604
-0.390198,-0.667119,-0.464005,0.432894,0.235743,0.139282,0.548181,-0.710155
-0.386891,-0.672172,-0.45474,0.43785,0.231009,0.142285,0.545703,-0.706133
-0.383928,-0.676688,-0.446181,0.442284,0.227221,0.145015,0.543473,-0.702215
-0.381288,-0.680699,-0.438468,0.44611,0.224444,0.147459,0.541505,-0.698672
-0.378987,-0.684252,-0.43177,0.449158,0.22275,0.14962,0.539798,-0.695715
-0.377244,-0.687317,-0.426101,0.451354,0.222185,0.151515,0.538326,-0.692927
-0.376057,-0.690002,-0.421464,0.452599,0.222745,0.153156,0.537046,-0.69039
-0.375402,-0.692378,-0.417719,0.452987,0.224375,0.15454,0.535919,-0.688116
-0.375366,-0.694406,-0.414632,0.452749,0.226994,0.155673,0.534915,-0.68578
-0.375964,-0.696063,-0.412023,0.452089,0.230506,0.156575,0.534017,-0.683229
-0.377063,-0.697482,-0.409804,0.451002,0.234811,0.157265,0.533191,-0.680663
-0.378419,-0.698896,-0.407906,0.449394,0.239804,0.157744,0.532391,-0.678547
-0.379916,-0.700414,-0.406233,0.44728,0.245396,0.158024,0.531587,-0.677053
-0.38154,-0.70193,-0.404759,0.444849,0.251529,0.15813,0.530782,-0.676277
-0.38337,-0.703211,-0.40355,0.442346,0.25818,0.15809,0.530011,-0.676218
-0.385649,-0.703897,-0.402698,0.440044,0.265353,0.157926,0.529316,-0.676533
-0.388617,-0.70373,-0.402302,0.438058,0.27305,0.157654,0.528732,-0.676762
-0.392413,-0.702612,-0.402383,0.43639,0.281251,0.157283,0.528266,-0.676523
-0.396926,-0.700674,-0.402951,0.434899,0.289912,0.156818,0.527909,-0.675912
-0.401897,-0.698115,-0.404068,0.433409,0.29898,0.156275,0.527652,-0.675385
-0.40707,-0.695102,-0.405883,0.431725,0.308415,0.155681,0.527505,-0.675463
-0.412296,-0.691714,-0.408503,0.429732,0.318185,0.155041,0.527508,-0.676373
-0.417622,-0.687949,-0.411833,0.427449,0.328263,0.154333,0.527709,-0.677708
-0.42308,-0.683862,-0.415719,0.424869,0.338606,0.153557,0.528113,-0.679081
-0.428723,-0.679461,-0.419981,0.422073,0.34914,0.152759,0.528692,-0.680031
-0.434484,-0.674787,-0.42457,0.419078,0.359808,0.151971,0.529434,-0.680571
-0.440264,-0.669917,-0.429473,0.415851,0.370574,0.151188,0.530338,-0.680856
-0.44598,-0.664898,-0.434683,0.412386,0.381411,0.150409,0.531409,-0.681058
-0.451523,-0.65974,-0.440238,0.408731,0.392294,0.149625,0.532661,-0.681529
-0.456901,-0.654365,-0.446141,0.404978,0.403203,0.14883,0.534093,-0.682363
-0.462269,-0.648691,-0.452274,0.401193,0.414118,0.148016,0.535674,-0.683212
-0.467795,-0.642723,-0.458459,0.397355,0.425024,0.147181,0.537329,-0.683668
-0.473464,-0.636556,-0.464627,0.393383,0.435903,0.14633,0.538989,-0.683867
-0.478987,-0.630303,-0.470938,0.389238,0.446717,0.145467,0.540631,-0.684788
-0.484286,-0.623816,-0.477498,0.385118,0.457428,0.144578,0.542273,-0.686759
-0.489498,-0.616879,-0.484272,0.381225,0.468009,0.143658,0.543918,-0.689368
-0.494677,-0.60948,-0.491285,0.37745,0.478449,0.142695,0.54554,-0.692512
-0.499924,-0.601638,-0.498508,0.373628,0.488733,0.141662,0.547102,-0.695907
-0.50529,-0.59329,-0.50591,0.369788,0.498814,0.140547,0.548593,-0.699304
-0.510631,-0.584411,-0.513542,0.366053,0.508604,0.139333,0.550039,-0.702942
-0.515715,-0.575047,-0.521509,0.362474,0.518003,0.138013,0.55147,-0.707304
-0.520431,-0.565285,-0.529835,0.358999,0.526921,0.136592,0.552899,-0.712495
-0.524765,-0.555318,-0.538447,0.355413,0.535288,0.135079,0.554303,-0.718347
-0.528707,-0.545408,-0.547197,0.35153,0.543008,0.133498,0.555629,-0.724685
-0.532203,-0.535779,-0.555878,0.34742,0.549947,0.1319,0.556836,-0.731307
-0.535153,-0.526578,-0.564316,0.343329,0.555962,0.130358,0.557918,-0.738028
-0.537406,-0.517945,-0.572447,0.33946,0.560921,0.128952,0.55889,-0.744863
-0.53888,-0.510019,-0.580235,0.335881,0.564718,0.127751,0.559776,-0.751704
-0.539564,-0.502985,-0.587635,0.332509,0.567275,0.126821,0.56059,-0.758374
-0.539456,-0.497076,-0.594513,0.329328,0.568529,0.126222,0.561339,-0.7646
-0.538543,-0.492481,-0.60071,0.326467,0.568424,0.126019,0.562029,-0.770088
-0.536784,-0.489307,-0.606119,0.324131,0.566927,0.126266,0.56267,-0.774679
-0.534078,-0.487651,-0.610729,0.322439,0.564043,0.127001,0.563271,-0.778614
-0.530459,-0.487469,-0.614483,0.321557,0.559823,0.12823,0.563833,-0.781837
-0.526118,-0.488597,-0.617303,0.321575,0.554351,0.129918,0.564335,-0.783937
-0.52118,-0.49085,-0.61924,0.322457,0.54774,0.132008,0.564759,-0.784933
-0.515742,-0.493968,-0.620468,0.324076,0.540125,0.134428,0.565107,-0.78509
-0.510011,-0.497608,-0.621104,0.326351,0.531644,0.137106,0.565379,-0.78433
-0.504239,-0.501554,-0.621167,0.329148,0.522431,0.139979,0.565557,-0.782289
-0.498534,-0.505836,-0.620699,0.332155,0.512605,0.142991,0.565595,-0.779066
-0.492656,-0.510731,-0.619824,0.335056,0.502265,0.146091,0.565451,-0.775899
-0.48647,-0.516313,-0.618553,0.337876,0.491484,0.149265,0.565113,-0.773402
-0.480235,-0.522335,-0.616757,0.34081,0.480316,0.152526,0.5646,-0.770615
-0.474101,-0.528668,-0.614431,0.343821,0.468828,0.155865,0.563918,-0.767084
-0.468115,-0.535253,-0.6116,0.34687,0.457101,0.159246,0.563088,-0.762704
-0.462359,-0.541976,-0.608277,0.349979,0.44522,0.162634,0.562139,-0.757269
-0.456871,-0.548733,-0.604516,0.35316,0.433256,0.166007,0.561095,-0.750781
-0.451657,-0.555396,-0.60033,0.356574,0.421248,0.169362,0.559984,-0.743313
-0.446613,-0.561938,-0.59573,0.360374,0.409207,0.172694,0.558838,-0.735263
-0.441516,-0.568475,-0.590747,0.364579,0.397125,0.176004,0.557675,-0.727285
-0.436368,-0.575028,-0.585343,0.369188,0.38501,0.179285,0.556503,-0.719264
-0.431235,-0.581657,-0.579528,0.373976,0.372906,0.182523,0.555303,-0.710933
-0.426155,-0.588451,-0.573357,0.378654,0.360877,0.185714,0.554047,-0.70221
-0.421162,-0.595435,-0.566853,0.38309,0.348972,0.188863,0.552707,-0.693031
-0.416305,-0.602545,-0.559992,0.387349,0.337219,0.191968,0.551273,-0.683264
-0.411618,-0.609615,-0.552758,0.391662,0.325632,0.195039,0.549767,-0.672895
-0.40705,-0.616552,-0.54519,0.396159,0.314221,0.198079,0.54821,-0.662226
-0.402547,-0.623392,-0.537297,0.400812,0.302997,0.201093,0.54659,-0.651403
-0.398074,-0.630226,-0.528953,0.405661,0.291936,0.204098,0.544898,-0.640303
-0.393532,-0.637167,-0.519986,0.410811,0.280976,0.207101,0.543134,-0.628918
-0.388762,-0.644244,-0.510304,0.416417,0.270047,0.21009,0.541324,-0.617578
-0.383695,-0.651343,-0.499876,0.422676,0.259104,0.213045,0.53952,-0.606551
-0.378302,-0.658318,-0.488696,0.429746,0.248141,0.21594,0.537779,-0.596106
-0.372305,-0.665281,-0.476914,0.437429,0.237187,0.218748,0.536126,-0.587142
-0.365342,-0.672477,-0.464696,0.445374,0.226293,0.221432,0.534561,-0.58065
-0.357224,-0.680062,-0.452126,0.453309,0.215529,0.223943,0.533079,-0.577048
-0.347883,-0.688027,-0.439337,0.461064,0.204992,0.226241,0.531686,-0.576592
-0.337268,-0.696255,-0.426573,0.468524,0.194804,0.228275,0.530408,-0.579688
-0.325754,-0.704449,-0.413946,0.475694,0.185121,0.230008,0.529264,-0.58558
-0.31412,-0.712309,-0.401276,0.48262,0.176119,0.231418,0.528249,-0.592215
-0.302925,-0.719783,-0.388555,0.489054,0.167985,0.23253,0.527325,-0.598146
-0.292499,-0.72692,-0.376064,0.494578,0.160901,0.233417,0.526454,-0.602816
-0.283136,-0.733671,-0.364241,0.498888,0.155055,0.234159,0.525637,-0.606079
-0.275038,-0.739916,-0.35362,0.501829,0.150622,0.234838,0.524914,-0.608233
-0.26832,-0.745574,-0.344636,0.503339,0.147743,0.235538,0.524322,-0.609655
-0.263083,-0.750598,-0.337469,0.503493,0.146489,0.236335,0.523897,-0.610469
-0.259345,-0.754996,-0.332175,0.502375,0.146875,0.237283,0.523672,-0.610738
-0.25705,-0.758816,-0.328764,0.500038,0.148866,0.238413,0.52367,-0.610543
-0.256141,-0.762097,-0.327183,0.496539,0.152397,0.239738,0.523908,-0.609867
-0.256491,-0.764862,-0.327277,0.492025,0.157368,0.241256,0.5244,-0.608798
-0.258086,-0.767045,-0.328819,0.486735,0.163692,0.24295,0.525171,-0.607183
-0.260919,-0.768542,-0.331632,0.480921,0.171303,0.244804,0.526246,-0.605004
-0.264969,-0.769285,-0.335415,0.474856,0.180101,0.246793,0.527618,-0.602167
-0.270198,-0.769292,-0.339862,0.468698,0.189972,0.248896,0.529237,-0.598536
-0.276478,-0.76862,-0.344848,0.462454,0.20081,0.251103,0.531052,-0.594239
-0.283749,-0.767274,-0.350319,0.456129,0.212518,0.253407,0.533029,-0.589265
-0.291862,-0.765252,-0.356239,0.449777,0.224994,0.255768,0.535153,-0.583854
-0.300613,-0.762593,-0.362455,0.44352,0.238122,0.258107,0.537401,-0.578339
-0.309739,-0.759416,-0.368792,0.437426,0.251769,0.260373,0.539729,-0.573114
-0.319066,-0.7558,-0.375131,0.431555,0.265803,0.262547,0.542088,-0.568411
-0.32836,-0.751857,-0.381633,0.425731,0.280134,0.264625,0.544453,-0.564761
-0.337259,-0.747652,-0.388818,0.419635,0.294719,0.266611,0.546851,-0.56333
-0.34544,-0.7432,-0.39728,0.412908,0.309535,0.268509,0.549336,-0.565264
-0.35276,-0.738453,-0.407315,0.405391,0.324535,0.270294,0.551944,-0.571058
-0.359562,-0.73304,-0.418606,0.397664,0.339571,0.271973,0.554716,-0.579742
-0.366651,-0.726257,-0.430438,0.39095,0.354414,0.273604,0.557708,-0.588884
-0.374302,-0.717924,-0.442482,0.385607,0.368928,0.275197,0.560905,-0.597262
-0.382348,-0.708344,-0.454811,0.381059,0.383078,0.276711,0.564233,-0.604799
-0.390748,-0.697844,-0.467429,0.376618,0.396823,0.278117,0.567614,-0.610991
-0.399478,-0.686539,-0.480159,0.372194,0.410075,0.2794,0.571001,-0.615468
-0.408298,-0.674298,-0.492785,0.368481,0.422707,0.280566,0.574385,-0.618904
-0.417053,-0.660897,-0.50511,0.366259,0.434599,0.281631,0.577766,-0.621753
-0.425508,-0.646457,-0.51711,0.365558,0.445678,0.282606,0.581101,-0.624484
-0.433198,-0.631551,-0.529004,0.365564,0.455936,0.283491,0.5843,-0.628304
-0.439924,-0.616746,-0.54094,0.365343,0.465392,0.284282,0.587254,-0.633779
-0.4458,-0.60232,-0.552821,0.364502,0.474042,0.284979,0.589887,-0.640627
-0.450972,-0.588345,-0.564437,0.363159,0.481838,0.285608,0.59216,-0.648429
-0.455539,-0.57481,-0.575555,0.361683,0.48871,0.286212,0.594065,-0.656797
-0.459563,-0.561782,-0.585974,0.360329,0.494587,0.286843,0.595598,-0.665297
-0.463087,-0.549531,-0.595545,0.359015,0.499419,0.287552,0.596739,-0.673373
-0.466075,-0.538441,-0.604172,0.357535,0.503159,0.288395,0.597472,-0.680683
-0.468469,-0.52877,-0.611811,0.355845,0.505768,0.289429,0.597825,-0.687002
-0.470232,-0.520563,-0.618475,0.354097,0.50722,0.29069,0.597861,-0.692159
-0.47132,-0.513782,-0.624265,0.35239,0.507509,0.292192,0.597654,-0.696166
-0.471698,-0.508385,-0.62933,0.350698,0.506649,0.293944,0.59727,-0.699062
-0.471422,-0.504287,-0.63373,0.349059,0.504653,0.295948,0.596762,-0.700466
-0.470525,-0.501398,-0.637479,0.3476,0.501533,0.298202,0.596183,-0.700058
-0.468898,-0.499741,-0.640694,0.346272,0.497317,0.300705,0.595573,-0.69817
-0.46648,-0.499326,-0.643488,0.344954,0.49207,0.303448,0.594956,-0.695083
-0.46338,-0.500076,-0.645817,0.34369,0.485869,0.306415,0.594329,-0.690374
-0.459736,-0.501892,-0.647586,0.342606,0.478792,0.309592,0.593673,-0.683562
-0.455662,-0.50456,-0.648755,0.341919,0.47091,0.312944,0.592991,-0.674506
-0.451194,-0.507829,-0.649376,0.341824,0.462293,0.316427,0.5923,-0.663591
-0.446422,-0.511424,-0.649506,0.342482,0.453018,0.320004,0.591619,-0.651057
-0.441422,-0.515224,-0.649164,0.343915,0.443156,0.323646,0.590952,-0.636987
-0.436132,-0.519383,-0.648386,0.34587,0.432772,0.327342,0.590277,-0.621739
-0.430493,-0.52407,-0.647139,0.348193,0.421916,0.331098,0.589559,-0.605635
-0.424465,-0.52932,-0.645328,0.350999,0.410612,0.334911,0.588776,-0.58914
-0.417964,-0.535035,-0.642913,0.354551,0.398878,0.338769,0.587934,-0.573293
-0.410854,-0.541073,-0.639966,0.359002,0.386736,0.342642,0.58705,-0.559437
-0.403196,-0.547268,-0.636517,0.364386,0.374233,0.346482,0.58612,-0.547911
-0.395348,-0.553403,-0.632395,0.370839,0.361423,0.350238,0.585123,-0.537573
-0.387493,-0.559423,-0.6275,0.378338,0.348338,0.353877,0.584039,-0.527749
-0.379598,-0.565334,-0.621833,0.386816,0.334988,0.357367,0.582867,-0.518667
-0.371648,-0.571092,-0.615358,0.396316,0.321375,0.360675,0.58162,-0.510553
-0.363674,-0.576639,-0.608064,0.4068,0.30752,0.363766,0.580314,-0.503419
-0.355744,-0.581998,-0.599961,0.418055,0.293473,0.366624,0.578939,-0.496935
-0.347888,-0.587237,-0.591094,0.429807,0.27929,0.369245,0.577476,-0.490854
-0.340031,-0.592439,-0.58157,0.441781,0.26501,0.371608,0.575919,-0.485319
-0.332147,-0.597584,-0.571427,0.453919,0.250656,0.373691,0.574287,-0.480356
-0.324198,-0.602639,-0.560617,0.466294,0.236232,0.375479,0.572601,-0.47608
-0.316042,-0.607715,-0.549324,0.478585,0.221815,0.376977,0.570856,-0.472872
-0.307419,-0.613109,-0.538054,0.489988,0.20755,0.378204,0.569014,-0.471298
-0.298316,-0.618851,-0.526885,0.500422,0.193475,0.3792,0.567102,-0.471148
-0.288966,-0.624627,-0.515449,0.510541,0.179524,0.379998,0.565216,-0.471723
-0.279436,-0.630194,-0.503697,0.520634,0.165716,0.380593,0.563429,-0.473104
-0.269724,-0.635444,-0.49179,0.530663,0.152142,0.380948,0.561773,-0.475562
-0.259938,-0.640338,-0.479828,0.540523,0.138894,0.381061,0.560268,-0.478741
-0.250258,-0.644884,-0.467856,0.550097,0.126053,0.380955,0.558927,-0.481953
-0.24077,-0.649133,-0.45597,0.559238,0.113699,0.380642,0.557748,-0.484839
-0.231489,-0.653029,-0.444298,0.567948,0.101914,0.380128,0.556736,-0.487638
-0.222463,-0.656434,-0.433148,0.576184,0.090812,0.379448,0.555905,-0.490764
-0.213809,-0.65926,-0.422907,0.583791,0.08053,0.378678,0.555256,-0.49446
-0.205671,-0.661564,-0.413723,0.590649,0.071159,0.377876,0.554765,-0.498505
-0.198105,-0.663533,-0.405663,0.596587,0.062751,0.377074,0.554392,-0.502556
-0.191186,-0.665286,-0.398736,0.601542,0.055336,0.376316,0.554108,-0.506344
-0.184989,-0.666853,-0.392826,0.605618,0.048913,0.37565,0.553902,-0.509697
-0.179518,-0.668224,-0.387828,0.608966,0.043479,0.375099,0.553753,-0.512849
-0.174735,-0.669431,-0.383777,0.611591,0.03905,0.374698,0.553622,-0.51614
-0.170657,-0.670548,-0.380759,0.613403,0.035641,0.374518,0.553474,-0.519637
-0.167351,-0.671691,-0.378734,0.614317,0.033247,0.37459,0.55327,-0.523012
-0.164904,-0.67295,-0.377638,0.614275,0.031861,0.374921,0.552977,-0.525854
-0.163438,-0.674357,-0.377404,0.613267,0.031475,0.375517,0.552581,-0.527715
-0.162943,-0.675902,-0.378046,0.6113,0.032071,0.376383,0.55208,-0.528663
-0.163348,-0.677546,-0.379534,0.608443,0.033608,0.3775,0.551498,-0.528881
-0.164569,-0.679282,-0.381735,0.60479,0.036024,0.378826,0.550865,-0.528411
-0.166397,-0.681201,-0.384543,0.600336,0.039242,0.380319,0.550183,-0.527493
-0.168706,-0.683364,-0.387717,0.59517,0.043209,0.381911,0.549437,-0.526137
-0.171523,-0.68571,-0.391036,0.589468,0.047904,0.383545,0.548639,-0.524224
-0.174991,-0.688086,-0.394341,0.583447,0.053296,0.385211,0.547838,-0.521543
-0.17908,-0.690406,-0.397664,0.577176,0.059366,0.386904,0.547063,-0.518359
-0.183778,-0.692605,-0.401089,0.570659,0.066104,0.388621,0.54633,-0.514838
-0.189031,-0.694641,-0.404637,0.563924,0.073475,0.390345,0.545651,-0.511164
-0.19472,-0.696507,-0.40836,0.55696,0.081451,0.392059,0.545034,-0.507651
-0.200719,-0.698194,-0.412459,0.549649,0.090014,0.393761,0.544493,-0.5047
-0.206928,-0.699661,-0.417221,0.541832,0.09917,0.395456,0.544058,-0.502677
-0.213339,-0.70086,-0.422759,0.533439,0.108918,0.397139,0.543737,-0.501581
-0.219965,-0.701723,-0.42896,0.524588,0.119222,0.39879,0.543532,-0.501354
-0.22678,-0.702154,-0.435584,0.515575,0.13,0.400376,0.543464,-0.502141
-0.233746,-0.702055,-0.442468,0.506659,0.141171,0.401881,0.543561,-0.504131
-0.240747,-0.70142,-0.449688,0.497827,0.152684,0.403304,0.543834,-0.50763
-0.247849,-0.700173,-0.457195,0.489185,0.164502,0.404605,0.544321,-0.512365
-0.255306,-0.69817,-0.464776,0.481,0.176593,0.405726,0.545064,-0.517541
-0.262911,-0.695636,-0.472908,0.472575,0.189011,0.406773,0.546015,-0.523475
-0.270274,-0.692992,-0.481906,0.463121,0.201744,0.407878,0.547074,-0.530715
-0.277518,-0.690285,-0.490965,0.453259,0.21459,0.40895,0.548226,-0.538359
-0.284831,-0.6874,-0.499547,0.443627,0.227412,0.409906,0.549496,-0.545734
-0.292172,-0.68424,-0.50779,0.434282,0.240188,0.410767,0.5509,-0.553242
-0.299634,-0.68063,-0.515719,0.425437,0.252888,0.411539,0.552451,-0.560941
-0.307276,-0.676549,-0.523247,0.417224,0.265471,0.412225,0.554123,-0.568662
-0.315169,-0.672077,-0.530271,0.409627,0.277898,0.412832,0.555864,-0.575912
-0.323376,-0.667315,-0.536795,0.402454,0.290159,0.413371,0.557617,-0.582088
-0.331625,-0.662428,-0.54307,0.395335,0.302259,0.413836,0.559371,-0.587798
-0.339432,-0.657604,-0.549416,0.387925,0.314183,0.414203,0.561146,-0.594592
-0.346675,-0.652938,-0.555814,0.380209,0.325895,0.414473,0.562925,-0.60289
-0.353357,-0.64859,-0.562112,0.372156,0.337364,0.414674,0.564642,-0.612543
-0.359506,-0.644645,-0.568184,0.363806,0.348569,0.414831,0.566247,-0.623478
-0.36514,-0.641076,-0.573964,0.355331,0.35948,0.414957,0.56773,-0.635867
-0.370433,-0.637713,-0.579347,0.347071,0.370062,0.415052,0.569115,-0.649217
-0.3755,-0.634388,-0.584295,0.339338,0.380269,0.415108,0.57042,-0.663291
-0.380335,-0.63105,-0.588843,0.332244,0.390053,0.415104,0.571637,-0.67824
-0.384924,-0.627836,-0.592931,0.325714,0.39936,0.415018,0.572719,-0.693737
-0.3893,-0.624883,-0.59651,0.319597,0.408141,0.414824,0.573603,-0.708871
-0.393532,-0.622266,-0.599568,0.313744,0.416345,0.414501,0.574233,-0.722664
-0.397685,-0.619958,-0.602101,0.308177,0.423897,0.414036,0.574578,-0.73444
-0.401808,-0.617879,-0.604081,0.303088,0.430688,0.413425,0.57465,-0.743624
-0.405875,-0.616018,-0.605452,0.298691,0.436593,0.412675,0.574483,-0.749725
-0.409776,-0.614422,-0.606195,0.295123,0.441499,0.411801,0.57413,-0.752437
-0.413271,-0.613178,-0.606411,0.29238,0.445313,0.410819,0.573651,-0.7521
-0.416135,-0.612357,-0.606229,0.290409,0.447967,0.409738,0.57311,-0.749206
-0.418152,-0.612117,-0.605756,0.289,0.449432,0.408572,0.572531,-0.744309
-0.419186,-0.61269,-0.604984,0.287902,0.449716,0.40735,0.571884,-0.737706
-0.419186,-0.614244,-0.603867,0.286935,0.448865,0.406105,0.571121,-0.729762
-0.41825,-0.616785,-0.602342,0.286054,0.446964,0.404866,0.570194,-0.720681
-0.416563,-0.620144,-0.600387,0.285363,0.444122,0.40365,0.569071,-0.710717
-0.414286,-0.624135,-0.597999,0.284991,0.440451,0.40246,0.567733,-0.700212
-0.411492,-0.62863,-0.595239,0.284938,0.436064,0.401283,0.566174,-0.689647
-0.408274,-0.633436,-0.592209,0.285238,0.431064,0.400098,0.564421,-0.679362
-0.404661,-0.638353,-0.589074,0.285915,0.425538,0.398878,0.56253,-0.669918
-0.400653,-0.64326,-0.585969,0.286937,0.419569,0.397596,0.560555,-0.661699
-0.396289,-0.6481,-0.582974,0.288207,0.413232,0.396236,0.558532,-0.654687
-0.391582,-0.652874,-0.580143,0.289573,0.406598,0.394788,0.556487,-0.648731
-0.386605,-0.657542,-0.57748,0.291019,0.399716,0.393245,0.55444,-0.643586
-0.38154,-0.661952,-0.574928,0.292753,0.392628,0.39161,0.552412,-0.638898
-0.376587,-0.665933,-0.572411,0.29506,0.38536,0.389895,0.550417,-0.634332
-0.371821,-0.669445,-0.569892,0.298019,0.377939,0.3881,0.54847,-0.629957
-0.367266,-0.672548,-0.567352,0.301507,0.370389,0.386225,0.546573,-0.625785
-0.362848,-0.67535,-0.564844,0.305278,0.362745,0.384284,0.54472,-0.621668
-0.358618,-0.677836,-0.562359,0.309327,0.355025,0.382299,0.542926,-0.617182
-0.354636,-0.679928,-0.559889,0.313777,0.347231,0.380285,0.541218,-0.612294
-0.350901,-0.681602,-0.557411,0.318715,0.339341,0.378243,0.539614,-0.607143
-0.347408,-0.682857,-0.554918,0.324161,0.331333,0.376181,0.538128,-0.601653
-0.344095,-0.683715,-0.552421,0.330097,0.323171,0.374125,0.536767,-0.595868
-0.340905,-0.684184,-0.549927,0.336535,0.314828,0.372102,0.535556,-0.589868
-0.337793,-0.684245,-0.547436,0.343538,0.306275,0.370127,0.53454,-0.583779
-0.334689,-0.683888,-0.544949,0.351157,0.297493,0.368202,0.533759,-0.577804
-0.331438,-0.683165,-0.54256,0.359255,0.288488,0.366333,0.533249,-0.572223
-0.328138,-0.681987,-0.540278,0.367857,0.279283,0.364519,0.533045,-0.566659
-0.324841,-0.680313,-0.538108,0.376952,0.269902,0.362764,0.533161,-0.56092
-0.321262,-0.678331,-0.536152,0.386263,0.260362,0.361088,0.533578,-0.555752
-0.317188,-0.676217,-0.534487,0.395534,0.25069,0.359517,0.534261,-0.551669
-0.31264,-0.674052,-0.533057,0.404675,0.240907,0.358064,0.535178,-0.548425
-0.307567,-0.671978,-0.531892,0.413448,0.231048,0.356738,0.536291,-0.5459
-0.302146,-0.670045,-0.530949,0.421711,0.221162,0.355542,0.537561,-0.543162
-0.296793,-0.668218,-0.530042,0.429481,0.2113,0.354464,0.538957,-0.538492
-0.291699,-0.666553,-0.529076,0.43669,0.201517,0.353501,0.540453,-0.530944
-0.28685,-0.66518,-0.528049,0.443189,0.191858,0.35266,0.542017,-0.520365
-0.28223,-0.664169,-0.526947,0.448946,0.182374,0.351944,0.543621,-0.506956
-0.277819,-0.663551,-0.525758,0.453976,0.173116,0.351353,0.54524,-0.491103
-0.27353,-0.663356,-0.524574,0.458216,0.164143,0.350882,0.546857,-0.473409
-0.269171,-0.663711,-0.523581,0.461409,0.155509,0.350512,0.548447,-0.454455
-0.264472,-0.664875,-0.522959,0.463151,0.147268,0.35022,0.549966,-0.434706
-0.259128,-0.667115,-0.522873,0.463048,0.139471,0.349987,0.551363,-0.414808
-0.252941,-0.670529,-0.523438,0.460894,0.132157,0.349793,0.552609,-0.395381
-0.245804,-0.675059,-0.52473,0.456655,0.12535,0.349625,0.553708,-0.377058
-0.23773,-0.680476,-0.526676,0.45061,0.119047,0.34948,0.554686,-0.360466
-0.228654,-0.68663,-0.529077,0.443095,0.113219,0.349334,0.55554,-0.346499
-0.218839,-0.693246,-0.531631,0.434612,0.10785,0.349183,0.55629,-0.335153
-0.20911,-0.699728,-0.53402,0.426,0.102936,0.349104,0.557041,-0.324779
-0.200139,-0.70563,-0.536054,0.417943,0.098445,0.349176,0.557868,-0.313886
-0.19204,-0.710877,-0.537799,0.410545,0.094361,0.349406,0.558773,-0.302227
-0.184719,-0.715478,-0.539482,0.403644,0.090704,0.349763,0.559743,-0.290017
-0.178043,-0.719527,-0.541278,0.396989,0.087488,0.350224,0.560749,-0.277466
-0.17179,-0.723263,-0.543272,0.390172,0.084734,0.350769,0.561719,-0.264835
-0.165724,-0.726962,-0.545471,0.382785,0.082475,0.351374,0.562576,-0.252681
-0.159886,-0.730663,-0.547756,0.374876,0.080716,0.35203,0.563283,-0.241229
-0.154402,-0.734241,-0.550057,0.366727,0.079459,0.352745,0.56386,-0.230685
-0.149235,-0.737608,-0.552454,0.35841,0.078713,0.353522,0.564331,-0.221391
-0.144331,-0.740774,-0.554992,0.349865,0.078467,0.354361,0.564697,-0.21343
-0.139751,-0.743779,-0.557651,0.341009,0.078704,0.355256,0.56495,-0.206392
-0.135485,-0.746704,-0.560419,0.331674,0.079407,0.356198,0.56507,-0.200005
-0.131519,-0.749583,-0.563256,0.321825,0.080542,0.357177,0.565044,-0.194112
-0.127957,-0.752417,-0.56601,0.311655,0.082045,0.358165,0.564863,-0.188373
-0.124817,-0.75525,-0.568509,0.301356,0.083836,0.359123,0.564506,-0.182793
-0.122081,-0.75812,-0.570633,0.291081,0.085839,0.360041,0.563958,-0.177484
-0.119726,-0.761046,-0.572311,0.280953,0.087993,0.360913,0.563203,-0.172523
-0.117719,-0.764038,-0.573501,0.271078,0.090245,0.361712,0.56223,-0.168007
-0.116116,-0.767072,-0.574129,0.261713,0.092535,0.362408,0.561032,-0.163949
-0.11508,-0.770095,-0.574066,0.253295,0.094789,0.362999,0.559613,-0.160333
-0.114865,-0.773057,-0.573167,0.246309,0.09694,0.363495,0.557975,-0.156904
-0.115624,-0.775962,-0.571318,0.24106,0.098943,0.363889,0.556113,-0.153665
-0.117342,-0.778803,-0.568559,0.237566,0.100783,0.364181,0.554029,-0.150816
-0.119918,-0.781567,-0.565025,0.235624,0.102468,0.364371,0.551744,-0.148488
-0.12331,-0.784226,-0.560867,0.234973,0.10402,0.364465,0.549286,-0.146442
-0.127414,-0.786764,-0.556227,0.23533,0.105457,0.364476,0.546677,-0.144587
-0.132156,-0.789139,-0.551235,0.236503,0.106794,0.364417,0.543942,-0.14279
-0.137719,-0.791235,-0.545965,0.238542,0.108047,0.364315,0.541127,-0.140285
-0.144204,-0.792947,-0.540478,0.241502,0.109222,0.364211,0.538277,-0.136653
-0.151504,-0.794259,-0.534827,0.245274,0.110324,0.364139,0.535416,-0.131982
-0.159371,-0.795207,-0.529121,0.249553,0.111366,0.364111,0.532565,-0.126498
-0.167345,-0.795856,-0.523637,0.253798,0.112382,0.364124,0.529764,-0.120659
-0.175013,-0.796289,-0.51865,0.25748,0.113409,0.364182,0.52705,-0.114795
-0.182177,-0.796545,-0.514321,0.260387,0.114464,0.364295,0.524458,-0.108971
-0.188777,-0.796665,-0.510689,0.26246,0.115562,0.364465,0.522017,-0.103133
-0.194799,-0.796742,-0.507652,0.263713,0.116713,0.364681,0.519727,-0.0973128
-0.200317,-0.796826,-0.505106,0.264213,0.117921,0.364934,0.517588,-0.0913305
-0.205353,-0.79698,-0.502971,0.263956,0.119193,0.365223,0.515599,-0.0850742
-0.209708,-0.797323,-0.501286,0.262698,0.120543,0.365548,0.513739,-0.0788117
-0.213083,-0.798017,-0.500121,0.260082,0.122001,0.365902,0.511993,-0.0730364
-0.215255,-0.79917,-0.499555,0.255807,0.1236,0.366279,0.510345,-0.067989
-0.216268,-0.800745,-0.49961,0.249848,0.125357,0.366687,0.508797,-0.0633281
-0.216266,-0.802667,-0.500229,0.242333,0.127291,0.367127,0.507346,-0.058683
-0.215221,-0.804944,-0.501332,0.233262,0.129429,0.367603,0.505972,-0.0542924
-0.213119,-0.807622,-0.502793,0.222547,0.131817,0.368126,0.504638,-0.0503548
-0.209994,-0.810721,-0.504505,0.21002,0.134521,0.368719,0.503308,-0.0468328
-0.205938,-0.814214,-0.506382,0.195503,0.137626,0.369403,0.501961,-0.043448
-0.201025,-0.818024,-0.508339,0.178935,0.141193,0.37018,0.500616,-0.0400827
-0.195376,-0.822025,-0.510219,0.160558,0.145233,0.371053,0.499299,-0.0368686
-0.189117,-0.826104,-0.511817,0.140819,0.149722,0.372029,0.498028,-0.0342098
-0.182504,-0.830194,-0.51287,0.120148,0.154646,0.373114,0.496803,-0.0322231
-0.175923,-0.834263,-0.513134,0.0987355,0.160015,0.374301,0.495611,-0.0303939
-0.169625,-0.83827,-0.512514,0.0765555,0.165849,0.375572,0.494449,-0.0282838
-0.163649,-0.84216,-0.510991,0.0536006,0.172149,0.376896,0.493332,-0.0259957
-0.157981,-0.845841,-0.508609,0.0301915,0.17886,0.378248,0.492297,-0.0239468
-0.15253,-0.849276,-0.505391,0.00667622,0.185925,0.379615,0.491354,-0.0227803
0.147299,0.852539,0.501193,0.0169136,0.193325,0.380979,0.490474,-0.0228767
0.142519,0.855749,0.495708,0.0406923,0.201077,0.382301,0.489607,-0.0242234
0.138547,0.858911,0.488786,0.0645308,0.209191,0.383537,0.488737,-0.0263949
0.135713,0.861912,0.480561,0.0880333,0.217635,0.384652,0.487898,-0.028742
0.133962,0.864609,0.471389,0.110893,0.226348,0.385623,0.487143,-0.0311061
0.133075,0.8669,0.461628,0.132946,0.235269,0.38645,0.486509,-0.0335658
0.132865,0.86879,0.45142,0.15418,0.244375,0.387154,0.486005,-0.0364335
0.133351,0.870276,0.440858,0.174587,0.253663,0.38773,0.48563,-0.0395507
0.134565,0.871367,0.429998,0.194199,0.26313,0.388133,0.485374,-0.042693
0.136739,0.872054,0.418936,0.212878,0.272741,0.388325,0.485225,-0.0452228
0.139885,0.872311,0.407865,0.230547,0.282446,0.388303,0.485181,-0.0467443
0.143656,0.872145,0.396919,0.247349,0.292195,0.388077,0.485233,-0.0475809
0.14773,0.871567,0.38621,0.263418,0.301934,0.387671,0.485373,-0.0480036
0.151915,0.870605,0.375871,0.278729,0.311608,0.387115,0.485592,-0.0480977
0.156026,0.869291,0.366016,0.293294,0.321185,0.386441,0.485889,-0.0479902
0.159931,0.867644,0.356656,0.307265,0.330663,0.385672,0.486261,-0.047785
0.163619,0.865721,0.347691,0.320729,0.340048,0.384812,0.486699,-0.0476317
0.167029,0.863635,0.33898,0.33366,0.349324,0.383856,0.487198,-0.0479998
0.170045,0.861444,0.330524,0.346053,0.358473,0.382788,0.487771,-0.0491783
0.172551,0.859122,0.32242,0.358023,0.367492,0.381577,0.488443,-0.0510999
0.174567,0.856673,0.314645,0.369643,0.376387,0.380189,0.489241,-0.0537474
0.176188,0.854151,0.307108,0.380878,0.385149,0.378628,0.490162,-0.0571896
0.177526,0.851616,0.299702,0.391679,0.393751,0.376915,0.491166,-0.0615096
0.178726,0.849081,0.292453,0.401981,0.402166,0.375063,0.492236,-0.0665086
0.179944,0.846516,0.285431,0.411778,0.410372,0.373071,0.493376,-0.0718014
0.181295,0.843905,0.278618,0.421104,0.418346,0.370929,0.494584,-0.0771625
0.182892,0.841261,0.271937,0.429978,0.426058,0.36862,0.49585,-0.082489
0.184883,0.83862,0.265358,0.438315,0.433452,0.366136,0.497137,-0.0875782
0.187451,0.836008,0.259012,0.445944,0.440462,0.363503,0.49841,-0.0919654
0.190633,0.833445,0.253086,0.452743,0.447022,0.360772,0.499633,-0.0952989
0.194158,0.830976,0.247611,0.458771,0.453062,0.357985,0.500786,-0.0978355
0.197679,0.828644,0.242454,0.464206,0.458504,0.355161,0.501844,-0.100033
0.201042,0.826497,0.237433,0.469159,0.46326,0.352302,0.502762,-0.102109
0.204237,0.824602,0.232402,0.473612,0.467236,0.349412,0.503477,-0.104046
0.20723,0.823052,0.227283,0.477477,0.470337,0.346513,0.50392,-0.105778
0.209701,0.821966,0.221975,0.480754,0.472478,0.343651,0.504047,-0.107736
0.211317,0.821395,0.216533,0.483496,0.473594,0.340898,0.503844,-0.110124
0.211871,0.821321,0.211114,0.485771,0.47365,0.338329,0.503325,-0.112819
0.21129,0.821739,0.205785,0.487601,0.472635,0.335996,0.502488,-0.11571
0.209638,0.822673,0.200475,0.488948,0.470557,0.333918,0.50132,-0.11881
0.207159,0.824139,0.195103,0.489709,0.46744,0.332081,0.499809,-0.122008
0.204108,0.8261,0.189701,0.489807,0.463319,0.330464,0.497972,-0.124975
0.200588,0.828519,0.184353,0.489219,0.458239,0.32907,0.495854,-0.127537
0.196496,0.831338,0.179162,0.488023,0.452246,0.327915,0.493523,-0.129775
0.191665,0.834504,0.174272,0.48631,0.445399,0.327025,0.491054,-0.131854
0.185966,0.837975,0.169795,0.484133,0.437765,0.326421,0.488502,-0.133992
0.179329,0.84174,0.165775,0.48149,0.42941,0.326095,0.485904,-0.136455
0.0877441,0.745695,0.426051,0.504698,0.294875,0.38125,0.731077,-0.203973
0.0913652,0.738356,0.439891,0.502969,0.295413,0.381644,0.739038,-0.195089
0.0943579,0.731209,0.453725,0.500564,0.295546,0.381949,0.746553,-0.18644
0.0965552,0.724145,0.467215,0.497998,0.29532,0.382077,0.753603,-0.178724
0.0979222,0.717197,0.479954,0.495665,0.294802,0.381972,0.760117,-0.172392
0.0986776,0.710553,0.491768,0.4935,0.29405,0.381633,0.765972,-0.167151
0.09914,0.704488,0.502649,0.491133,0.293107,0.381096,0.771024,-0.162378
0.0995679,0.699205,0.5126,0.488303,0.292007,0.380386,0.775153,-0.157501
0.099946,0.694764,0.521504,0.485125,0.290787,0.379534,0.778293,-0.15254
0.100195,0.69114,0.529209,0.481897,0.28949,0.378572,0.780413,-0.147696
0.100267,0.68836,0.535555,0.47884,0.288161,0.377529,0.781488,-0.143195
0.100129,0.686563,0.540399,0.475998,0.286848,0.376441,0.781469,-0.139299
0.0998022,0.685881,0.543695,0.473288,0.285585,0.375348,0.780327,-0.136071
0.0992928,0.686332,0.545505,0.470653,0.284382,0.37429,0.778065,-0.133384
0.0985514,0.687852,0.545977,0.468034,0.283218,0.373302,0.774732,-0.131028
0.0974704,0.690349,0.545266,0.465406,0.282052,0.3724,0.770397,-0.128905
0.0958962,0.693671,0.543459,0.462901,0.280839,0.371579,0.765142,-0.127124
0.0937413,0.697666,0.540583,0.4607,0.279537,0.370812,0.759051,-0.125825
0.0910362,0.70225,0.536659,0.458861,0.278113,0.370066,0.752202,-0.125043
0.0878399,0.707418,0.531755,0.457253,0.276555,0.369325,0.744653,-0.124744
0.0842494,0.713171,0.525957,0.455696,0.274868,0.368583,0.736461,-0.124809
0.0803192,0.719452,0.519289,0.454176,0.273062,0.36782,0.727691,-0.125273
0.0760558,0.726161,0.51179,0.452744,0.271141,0.367003,0.718423,-0.126161
0.0714344,0.733206,0.503499,0.451437,0.269113,0.366104,0.708745,-0.127541
0.0664415,0.740537,0.49447,0.450211,0.266988,0.365126,0.698726,-0.129446
0.0610379,0.748167,0.484724,0.448957,0.264773,0.364088,0.688379,-0.131931
0.055254,0.756147,0.474217,0.447557,0.262489,0.362987,0.677681,-0.134998
0.0491808,0.764527,0.462877,0.445897,0.260159,0.361802,0.666599,-0.138554
0.042947,0.773338,0.450628,0.44389,0.257806,0.360504,0.655104,-0.142485
0.0366019,0.782551,0.437451,0.441487,0.25544,0.359072,0.643185,-0.146749
0.0301497,0.792086,0.423401,0.438659,0.253064,0.357471,0.630879,-0.151369
0.183212,0.696434,0.45275,0.525767,0.366157,0.154902,0.769565,-0.356663
0.188453,0.688038,0.461502,0.527358,0.367268,0.151008,0.77436,-0.346723
0.194271,0.680539,0.470588,0.526946,0.368029,0.147536,0.77796,-0.333294
0.200435,0.67399,0.480265,0.524317,0.368367,0.14459,0.78037,-0.316467
0.205401,0.668842,0.48847,0.521401,0.368221,0.141916,0.781595,-0.302041
0.208195,0.665374,0.493764,0.519739,0.367583,0.13934,0.781648,-0.293849
0.208906,0.66357,0.495991,0.51964,0.3665,0.136863,0.780555,-0.291977
0.207787,0.663445,0.495147,0.521052,0.365043,0.134509,0.778323,-0.296112
0.204645,0.665186,0.490998,0.523993,0.363275,0.132302,0.774967,-0.307215
0.200336,0.668649,0.484319,0.527455,0.361247,0.130285,0.770511,-0.322902
0.196478,0.673363,0.476591,0.529943,0.359005,0.128494,0.765016,-0.338282
0.193164,0.679263,0.468134,0.531168,0.356614,0.12698,0.758561,-0.352872
0.190234,0.68634,0.459201,0.530926,0.354155,0.125841,0.751224,-0.366775
0.188284,0.69434,0.450458,0.528705,0.351669,0.125084,0.743093,-0.37811
0.18811,0.702969,0.442509,0.524057,0.349138,0.124632,0.734263,-0.38477
0.189576,0.712211,0.435218,0.517109,0.346551,0.124421,0.72481,-0.387466
0.373298,0.72298,0.290148,0.503749,0.389907,-0.011359,0.667205,-0.457609
0.372593,0.710489,0.304041,0.513749,0.392725,-0.014297,0.678593,-0.452741
0.371308,0.698069,0.317654,0.523379,0.395239,-0.017229,0.689789,-0.448427
0.369661,0.685713,0.330977,0.532543,0.397467,-0.020167,0.700723,-0.444359
0.367979,0.673344,0.344426,0.540898,0.399424,-0.023081,0.711341,-0.439699
0.366421,0.660955,0.358474,0.54806,0.401109,-0.025909,0.72158,-0.433866
0.364853,0.648711,0.373136,0.553919,0.402525,-0.028621,0.731371,-0.427297
0.363339,0.636702,0.388269,0.558428,0.403678,-0.031231,0.740633,-0.42019
0.362044,0.624964,0.403659,0.561608,0.404575,-0.033773,0.749281,-0.412345
0.361115,0.613544,0.419056,0.563517,0.405215,-0.036256,0.75722,-0.403351
0.360404,0.602766,0.433639,0.564571,0.405631,-0.038742,0.764321,-0.394359
0.359598,0.593113,0.446543,0.565249,0.405841,-0.041265,0.770458,-0.387323
0.359053,0.58454,0.458548,0.564915,0.405785,-0.043629,0.775544,-0.38073
0.359089,0.577059,0.470147,0.563046,0.405436,-0.045658,0.779486,-0.37335
0.359821,0.570884,0.480929,0.559757,0.404828,-0.047308,0.782185,-0.365431
0.36123,0.566244,0.490579,0.555169,0.403984,-0.048509,0.783578,-0.357439
0.362468,0.563699,0.498388,0.549972,0.402887,-0.049172,0.783666,-0.352172
0.362837,0.563602,0.504053,0.544639,0.401509,-0.049215,0.782493,-0.351566
0.362714,0.565567,0.508278,0.538726,0.399832,-0.048596,0.780134,-0.353862
0.3625,0.569296,0.510954,0.532373,0.397915,-0.047456,0.776642,-0.358101
0.362119,0.57492,0.510995,0.526518,0.395882,-0.046044,0.772039,-0.365653
0.361701,0.582331,0.508518,0.52103,0.393773,-0.04441,0.76639,-0.376199
0.361432,0.591295,0.504521,0.514972,0.391551,-0.042454,0.759787,-0.388599
0.361507,0.601622,0.499661,0.507645,0.389212,-0.040156,0.752299,-0.402316
0.362064,0.613086,0.494225,0.498776,0.386756,-0.037571,0.744007,-0.417142
0.36294,0.625581,0.488194,0.488457,0.384168,-0.034773,0.735002,-0.433542
0.363963,0.639075,0.481469,0.476761,0.381444,-0.031847,0.725354,-0.452084
0.365399,0.653338,0.473934,0.463701,0.378598,-0.028889,0.715112,-0.471914
0.367704,0.668004,0.465336,0.449474,0.375645,-0.026008,0.704325,-0.49126
0.371074,0.682786,0.455639,0.434166,0.372591,-0.02328,0.693058,-0.509089
0.375419,0.69746,0.445148,0.417676,0.369415,-0.020717,0.681411,-0.525098
0.380535,0.711842,0.4342,0.399931,0.366069,-0.018289,0.669483,-0.539254
0.386129,0.725873,0.422848,0.381067,0.362509,-0.015976,0.657354,-0.55191
0.391742,0.739659,0.410763,0.361547,0.358713,-0.013812,0.645062,-0.564035
0.396982,0.753344,0.397525,0.341836,0.354669,-0.011868,0.632616,-0.576537
0.401784,0.766945,0.382967,0.322026,0.350362,-0.010194,0.620018,-0.589571
0.406486,0.780193,0.367335,0.301882,0.345761,-0.008803,0.60732,-0.602126
0.411416,0.792728,0.350928,0.281369,0.340857,-0.007718,0.594615,-0.613078
0.416818,0.804224,0.333925,0.26073,0.335677,-0.006993,0.582014,-0.621571
0.422882,0.814424,0.316477,0.240263,0.330272,-0.006657,0.569599,-0.627028
0.429771,0.823211,0.298571,0.220172,0.324683,-0.00673,0.557389,-0.629159
0.437346,0.830716,0.27995,0.200668,0.318936,-0.007259,0.545368,-0.628538
0.445351,0.8371,0.260516,0.181814,0.313043,-0.008243,0.533525,-0.625958
0.453733,0.84233,0.240608,0.163448,0.307032,-0.009606,0.521868,-0.621603
0.46253,0.846267,0.22077,0.145461,0.300955,-0.011246,0.510434,-0.61532
0.471686,0.848863,0.201409,0.127978,0.29488,-0.01309,0.499281,-0.607115
0.48072,0.850419,0.182437,0.111416,0.288865,-0.01513,0.488483,-0.598033
0.489018,0.851362,0.163667,0.0962105,0.282974,-0.017383,0.478128,-0.589482
0.496411,0.851829,0.145484,0.0824487,0.277305,-0.019794,0.46834,-0.581902
0.503079,0.851733,0.128672,0.0700453,0.271995,-0.022232,0.459293,-0.574965
0.509078,0.85111,0.113871,0.0590415,0.267201,-0.024578,0.451179,-0.568701
0.514337,0.850124,0.101379,0.049697,0.263076,-0.026792,0.444175,-0.563411
0.518861,0.848913,0.0912918,0.0423774,0.259769,-0.028885,0.438416,-0.559223
0.522741,0.847556,0.0835839,0.0374776,0.257413,-0.030912,0.43401,-0.556063
0.526092,0.846089,0.0781755,0.035341,0.256115,-0.032925,0.431038,-0.553744
0.529103,0.844461,0.0750267,0.0361435,0.255947,-0.034962,0.429548,-0.551901
0.531959,0.842581,0.0740668,0.0398806,0.256923,-0.037067,0.429552,-0.550171
0.534786,0.840356,0.0751544,0.0464508,0.259009,-0.039294,0.431023,-0.548309
0.537538,0.837769,0.0780516,0.0557095,0.262123,-0.041694,0.433906,-0.546421
0.540145,0.834799,0.0825311,0.0673993,0.266147,-0.044294,0.438119,-0.544667
0.542598,0.831373,0.0884165,0.0811697,0.270941,-0.04709,0.443578,-0.543007
0.544942,0.827377,0.0956082,0.0966659,0.276368,-0.050057,0.450203,-0.541207
0.547065,0.822785,0.104065,0.113644,0.282309,-0.053166,0.457927,-0.539357
0.548773,0.817623,0.113687,0.131967,0.288656,-0.056399,0.466691,-0.537694
0.550037,0.811809,0.124345,0.151535,0.295305,-0.059749,0.476436,-0.536049
0.550777,0.805309,0.135835,0.172251,0.302149,-0.063229,0.4871,-0.534441
0.5509,0.798106,0.147992,0.193997,0.309088,-0.066845,0.498605,-0.53295
0.55037,0.790158,0.160732,0.216586,0.316033,-0.070587,0.510855,-0.531504
0.549059,0.781514,0.173964,0.239807,0.322903,-0.074441,0.523746,-0.53028
0.546999,0.77215,0.187565,0.263432,0.329617,-0.078386,0.537174,-0.529084
0.544345,0.762032,0.201352,0.287146,0.336086,-0.082427,0.551029,-0.527614
0.541295,0.75113,0.215152,0.310666,0.342226,-0.086577,0.565196,-0.525542
0.53801,0.739469,0.228765,0.333762,0.347973,-0.090851,0.579552,-0.522734
0.534606,0.727099,0.242127,0.356227,0.353296,-0.095229,0.593995,-0.519126
0.531083,0.714103,0.255388,0.377868,0.358196,-0.099663,0.608452,-0.514805
0.527268,0.70064,0.268672,0.398631,0.362686,-0.104102,0.622878,-0.510196
0.522965,0.68685,0.281971,0.418613,0.366781,-0.108515,0.637242,-0.505756
0.518051,0.672829,0.29505,0.438029,0.370467,-0.112906,0.651513,-0.50158
0.512474,0.658637,0.307595,0.457114,0.373721,-0.117304,0.665667,-0.497395
0.506208,0.644317,0.319491,0.475957,0.376527,-0.121703,0.679685,-0.493094
0.499192,0.629905,0.330953,0.494466,0.378887,-0.126055,0.693553,-0.488836
0.491505,0.615387,0.342284,0.512409,0.380799,-0.130308,0.707245,-0.484419
0.483375,0.600651,0.353584,0.529665,0.382264,-0.134444,0.720715,-0.479226
0.475055,0.585657,0.364674,0.546206,0.383282,-0.138489,0.733884,-0.472817
0.466671,0.570572,0.375128,0.56209,0.383857,-0.142489,0.74665,-0.465483
0.458368,0.555647,0.384652,0.577233,0.384016,-0.146452,0.758893,-0.457645
0.45039,0.541103,0.393295,0.591334,0.383815,-0.150346,0.770484,-0.449423
0.443067,0.527072,0.401223,0.604074,0.383319,-0.154134,0.781315,-0.440567
0.436728,0.513555,0.40864,0.615259,0.38259,-0.157801,0.791313,-0.430447
0.43162,0.500571,0.415618,0.624815,0.3817,-0.161345,0.800408,-0.418596
0.427998,0.488195,0.421949,0.632804,0.380721,-0.164771,0.808509,-0.404754
0.426194,0.476516,0.427204,0.639366,0.379732,-0.168076,0.815506,-0.388817
0.426227,0.466002,0.431166,0.644414,0.378804,-0.171202,0.821275,-0.372303
0.427662,0.457566,0.433938,0.64764,0.378008,-0.174014,0.825689,-0.358165
0.430184,0.451799,0.435746,0.648802,0.377392,-0.176309,0.828648,-0.347745
0.433643,0.44884,0.43681,0.647838,0.376975,-0.177879,0.830098,-0.340792
0.437747,0.448709,0.437203,0.644896,0.376736,-0.178552,0.830041,-0.337014
0.442197,0.451249,0.436699,0.640414,0.376623,-0.178256,0.828539,-0.335951
0.446677,0.456235,0.434626,0.635161,0.376564,-0.177042,0.825688,-0.337452
0.451032,0.463441,0.43041,0.629715,0.376507,-0.175029,0.821574,-0.341411
0.455417,0.472542,0.424071,0.62407,0.376429,-0.17233,0.816252,-0.347059
0.460056,0.483235,0.416051,0.617846,0.376322,-0.169024,0.809772,-0.353508
0.464976,0.495293,0.406777,0.610749,0.376182,-0.16519,0.802207,-0.360367
0.470061,0.508446,0.396612,0.602681,0.375985,-0.160904,0.793663,-0.367304
0.475037,0.522472,0.385639,0.59384,0.37571,-0.156248,0.784261,-0.374324
0.479629,0.537158,0.373777,0.584558,0.375343,-0.151312,0.774131,-0.381509
0.483664,0.552311,0.360838,0.575168,0.374877,-0.146227,0.763383,-0.389
0.487205,0.567728,0.346786,0.565734,0.374312,-0.141127,0.752093,-0.396616
0.490537,0.583179,0.33184,0.55602,0.37364,-0.136118,0.740305,-0.403763
0.493997,0.598386,0.316352,0.545732,0.372858,-0.131285,0.728066,-0.409617
0.49776,0.613172,0.300583,0.534701,0.371964,-0.126691,0.715426,-0.413811
0.501672,0.627531,0.284529,0.523041,0.37096,-0.12238,0.702458,-0.416798
0.505531,0.641455,0.268117,0.510968,0.369839,-0.118385,0.689237,-0.41901
0.509274,0.654847,0.251219,0.498702,0.368585,-0.114765,0.675844,-0.420575
0.513031,0.667522,0.233797,0.486368,0.367182,-0.111589,0.662349,-0.421188
0.718871,0.421395,-0.16099,0.528897,0.365242,-0.276975,0.647313,-0.162778
0.717628,0.414243,-0.150833,0.539131,0.365798,-0.276433,0.65932,-0.164409
0.71605,0.407217,-0.140588,0.549255,0.366289,-0.275834,0.670872,-0.165765
0.714032,0.4005,-0.130489,0.559223,0.366726,-0.275222,0.681891,-0.166919
0.711587,0.394097,-0.120855,0.568969,0.367083,-0.27464,0.692287,-0.167819
0.708895,0.387915,-0.111952,0.578322,0.367335,-0.274093,0.701891,-0.168256
0.706178,0.381983,-0.103947,0.587023,0.367474,-0.273585,0.710512,-0.168087
0.703675,0.376411,-0.0968045,0.594798,0.367527,-0.273126,0.717979,-0.167042
0.701552,0.371411,-0.0904204,0.601417,0.36757,-0.272703,0.72415,-0.164931
0.699841,0.367243,-0.0848313,0.606761,0.367686,-0.272305,0.728933,-0.161922
0.698454,0.364144,-0.0801231,0.610853,0.367947,-0.271915,0.732294,-0.158351
0.697268,0.362268,-0.0764265,0.61379,0.368402,-0.27153,0.73425,-0.154609
0.696176,0.361682,-0.0738926,0.615682,0.369081,-0.271157,0.734838,-0.15104
0.695199,0.362366,-0.0724364,0.616557,0.370003,-0.270795,0.734103,-0.147604
0.694426,0.364203,-0.0719016,0.616408,0.371174,-0.270443,0.732093,-0.144016
0.693944,0.367022,-0.0722444,0.615238,0.372573,-0.270112,0.728856,-0.140049
0.693767,0.37067,-0.0735298,0.613095,0.374156,-0.269824,0.724467,-0.135709
0.693867,0.375037,-0.0758892,0.61003,0.37586,-0.269592,0.719006,-0.131181
0.694184,0.380056,-0.0793931,0.606105,0.377634,-0.26942,0.712568,-0.126672
0.694701,0.385584,-0.0839521,0.601388,0.379436,-0.269308,0.705242,-0.122058
0.695371,0.391482,-0.0894781,0.595982,0.381224,-0.269246,0.697123,-0.117219
0.696052,0.397747,-0.0959648,0.589999,0.382965,-0.269219,0.688307,-0.112371
0.696594,0.404471,-0.103382,0.5835,0.384635,-0.269207,0.678896,-0.107991
0.69689,0.41165,-0.111621,0.576567,0.386212,-0.269187,0.668992,-0.104414
0.696866,0.419144,-0.120556,0.569353,0.387676,-0.269133,0.658684,-0.101569
0.696463,0.42677,-0.130101,0.562032,0.389007,-0.269034,0.648052,-0.0991561
0.597225,0.644556,-0.355915,0.318112,0.413486,-0.229575,0.338952,-0.254971
0.600545,0.641923,-0.34883,0.324958,0.419195,-0.230035,0.346494,-0.256187
0.603735,0.639289,-0.341323,0.332133,0.425032,-0.230595,0.354566,-0.257907
0.606767,0.636665,-0.333418,0.339593,0.430941,-0.231249,0.363111,-0.260067
0.609668,0.634053,-0.325168,0.3472,0.436853,-0.232001,0.37206,-0.262647
0.612607,0.631325,-0.316624,0.354811,0.442687,-0.232852,0.381342,-0.265301
0.615726,0.628362,-0.307842,0.36232,0.448381,-0.233808,0.390899,-0.267728
0.619148,0.625026,-0.298853,0.36971,0.453887,-0.234877,0.400691,-0.269538
0.622831,0.62124,-0.289776,0.377057,0.459175,-0.23608,0.41072,-0.270628
0.626646,0.616915,-0.280798,0.384555,0.464219,-0.237452,0.421016,-0.270958
0.6305,0.611927,-0.272073,0.392417,0.469002,-0.239016,0.431614,-0.270388
0.634404,0.606157,-0.263614,0.400766,0.473511,-0.240768,0.442507,-0.268622
0.63831,0.599686,-0.255401,0.409522,0.477732,-0.242676,0.453652,-0.265768
0.642152,0.592706,-0.247428,0.418473,0.481644,-0.244693,0.464985,-0.262203
0.645939,0.585316,-0.239695,0.427452,0.485228,-0.246782,0.47645,-0.258101
0.649685,0.577525,-0.232238,0.436395,0.488469,-0.24892,0.488015,-0.253476
0.653365,0.569347,-0.225073,0.44531,0.491362,-0.251076,0.499665,-0.248344
0.656952,0.560828,-0.218134,0.454206,0.493921,-0.253207,0.511377,-0.24269
0.66044,0.552039,-0.211271,0.463073,0.496163,-0.255264,0.523121,-0.236463
0.66384,0.543115,-0.204286,0.471814,0.498106,-0.257182,0.534842,-0.229694
0.667208,0.534203,-0.19702,0.480253,0.49976,-0.258892,0.546482,-0.222514
0.670603,0.525358,-0.189356,0.488298,0.501119,-0.260338,0.558011,-0.214932
0.674063,0.516508,-0.181274,0.495982,0.502159,-0.261475,0.569435,-0.206801
0.677468,0.507654,-0.17287,0.503429,0.502868,-0.262266,0.580787,-0.198275
0.68052,0.499,-0.164277,0.510788,0.503275,-0.262669,0.592098,-0.189915
0.682943,0.490827,-0.155496,0.518168,0.503459,-0.262645,0.603381,-0.182305
0.684606,0.48327,-0.146415,0.525669,0.503495,-0.262186,0.614643,-0.175634
0.685468,0.476315,-0.137026,0.533369,0.50343,-0.261331,0.625889,-0.169919
0.685533,0.469801,-0.127565,0.541348,0.503257,-0.260167,0.637103,-0.165151
0.684936,0.463457,-0.118286,0.549617,0.50294,-0.258788,0.648231,-0.16107
0.683888,0.457073,-0.109284,0.558067,0.502467,-0.257267,0.659144,-0.157217
0.682642,0.450618,-0.100457,0.566438,0.501858,-0.255658,0.669675,-0.153166
0.681375,0.44421,-0.0918177,0.574435,0.50115,-0.254007,0.679656,-0.148836
0.680081,0.438041,-0.0835756,0.581915,0.500386,-0.252367,0.688942,-0.144471
0.678672,0.432358,-0.0759729,0.588811,0.499597,-0.25079,0.697401,-0.140503
0.677,0.427463,-0.0694472,0.595083,0.498794,-0.249336,0.704918,-0.137708
0.675143,0.42336,-0.0642611,0.600682,0.497987,-0.248056,0.71138,-0.13605
0.673363,0.419911,-0.0603495,0.605487,0.497219,-0.246952,0.716643,-0.134755
0.671833,0.417187,-0.0576632,0.609319,0.496556,-0.246003,0.720568,-0.133458
0.670608,0.415414,-0.0561244,0.612018,0.496071,-0.245176,0.723048,-0.132187
0.669728,0.414794,-0.0555644,0.613452,0.49581,-0.244441,0.724018,-0.130946
0.669138,0.415444,-0.0560323,0.613613,0.495764,-0.243787,0.723482,-0.129973
0.668688,0.417453,-0.0577947,0.612576,0.495886,-0.24321,0.721491,-0.129784
0.668224,0.420856,-0.0610184,0.610437,0.496114,-0.24269,0.718109,-0.130732
0.667684,0.42559,-0.065606,0.607261,0.496395,-0.242191,0.713403,-0.132856
0.667016,0.431575,-0.071393,0.603105,0.496681,-0.241673,0.707436,-0.136247
0.666106,0.438745,-0.0782168,0.59807,0.49693,-0.241095,0.700299,-0.140901
0.664791,0.447064,-0.0859454,0.592283,0.497109,-0.240418,0.692091,-0.146748
0.662963,0.456527,-0.0945891,0.585761,0.497189,-0.239606,0.682904,-0.153933
0.66063,0.466886,-0.104095,0.578576,0.497136,-0.238644,0.672837,-0.162111
0.657865,0.477759,-0.114217,0.570889,0.496905,-0.237536,0.662012,-0.170415
0.65469,0.488799,-0.124766,0.56293,0.496445,-0.236305,0.650589,-0.178133
0.651074,0.499813,-0.135672,0.554873,0.495725,-0.234967,0.638724,-0.185142
0.646936,0.510855,-0.146826,0.546756,0.494748,-0.233527,0.626542,-0.191839
0.555939,0.61817,-0.170045,0.529039,0.498769,-0.096467,0.527831,-0.150237
0.56046,0.609804,-0.159339,0.537247,0.502333,-0.096054,0.540736,-0.146314
0.564743,0.601389,-0.148816,0.545207,0.50558,-0.095644,0.553567,-0.142487
0.568893,0.592929,-0.13835,0.55286,0.508525,-0.095212,0.566284,-0.138505
0.572851,0.584461,-0.127926,0.560252,0.511183,-0.094753,0.578897,-0.134463
0.576505,0.575978,-0.117581,0.567508,0.513559,-0.094269,0.59145,-0.130537
0.579835,0.567369,-0.107275,0.574784,0.515642,-0.093764,0.603978,-0.126568
0.582812,0.558549,-0.0969407,0.582198,0.517412,-0.09324,0.616508,-0.122425
0.585384,0.549544,-0.0865375,0.589778,0.518847,-0.092698,0.629051,-0.118192
0.58753,0.540317,-0.0761077,0.597556,0.519937,-0.092132,0.641592,-0.113832
0.589284,0.530705,-0.0657109,0.605622,0.52069,-0.091524,0.65409,-0.109004
0.590599,0.520679,-0.055429,0.614015,0.521125,-0.090856,0.666482,-0.103569
0.591404,0.510408,-0.0453828,0.622627,0.521278,-0.090121,0.678656,-0.097739
0.591744,0.500153,-0.0356947,0.631199,0.521194,-0.089319,0.690448,-0.091813
0.591748,0.49024,-0.026434,0.639375,0.520939,-0.088445,0.701654,-0.0859945
0.591497,0.481077,-0.0177154,0.646824,0.520593,-0.087488,0.712068,-0.0806318
0.591108,0.472895,-0.00973949,0.653351,0.520235,-0.086444,0.7215,-0.0758052
0.590642,0.465737,-0.00283331,0.658957,0.519942,-0.085308,0.729798,-0.0714237
0.590209,0.459536,0.0026907,0.663682,0.519779,-0.084068,0.736832,-0.0673481
0.589877,0.454391,0.00663782,0.667481,0.519805,-0.082707,0.742495,-0.0637278
0.589433,0.450911,0.00905673,0.670198,0.520056,-0.081193,0.746694,-0.0614097
0.588569,0.449864,0.0102866,0.671642,0.52055,-0.079497,0.749351,-0.0611716
0.587324,0.451344,0.0104822,0.671736,0.521275,-0.077589,0.750429,-0.0628685
0.585998,0.454743,0.0095395,0.670615,0.522185,-0.075443,0.749951,-0.0655865
0.584668,0.459519,0.0074639,0.668543,0.523212,-0.073022,0.748003,-0.0686329
0.583159,0.465404,0.00432375,0.665812,0.52428,-0.070301,0.744713,-0.0718887
0.581352,0.472129,0.000151141,0.662664,0.52532,-0.067274,0.740202,-0.0752225
0.579266,0.479529,-0.00493257,0.659149,0.526296,-0.063933,0.734557,-0.0784103
0.576946,0.48773,-0.0107071,0.655086,0.527182,-0.060279,0.727839,-0.0815288
0.574541,0.496674,-0.0169941,0.650329,0.527953,-0.056348,0.720113,-0.0843757
0.572244,0.505946,-0.0238274,0.644971,0.528576,-0.0522,0.711471,-0.0864575
0.570153,0.515157,-0.031333,0.639185,0.529024,-0.047898,0.702043,-0.0876954
0.568002,0.524406,-0.039419,0.633102,0.52928,-0.043494,0.691982,-0.0888397
0.565238,0.53426,-0.0477905,0.626728,0.529349,-0.039016,0.681416,-0.0910733
0.561622,0.545002,-0.0562391,0.619992,0.529242,-0.034481,0.670408,-0.0947466
0.557294,0.556572,-0.0645976,0.612762,0.528958,-0.029912,0.658977,-0.0994875
0.431029,0.776643,-0.293146,0.353702,0.439765,0.049311,0.332806,-0.225655
0.43037,0.778238,-0.298749,0.346231,0.436223,0.050955,0.325692,-0.228737
0.429566,0.779722,-0.304078,0.339181,0.432766,0.052625,0.318936,-0.231669
0.428755,0.781094,-0.309058,0.332483,0.429375,0.054314,0.312541,-0.234094
0.427965,0.78233,-0.313661,0.326226,0.426049,0.056002,0.306553,-0.235792
0.427049,0.783462,-0.317957,0.320499,0.422814,0.057672,0.301032,-0.237026
0.425943,0.784498,-0.322021,0.31534,0.419704,0.059315,0.296034,-0.238003
0.424658,0.785427,-0.325845,0.310798,0.416773,0.060926,0.29162,-0.238802
0.423157,0.786251,-0.329431,0.306958,0.414109,0.0625,0.287862,-0.23964
0.421405,0.786943,-0.332801,0.303946,0.411822,0.064036,0.284846,-0.240749
0.419643,0.787354,-0.335895,0.301908,0.410003,0.065536,0.28264,-0.24174
0.418001,0.787464,-0.338503,0.300983,0.408703,0.067005,0.281299,-0.2423
0.416478,0.787484,-0.340088,0.301257,0.407958,0.068459,0.280852,-0.242295
0.415228,0.787439,-0.340438,0.3027,0.407804,0.069912,0.281307,-0.24152
0.414541,0.78701,-0.34004,0.305195,0.408277,0.071364,0.28268,-0.239854
0.414579,0.785988,-0.339284,0.308599,0.409425,0.072791,0.284997,-0.23751
0.415319,0.784349,-0.338205,0.312927,0.411288,0.074175,0.288273,-0.234706
0.416632,0.782133,-0.336766,0.318237,0.413886,0.07551,0.292487,-0.231668
0.418432,0.779382,-0.334942,0.324488,0.417207,0.076797,0.297583,-0.228569
0.420739,0.776121,-0.332691,0.33156,0.42121,0.078021,0.303482,-0.225386
0.42353,0.772366,-0.330023,0.33935,0.425845,0.079169,0.310126,-0.222154
0.426712,0.768119,-0.326954,0.347866,0.431066,0.080235,0.317482,-0.218951
0.430207,0.763309,-0.323517,0.357238,0.436834,0.081212,0.325543,-0.215729
0.433925,0.757857,-0.319731,0.367607,0.443098,0.082104,0.334314,-0.212431
0.437645,0.751801,-0.315662,0.378973,0.449791,0.082921,0.343794,-0.209393
0.441227,0.745287,-0.311299,0.3911,0.45682,0.083699,0.353923,-0.206899
0.4448,0.738467,-0.306483,0.403593,0.464059,0.084493,0.364593,-0.204721
0.44849,0.731516,-0.301132,0.416005,0.471368,0.085345,0.375695,-0.202713
0.452324,0.724596,-0.295284,0.427985,0.478615,0.086266,0.387135,-0.200928
0.456333,0.717791,-0.289032,0.439315,0.485689,0.087245,0.398851,-0.199403
0.460609,0.711058,-0.282429,0.449966,0.49251,0.088276,0.410799,-0.197896
0.465152,0.704312,-0.275535,0.460063,0.499042,0.089351,0.422984,-0.196272
0.469868,0.697496,-0.268379,0.469783,0.505266,0.090466,0.435419,-0.19451
0.474633,0.690632,-0.260921,0.47924,0.511167,0.091629,0.448068,-0.192636
0.479312,0.683828,-0.253097,0.488447,0.516733,0.09287,0.460874,-0.190769
0.483801,0.677174,-0.244856,0.497411,0.521971,0.094211,0.47381,-0.188996
0.487988,0.670693,-0.236199,0.50621,0.526885,0.095652,0.486878,-0.187446
0.491871,0.664254,-0.227053,0.51505,0.53148,0.097185,0.500097,-0.18586
0.495458,0.657683,-0.217288,0.524176,0.535764,0.098805,0.513487,-0.183867
0.49874,0.650875,-0.206828,0.533707,0.539747,0.100537,0.527047,-0.181275
0.501605,0.643848,-0.19575,0.543631,0.543442,0.10242,0.540756,-0.178355
0.504019,0.636572,-0.184048,0.553957,0.546864,0.104478,0.554571,-0.175029
0.506004,0.628988,-0.171652,0.564686,0.550024,0.106719,0.568424,-0.170974
0.507618,0.621004,-0.15856,0.575792,0.552932,0.109132,0.582241,-0.165849
0.508921,0.612538,-0.144819,0.587217,0.555595,0.111687,0.595944,-0.15939
0.510017,0.603516,-0.130449,0.598861,0.558018,0.114369,0.609442,-0.151267
0.511064,0.593879,-0.115558,0.610546,0.560196,0.11716,0.622634,-0.14118
0.51203,0.583848,-0.100493,0.621971,0.56209,0.120026,0.635382,-0.129591
0.512726,0.573936,-0.0858361,0.632726,0.563653,0.122907,0.647502,-0.117703
0.513077,0.564821,-0.0719331,0.642304,0.564881,0.125743,0.658784,-0.106503
0.512862,0.55739,-0.0586706,0.650267,0.565826,0.128486,0.669068,-0.0968941
0.512076,0.551913,-0.046084,0.656541,0.566552,0.131129,0.678268,-0.0891372
0.51099,0.547879,-0.0347378,0.661446,0.567112,0.133661,0.686389,-0.0831037
0.509815,0.544648,-0.0253175,0.665437,0.567522,0.136045,0.693494,-0.0788558
0.508593,0.541935,-0.018144,0.668813,0.567782,0.13825,0.699612,-0.0765317
0.50739,0.539789,-0.0130667,0.671575,0.567916,0.140295,0.704689,-0.0758795
0.506432,0.538304,-0.00961461,0.673545,0.567973,0.14224,0.70863,-0.0760096
0.505804,0.537613,-0.00740545,0.674595,0.567999,0.144138,0.711376,-0.076351
0.505386,0.537788,-0.00634614,0.67478,0.568009,0.146042,0.712911,-0.076885
0.505034,0.538655,-0.00638033,0.674352,0.567984,0.14802,0.713271,-0.0774796
0.504631,0.539985,-0.00741393,0.673579,0.567879,0.1501,0.712505,-0.0779325
0.504087,0.541736,-0.00932764,0.672556,0.567628,0.152278,0.710614,-0.0782285
0.503352,0.54405,-0.0120254,0.671194,0.567196,0.154558,0.707601,-0.0785572
0.502356,0.547133,-0.0155007,0.669361,0.566584,0.156945,0.703504,-0.0793342
0.501035,0.551076,-0.019691,0.667002,0.565783,0.159437,0.698383,-0.0808285
0.499412,0.555897,-0.0244911,0.664053,0.564778,0.16203,0.692309,-0.0831241
0.497522,0.561669,-0.029889,0.660383,0.563564,0.16473,0.685349,-0.0865085
0.495407,0.568433,-0.0357848,0.655877,0.562128,0.167554,0.677555,-0.0910124
0.493143,0.576185,-0.0419713,0.650429,0.560449,0.17051,0.668964,-0.096413
0.490881,0.584833,-0.048142,0.643963,0.558504,0.173603,0.659627,-0.102211
0.488761,0.594154,-0.0540045,0.636536,0.556276,0.176829,0.649636,-0.107795
0.486799,0.603861,-0.0594283,0.628369,0.553742,0.180163,0.639136,-0.112785
0.484843,0.613679,-0.0645167,0.619809,0.550876,0.183572,0.628283,-0.117206
0.482712,0.623443,-0.0695249,0.611126,0.547652,0.187041,0.617191,-0.121355
0.480254,0.633188,-0.0745372,0.60239,0.544066,0.190553,0.605898,-0.125417
0.477319,0.643139,-0.0794362,0.593489,0.540147,0.194079,0.594389,-0.129544
0.473939,0.653335,-0.0842408,0.584328,0.535951,0.197575,0.582659,-0.133675
0.470211,0.66356,-0.0892228,0.575003,0.531535,0.200979,0.570754,-0.137741
0.466078,0.673611,-0.0946073,0.565746,0.526959,0.204228,0.558767,-0.141951
0.461411,0.683379,-0.100511,0.556768,0.522277,0.207288,0.546792,-0.14663
0.456211,0.692753,-0.10698,0.548198,0.517536,0.210139,0.534886,-0.151819
0.450596,0.701701,-0.113967,0.539991,0.512756,0.21277,0.523055,-0.157359
0.444663,0.710378,-0.121422,0.531878,0.507928,0.21517,0.511277,-0.16328
0.438493,0.718981,-0.129288,0.523522,0.503036,0.217335,0.49953,-0.169679
0.432167,0.727643,-0.137492,0.514648,0.498054,0.219279,0.487778,-0.176557
0.4257,0.736441,-0.146016,0.505088,0.492963,0.221011,0.476001,-0.184034
0.419064,0.745421,-0.15485,0.494726,0.487756,0.222533,0.464205,-0.192255
0.412322,0.754595,-0.163911,0.483436,0.482407,0.223872,0.452386,-0.201136
0.405792,0.763815,-0.173022,0.47115,0.476872,0.225049,0.440547,-0.209999
0.399865,0.772782,-0.181967,0.458044,0.471132,0.22606,0.42875,-0.217908
0.394682,0.781186,-0.190628,0.444561,0.465213,0.226888,0.417116,-0.224357
0.389885,0.788949,-0.199145,0.43115,0.459174,0.227535,0.405769,-0.230011
0.385005,0.796235,-0.207663,0.41792,0.453054,0.22805,0.394759,-0.235916
0.379907,0.803282,-0.216071,0.404627,0.446852,0.22851,0.38405,-0.242465
0.37484,0.810215,-0.224067,0.390948,0.440536,0.228977,0.373581,-0.249228
0.370153,0.816979,-0.231424,0.376796,0.434097,0.229469,0.363338,-0.255529
0.365949,0.82341,-0.238164,0.362429,0.427563,0.229961,0.353395,-0.261104
0.36206,0.829356,-0.244396,0.348356,0.42102,0.230428,0.343869,-0.266096
0.358239,0.834735,-0.250163,0.335112,0.414575,0.230865,0.334878,-0.270692
0.354245,0.839596,-0.255399,0.323047,0.408302,0.231287,0.326516,-0.27508
0.350016,0.844003,-0.26013,0.312217,0.402242,0.231721,0.318832,-0.279362
0.345664,0.847979,-0.264498,0.302472,0.396417,0.232201,0.31184,-0.283574
0.34134,0.851555,-0.268498,0.293685,0.390848,0.232755,0.305552,-0.287571
0.337194,0.854773,-0.271959,0.285836,0.385581,0.233409,0.299985,-0.291042
0.333265,0.857713,-0.27475,0.278883,0.380671,0.234187,0.295157,-0.29396
0.32958,0.860439,-0.276827,0.272741,0.376171,0.235105,0.291086,-0.296415
0.326172,0.86299,-0.278192,0.267336,0.372126,0.236166,0.287795,-0.298499
0.323083,0.865366,-0.278861,0.262669,0.368585,0.237366,0.285318,-0.300248
0.320408,0.867539,-0.278819,0.258795,0.365606,0.238709,0.283683,-0.301554
0.318217,0.8695,-0.277991,0.255792,0.363237,0.240206,0.282915,-0.302287
0.316421,0.87129,-0.276305,0.253746,0.361531,0.241869,0.283038,-0.302614
0.314909,0.872928,-0.273736,0.252781,0.360544,0.2437,0.284082,-0.30272
0.313615,0.874385,-0.270268,0.253084,0.360321,0.245695,0.286074,-0.302634
0.312541,0.875605,-0.265893,0.254824,0.360892,0.247843,0.289038,-0.302257
0.311694,0.876529,-0.260658,0.258073,0.362267,0.250122,0.292981,-0.301584
0.31116,0.877081,-0.254593,0.262851,0.364434,0.252504,0.297904,-0.300478
0.310963,0.877196,-0.24781,0.269107,0.367359,0.254946,0.303801,-0.298973
0.311059,0.876835,-0.240477,0.276719,0.370991,0.257401,0.310656,-0.297308
0.311459,0.875952,-0.232721,0.285555,0.375273,0.259823,0.31844,-0.29559
0.312146,0.874516,-0.224606,0.295533,0.380151,0.262177,0.327123,-0.293913
0.313232,0.872453,-0.216125,0.306598,0.385564,0.264434,0.336668,-0.292033
0.314726,0.86972,-0.207311,0.31868,0.391447,0.266567,0.347034,-0.289921
0.31646,0.866329,-0.198278,0.331681,0.397732,0.268548,0.358176,-0.287938
0.318311,0.862234,-0.18919,0.345598,0.404354,0.270334,0.37005,-0.286254
0.320316,0.857322,-0.180096,0.360502,0.41125,0.271885,0.382606,-0.284581
0.322556,0.851561,-0.170906,0.376289,0.418348,0.273177,0.395787,-0.282632
0.325027,0.844984,-0.161592,0.392743,0.425563,0.274202,0.409537,-0.280437
0.32789,0.837555,-0.152035,0.409725,0.432805,0.274959,0.423801,-0.277536
0.331214,0.829235,-0.142165,0.427148,0.439988,0.275443,0.43854,-0.273624
0.334816,0.820052,-0.132102,0.44493,0.447041,0.275654,0.45373,-0.26902
0.338365,0.81011,-0.122151,0.462937,0.453884,0.275576,0.469356,-0.264471
0.341769,0.799523,-0.112481,0.480941,0.46043,0.275204,0.485327,-0.260265
0.345058,0.788421,-0.103042,0.498708,0.466579,0.274578,0.501446,-0.256282
0.309826,0.840664,-0.221525,0.38499,0.348298,0.237877,0.365738,-0.140311
0.308913,0.840574,-0.230043,0.380905,0.345351,0.23593,0.35657,-0.140881
0.30758,0.840559,-0.237076,0.377692,0.342578,0.233995,0.347816,-0.141672
0.305831,0.840631,-0.24271,0.375366,0.339972,0.232078,0.339507,-0.142698
0.304122,0.840575,-0.247876,0.373498,0.337523,0.230193,0.331641,-0.144065
0.302694,0.840347,-0.252926,0.371782,0.335214,0.228368,0.324184,-0.145691
0.301458,0.84005,-0.257739,0.370149,0.333034,0.226623,0.317097,-0.14754
0.300312,0.839749,-0.262273,0.368575,0.330975,0.224967,0.310362,-0.149624
0.299185,0.839476,-0.266524,0.367059,0.329021,0.223391,0.303982,-0.151909
0.298017,0.839246,-0.270494,0.365629,0.327148,0.221878,0.297982,-0.154351
0.296767,0.839101,-0.274155,0.36425,0.325329,0.220425,0.292388,-0.156899
0.295425,0.839107,-0.277471,0.362814,0.323531,0.219036,0.287224,-0.159495
0.293886,0.839361,-0.280486,0.361153,0.321723,0.217722,0.282528,-0.162413
0.292034,0.839946,-0.283212,0.359162,0.3199,0.216497,0.278332,-0.165939
0.28986,0.840883,-0.285576,0.356851,0.31809,0.215384,0.274675,-0.170096
0.287566,0.842066,-0.287518,0.35435,0.316325,0.214381,0.271617,-0.17446
0.285544,0.843327,-0.288923,0.351836,0.314625,0.213476,0.26922,-0.17816
0.283958,0.844599,-0.289747,0.349381,0.313007,0.212669,0.267529,-0.180833
0.282823,0.845897,-0.289966,0.346971,0.311483,0.211979,0.266581,-0.18245
0.282155,0.847245,-0.289537,0.344577,0.310068,0.211423,0.266406,-0.183033
0.281947,0.848649,-0.28842,0.34222,0.308784,0.211022,0.267043,-0.182645
0.282087,0.850103,-0.286594,0.340023,0.307676,0.210794,0.268534,-0.181535
0.282504,0.851574,-0.283999,0.338169,0.306791,0.210755,0.270907,-0.179816
0.283117,0.853005,-0.280633,0.336858,0.306179,0.21091,0.274186,-0.177643
0.283889,0.85435,-0.276517,0.3362,0.305873,0.211254,0.278378,-0.17515
0.284723,0.855618,-0.271782,0.336133,0.305865,0.211762,0.28345,-0.172679
0.285501,0.856868,-0.266614,0.336427,0.306121,0.212398,0.289333,-0.17067
0.286246,0.858093,-0.261201,0.336917,0.306618,0.213118,0.295946,-0.169217
0.287099,0.85919,-0.255703,0.337614,0.307352,0.213872,0.303224,-0.168063
0.288153,0.860018,-0.250206,0.338723,0.308354,0.214612,0.311135,-0.166963
0.289526,0.860427,-0.244633,0.34058,0.309676,0.215313,0.319668,-0.165576
0.291094,0.860358,-0.238953,0.343439,0.311354,0.215966,0.328812,-0.164194
0.292747,0.859785,-0.233191,0.347406,0.313402,0.21655,0.338544,-0.163208
0.294604,0.858647,-0.227327,0.352499,0.315818,0.217043,0.348822,-0.162565
0.296812,0.856951,-0.221146,0.358652,0.318566,0.217441,0.359581,-0.161951
0.299458,0.854808,-0.214296,0.365657,0.321562,0.217773,0.370727,-0.160992
0.302574,0.852383,-0.206609,0.373101,0.324709,0.218079,0.382155,-0.159523
0.430507,0.728691,0.177845,0.50204,0.37752,0.052535,0.636187,-0.290789
0.426646,0.721009,0.194714,0.510103,0.37829,0.052277,0.646783,-0.291221
0.422974,0.713545,0.211045,0.517114,0.378768,0.052052,0.656734,-0.290677
0.419286,0.706402,0.227198,0.523046,0.378978,0.051979,0.666048,-0.289262
0.415242,0.699618,0.24364,0.527966,0.378949,0.05221,0.674777,-0.287047
0.410553,0.693153,0.260761,0.531967,0.378709,0.052826,0.682996,-0.284004
0.405072,0.686982,0.278504,0.535171,0.378258,0.053823,0.69073,-0.280331
0.398893,0.681201,0.296435,0.537566,0.377567,0.055155,0.697917,-0.276403
0.392251,0.676062,0.314359,0.538756,0.376613,0.056823,0.70443,-0.272393
0.385302,0.671872,0.332564,0.538082,0.375394,0.058931,0.71015,-0.26812
0.378042,0.668787,0.351517,0.535017,0.373907,0.06162,0.715025,-0.263248
0.370367,0.666717,0.371364,0.529533,0.37215,0.064934,0.719082,-0.257782
0.362217,0.665356,0.391672,0.5222,0.370123,0.068764,0.722393,-0.251994
0.35363,0.66443,0.411559,0.513905,0.367838,0.072929,0.72502,-0.246369
0.344788,0.663887,0.430452,0.50506,0.365307,0.077358,0.726966,-0.241086
0.335861,0.663993,0.448728,0.494929,0.362525,0.082164,0.728178,-0.235908
0.326941,0.665086,0.467147,0.482228,0.359464,0.087514,0.72861,-0.230599
0.318044,0.66734,0.485954,0.466211,0.3561,0.09346,0.728258,-0.225542
0.309177,0.670716,0.504736,0.446981,0.352438,0.099902,0.727159,-0.221663
0.300332,0.675061,0.522799,0.425176,0.348505,0.106655,0.725377,-0.22007
0.291366,0.680217,0.539668,0.401459,0.344317,0.113577,0.722992,-0.221772
0.281967,0.686014,0.555368,0.376093,0.339846,0.120628,0.720105,-0.227603
0.271956,0.69219,0.570093,0.349153,0.335062,0.127806,0.716814,-0.237927
0.261541,0.698336,0.58386,0.320984,0.329979,0.1351,0.713185,-0.252234
0.250812,0.704209,0.596361,0.292467,0.324678,0.1424,0.709268,-0.270493
0.239636,0.709778,0.607365,0.264381,0.319238,0.149534,0.705106,-0.293289
0.228044,0.715034,0.616994,0.23673,0.313681,0.156427,0.700719,-0.320809
0.216358,0.719952,0.625439,0.209009,0.308003,0.163078,0.696089,-0.352747
0.205048,0.724542,0.632665,0.180914,0.302231,0.16946,0.691195,-0.388464
0.194631,0.728821,0.638517,0.152429,0.296417,0.175543,0.686018,-0.426735
0.185116,0.732818,0.642944,0.123827,0.290587,0.181302,0.680569,-0.467123
0.176191,0.736456,0.646152,0.0952751,0.284757,0.186723,0.674921,-0.51007
0.16771,0.739524,0.648464,0.066873,0.278966,0.191828,0.669179,-0.555473
0.159714,0.741854,0.650094,0.0390211,0.273293,0.196627,0.663424,-0.602364
0.152436,0.743402,0.651135,0.0117955,0.267773,0.201146,0.657694,-0.649761
-0.146203,-0.744143,-0.651646,0.0152831,0.262382,0.205466,0.65202,-0.697111
-0.141164,-0.744115,-0.651579,0.0425547,0.257099,0.209583,0.6464,-0.74392
-0.137164,-0.743463,-0.650844,0.0696406,0.251972,0.213417,0.640796,-0.78968
-0.13389,-0.742426,-0.64941,0.095625,0.24709,0.216929,0.635133,-0.833806
-0.131489,-0.741184,-0.647264,0.120027,0.242501,0.220152,0.629339,-0.874475
-0.130303,-0.739892,-0.644315,0.142969,0.238176,0.223125,0.623346,-0.9099
-0.130052,-0.738769,-0.640496,0.164536,0.234048,0.225875,0.617099,-0.940812
-0.130105,-0.738028,-0.63588,0.184514,0.230072,0.228416,0.610573,-0.968982
-0.130111,-0.737768,-0.630661,0.202572,0.226247,0.230753,0.603759,-0.995171
-0.129959,-0.73801,-0.625087,0.218444,0.222594,0.232906,0.596651,-1.01962
-0.129847,-0.738718,-0.619227,0.232363,0.219117,0.234896,0.589239,-1.04205
-0.130114,-0.739822,-0.612958,0.244984,0.215784,0.236747,0.581513,-1.062
-0.130871,-0.741214,-0.606223,0.256844,0.212566,0.238466,0.573497,-1.07974
-0.132021,-0.742714,-0.599186,0.268184,0.209442,0.240038,0.565266,-1.09621
-0.133445,-0.744199,-0.592061,0.278971,0.206408,0.241453,0.556912,-1.11195
-0.134978,-0.745717,-0.584965,0.288969,0.203473,0.24271,0.548521,-1.127
-0.136494,-0.747339,-0.57794,0.298059,0.200642,0.24381,0.540194,-1.14114
-0.137918,-0.749001,-0.571083,0.306334,0.197907,0.244763,0.532099,-1.15426
-0.139283,-0.750497,-0.564636,0.313912,0.19529,0.245586,0.524471,-1.16626
-0.140586,-0.751574,-0.558995,0.320775,0.192851,0.246297,0.517578,-1.17737
-0.141751,-0.75202,-0.5545,0.326959,0.190652,0.246916,0.51169,-1.18797
-0.142666,-0.751733,-0.551337,0.332524,0.188742,0.24747,0.507054,-1.19813
-0.14316,-0.750695,-0.549719,0.337299,0.187196,0.247969,0.503892,-1.20782
-0.142951,-0.74891,-0.550051,0.340797,0.186117,0.248434,0.502397,-1.21746
-0.141889,-0.746344,-0.552646,0.342667,0.185596,0.248872,0.502702,-1.22732
-0.140052,-0.742918,-0.557565,0.342899,0.185674,0.249277,0.504873,-1.2372
-0.137572,-0.738596,-0.564726,0.341518,0.186365,0.249637,0.508885,-1.24678
-0.134528,-0.733424,-0.573993,0.338413,0.187663,0.249919,0.514621,-1.25582
-0.131054,-0.727457,-0.585159,0.333497,0.189541,0.250068,0.521907,-1.26402
-0.12721,-0.720771,-0.598015,0.326626,0.191948,0.25003,0.530524,-1.27138
-0.123032,-0.713512,-0.612219,0.317728,0.194814,0.249747,0.54022,-1.27771
-0.118602,-0.705861,-0.627368,0.306762,0.198055,0.24917,0.550737,-1.28246
-0.114064,-0.697968,-0.643057,0.293782,0.201597,0.248277,0.561828,-1.28501
-0.109619,-0.689984,-0.658938,0.278757,0.205379,0.247078,0.57326,-1.28443
-0.105429,-0.682149,-0.674731,0.261334,0.20938,0.245592,0.584803,-1.27935
-0.101588,-0.6747,-0.690178,0.241067,0.213584,0.243826,0.596254,-1.2682
-0.0980855,-0.667853,-0.704967,0.217652,0.217948,0.241786,0.607439,-1.24937
-0.0948827,-0.66166,-0.718772,0.191233,0.222401,0.239497,0.618236,-1.22193
-0.0920828,-0.656064,-0.731231,0.162484,0.226861,0.236984,0.628569,-1.18505
-0.0897612,-0.651089,-0.742013,0.132073,0.231279,0.234268,0.638378,-1.13821
-0.0880594,-0.646744,-0.75093,0.100362,0.235652,0.231365,0.647621,-1.08099
-0.087083,-0.643022,-0.75788,0.0675015,0.239994,0.228289,0.656263,-1.01358
-0.086815,-0.639892,-0.762798,0.033775,0.244301,0.22506,0.664282,-0.938108
0.0871575,0.637244,0.765718,0.000366953,0.248554,0.221691,0.671682,-0.858616
0.0881159,0.634899,0.766781,0.0344518,0.252749,0.218174,0.67849,-0.779037
0.0897313,0.63273,0.766098,0.068526,0.256944,0.214494,0.68474,-0.701561
0.0920482,0.63073,0.763604,0.103037,0.261236,0.210632,0.690453,-0.627156
0.095232,0.628966,0.759084,0.138293,0.265725,0.206581,0.695638,-0.556786
0.0994378,0.627518,0.752333,0.17415,0.270471,0.202338,0.700299,-0.492742
0.104708,0.626437,0.743403,0.209677,0.275445,0.197908,0.70446,-0.437872
0.111015,0.625532,0.732928,0.243317,0.280518,0.193275,0.708186,-0.392892
0.11837,0.624402,0.721849,0.273942,0.285553,0.18838,0.711575,-0.355313
0.126785,0.622986,0.710569,0.301506,0.290511,0.183153,0.714691,-0.322966
0.136477,0.621458,0.698936,0.326578,0.295451,0.177548,0.717534,-0.294344
0.14785,0.619972,0.686711,0.349576,0.300454,0.171543,0.720078,-0.268203
0.161256,0.618677,0.673817,0.370413,0.305571,0.165115,0.722288,-0.244055
0.176865,0.617645,0.660375,0.388764,0.310792,0.158229,0.724133,-0.221651
0.194712,0.616827,0.646611,0.404359,0.316054,0.15086,0.725588,-0.200431
0.214587,0.6161,0.632586,0.417382,0.321289,0.143004,0.726642,-0.180038
0.235977,0.615352,0.618003,0.428637,0.326439,0.134636,0.7273,-0.160981
0.258396,0.614494,0.602475,0.438922,0.331446,0.125744,0.727567,-0.143775
0.281573,0.613442,0.585732,0.448691,0.336258,0.11634,0.72743,-0.128457
0.305273,0.612173,0.567437,0.458332,0.340852,0.106438,0.726875,-0.115263
0.329266,0.610699,0.547426,0.467927,0.345189,0.096086,0.725896,-0.104334
0.353272,0.608975,0.5259,0.47726,0.349202,0.085389,0.72451,-0.0953093
0.376947,0.606961,0.503135,0.486172,0.352821,0.074467,0.72276,-0.0878307
0.399913,0.604667,0.479224,0.494765,0.356,0.063429,0.72068,-0.0819049
0.42172,0.602237,0.454018,0.503319,0.358725,0.052344,0.718297,-0.0782084
0.442034,0.599907,0.427466,0.51185,0.361006,0.041241,0.71562,-0.0773011
0.460754,0.597856,0.399663,0.520138,0.362861,0.030168,0.712649,-0.0791667
0.477828,0.596215,0.370723,0.527989,0.364318,0.019216,0.709382,-0.0836152
0.493548,0.594632,0.34167,0.534869,0.365399,0.008608,0.705862,-0.0882284
0.508034,0.592714,0.31362,0.540587,0.366144,-0.001404,0.702177,-0.0907836
0.520663,0.590678,0.286354,0.545904,0.366653,-0.010771,0.698413,-0.0926081
0.530934,0.588886,0.259559,0.551318,0.367005,-0.019526,0.694627,-0.0952248
0.539035,0.587519,0.233416,0.556579,0.36723,-0.027696,0.690793,-0.0984706
0.545463,0.586711,0.207699,0.561339,0.36734,-0.035368,0.686792,-0.102151
0.55096,0.586465,0.182277,0.565046,0.367338,-0.042622,0.682459,-0.105498
0.495443,0.581376,0.241608,0.598467,0.382389,-0.012879,0.713772,-0.0399733
0.487396,0.580761,0.270941,0.593088,0.381959,-0.00435,0.719785,-0.0317483
0.478879,0.580681,0.299957,0.586098,0.381402,0.004428,0.725288,-0.0235984
0.469948,0.581016,0.328329,0.577728,0.380705,0.013393,0.730297,-0.0157375
0.460723,0.581637,0.355744,0.568225,0.379847,0.022466,0.734819,-0.00833769
0.451173,0.582619,0.382183,0.557614,0.378825,0.031631,0.738855,-0.00164315
0.441267,0.584086,0.408038,0.545557,0.377633,0.040963,0.742408,0.00456879
0.430968,0.586082,0.433693,0.531681,0.376255,0.050536,0.745492,0.0105524
0.420099,0.588595,0.459131,0.516014,0.374671,0.060327,0.748152,0.0158543
0.408449,0.591613,0.484091,0.498818,0.372869,0.070256,0.750432,0.0196112
0.395767,0.595335,0.50845,0.480024,0.370839,0.080297,0.752332,0.0206414
0.382363,0.599735,0.532305,0.459093,0.368568,0.090516,0.75381,0.0190737
0.36907,0.604522,0.555539,0.435565,0.366037,0.100961,0.754806,0.016215
0.356272,0.60957,0.577925,0.409264,0.363237,0.111587,0.755293,0.0124899
0.343942,0.614779,0.598982,0.38075,0.360189,0.122238,0.755301,0.00715943
0.331982,0.61995,0.618222,0.351071,0.356916,0.132753,0.754895,-0.000457078
0.320045,0.62505,0.635556,0.320862,0.353396,0.143097,0.75412,-0.0112223
0.307879,0.630193,0.651219,0.289794,0.349576,0.153427,0.752933,-0.0259927
0.295571,0.635438,0.665413,0.257063,0.345429,0.163862,0.751279,-0.0453269
0.283596,0.640625,0.678028,0.222377,0.340994,0.174268,0.749205,-0.0690478
0.272525,0.645421,0.688797,0.186335,0.336382,0.184433,0.746788,-0.0960493
0.262347,0.649789,0.697356,0.150477,0.331711,0.194167,0.744054,-0.126312
0.252562,0.653987,0.703573,0.116185,0.327005,0.203317,0.741,-0.160869
0.243053,0.658064,0.707755,0.0834308,0.322235,0.211952,0.737643,-0.199145
0.233939,0.661943,0.710225,0.0518147,0.317405,0.220255,0.734008,-0.239776
0.225307,0.665662,0.711107,0.0214069,0.312564,0.22829,0.7301,-0.281749
-0.217522,-0.669203,-0.710484,0.00797599,0.307765,0.236037,0.725919,-0.323334
-0.210865,-0.672598,-0.708381,0.0366681,0.30303,0.243491,0.72145,-0.36326
-0.205259,-0.676076,-0.704687,0.0648479,0.29834,0.250678,0.716643,-0.401698
-0.200525,-0.679943,-0.699228,0.092452,0.293668,0.25762,0.711428,-0.438948
-0.196473,-0.684505,-0.691875,0.118999,0.28903,0.264316,0.705737,-0.474691
-0.193229,-0.689887,-0.682595,0.144159,0.284472,0.270756,0.699519,-0.507284
-0.190943,-0.696046,-0.671486,0.167835,0.280022,0.27694,0.692737,-0.535337
-0.189417,-0.70292,-0.658698,0.190109,0.275659,0.282863,0.685381,-0.559322
-0.188525,-0.710442,-0.644234,0.211409,0.271332,0.288491,0.677466,-0.579907
-0.188368,-0.718578,-0.627921,0.232117,0.266993,0.293776,0.668993,-0.596844
-0.188881,-0.72736,-0.609721,0.252017,0.262638,0.298678,0.659956,-0.610002
-0.189843,-0.736737,-0.589907,0.270534,0.258301,0.303151,0.650384,-0.619717
-0.19107,-0.746373,-0.569063,0.28738,0.254024,0.307129,0.640391,-0.626763
-0.192661,-0.755709,-0.547657,0.303079,0.249795,0.310552,0.630158,-0.631714
-0.194518,-0.764363,-0.525934,0.318285,0.245564,0.313375,0.619867,-0.635636
-0.196599,-0.772117,-0.503933,0.333519,0.241275,0.315589,0.609655,-0.638969
-0.198809,-0.778909,-0.481861,0.348692,0.236933,0.317227,0.599628,-0.64184
-0.200838,-0.784759,-0.460267,0.36328,0.232615,0.318344,0.589894,-0.644891
-0.202428,-0.789615,-0.439795,0.376978,0.228397,0.318993,0.580608,-0.648873
-0.203531,-0.793269,-0.42114,0.389796,0.224369,0.319267,0.57197,-0.654326
-0.204329,-0.795496,-0.404833,0.401928,0.220627,0.319294,0.564176,-0.661304
-0.205059,-0.796209,-0.39099,0.413676,0.21722,0.319183,0.557387,-0.669326
-0.20571,-0.795549,-0.379548,0.425122,0.214157,0.31901,0.551723,-0.678045
-0.206017,-0.793749,-0.370619,0.436073,0.211455,0.318847,0.547319,-0.687548
-0.205701,-0.790969,-0.364493,0.446319,0.209161,0.318765,0.544352,-0.69811
-0.204578,-0.787182,-0.361581,0.455797,0.207351,0.318834,0.543037,-0.710151
-0.202707,-0.782254,-0.362125,0.464601,0.206133,0.319079,0.543579,-0.723591
-0.200393,-0.776066,-0.366056,0.472829,0.205616,0.319478,0.546092,-0.737621
-0.197852,-0.768642,-0.373188,0.48039,0.205887,0.319961,0.550599,-0.751414
-0.195257,-0.759991,-0.383318,0.487192,0.206989,0.320429,0.55706,-0.764355
-0.192591,-0.750106,-0.396457,0.493023,0.208936,0.32082,0.565373,-0.776688
-0.189675,-0.73909,-0.412792,0.497366,0.211738,0.321114,0.575329,-0.789337
-0.18648,-0.727176,-0.432163,0.499676,0.21538,0.321226,0.586642,-0.802527
-0.183093,-0.714709,-0.454103,0.499458,0.219794,0.321045,0.598982,-0.815757
-0.179574,-0.702056,-0.478077,0.4963,0.22486,0.320486,0.611997,-0.8285
-0.175949,-0.689421,-0.503499,0.490132,0.230429,0.319493,0.625396,-0.840573
-0.172244,-0.676793,-0.529724,0.481327,0.236342,0.318013,0.638955,-0.852174
-0.16862,-0.664034,-0.556082,0.470531,0.242457,0.315978,0.652503,-0.863276
-0.165308,-0.651131,-0.582008,0.458222,0.248675,0.313318,0.665863,-0.873344
-0.162455,-0.638382,-0.607237,0.44423,0.254934,0.310063,0.678829,-0.8816
-0.15995,-0.626336,-0.63177,0.427768,0.261208,0.30632,0.691193,-0.887543
-0.157808,-0.615339,-0.655425,0.4085,0.267449,0.302171,0.702831,-0.890267
-0.156109,-0.605402,-0.677849,0.386832,0.273574,0.297667,0.713711,-0.888984
-0.154974,-0.596341,-0.698818,0.363337,0.279539,0.292849,0.723843,-0.883267
-0.154667,-0.587956,-0.718311,0.338253,0.285391,0.287767,0.733218,-0.872249
-0.155307,-0.580289,-0.736449,0.311108,0.291225,0.282477,0.741796,-0.854629
-0.156689,-0.573677,-0.753207,0.281108,0.29708,0.277048,0.749535,-0.829127
-0.158372,-0.568418,-0.768385,0.247797,0.302926,0.271531,0.756431,-0.795729
-0.160113,-0.564433,-0.781703,0.211471,0.308711,0.265935,0.762532,-0.755344
-0.162041,-0.561325,-0.792919,0.173017,0.314416,0.260229,0.767917,-0.708743
-0.164421,-0.558696,-0.801885,0.133434,0.320041,0.254376,0.772653,-0.656504
-0.167601,-0.556341,-0.808485,0.093525,0.325609,0.248341,0.776779,-0.598662
-0.171911,-0.554186,-0.812668,0.0538005,0.331171,0.242069,0.780332,-0.53551
-0.177041,-0.552348,-0.81448,0.0137922,0.33677,0.235543,0.783342,-0.470287
0.182445,0.550937,0.813907,0.0271555,0.342413,0.228805,0.785811,-0.407166
0.18838,0.549811,0.810885,0.0684556,0.348098,0.221884,0.78775,-0.347041
0.195374,0.548743,0.805446,0.109392,0.353837,0.214758,0.789182,-0.289093
0.203907,0.547533,0.79761,0.149826,0.359657,0.207374,0.790119,-0.232088
0.213742,0.546233,0.787368,0.189723,0.365576,0.199667,0.790587,-0.179011
0.22385,0.545213,0.774845,0.228581,0.371559,0.19161,0.790607,-0.136121
0.234,0.544577,0.76038,0.265525,0.377528,0.183211,0.790181,-0.103649
0.244642,0.544232,0.744283,0.300006,0.383422,0.174497,0.789307,-0.078159
0.256201,0.544139,0.726799,0.331718,0.389222,0.165502,0.787977,-0.0571089
0.268885,0.544339,0.70811,0.360521,0.394934,0.156257,0.786161,-0.0393002
0.28277,0.544845,0.688387,0.386405,0.400568,0.146779,0.783831,-0.0239473
0.297839,0.545644,0.667701,0.409561,0.406119,0.13707,0.780967,-0.0104286
0.314028,0.546728,0.646166,0.430051,0.411573,0.127154,0.777553,0.00179228
0.331335,0.548069,0.62386,0.447925,0.416922,0.117078,0.773555,0.0133008
0.349896,0.549536,0.600667,0.463446,0.422174,0.106848,0.768939,0.0248261
0.369627,0.551026,0.576465,0.476901,0.427333,0.096394,0.763726,0.0364175
0.389993,0.552544,0.551102,0.488761,0.432381,0.085655,0.757985,0.0471949
0.410306,0.554006,0.524261,0.499877,0.437294,0.074613,0.75182,0.0561857
0.429988,0.555293,0.495658,0.510963,0.442042,0.063257,0.745344,0.062572
0.448761,0.556322,0.465386,0.522049,0.446581,0.051598,0.738645,0.0662243
0.466669,0.556916,0.433865,0.532753,0.450862,0.039676,0.731794,0.0679801
0.483694,0.556945,0.401528,0.542797,0.454839,0.027539,0.724843,0.0685695
0.499836,0.556286,0.368732,0.552038,0.458484,0.015242,0.717833,0.0686158
0.51512,0.554841,0.335761,0.560417,0.461779,0.002842,0.710788,0.0686394
0.529551,0.552535,0.302751,0.567999,0.464693,-0.009623,0.703711,0.0689099
0.543237,0.549408,0.269509,0.574812,0.467186,-0.022133,0.696585,0.0692128
0.556459,0.545597,0.235946,0.580523,0.469238,-0.03463,0.689363,0.0694508
0.569338,0.541272,0.202414,0.584728,0.470862,-0.046998,0.681993,0.0699025
0.581685,0.536674,0.169218,0.587357,0.472051,-0.059123,0.674457,0.0704724
0.593134,0.532035,0.136326,0.588682,0.472786,-0.070942,0.666803,0.0704773
0.603423,0.527375,0.103747,0.589061,0.473059,-0.082408,0.659101,0.069666
0.612429,0.52265,0.0714671,0.588778,0.472872,-0.093488,0.651398,0.0679687
0.620078,0.518085,0.0392742,0.587835,0.472223,-0.104174,0.64367,0.0647985
0.638592,0.505218,-0.0847072,0.574265,0.476278,-0.131133,0.603825,0.0209816
0.635302,0.504994,-0.0565308,0.58153,0.479549,-0.124399,0.613942,0.0266697
0.631212,0.504997,-0.0288674,0.587977,0.482432,-0.11748,0.623905,0.0314802
0.626468,0.505407,-0.00129182,0.59338,0.484968,-0.11039,0.633619,0.0357646
0.621161,0.506488,0.02663,0.597428,0.487231,-0.103095,0.642983,0.0397662
0.615399,0.508069,0.0547707,0.600125,0.489278,-0.09558,0.651946,0.0438182
0.609204,0.509857,0.0828254,0.601711,0.491134,-0.087878,0.66051,0.0480603
0.602365,0.511794,0.11028,0.602546,0.492776,-0.080083,0.668713,0.0517226
0.594705,0.513966,0.136479,0.602941,0.494158,-0.072304,0.67657,0.0536178
0.586437,0.51639,0.161507,0.602784,0.495302,-0.064564,0.684023,0.0539068
0.577953,0.519065,0.186004,0.601618,0.496285,-0.056789,0.690975,0.0536118
0.569573,0.521866,0.210642,0.59906,0.497172,-0.048884,0.697376,0.0539578
0.5613,0.524697,0.235421,0.595157,0.497972,-0.040837,0.703244,0.0550523
0.553026,0.527486,0.259827,0.590262,0.498649,-0.032721,0.708621,0.0562688
0.544742,0.530254,0.283515,0.584556,0.499182,-0.024599,0.713518,0.0570962
0.536594,0.533091,0.306657,0.57779,0.499589,-0.01645,0.717905,0.0576505
0.528739,0.536058,0.32961,0.569592,0.499898,-0.008202,0.721766,0.0583133
0.521306,0.538943,0.352542,0.559906,0.500109,0.000178,0.725144,0.0596999
0.514103,0.541563,0.375437,0.549049,0.5002,0.008645,0.728112,0.0618752
0.506659,0.54406,0.398269,0.537286,0.500164,0.017143,0.730706,0.0640633
0.498964,0.546581,0.421133,0.524339,0.500008,0.025675,0.732899,0.065926
0.491375,0.549191,0.444064,0.509654,0.499743,0.03427,0.73464,0.0675108
0.484119,0.552014,0.466823,0.492936,0.499372,0.042909,0.735882,0.0682769
0.477375,0.555077,0.489049,0.474167,0.498899,0.051565,0.736604,0.0676913
0.471203,0.558258,0.510463,0.453588,0.498324,0.060226,0.736834,0.0655919
0.465356,0.561495,0.531053,0.43145,0.497618,0.068908,0.736641,0.0617043
0.45944,0.564877,0.550959,0.407764,0.496745,0.077629,0.736092,0.0552018
0.453332,0.568496,0.570281,0.382207,0.495677,0.086377,0.735217,0.0448625
0.447116,0.572352,0.588984,0.354398,0.494403,0.095108,0.734009,0.0294523
0.441176,0.576104,0.607126,0.323831,0.492927,0.103826,0.732473,0.00944488
0.436064,0.579167,0.6246,0.290325,0.49125,0.112542,0.730637,-0.0133584
0.43169,0.5814,0.640859,0.254789,0.489382,0.121202,0.728548,-0.0391085
0.427648,0.582954,0.655476,0.218251,0.487329,0.129754,0.726244,-0.0688823
0.423705,0.583996,0.668232,0.181352,0.485094,0.138148,0.723759,-0.10311
0.419766,0.584678,0.679022,0.144489,0.482667,0.146337,0.721098,-0.141761
0.416021,0.584969,0.687817,0.107913,0.480051,0.154303,0.718243,-0.183288
0.412861,0.584571,0.694768,0.0715534,0.47725,0.162039,0.7152,-0.224842
0.410419,0.583299,0.700069,0.0349576,0.474247,0.169543,0.711995,-0.265329
-0.408892,-0.580926,-0.70379,0.00330623,0.470967,0.176952,0.708675,-0.304544
-0.408117,-0.57775,-0.705518,0.0434766,0.467398,0.184396,0.70522,-0.343099
-0.407132,-0.574965,-0.704837,0.0828517,0.463681,0.191737,0.701493,-0.38274
-0.405645,-0.573046,-0.701941,0.119792,0.459924,0.198842,0.697417,-0.422554
-0.404031,-0.571688,-0.697172,0.15454,0.456169,0.205695,0.692992,-0.460347
-0.402615,-0.570717,-0.690733,0.187275,0.452455,0.21229,0.688196,-0.494591
-0.401627,-0.570167,-0.68264,0.218193,0.448787,0.21865,0.682979,-0.524282
-0.401145,-0.570147,-0.672834,0.247605,0.445121,0.224807,0.677298,-0.549081
-0.40113,-0.570689,-0.661348,0.275732,0.441404,0.230771,0.671148,-0.569215
-0.401541,-0.571709,-0.648415,0.302443,0.43763,0.23652,0.664547,-0.58501
-0.402488,-0.573153,-0.634295,0.327365,0.433853,0.242026,0.657491,-0.596423
-0.404072,-0.575119,-0.619163,0.350145,0.430111,0.247287,0.649936,-0.603516
-0.406316,-0.577687,-0.602965,0.370969,0.426371,0.252303,0.64187,-0.606584
-0.409111,-0.580871,-0.585593,0.390254,0.422566,0.257047,0.633317,-0.606247
-0.412323,-0.584589,-0.567088,0.408236,0.418647,0.261492,0.624307,-0.603198
-0.415817,-0.588793,-0.547674,0.424819,0.414616,0.265614,0.614874,-0.598128
-0.419558,-0.593477,-0.527608,0.439757,0.410516,0.269378,0.605047,-0.591477
-0.423618,-0.598663,-0.506898,0.452996,0.40637,0.272768,0.594832,-0.583138
-0.428065,-0.604282,-0.485284,0.464868,0.402138,0.275763,0.584247,-0.572783
-0.433057,-0.610088,-0.462421,0.475837,0.397768,0.278336,0.573343,-0.55969
-0.438605,-0.615822,-0.438335,0.486057,0.393249,0.280434,0.562236,-0.543835
-0.444012,-0.621668,-0.413868,0.495072,0.388628,0.28204,0.551085,-0.52775
-0.448665,-0.627902,-0.389853,0.502448,0.38397,0.283197,0.540021,-0.513614
-0.452682,-0.634484,-0.366348,0.508231,0.379316,0.28394,0.529108,-0.500963
-0.456505,-0.64111,-0.34294,0.512809,0.374679,0.284279,0.518419,-0.488076
-0.460149,-0.647509,-0.319708,0.516509,0.370087,0.284251,0.508122,-0.474768
-0.463149,-0.653435,-0.297713,0.519502,0.365654,0.283957,0.498518,-0.462934
-0.465063,-0.6585,-0.278579,0.522004,0.361592,0.283584,0.489984,-0.454845
-0.465826,-0.662195,-0.263794,0.524325,0.358162,0.283359,0.482868,-0.451754
-0.46577,-0.664027,-0.254053,0.526862,0.355572,0.283449,0.477421,-0.453268
-0.465137,-0.663883,-0.24938,0.529826,0.35391,0.283909,0.473774,-0.458567
-0.463904,-0.661964,-0.249525,0.53323,0.353182,0.284717,0.471983,-0.467189
-0.461866,-0.658506,-0.254316,0.537004,0.353364,0.285837,0.472079,-0.479291
-0.458974,-0.653487,-0.263652,0.541097,0.354457,0.287237,0.474081,-0.494988
-0.455259,-0.646805,-0.277327,0.54541,0.35645,0.288856,0.477951,-0.5143
-0.450729,-0.638555,-0.294839,0.549692,0.359288,0.290566,0.48357,-0.53708
-0.44533,-0.629096,-0.315371,0.553588,0.362839,0.292202,0.490733,-0.562912
-0.438954,-0.619004,-0.338131,0.556616,0.36694,0.293619,0.49918,-0.591465
-0.431544,-0.608788,-0.362577,0.558288,0.371442,0.29472,0.508653,-0.622618
-0.423238,-0.598667,-0.388276,0.558309,0.376231,0.295454,0.518936,-0.656055
-0.414171,-0.588752,-0.414862,0.556528,0.381197,0.295794,0.529839,-0.691583
-0.404428,-0.579159,-0.441897,0.552938,0.38622,0.295711,0.541177,-0.728974
-0.394237,-0.57002,-0.468797,0.547616,0.391186,0.295195,0.552753,-0.767277
-0.383934,-0.561547,-0.495052,0.540539,0.396018,0.294295,0.564355,-0.805286
-0.373878,-0.553834,-0.520274,0.531788,0.400681,0.293072,0.575811,-0.841855
-0.364315,-0.546684,-0.544197,0.521787,0.405161,0.291528,0.587033,-0.876301
-0.355486,-0.539588,-0.566635,0.511272,0.409464,0.289606,0.598003,-0.908142
-0.347522,-0.53225,-0.587587,0.500679,0.413607,0.287277,0.60868,-0.937311
-0.340442,-0.524862,-0.607122,0.48992,0.417596,0.284563,0.61899,-0.963682
-0.334184,-0.517909,-0.625301,0.478633,0.421426,0.2815,0.62887,-0.986901
-0.328649,-0.51168,-0.642259,0.466558,0.425094,0.278108,0.638306,-1.00699
-0.323782,-0.506154,-0.658136,0.453685,0.42862,0.274404,0.647302,-1.0243
-0.319644,-0.5011,-0.672908,0.440366,0.432037,0.270434,0.655874,-1.03883
-0.316335,-0.49636,-0.686514,0.426915,0.435373,0.266265,0.664031,-1.05023
-0.313896,-0.492037,-0.699005,0.413233,0.438668,0.261933,0.671749,-1.05829
-0.312255,-0.488308,-0.710535,0.398989,0.441965,0.25745,0.679,-1.06326
-0.31126,-0.485291,-0.721209,0.384014,0.445286,0.25283,0.68578,-1.06563
-0.310826,-0.483002,-0.731054,0.368316,0.448647,0.248083,0.692102,-1.06557
-0.310993,-0.48139,-0.74007,0.351914,0.452072,0.243213,0.69798,-1.06286
-0.311916,-0.480377,-0.748344,0.334556,0.455623,0.238181,0.703412,-1.0571
-0.313713,-0.479885,-0.756039,0.315752,0.459372,0.232875,0.708409,-1.04804
-0.316348,-0.479849,-0.763239,0.295185,0.463345,0.227181,0.713022,-1.03552
-0.319559,-0.480351,-0.770006,0.272461,0.467552,0.221056,0.717275,-1.02007
-0.323149,-0.481534,-0.776149,0.247571,0.471963,0.214597,0.721142,-1.00152
-0.327249,-0.48327,-0.781248,0.221383,0.476512,0.207958,0.724636,-0.978278
-0.33199,-0.485418,-0.785086,0.1944,0.481176,0.201178,0.727764,-0.949292
-0.33713,-0.488021,-0.787737,0.16628,0.485955,0.194227,0.730524,-0.915505
-0.342302,-0.491002,-0.78931,0.136883,0.490799,0.187078,0.732961,-0.878637
-0.347327,-0.494194,-0.789833,0.106303,0.495665,0.179718,0.735121,-0.83966
-0.352261,-0.497534,-0.789172,0.0746922,0.500535,0.172139,0.737007,-0.798351
-0.357241,-0.50113,-0.787062,0.0421933,0.505415,0.164355,0.738574,-0.75419
-0.362409,-0.505044,-0.78327,0.0088926,0.510305,0.156401,0.739772,-0.706684
0.367689,0.50924,0.777717,0.025214,0.515173,0.148309,0.740585,-0.656486
0.37276,0.513718,0.770422,0.0599465,0.519952,0.140104,0.741034,-0.606034
0.377543,0.51835,0.761429,0.0948728,0.524588,0.131818,0.741143,-0.556616
0.38242,0.522851,0.750738,0.129512,0.529058,0.123473,0.740904,-0.506841
0.387698,0.527247,0.73812,0.163947,0.533405,0.115038,0.740254,-0.455969
0.393382,0.531706,0.723383,0.198132,0.537665,0.10649,0.739147,-0.405766
0.399282,0.536217,0.706623,0.231795,0.541823,0.097845,0.7376,-0.358483
0.40508,0.540653,0.688063,0.264905,0.545834,0.089133,0.735665,-0.315295
0.410589,0.544933,0.667745,0.297627,0.549661,0.08036,0.733373,-0.27623
0.415963,0.549109,0.645451,0.32992,0.553314,0.07151,0.730695,-0.241087
0.421625,0.553282,0.62097,0.361259,0.556822,0.062564,0.727547,-0.210209
0.427999,0.557504,0.594459,0.390672,0.560203,0.053507,0.723847,-0.184491
0.435416,0.561676,0.566591,0.417022,0.563446,0.044344,0.719558,-0.164237
0.44408,0.565534,0.538204,0.439659,0.566513,0.035064,0.714705,-0.148292
0.454056,0.568836,0.509718,0.458745,0.569372,0.025627,0.709335,-0.134986
0.465246,0.571469,0.481019,0.474964,0.572007,0.015967,0.703495,-0.123266
0.477529,0.573371,0.451885,0.488888,0.574395,0.006029,0.697227,-0.112612
0.490729,0.574572,0.422087,0.500894,0.576501,-0.00421,0.690574,-0.103111
0.504584,0.575138,0.39159,0.511145,0.578288,-0.014716,0.683583,-0.095011
0.518919,0.574997,0.360756,0.519574,0.579724,-0.025399,0.676316,-0.0878382
0.533439,0.574075,0.330017,0.526279,0.58077,-0.036177,0.66885,-0.0810388
0.547769,0.572415,0.29961,0.53153,0.581387,-0.04699,0.661257,-0.0745041
0.561747,0.57011,0.269345,0.535601,0.581553,-0.0578,0.653568,-0.0684136
0.575468,0.567202,0.238858,0.538576,0.581253,-0.068577,0.645774,-0.0628952
0.588988,0.56375,0.208064,0.540359,0.580485,-0.079272,0.637853,-0.0580001
0.602278,0.559791,0.177114,0.540856,0.579261,-0.089806,0.62979,-0.0535411
0.61511,0.555469,0.146108,0.540136,0.577603,-0.100092,0.621603,-0.0496739
0.627063,0.551036,0.115068,0.538433,0.575549,-0.110042,0.613349,-0.046905
0.637713,0.546753,0.0840894,0.536015,0.573158,-0.11956,0.605109,-0.0457054
0.646717,0.542911,0.0533401,0.533066,0.570502,-0.128562,0.596952,-0.0465131
0.653792,0.539885,0.0229466,0.529674,0.567665,-0.13699,0.58893,-0.0499708
0.658907,0.537902,-0.00677122,0.525791,0.564741,-0.144797,0.581053,-0.0561766
0.662446,0.536807,-0.0350868,0.521318,0.56183,-0.151929,0.573298,-0.0639247
0.664736,0.536323,-0.0615396,0.516427,0.558995,-0.15837,0.565681,-0.072061
0.665907,0.536231,-0.0861415,0.511472,0.556259,-0.164144,0.558262,-0.0801416
0.66602,0.536388,-0.109085,0.50676,0.553628,-0.169293,0.551113,-0.0880896
0.665213,0.536685,-0.130436,0.502442,0.551115,-0.173838,0.544286,-0.0957552
0.663811,0.537049,-0.14999,0.498434,0.548745,-0.177774,0.537786,-0.102759
0.662267,0.537448,-0.167312,0.494529,0.546557,-0.181075,0.531616,-0.108581
0.660814,0.53797,-0.182149,0.490648,0.544598,-0.18374,0.525836,-0.113249
0.659426,0.538719,-0.194466,0.486952,0.542937,-0.185769,0.520577,-0.117197
0.657994,0.539668,-0.204283,0.483809,0.541666,-0.187168,0.516017,-0.1207
0.656443,0.54071,-0.211575,0.481614,0.540877,-0.187946,0.512339,-0.123776
0.654728,0.541808,-0.216198,0.480659,0.540677,-0.188099,0.509685,-0.126355
0.65289,0.542957,-0.217838,0.481122,0.541185,-0.187594,0.508124,-0.12806
0.65101,0.544162,-0.216164,0.483059,0.542487,-0.186383,0.507675,-0.128392
0.64905,0.545534,-0.211173,0.486346,0.544597,-0.184443,0.508327,-0.127429
0.64691,0.547131,-0.203216,0.490773,0.547437,-0.181792,0.510056,-0.125512
0.644503,0.548901,-0.1928,0.496136,0.550867,-0.178469,0.512836,-0.12295
0.641865,0.550705,-0.180264,0.502233,0.554747,-0.174497,0.51661,-0.119669
0.639029,0.552517,-0.165749,0.508816,0.558963,-0.169874,0.521285,-0.115642
0.636016,0.554393,-0.14926,0.51561,0.56343,-0.164585,0.526749,-0.110894
0.632721,0.5564,-0.130934,0.522436,0.568066,-0.158619,0.532906,-0.10567
0.629046,0.558428,-0.111079,0.529264,0.572768,-0.152005,0.539693,-0.100043
0.624911,0.560317,-0.0901838,0.536095,0.577408,-0.144819,0.547055,-0.0941719
0.620306,0.562032,-0.0686681,0.542793,0.581858,-0.137154,0.554901,-0.0883835
0.615278,0.563711,-0.046578,0.549084,0.586023,-0.129076,0.563093,-0.0829361
0.60983,0.565576,-0.0237223,0.554679,0.589866,-0.120617,0.571489,-0.0780187
0.603997,0.567608,-0.000109465,0.559472,0.593365,-0.111809,0.579991,-0.0735195
0.597801,0.569619,0.0237759,0.563562,0.596476,-0.102728,0.588558,-0.0694578
0.591251,0.571461,0.0474282,0.567102,0.59915,-0.09347,0.597161,-0.0660003
0.584316,0.573183,0.0706474,0.570127,0.601354,-0.084097,0.605747,-0.0634265
0.577095,0.574892,0.0935599,0.572458,0.603072,-0.074627,0.614234,-0.0617717
0.569859,0.576517,0.116546,0.573851,0.604327,-0.065063,0.622532,-0.0603652
0.562825,0.57788,0.139852,0.574216,0.605154,-0.055427,0.630581,-0.0584485
0.555968,0.578935,0.16331,0.573641,0.605563,-0.045764,0.638353,-0.0559912
0.549266,0.579798,0.186647,0.572105,0.605548,-0.036126,0.645791,-0.0534589
0.54283,0.580583,0.20974,0.569445,0.605114,-0.026544,0.652817,-0.051096
0.536863,0.581283,0.232731,0.565441,0.604292,-0.017018,0.659359,-0.0485471
0.531439,0.581875,0.255782,0.559973,0.603119,-0.007528,0.665387,-0.045466
0.526402,0.582386,0.278928,0.553106,0.601632,0.00194,0.67091,-0.0418274
0.521431,0.582889,0.301996,0.545113,0.599859,0.011385,0.675948,-0.0379467
0.516296,0.583411,0.32469,0.536327,0.597824,0.020785,0.680498,-0.0340384
0.511109,0.58394,0.346649,0.526893,0.595555,0.030114,0.684524,-0.030108
0.506127,0.58448,0.367789,0.516671,0.593088,0.039365,0.687971,-0.0259657
0.501499,0.585063,0.388285,0.505406,0.590471,0.048544,0.690797,-0.0214556
0.497281,0.585681,0.408409,0.49284,0.587749,0.057675,0.69299,-0.0164405
0.493442,0.586311,0.428225,0.478934,0.584964,0.066753,0.694569,-0.0110179
0.489976,0.586927,0.447485,0.463895,0.582159,0.075714,0.695564,-0.00547126
0.48686,0.587577,0.465892,0.447957,0.579365,0.084496,0.695981,-0.00029841
0.484004,0.588416,0.48325,0.43125,0.576601,0.093113,0.69579,0.00368498
0.481509,0.58948,0.499709,0.413465,0.57388,0.101613,0.694947,0.00628543
0.479558,0.590709,0.515615,0.393988,0.571211,0.109986,0.693446,0.00762607
0.478197,0.592055,0.531117,0.372443,0.568593,0.118213,0.691299,0.00737506
0.477325,0.593403,0.546008,0.349155,0.566022,0.126253,0.688535,0.00519754
0.47691,0.594501,0.560312,0.324308,0.563511,0.13413,0.685184,0.00123234
0.477585,0.595555,0.573238,0.297701,0.561045,0.141898,0.681288,-0.00573796
0.480037,0.596652,0.583464,0.270446,0.558595,0.149486,0.676929,-0.0142685
0.483496,0.597265,0.591805,0.24346,0.556134,0.156868,0.672161,-0.0212043
0.486969,0.597502,0.599296,0.216094,0.553657,0.1641,0.666986,-0.0289343
0.490462,0.597646,0.605712,0.188092,0.551179,0.171174,0.661398,-0.0394519
0.494094,0.597667,0.610805,0.159948,0.548719,0.178047,0.655401,-0.0521143
0.497765,0.597628,0.614505,0.132114,0.546274,0.18471,0.649015,-0.0668075
0.501338,0.597615,0.616872,0.104815,0.543821,0.191189,0.64227,-0.0837123
0.504784,0.597713,0.617936,0.0780214,0.54132,0.197516,0.635185,-0.103019
0.508205,0.59795,0.617668,0.0516795,0.538753,0.203703,0.627765,-0.124387
0.511651,0.59836,0.616036,0.0260359,0.536132,0.209738,0.620005,-0.147079
0.515183,0.598858,0.61315,0.00138688,0.533486,0.215574,0.611931,-0.17005
-0.518773,-0.599341,-0.609242,0.0221102,0.530831,0.221168,0.603598,-0.192753
-0.522273,-0.599872,-0.604487,0.0445062,0.528152,0.226522,0.595061,-0.215673
-0.525504,-0.60064,-0.598938,0.0659581,0.525424,0.231681,0.586358,-0.239682
-0.528374,-0.601779,-0.592611,0.086574,0.522635,0.23668,0.577524,-0.265167
-0.530902,-0.603211,-0.585628,0.106394,0.519805,0.241523,0.568622,-0.291682
-0.533238,-0.604685,-0.578221,0.125198,0.517012,0.246157,0.55974,-0.317911
-0.535562,-0.605874,-0.570733,0.142665,0.514365,0.250506,0.550988,-0.342499
-0.537878,-0.606606,-0.56353,0.158588,0.511952,0.25451,0.542502,-0.365323
-0.540008,-0.606833,-0.556966,0.173014,0.509833,0.258144,0.534448,-0.387403
-0.54185,-0.606426,-0.551372,0.186104,0.508075,0.261405,0.526997,-0.409464
-0.543411,-0.605348,-0.547046,0.19748,0.506798,0.264245,0.520274,-0.431266
-0.544798,-0.603747,-0.544187,0.206266,0.506163,0.266571,0.514342,-0.451719
-0.546111,-0.601865,-0.542874,0.211682,0.506287,0.268294,0.50923,-0.469729
-0.547361,-0.599838,-0.543086,0.213652,0.507175,0.269382,0.504991,-0.485015
-0.54842,-0.597683,-0.544763,0.212707,0.508733,0.26985,0.501692,-0.498303
-0.54922,-0.595357,-0.547772,0.209409,0.510862,0.269727,0.499371,-0.510037
-0.549752,-0.593012,-0.551889,0.203783,0.513495,0.269007,0.497975,-0.519875
-0.550026,-0.590967,-0.556824,0.195387,0.516596,0.267645,0.497385,-0.526926
-0.549965,-0.589654,-0.562236,0.183676,0.52012,0.265593,0.497465,-0.530357
-0.549429,-0.589398,-0.567727,0.168594,0.523982,0.262849,0.4981,-0.530007
-0.548337,-0.590218,-0.572933,0.150721,0.528073,0.25947,0.499215,-0.526243
-0.546808,-0.591867,-0.577541,0.130923,0.532283,0.255526,0.500737,-0.519198
-0.545071,-0.594036,-0.581332,0.109873,0.536541,0.251057,0.502578,-0.508603
-0.543253,-0.596591,-0.584148,0.0878972,0.540812,0.246093,0.504644,-0.494363
-0.54122,-0.59962,-0.585926,0.065026,0.545075,0.240677,0.506862,-0.477298
-0.538818,-0.603126,-0.586689,0.0413432,0.54931,0.234866,0.509192,-0.458558
-0.536024,-0.606942,-0.58652,0.0171415,0.553489,0.228714,0.511621,-0.439079
0.53302,0.610796,0.585463,0.00721153,0.55759,0.222282,0.514126,-0.418892
0.530016,0.614486,0.583524,0.0314663,0.561583,0.215619,0.516673,-0.397513
0.527111,0.617902,0.58075,0.0555045,0.565429,0.208766,0.519249,-0.374654
0.524225,0.621034,0.577258,0.0792397,0.569114,0.201794,0.521824,-0.350931
0.521402,0.623795,0.573182,0.102382,0.572643,0.194777,0.524351,-0.326969
0.518796,0.626193,0.568507,0.124629,0.576029,0.187751,0.526751,-0.303275
0.516663,0.62827,0.563079,0.145869,0.57929,0.180735,0.528928,-0.279553
0.51528,0.630067,0.556628,0.166338,0.582452,0.173732,0.530791,-0.254413
0.514608,0.631763,0.548938,0.18634,0.585556,0.166726,0.532283,-0.22814
0.514261,0.633695,0.53992,0.206039,0.588632,0.159708,0.533393,-0.203274
0.513882,0.636053,0.529521,0.225763,0.591679,0.152661,0.534148,-0.180997
0.513239,0.638913,0.51762,0.245854,0.594678,0.14556,0.534582,-0.161526
0.512443,0.642183,0.504215,0.266027,0.597586,0.138401,0.534692,-0.145096
0.511812,0.645675,0.489505,0.285549,0.600369,0.131183,0.534447,-0.132076
0.511702,0.649233,0.473642,0.303844,0.603004,0.123851,0.533802,-0.122364
0.512345,0.652802,0.456482,0.320897,0.605482,0.116323,0.532707,-0.115274
0.513751,0.656387,0.437809,0.336955,0.607781,0.108554,0.531124,-0.11028
0.515707,0.659997,0.417677,0.35213,0.609866,0.100519,0.529069,-0.107407
0.518006,0.663504,0.396663,0.366184,0.611707,0.092252,0.526612,-0.106541
0.520678,0.666633,0.375571,0.378737,0.613274,0.083834,0.523814,-0.106836
0.523948,0.669149,0.354764,0.389694,0.614533,0.075273,0.520686,-0.107053
0.528103,0.670992,0.334017,0.399136,0.61544,0.06651,0.517175,-0.106544
0.53332,0.672226,0.312856,0.40719,0.615962,0.057465,0.513195,-0.105407
0.539678,0.672933,0.290901,0.413865,0.616077,0.048085,0.50867,-0.104046
0.547116,0.673177,0.26808,0.419083,0.615758,0.038369,0.503568,-0.102871
0.555425,0.673039,0.244614,0.422712,0.614981,0.028384,0.497895,-0.102255
0.564363,0.672609,0.220912,0.424605,0.613736,0.018264,0.491685,-0.102399
0.573697,0.671985,0.197131,0.424792,0.61202,0.008121,0.484968,-0.103419
0.583184,0.671257,0.173024,0.423525,0.609819,-0.002016,0.477788,-0.105518
0.592735,0.67037,0.148437,0.420993,0.607117,-0.012144,0.470208,-0.108474
0.602379,0.669142,0.12356,0.417277,0.603917,-0.022218,0.462319,-0.111625
0.612128,0.667446,0.0988073,0.412374,0.60025,-0.032129,0.454232,-0.114492
0.621825,0.665276,0.0746433,0.406411,0.596184,-0.041723,0.446085,-0.116917
0.630984,0.662895,0.0512918,0.399748,0.591818,-0.050864,0.438049,-0.119557
0.639062,0.660656,0.0287988,0.392817,0.587262,-0.05945,0.430285,-0.12323
0.645782,0.658761,0.00735189,0.385935,0.582631,-0.0674,0.422925,-0.128122
0.651558,0.656878,-0.0124504,0.379246,0.578063,-0.074619,0.416073,-0.132752
0.656866,0.654698,-0.0299021,0.372833,0.573704,-0.080978,0.409815,-0.135714
0.661435,0.652654,-0.0445847,0.366821,0.569728,-0.086316,0.404242,-0.137772
0.664955,0.651206,-0.0561189,0.36141,0.566325,-0.090485,0.399459,-0.139745
0.66749,0.650344,-0.0639967,0.356952,0.563678,-0.093358,0.395597,-0.1411
0.669062,0.650052,-0.067928,0.3538,0.561922,-0.094848,0.3928,-0.141474
0.669629,0.650369,-0.0678508,0.352157,0.561114,-0.094894,0.391198,-0.14084
0.669215,0.651278,-0.0638143,0.352016,0.561234,-0.093445,0.390867,-0.139155
0.66793,0.652688,-0.0559236,0.353185,0.562195,-0.090448,0.391823,-0.136242
0.665835,0.654526,-0.0443776,0.355372,0.563867,-0.085877,0.394043,-0.132071
0.662917,0.656715,-0.0295071,0.358324,0.566094,-0.079744,0.397484,-0.126674
0.658954,0.659353,-0.0117991,0.361792,0.568706,-0.072087,0.402085,-0.120715
0.653711,0.662571,0.00826017,0.365505,0.571525,-0.062961,0.40776,-0.114988
0.647173,0.666298,0.0303957,0.369175,0.574382,-0.052422,0.414401,-0.109678
0.639438,0.670355,0.0544014,0.372538,0.577107,-0.040558,0.421905,-0.104678
0.630687,0.674479,0.0800486,0.375371,0.57954,-0.027479,0.430189,-0.0997145
0.621137,0.678406,0.10715,0.377457,0.581548,-0.013319,0.439165,-0.094452
0.610818,0.682063,0.135445,0.378612,0.583024,0.001763,0.448737,-0.0891681
0.599767,0.685405,0.164624,0.37868,0.583869,0.017572,0.458815,-0.0842461
0.588107,0.688309,0.194408,0.377579,0.584019,0.033919,0.469316,-0.0797073
0.575972,0.690631,0.224547,0.375319,0.583435,0.050623,0.480167,-0.075404
0.563478,0.69225,0.254821,0.371952,0.5821,0.067506,0.491295,-0.0712108
0.550797,0.693071,0.285002,0.367492,0.580007,0.0844,0.502613,-0.0669649
0.538132,0.69308,0.314919,0.361773,0.577163,0.101164,0.514007,-0.0626701
0.52594,0.692171,0.344566,0.354346,0.573576,0.117696,0.525345,-0.0578642
0.514451,0.690421,0.373747,0.344923,0.569273,0.133889,0.536497,-0.0527359
0.503501,0.688148,0.402018,0.333648,0.564309,0.149616,0.547364,-0.0483842
0.493035,0.685514,0.429192,0.320595,0.558769,0.164812,0.557865,-0.0452608
0.483089,0.682533,0.455282,0.305765,0.552736,0.179467,0.567949,-0.0432042
0.4736,0.679232,0.480266,0.289295,0.546292,0.193579,0.577598,-0.0421901
0.464466,0.675642,0.504084,0.27144,0.539524,0.207136,0.586818,-0.0422767
0.455578,0.671835,0.526634,0.252472,0.532514,0.220121,0.595618,-0.0436985
0.446882,0.667876,0.547889,0.232498,0.525317,0.232562,0.603993,-0.0467832
0.438335,0.663796,0.567904,0.211476,0.517962,0.244514,0.611951,-0.0519272
0.430006,0.659514,0.586779,0.189278,0.510462,0.256022,0.619522,-0.0590972
0.421911,0.654985,0.604523,0.165945,0.50283,0.267111,0.626745,-0.0682702
0.414013,0.650192,0.621085,0.141765,0.495082,0.277801,0.63365,-0.0792046
0.406258,0.645132,0.636438,0.11707,0.487214,0.288099,0.640261,-0.0915613
0.398702,0.63978,0.650615,0.0917545,0.479204,0.298019,0.646578,-0.105285
0.391582,0.634055,0.663609,0.0652795,0.471024,0.307584,0.652578,-0.120339
0.385104,0.627937,0.675284,0.0371668,0.462651,0.316807,0.658223,-0.136892
0.379251,0.621501,0.685455,0.00748582,0.45414,0.325699,0.663472,-0.155337
-0.373708,-0.614987,-0.69398,0.0229145,0.445616,0.334267,0.668289,-0.17636
-0.368169,-0.608627,-0.700851,0.0532286,0.437147,0.34252,0.672655,-0.200472
-0.362515,-0.602528,-0.706123,0.0832695,0.428717,0.350505,0.676565,-0.22794
-0.356697,-0.596786,-0.709806,0.113086,0.4203,0.358287,0.679993,-0.259066
-0.350695,-0.591431,-0.711927,0.142769,0.411876,0.365913,0.682912,-0.294089
-0.344562,-0.586501,-0.712483,0.172225,0.403441,0.373404,0.685294,-0.332663
-0.338506,-0.58208,-0.711409,0.201233,0.395012,0.380767,0.687097,-0.373109
-0.332857,-0.578197,-0.708598,0.229748,0.386588,0.388021,0.688275,-0.412815
-0.327732,-0.57492,-0.703943,0.257918,0.37812,0.3952,0.688803,-0.450364
-0.32306,-0.57233,-0.697318,0.286039,0.369507,0.402326,0.68869,-0.485297
-0.318598,-0.570503,-0.688671,0.314251,0.36064,0.409389,0.687962,-0.517644
-0.314145,-0.569395,-0.678076,0.342513,0.351442,0.416323,0.686668,-0.54707
-0.309678,-0.568891,-0.665733,0.370488,0.341906,0.423066,0.684846,-0.572577
-0.305381,-0.56889,-0.651875,0.3977,0.332086,0.429598,0.6825,-0.592895
-0.301504,-0.569293,-0.636725,0.423772,0.322054,0.435881,0.679622,-0.607336
-0.298278,-0.569961,-0.620421,0.448611,0.311875,0.441871,0.676208,-0.615966
-0.295683,-0.570906,-0.603163,0.47205,0.301626,0.447562,0.672245,-0.619857
-0.293505,-0.572252,-0.585351,0.493708,0.291377,0.453008,0.667702,-0.620785
-0.291688,-0.574037,-0.567198,0.513504,0.281174,0.458246,0.662577,-0.619655
-0.290379,-0.576264,-0.548826,0.531404,0.271105,0.463226,0.656923,-0.616335
-0.289646,-0.579016,-0.530705,0.54699,0.261313,0.467897,0.650811,-0.610966
-0.289488,-0.582295,-0.513471,0.55989,0.251945,0.472224,0.644347,-0.604164
-0.289886,-0.585963,-0.497586,0.570106,0.243136,0.476165,0.637694,-0.596535
-0.290788,-0.589899,-0.483376,0.577763,0.235008,0.479705,0.631043,-0.588429
-0.292091,-0.594005,-0.471214,0.582922,0.227688,0.482833,0.624597,-0.580167
-0.293708,-0.598147,-0.461673,0.585503,0.221337,0.485555,0.618574,-0.572151
-0.295663,-0.602206,-0.455425,0.585252,0.216161,0.487883,0.613191,-0.564425
-0.298057,-0.606095,-0.452885,0.581986,0.212342,0.489843,0.608638,-0.5564
-0.300829,-0.609782,-0.453962,0.575836,0.209952,0.491438,0.605065,-0.547371
-0.30372,-0.613281,-0.458106,0.567256,0.208934,0.49263,0.602581,-0.536844
-0.30642,-0.616719,-0.464725,0.556593,0.209164,0.493399,0.601228,-0.52453
-0.308696,-0.62034,-0.473468,0.543795,0.210527,0.493755,0.600949,-0.510154
-0.310479,-0.624382,-0.484002,0.52867,0.21292,0.493708,0.60163,-0.493035
-0.311706,-0.629092,-0.49594,0.511005,0.216232,0.493238,0.603115,-0.472528
-0.312106,-0.634831,-0.509053,0.490352,0.220349,0.492367,0.605202,-0.448875
-0.311476,-0.64177,-0.523097,0.466351,0.225165,0.491193,0.60771,-0.422599
-0.309792,-0.64976,-0.537493,0.439252,0.230543,0.489743,0.610521,-0.394291
-0.307218,-0.658399,-0.551453,0.409911,0.236313,0.48797,0.613566,-0.364851
-0.304079,-0.667214,-0.564444,0.379163,0.242364,0.485878,0.616781,-0.335048
-0.300769,-0.675909,-0.576155,0.347463,0.248643,0.483498,0.620072,-0.305051
-0.297434,-0.684536,-0.586439,0.314696,0.255137,0.480829,0.623311,-0.275228
-0.293917,-0.693296,-0.595202,0.280514,0.261863,0.47789,0.626357,-0.246994
-0.290364,-0.702128,-0.602117,0.245276,0.268821,0.474729,0.629087,-0.221427
-0.287551,-0.710697,-0.606712,0.210059,0.276004,0.471379,0.631417,-0.197763
-0.286109,-0.718814,-0.608793,0.175556,0.28343,0.467851,0.633304,-0.175025
-0.285974,-0.726458,-0.608665,0.141436,0.291163,0.464131,0.63476,-0.15329
-0.286798,-0.733639,-0.606717,0.106844,0.299288,0.460186,0.635827,-0.132841
-0.288171,-0.740381,-0.603115,0.0710355,0.30787,0.455976,0.63655,-0.114298
-0.289664,-0.746742,-0.597772,0.0337673,0.316907,0.451478,0.636959,-0.0989253
0.291207,0.752603,0.590566,0.00450623,0.326354,0.446679,0.637106,-0.0871197
0.292876,0.757695,0.581623,0.0428596,0.336108,0.441605,0.637072,-0.0785545
0.294715,0.7617,0.571417,0.0802392,0.346029,0.43631,0.636962,-0.0724868
0.29686,0.764376,0.560524,0.115828,0.355989,0.430819,0.636873,-0.0675972
0.299421,0.765743,0.54921,0.149512,0.365926,0.425138,0.636826,-0.062868
0.30254,0.766019,0.53737,0.181436,0.375824,0.419256,0.636769,-0.0579134
0.306311,0.765484,0.524857,0.211501,0.385664,0.413144,0.636626,-0.0528872
0.310867,0.764315,0.511724,0.239424,0.395411,0.406799,0.636338,-0.0476297
0.316213,0.7626,0.498158,0.265121,0.405034,0.400234,0.635893,-0.0419366
0.322043,0.76043,0.48427,0.288995,0.414508,0.393454,0.635327,-0.0361629
0.327884,0.757877,0.470063,0.311698,0.42382,0.386458,0.634704,-0.0309784
0.333406,0.75497,0.455492,0.333749,0.432962,0.379234,0.634084,-0.0268086
0.338633,0.751702,0.440558,0.35522,0.441915,0.371779,0.633489,-0.0234924
0.343759,0.748095,0.425363,0.375834,0.450646,0.36412,0.632901,-0.0206011
0.348835,0.744288,0.409954,0.395332,0.459134,0.356264,0.632278,-0.0181764
0.353723,0.740452,0.39428,0.413707,0.46738,0.348201,0.631567,-0.0166705
0.358427,0.736634,0.378225,0.431098,0.475382,0.339943,0.630715,-0.0161545
0.362955,0.732849,0.361601,0.447706,0.483153,0.331482,0.629683,-0.0167307
0.367269,0.729156,0.344197,0.463652,0.490693,0.322811,0.628425,-0.0186383
0.371405,0.725633,0.325788,0.478934,0.497994,0.313939,0.626859,-0.0219872
0.375529,0.722303,0.306271,0.49341,0.505031,0.304877,0.624888,-0.0264769
0.37985,0.719153,0.285691,0.506866,0.511781,0.295623,0.622422,-0.0316505
0.384483,0.7162,0.264167,0.519082,0.518216,0.286181,0.619399,-0.0372526
0.389475,0.713463,0.24186,0.52989,0.524307,0.276577,0.61577,-0.0430694
0.394747,0.710982,0.218888,0.539228,0.530029,0.266855,0.611501,-0.0490834
0.400166,0.70879,0.195447,0.547069,0.535347,0.257075,0.606582,-0.0552172
0.405531,0.706882,0.171744,0.553503,0.540227,0.247302,0.601048,-0.0614535
0.410564,0.705222,0.147871,0.558778,0.54465,0.237588,0.59497,-0.0679706
0.414972,0.703743,0.123864,0.563206,0.548598,0.227965,0.588449,-0.0750057
0.418664,0.702357,0.099902,0.566952,0.55205,0.218471,0.58157,-0.0824015
0.421598,0.701055,0.0762266,0.570058,0.554994,0.209172,0.574388,-0.0899966
0.423862,0.6999,0.0531089,0.572415,0.557419,0.200153,0.566927,-0.0975458
0.425545,0.699011,0.0308861,0.573882,0.559326,0.191506,0.559212,-0.104795
0.42661,0.698508,0.00989355,0.574449,0.560729,0.183325,0.551307,-0.11164
0.426839,0.698468,-0.00959537,0.574333,0.561649,0.175708,0.54334,-0.118189
0.425963,0.698858,-0.0273634,0.573937,0.562114,0.16875,0.535501,-0.12452
0.423799,0.699549,-0.0432351,0.573721,0.562163,0.162559,0.528008,-0.130556
0.420285,0.700463,-0.0570125,0.573988,0.561861,0.157238,0.521056,-0.136194
0.415603,0.701615,-0.0685112,0.574731,0.561296,0.152895,0.514777,-0.141315
0.410125,0.703124,-0.0776544,0.575659,0.560557,0.149627,0.509254,-0.146041
0.404306,0.70503,-0.0842709,0.576513,0.559722,0.147496,0.504585,-0.150236
0.39847,0.707247,-0.0881957,0.577274,0.558855,0.146537,0.500927,-0.153753
0.392807,0.709525,-0.0894373,0.578168,0.558008,0.146743,0.498479,-0.156535
0.387329,0.711594,-0.088145,0.579518,0.557217,0.148093,0.497444,-0.158788
0.382075,0.713268,-0.0844333,0.581497,0.556486,0.150558,0.497947,-0.160638
0.377165,0.714557,-0.0781691,0.58399,0.555785,0.154114,0.499988,-0.161929
0.372761,0.715654,-0.0690508,0.586618,0.555055,0.158732,0.503439,-0.162322
0.36903,0.716807,-0.0569749,0.588862,0.554216,0.164369,0.508108,-0.161721
0.365992,0.718188,-0.0421166,0.590324,0.553181,0.170959,0.513814,-0.160331
0.363526,0.719803,-0.0246913,0.590866,0.55187,0.178426,0.520407,-0.158281
0.361433,0.721574,-0.00479461,0.590487,0.550213,0.186705,0.527765,-0.155477
0.359451,0.723471,0.017558,0.589132,0.548147,0.195749,0.535767,-0.151893
0.357321,0.725525,0.042294,0.586641,0.54561,0.20552,0.544275,-0.147693
0.354874,0.727732,0.0692687,0.582813,0.542543,0.215942,0.553155,-0.143001
0.352032,0.730001,0.0981572,0.577527,0.538887,0.226875,0.562311,-0.13795
0.348845,0.732143,0.12846,0.570765,0.534593,0.238143,0.571655,-0.132583
0.34552,0.733985,0.159699,0.562475,0.529634,0.249569,0.581072,-0.126715
0.34229,0.73545,0.191597,0.552487,0.524006,0.261022,0.590429,-0.119988
0.339214,0.736556,0.224013,0.540589,0.517714,0.272423,0.59962,-0.112244
0.336201,0.737292,0.256829,0.526696,0.510768,0.283731,0.608569,-0.10341
0.333024,0.737604,0.28963,0.511028,0.503185,0.294885,0.617241,-0.093853
0.329475,0.737481,0.32184,0.49395,0.494994,0.305793,0.625595,-0.0841384
0.325464,0.737025,0.352975,0.475684,0.486249,0.316342,0.63356,-0.0748286
0.321132,0.736384,0.382968,0.456014,0.476999,0.326487,0.641029,-0.065833
0.316531,0.73577,0.411986,0.434418,0.467274,0.336259,0.647894,-0.0571072
0.311607,0.735359,0.440099,0.41044,0.457088,0.345705,0.654091,-0.0489571
0.306415,0.735175,0.467009,0.384096,0.446468,0.354821,0.659606,-0.0416973
0.300924,0.735208,0.492249,0.355815,0.435473,0.363557,0.664458,-0.0358295
0.294945,0.735553,0.515366,0.326139,0.424162,0.371855,0.668668,-0.0323119
0.288296,0.736376,0.536156,0.295251,0.412558,0.379717,0.67222,-0.0321487
0.281129,0.73774,0.554674,0.262761,0.400653,0.387185,0.675071,-0.0356141
0.27385,0.73955,0.570956,0.228214,0.388452,0.394254,0.677215,-0.0423881
0.266872,0.741598,0.584911,0.191547,0.375992,0.400885,0.678685,-0.0518637
0.260408,0.743594,0.596489,0.153154,0.363321,0.407074,0.679559,-0.0631923
0.254383,0.745325,0.605682,0.113708,0.350501,0.412839,0.679917,-0.0759543
0.248624,0.74671,0.612529,0.0736105,0.337565,0.418201,0.679818,-0.090294
0.24355,0.747388,0.617301,0.0321359,0.324488,0.423263,0.679343,-0.104906
-0.239566,-0.747171,-0.619858,0.0109553,0.311305,0.428066,0.678505,-0.11901
-0.236204,-0.746589,-0.619593,0.054004,0.298174,0.432415,0.677179,-0.134361
-0.233169,-0.745989,-0.616394,0.0958741,0.2852,0.436195,0.675305,-0.15146
-0.230486,-0.745287,-0.610522,0.136695,0.272368,0.439464,0.67292,-0.16972
-0.228024,-0.744414,-0.602203,0.176647,0.259648,0.442295,0.67006,-0.189248
-0.225648,-0.743337,-0.591596,0.215749,0.247029,0.444745,0.666762,-0.210305
-0.223367,-0.742036,-0.578886,0.253733,0.234546,0.446839,0.66306,-0.232452
-0.221008,-0.740599,-0.564566,0.289713,0.222344,0.448554,0.658965,-0.255299
-0.218319,-0.739118,-0.549329,0.322922,0.210584,0.449832,0.654486,-0.278825
-0.215383,-0.737474,-0.533479,0.353755,0.199279,0.450643,0.649675,-0.302899
-0.212196,-0.735587,-0.517026,0.382843,0.188378,0.450964,0.644592,-0.32797
-0.208564,-0.733611,-0.49987,0.410422,0.177859,0.450706,0.639252,-0.354494
-0.20454,-0.731598,-0.48188,0.436714,0.167674,0.449923,0.633684,-0.381755
-0.200513,-0.729284,-0.463206,0.461932,0.157764,0.448872,0.627971,-0.408149
-0.196703,-0.726404,-0.444282,0.486064,0.148144,0.447709,0.622215,-0.432957
-0.193233,-0.722777,-0.425384,0.509218,0.138873,0.446437,0.616493,-0.4561
-0.190276,-0.718302,-0.406505,0.531593,0.129994,0.445028,0.610852,-0.477268
-0.187924,-0.713125,-0.38755,0.553121,0.121542,0.443475,0.605289,-0.49594
-0.186069,-0.707599,-0.368584,0.573435,0.113535,0.441799,0.59978,-0.511813
-0.184521,-0.702042,-0.349868,0.592183,0.105992,0.440023,0.594333,-0.524984
-0.183221,-0.696519,-0.331788,0.609269,0.098968,0.438178,0.589028,-0.535855
-0.182221,-0.690962,-0.314789,0.62472,0.092558,0.436292,0.583996,-0.544896
-0.181551,-0.685446,-0.299264,0.638471,0.086851,0.434386,0.579346,-0.552402
-0.181085,-0.680275,-0.285516,0.650319,0.081919,0.432469,0.575146,-0.558552
-0.180621,-0.675815,-0.273792,0.660067,0.077806,0.430541,0.571464,-0.563477
-0.179969,-0.672244,-0.264383,0.667683,0.07456,0.4286,0.568434,-0.567472
-0.179076,-0.669501,-0.257596,0.673309,0.07224,0.42666,0.566249,-0.57088
-0.178024,-0.667434,-0.253804,0.677069,0.070932,0.424762,0.565093,-0.573872
-0.176967,-0.665921,-0.253205,0.679058,0.070711,0.422933,0.565086,-0.576239
-0.175957,-0.664981,-0.255866,0.679244,0.071611,0.421178,0.566268,-0.577718
-0.174985,-0.664708,-0.261697,0.677539,0.073606,0.419474,0.568594,-0.578051
-0.174031,-0.66518,-0.270541,0.673837,0.076642,0.417786,0.571967,-0.577075
-0.173177,-0.666369,-0.282184,0.668082,0.080658,0.416088,0.576256,-0.574603
-0.172598,-0.668222,-0.296385,0.660186,0.085595,0.414358,0.581302,-0.570235
-0.172465,-0.670791,-0.312966,0.649883,0.091397,0.412574,0.586924,-0.563377
-0.172815,-0.674289,-0.331842,0.636672,0.098015,0.410719,0.592906,-0.553536
-0.173553,-0.678982,-0.352884,0.619948,0.105397,0.408763,0.599027,-0.540321
-0.174623,-0.684868,-0.375565,0.599512,0.113458,0.406641,0.605131,-0.523463
-0.176012,-0.691567,-0.399004,0.575804,0.122084,0.404271,0.611154,-0.503267
-0.177755,-0.698495,-0.422342,0.549668,0.131147,0.401586,0.617091,-0.480616
-0.179802,-0.705308,-0.445136,0.5216,0.140556,0.398575,0.622904,-0.456659
-0.181969,-0.712036,-0.467366,0.491387,0.150273,0.395269,0.628497,-0.432412
-0.184049,-0.718883,-0.488936,0.458557,0.160257,0.391681,0.633766,-0.408556
-0.185906,-0.725965,-0.509318,0.423094,0.170434,0.387739,0.63864,-0.38573
-0.187584,-0.73313,-0.527843,0.385635,0.180699,0.383348,0.643117,-0.364589
-0.189393,-0.739966,-0.544103,0.347177,0.190928,0.378532,0.647258,-0.345182
-0.191868,-0.746039,-0.557964,0.308689,0.20102,0.373377,0.651125,-0.326484
-0.195347,-0.751249,-0.5695,0.270433,0.210947,0.367943,0.654704,-0.307381
-0.199772,-0.755876,-0.578864,0.231644,0.220772,0.362278,0.657909,-0.287561
-0.204781,-0.760324,-0.586017,0.191196,0.230603,0.356385,0.660635,-0.267853
-0.209863,-0.764884,-0.590657,0.148441,0.240498,0.350224,0.662805,-0.250053
-0.214697,-0.769563,-0.592391,0.103692,0.250426,0.343761,0.664409,-0.23567
-0.219434,-0.774047,-0.591016,0.0583151,0.260267,0.337029,0.665508,-0.2247
-0.224339,-0.777954,-0.586743,0.0138869,0.269882,0.330114,0.666194,-0.216316
0.229527,0.781131,0.579939,0.0286612,0.279188,0.323076,0.666515,-0.209769
0.23492,0.783694,0.570818,0.069307,0.288183,0.315906,0.666456,-0.204852
0.240515,0.785808,0.559433,0.108134,0.296868,0.308599,0.66598,-0.20135
0.246506,0.787561,0.545924,0.144738,0.305193,0.301196,0.665044,-0.198569
0.252988,0.789094,0.530493,0.178621,0.313112,0.293741,0.663597,-0.19617
0.260052,0.790403,0.513665,0.209248,0.320606,0.286275,0.661657,-0.19351
0.267828,0.791313,0.496108,0.236578,0.327682,0.278798,0.659317,-0.189523
0.276236,0.791678,0.47822,0.261236,0.334391,0.27124,0.656694,-0.183806
0.285082,0.791521,0.459955,0.284015,0.340793,0.263528,0.653827,-0.176745
0.294248,0.790996,0.440987,0.305407,0.346913,0.255636,0.650658,-0.168959
0.303762,0.790298,0.42099,0.325462,0.352759,0.247552,0.647094,-0.160839
0.313723,0.789509,0.399902,0.343993,0.358342,0.239291,0.64308,-0.152376
0.323986,0.788635,0.377927,0.360915,0.363657,0.230876,0.638613,-0.143679
0.33403,0.787688,0.355342,0.376435,0.368692,0.222336,0.633741,-0.135327
0.343325,0.78671,0.332323,0.390866,0.37344,0.21373,0.628532,-0.127951
0.323412,0.84838,0.285285,0.307031,0.350605,0.270933,0.5616,-0.103465
0.31547,0.852275,0.302077,0.287847,0.342118,0.28325,0.562598,-0.106974
0.30808,0.856093,0.317673,0.266975,0.333386,0.295193,0.562963,-0.109746
0.30132,0.859837,0.33195,0.244328,0.324434,0.306697,0.562709,-0.111834
0.295245,0.863417,0.344842,0.220059,0.3153,0.317711,0.561897,-0.113209
0.289627,0.866798,0.356442,0.194234,0.306002,0.328236,0.560601,-0.114336
0.283877,0.870028,0.366979,0.166707,0.296515,0.338313,0.558881,-0.116432
0.277674,0.873096,0.376573,0.137086,0.286784,0.347984,0.556781,-0.120389
0.271108,0.875951,0.384898,0.105183,0.276765,0.357266,0.554318,-0.126584
0.264584,0.87842,0.391564,0.0710702,0.266468,0.366136,0.551493,-0.134683
0.258746,0.880133,0.396475,0.0349989,0.255975,0.374552,0.548347,-0.143539
-0.253761,-0.880832,-0.399669,0.00233376,0.245428,0.382484,0.544957,-0.152905
-0.249368,-0.880433,-0.401335,0.039797,0.234992,0.389918,0.541419,-0.163253
-0.2453,-0.878968,-0.401762,0.0763575,0.224804,0.396853,0.53781,-0.174983
-0.24135,-0.876599,-0.401189,0.111229,0.214981,0.403292,0.534151,-0.188432
-0.237476,-0.873517,-0.399767,0.144085,0.205598,0.409232,0.530404,-0.203733
-0.233918,-0.869779,-0.397543,0.175292,0.196665,0.41468,0.526529,-0.220619
-0.231033,-0.865274,-0.394465,0.205721,0.188112,0.41968,0.52251,-0.238744
-0.228965,-0.859872,-0.390393,0.236198,0.179831,0.424275,0.518362,-0.258313
-0.227609,-0.853494,-0.385234,0.267088,0.171748,0.428496,0.514115,-0.279943
-0.226952,-0.846109,-0.378946,0.298316,0.163859,0.432373,0.509791,-0.303741
-0.227355,-0.837621,-0.371509,0.329668,0.1562,0.435943,0.505421,-0.328549
-0.229016,-0.828076,-0.362959,0.360697,0.148816,0.439219,0.501021,-0.353338
-0.231599,-0.817744,-0.353415,0.390838,0.141751,0.442151,0.496585,-0.378288
-0.234776,-0.806767,-0.342949,0.419991,0.13499,0.44469,0.492138,-0.403778
-0.238469,-0.795128,-0.331447,0.448382,0.128493,0.446817,0.487727,-0.429564
-0.242515,-0.782945,-0.318906,0.475902,0.122227,0.448577,0.483349,-0.455244
-0.246613,-0.770636,-0.305663,0.501869,0.116193,0.450069,0.478931,-0.480258
-0.250493,-0.758686,-0.292309,0.525552,0.11043,0.451378,0.47439,-0.504205
-0.254237,-0.747235,-0.279162,0.546875,0.104957,0.452549,0.469702,-0.526627
-0.258217,-0.735969,-0.266196,0.566404,0.099769,0.453619,0.46492,-0.547189
-0.262833,-0.724375,-0.253112,0.584922,0.094838,0.454619,0.460138,-0.565653
-0.268198,-0.712169,-0.23958,0.602898,0.090123,0.455546,0.455415,-0.581828
-0.273649,-0.699656,-0.225598,0.620244,0.085565,0.45631,0.450736,-0.596602
-0.278502,-0.687223,-0.211609,0.636697,0.081135,0.456859,0.446108,-0.611119
-0.282849,-0.674849,-0.198093,0.652177,0.076893,0.45725,0.441615,-0.625394
-0.286992,-0.662427,-0.185217,0.666724,0.07289,0.457531,0.437331,-0.638933
-0.291017,-0.650033,-0.172973,0.680328,0.069158,0.457707,0.433288,-0.651296
-0.294926,-0.637878,-0.161491,0.692857,0.065737,0.45781,0.429518,-0.662174
-0.298485,-0.626445,-0.151287,0.703979,0.06269,0.457882,0.42604,-0.672014
-0.301665,-0.616124,-0.142845,0.713432,0.060099,0.457969,0.422892,-0.681038
-0.304645,-0.607052,-0.136358,0.72117,0.058057,0.458118,0.420155,-0.689072
-0.307496,-0.59927,-0.131865,0.727279,0.056655,0.458344,0.417941,-0.696018
-0.310095,-0.592886,-0.129386,0.731838,0.055969,0.458647,0.416352,-0.701946
-0.312258,-0.588167,-0.129064,0.734777,0.056079,0.459038,0.41544,-0.707002
-0.313921,-0.58541,-0.13107,0.735914,0.057074,0.459543,0.4152,-0.711144
-0.315173,-0.584853,-0.135681,0.734985,0.059055,0.46019,0.415569,-0.714473
-0.316249,-0.586562,-0.143022,0.731762,0.062105,0.460997,0.416451,-0.716865
-0.317489,-0.590463,-0.153008,0.726046,0.066278,0.461964,0.41772,-0.717797
-0.319126,-0.59647,-0.165442,0.717643,0.071586,0.463056,0.419227,-0.716715
-0.321215,-0.604626,-0.180095,0.706268,0.077998,0.464223,0.42081,-0.713043
-0.323575,-0.615035,-0.196793,0.691595,0.085454,0.465384,0.422323,-0.706504
-0.325995,-0.627624,-0.215289,0.673398,0.093871,0.466451,0.423681,-0.696871
-0.328312,-0.64203,-0.235122,0.651711,0.103141,0.467333,0.424857,-0.683862
-0.330464,-0.657663,-0.255657,0.626827,0.113148,0.467958,0.425866,-0.667083
-0.332401,-0.673856,-0.276219,0.599276,0.123764,0.468274,0.426762,-0.646434
-0.333847,-0.690257,-0.296298,0.569473,0.134834,0.468221,0.427576,-0.622477
-0.334439,-0.706792,-0.315584,0.537589,0.146216,0.467741,0.428297,-0.596182
-0.333803,-0.723543,-0.333948,0.503527,0.157813,0.466812,0.428904,-0.568717
-0.331828,-0.740424,-0.351123,0.467307,0.169539,0.465453,0.429405,-0.540726
-0.328869,-0.757043,-0.366512,0.429419,0.181269,0.463729,0.429835,-0.511906
-0.325292,-0.773061,-0.379538,0.390529,0.192876,0.461682,0.4302,-0.482373
-0.321422,-0.788277,-0.389713,0.351327,0.204258,0.459301,0.430462,-0.452707
-0.317618,-0.802522,-0.39682,0.312429,0.215348,0.456576,0.430572,-0.423598
-0.314022,-0.815739,-0.400979,0.274184,0.226124,0.453528,0.43048,-0.395999
-0.310566,-0.827926,-0.402563,0.236706,0.236608,0.450183,0.43018,-0.370837
-0.30704,-0.839112,-0.402085,0.199863,0.246852,0.44656,0.429703,-0.348742
-0.303059,-0.849418,-0.400019,0.163188,0.256939,0.442658,0.429089,-0.330158
-0.29833,-0.858979,-0.396521,0.126196,0.266931,0.438462,0.428353,-0.315125
-0.292918,-0.867817,-0.391401,0.0888704,0.276837,0.433966,0.427475,-0.303272
-0.287257,-0.87579,-0.384434,0.0518271,0.2866,0.429195,0.426408,-0.293975
-0.281813,-0.88271,-0.375698,0.0159678,0.296153,0.4242,0.425121,-0.286749
0.276757,0.888518,0.36553,0.0181216,0.305459,0.419025,0.423611,-0.281345
0.272203,0.893231,0.35426,0.0504391,0.314538,0.413681,0.42188,-0.277002
0.268198,0.89693,0.34196,0.0815478,0.323472,0.408124,0.419923,-0.272818
0.264854,0.899712,0.328411,0.111883,0.332329,0.402282,0.417706,-0.268251
0.262649,0.901612,0.313381,0.141081,0.341097,0.396112,0.415163,-0.262818
0.262325,0.902608,0.296937,0.168261,0.349692,0.389605,0.412239,-0.255803
0.264318,0.90273,0.279349,0.192816,0.358034,0.382765,0.408929,-0.246858
0.268397,0.902038,0.261058,0.2148,0.366096,0.37563,0.40531,-0.236384
0.27399,0.900531,0.242568,0.234807,0.37389,0.368259,0.401539,-0.224796
0.280374,0.89822,0.224143,0.253677,0.381439,0.360684,0.397781,-0.212676
0.286942,0.895171,0.205789,0.272002,0.388758,0.352927,0.394136,-0.200705
0.293208,0.891564,0.187337,0.289911,0.395823,0.345009,0.390613,-0.189814
0.299012,0.887569,0.168687,0.307177,0.402576,0.336956,0.387183,-0.180454
0.304699,0.883183,0.149965,0.323508,0.408974,0.328803,0.383805,-0.171837
0.310558,0.878337,0.131295,0.33888,0.415011,0.320576,0.380444,-0.163113
0.316595,0.872987,0.11261,0.353526,0.420704,0.312278,0.377087,-0.154009
0.322617,0.867162,0.0937825,0.367631,0.426068,0.303913,0.373726,-0.144778
0.328408,0.860987,0.0747822,0.381126,0.431109,0.295503,0.370333,-0.135925
0.333743,0.854625,0.0556025,0.393878,0.435824,0.287072,0.366878,-0.128048
0.338541,0.848166,0.0363545,0.405811,0.440204,0.278652,0.363356,-0.121296
0.342639,0.841686,0.0171413,0.416977,0.444261,0.270278,0.359793,-0.115924
0.345954,0.835226,-0.00187976,0.427446,0.44802,0.261994,0.356216,-0.111947
0.348504,0.828848,-0.0204674,0.437191,0.451497,0.25386,0.352635,-0.109226
0.35045,0.822654,-0.0383368,0.446043,0.454686,0.245948,0.34903,-0.107464
0.351916,0.816783,-0.0553102,0.453829,0.457578,0.238324,0.345369,-0.106537
0.352938,0.811335,-0.0713402,0.460522,0.460169,0.231026,0.341642,-0.106446
0.353416,0.806334,-0.0865367,0.466297,0.462463,0.224057,0.337883,-0.107351
0.353231,0.801743,-0.101102,0.471396,0.464469,0.217402,0.334149,-0.109416
0.352449,0.797448,-0.115099,0.476034,0.466203,0.211056,0.3305,-0.112313
0.351216,0.793373,-0.128455,0.480318,0.467674,0.205056,0.326982,-0.115541
0.34966,0.78953,-0.140954,0.484264,0.468898,0.199475,0.323636,-0.118662
0.347944,0.785977,-0.152269,0.487841,0.469891,0.194406,0.320507,-0.121186
0.346198,0.782788,-0.162057,0.491047,0.470665,0.189956,0.317676,-0.122742
0.344403,0.780059,-0.170037,0.493946,0.471262,0.186255,0.315256,-0.123326
0.342445,0.77786,-0.175952,0.496696,0.471741,0.183442,0.313397,-0.123073
0.340339,0.776205,-0.179466,0.499467,0.472171,0.181646,0.312241,-0.12183
0.338075,0.77517,-0.180314,0.502298,0.472614,0.180982,0.311879,-0.119684
0.335568,0.774871,-0.178442,0.505101,0.473117,0.18152,0.312356,-0.117143
0.333224,0.775179,-0.173664,0.507838,0.473711,0.183263,0.31367,-0.11356
0.331246,0.77598,-0.166107,0.510431,0.474392,0.186158,0.3158,-0.108825
0.329433,0.77728,-0.156329,0.51271,0.47512,0.190116,0.318721,-0.103885
0.32768,0.77905,-0.14482,0.514523,0.47585,0.195023,0.322364,-0.0993647
0.326083,0.781236,-0.131868,0.515704,0.476537,0.200761,0.326612,-0.0953092
0.324622,0.783819,-0.117827,0.516106,0.477126,0.207211,0.331338,-0.0919825
0.32332,0.786739,-0.102935,0.515665,0.477562,0.21426,0.336425,-0.0893523
0.322278,0.789915,-0.087203,0.51436,0.477799,0.221838,0.341754,-0.0869738
0.321539,0.793347,-0.070617,0.51208,0.477781,0.229879,0.347197,-0.0845869
0.32108,0.797092,-0.0531849,0.508648,0.477447,0.238317,0.352637,-0.0821709
0.320922,0.801174,-0.034869,0.503898,0.476743,0.247097,0.357979,-0.0796124
0.320976,0.80557,-0.0156876,0.497781,0.475634,0.256174,0.363167,-0.076954
0.321044,0.81022,0.00421305,0.490363,0.474105,0.265495,0.368191,-0.074488
0.321036,0.815038,0.0246001,0.481709,0.472134,0.274996,0.373045,-0.0724786
0.321107,0.819909,0.0453466,0.471788,0.469689,0.284601,0.377721,-0.0707648
0.321561,0.824699,0.0663751,0.460504,0.466736,0.294231,0.382213,-0.0689366
0.322567,0.829305,0.0876471,0.447798,0.463261,0.303846,0.386533,-0.0667579
0.324011,0.833709,0.10919,0.433617,0.459268,0.313454,0.390704,-0.0644059
0.325826,0.837847,0.13119,0.417898,0.454775,0.3231,0.394756,-0.0617584
0.327918,0.841621,0.153719,0.400642,0.449805,0.332802,0.398718,-0.0587639
0.330218,0.844952,0.176581,0.381879,0.444386,0.342522,0.402597,-0.0556035
0.332884,0.847823,0.199421,0.361407,0.438523,0.352185,0.406357,-0.0524979
0.33606,0.850295,0.221879,0.338868,0.432209,0.361719,0.409938,-0.0499477
0.33972,0.852357,0.243788,0.314078,0.425459,0.371095,0.413314,-0.048351
0.34363,0.853833,0.265166,0.287356,0.418344,0.380316,0.416553,-0.0477679
0.347219,0.854544,0.286027,0.25958,0.410975,0.389373,0.41978,-0.0484134
0.34978,0.854477,0.306315,0.23172,0.403461,0.398229,0.42309,-0.0509407
0.351005,0.853789,0.325844,0.204123,0.395849,0.406829,0.426454,-0.0561657
0.351102,0.852685,0.34431,0.176368,0.38813,0.415116,0.429733,-0.0649183
0.350775,0.851205,0.361419,0.14759,0.380271,0.423045,0.432757,-0.077362
0.350914,0.849154,0.376951,0.117064,0.372276,0.430588,0.4354,-0.0928377
0.351983,0.846255,0.390912,0.0845493,0.364174,0.437785,0.437651,-0.110644
0.353771,0.842349,0.403422,0.0504528,0.356019,0.444687,0.439561,-0.130818
0.355676,0.837567,0.414401,0.0157213,0.347881,0.451239,0.441169,-0.154158
-0.357394,-0.832009,-0.423875,0.0189776,0.33982,0.457407,0.442499,-0.180992
-0.359163,-0.825507,-0.43203,0.0537567,0.331854,0.463235,0.44357,-0.210938
-0.361411,-0.817828,-0.438835,0.0892421,0.323931,0.468774,0.444379,-0.243844
-0.364456,-0.808763,-0.444019,0.126179,0.315953,0.474068,0.444926,-0.280091
-0.36838,-0.798097,-0.447324,0.165043,0.307842,0.479172,0.445248,-0.320154
-0.37317,-0.785583,-0.448617,0.205781,0.299585,0.484112,0.445426,-0.36364
-0.378684,-0.771104,-0.447934,0.247696,0.291258,0.488867,0.445549,-0.409378
-0.38434,-0.755109,-0.445329,0.289438,0.28297,0.493355,0.4456,-0.456445
-0.389284,-0.738524,-0.440898,0.329619,0.274776,0.49747,0.445479,-0.504379
-0.393219,-0.721829,-0.434799,0.36782,0.266652,0.501187,0.445143,-0.552148
-0.396266,-0.705004,-0.427184,0.404299,0.258565,0.504541,0.444624,-0.598565
-0.398519,-0.688031,-0.418219,0.439192,0.250521,0.507549,0.443937,-0.642779
-0.399991,-0.671094,-0.408244,0.472206,0.242578,0.510237,0.443043,-0.684156
-0.400673,-0.654619,-0.39774,0.502731,0.234807,0.512626,0.441856,-0.722246
-0.400572,-0.639175,-0.387193,0.530169,0.227248,0.514719,0.440271,-0.756939
-0.399742,-0.625154,-0.377015,0.5543,0.219894,0.51653,0.438219,-0.788828
-0.398301,-0.612537,-0.367475,0.575427,0.212718,0.518082,0.435707,-0.819051
-0.39625,-0.601179,-0.358849,0.593967,0.205675,0.519402,0.432787,-0.849204
-0.393312,-0.591307,-0.351698,0.609893,0.198735,0.520496,0.429473,-0.881277
-0.392592,-0.558362,-0.37673,0.626241,0.17269,0.531847,0.45049,-0.94567
-0.384586,-0.570561,-0.400503,0.605104,0.179965,0.531207,0.458275,-0.949594
-0.377336,-0.582881,-0.423314,0.581956,0.187642,0.530184,0.465839,-0.944595
-0.370886,-0.594969,-0.444769,0.557347,0.195677,0.528778,0.473158,-0.930155
-0.365258,-0.606614,-0.464729,0.531632,0.204043,0.527002,0.480213,-0.90637
-0.36035,-0.617944,-0.483331,0.504663,0.212752,0.524874,0.486944,-0.873446
-0.355915,-0.629351,-0.500844,0.475812,0.221848,0.522412,0.493258,-0.831387
-0.351657,-0.641154,-0.517262,0.444633,0.231326,0.519622,0.499089,-0.780242
-0.34749,-0.653321,-0.532106,0.411443,0.241086,0.516497,0.504427,-0.72079
-0.343498,-0.665697,-0.544909,0.376736,0.251046,0.513028,0.509261,-0.655045
-0.339686,-0.67822,-0.555514,0.34064,0.26118,0.50922,0.513558,-0.586175
-0.335961,-0.690868,-0.563875,0.303112,0.271472,0.505077,0.517291,-0.517718
-0.331993,-0.703689,-0.57001,0.263992,0.281896,0.500586,0.520434,-0.453699
-0.327805,-0.716547,-0.573699,0.223546,0.292413,0.495749,0.522955,-0.396585
-0.324011,-0.729017,-0.57459,0.182751,0.302974,0.490583,0.524826,-0.346733
-0.321105,-0.740809,-0.572563,0.142356,0.313547,0.485086,0.526023,-0.303546
-0.318909,-0.751999,-0.567737,0.102321,0.324115,0.479232,0.526545,-0.267109
-0.317066,-0.76262,-0.56034,0.0624338,0.334666,0.472998,0.526422,-0.237393
-0.315469,-0.772564,-0.550553,0.0227038,0.345191,0.466355,0.525691,-0.213547
0.314351,0.781751,0.538304,0.0166687,0.355675,0.459267,0.524334,-0.194102
0.313777,0.790331,0.523277,0.055693,0.366111,0.45168,0.522278,-0.178535
0.313875,0.798351,0.505243,0.094058,0.376454,0.443569,0.519461,-0.166438
0.315183,0.805581,0.484332,0.130849,0.3866,0.434924,0.515862,-0.156369
0.31783,0.81197,0.460827,0.16531,0.396418,0.425733,0.511447,-0.14787
0.321534,0.817622,0.435113,0.196941,0.405767,0.41601,0.506187,-0.141172
0.32609,0.82261,0.407522,0.225618,0.414548,0.405754,0.500067,-0.135904
0.331428,0.827005,0.378054,0.251582,0.422703,0.394897,0.493054,-0.131492
0.337515,0.830856,0.346502,0.275134,0.430204,0.383356,0.485117,-0.127734
0.344145,0.834189,0.312743,0.296454,0.437038,0.371105,0.476248,-0.124944
0.351108,0.836912,0.27703,0.315525,0.443183,0.358189,0.466504,-0.123093
0.35801,0.838921,0.240047,0.332292,0.448603,0.344744,0.456025,-0.122088
0.364168,0.840201,0.202759,0.346889,0.453301,0.330991,0.445012,-0.122077
0.368821,0.840778,0.1663,0.359734,0.457339,0.317237,0.4337,-0.123113
0.37125,0.84077,0.131684,0.371402,0.460807,0.303796,0.422356,-0.125378
0.371016,0.840371,0.0995585,0.382376,0.463795,0.290902,0.411223,-0.12913
0.368173,0.839717,0.0700556,0.392957,0.466363,0.278652,0.400478,-0.134314
0.363309,0.838843,0.0429353,0.40312,0.468514,0.267034,0.390223,-0.140457
0.357366,0.837763,0.0179637,0.412456,0.470204,0.256018,0.380494,-0.146764
0.351349,0.836552,-0.00490233,0.42037,0.47139,0.245615,0.371286,-0.152444
0.346161,0.835285,-0.0254013,0.42641,0.472083,0.235891,0.362614,-0.156612
0.342279,0.834018,-0.0432418,0.430568,0.472371,0.226945,0.354573,-0.158866
0.33979,0.832728,-0.0582547,0.433258,0.4724,0.218875,0.347327,-0.159201
0.338432,0.831411,-0.070492,0.435029,0.472329,0.21174,0.341057,-0.15822
0.337997,0.830122,-0.0800712,0.43617,0.472271,0.205548,0.335897,-0.156627
0.338571,0.828988,-0.0870155,0.43655,0.472285,0.20029,0.331882,-0.154803
0.340434,0.828169,-0.0912391,0.435794,0.472386,0.195963,0.328966,-0.152814
0.343791,0.827768,-0.092638,0.433619,0.472585,0.192546,0.327087,-0.150596
0.34863,0.827787,-0.0911824,0.430014,0.472908,0.189993,0.326222,-0.148132
0.354632,0.82817,-0.0869922,0.425209,0.473395,0.188234,0.326377,-0.14569
0.361356,0.828814,-0.0803375,0.419566,0.474084,0.187161,0.327574,-0.143662
0.368454,0.829524,-0.0715946,0.413528,0.475011,0.18661,0.329822,-0.142196
0.375693,0.830055,-0.061252,0.407569,0.476205,0.18636,0.333104,-0.141221
0.383253,0.830093,-0.0498098,0.401972,0.477659,0.186175,0.337346,-0.140086
0.391425,0.829453,-0.0377309,0.3967,0.479322,0.185823,0.342412,-0.138242
0.400368,0.828145,-0.0253212,0.391459,0.481122,0.185143,0.348115,-0.135558
0.410074,0.826242,-0.0127712,0.386005,0.482994,0.184052,0.354276,-0.132098
0.42026,0.823822,-0.000252757,0.380394,0.484897,0.182497,0.360782,-0.128168
0.430369,0.820961,0.0120024,0.375049,0.486824,0.180423,0.367596,-0.12432
0.439788,0.817729,0.0236319,0.370604,0.488784,0.177748,0.374709,-0.121165
0.448118,0.814202,0.0342162,0.367552,0.490783,0.174372,0.382071,-0.119172
0.45554,0.810371,0.0435963,0.365897,0.4928,0.170227,0.389559,-0.118008
0.462565,0.80621,0.0518581,0.365197,0.494788,0.165299,0.397005,-0.116975
0.469605,0.80175,0.0592636,0.364906,0.496705,0.159635,0.404255,-0.11557
0.476779,0.797038,0.066081,0.364754,0.498527,0.153304,0.411216,-0.113574
0.483931,0.792096,0.072341,0.364913,0.500261,0.14636,0.417861,-0.111052
0.490799,0.786951,0.0779168,0.365723,0.501931,0.138846,0.424197,-0.108247
0.497054,0.781752,0.0825732,0.3674,0.503547,0.130783,0.43022,-0.105863
0.502603,0.776638,0.0861373,0.36987,0.505082,0.12218,0.435891,-0.104392
0.507673,0.771654,0.0885918,0.372786,0.506482,0.113069,0.441149,-0.103819
0.512722,0.7667,0.0901665,0.375709,0.507693,0.103517,0.445938,-0.10349
0.517989,0.761699,0.0911285,0.378414,0.508682,0.093606,0.45024,-0.102903
0.523341,0.756683,0.0916086,0.38099,0.509443,0.083415,0.45408,-0.102177
0.528607,0.751629,0.091593,0.383718,0.509982,0.072993,0.45751,-0.101344
0.533527,0.746579,0.0907855,0.386946,0.510284,0.062318,0.460594,-0.100844
0.538002,0.741573,0.0887921,0.390818,0.510315,0.051328,0.463361,-0.101101
0.542395,0.736454,0.0855322,0.395129,0.510043,0.039972,0.465806,-0.10161
0.547199,0.731044,0.0812213,0.39944,0.509439,0.028261,0.46789,-0.101565
0.552666,0.725272,0.0760812,0.403426,0.508487,0.016253,0.469559,-0.100598
0.55882,0.719106,0.0701776,0.40704,0.50719,0.003987,0.470811,-0.0986674
0.565516,0.712504,0.0634029,0.410499,0.505569,-0.008547,0.471698,-0.0959217
0.57252,0.70546,0.0554855,0.414088,0.503644,-0.021391,0.472277,-0.0927717
0.579737,0.697954,0.0463201,0.417876,0.501423,-0.034568,0.472579,-0.0894286
0.587227,0.690032,0.0361462,0.421561,0.498897,-0.048061,0.472588,-0.0859704
0.595038,0.681801,0.0254108,0.424773,0.496056,-0.061821,0.472274,-0.0824316
0.603291,0.673235,0.0143622,0.427304,0.492903,-0.075801,0.471631,-0.0786369
0.612002,0.66426,0.00279358,0.429191,0.489456,-0.089988,0.470687,-0.0747109
0.620868,0.654977,-0.00945006,0.430626,0.485753,-0.104384,0.469487,-0.0712407
0.629576,0.645551,-0.0223041,0.431741,0.481813,-0.118987,0.468063,-0.0686946
0.638029,0.636074,-0.0358039,0.43249,0.477625,-0.133791,0.466416,-0.0673277
0.646465,0.626361,-0.0498337,0.432749,0.473179,-0.148774,0.464531,-0.0665579
0.65563,0.6157,-0.0637922,0.432428,0.468468,-0.163894,0.46237,-0.0640972
0.665781,0.603791,-0.077349,0.431496,0.463472,-0.1791,0.459908,-0.0590004
0.676107,0.591374,-0.0909499,0.429982,0.458168,-0.194354,0.457168,-0.0535617
0.686017,0.578949,-0.104984,0.427991,0.452528,-0.209638,0.454197,-0.0493538
0.695474,0.566526,-0.119535,0.42553,0.44651,-0.224945,0.451002,-0.0464497
0.704537,0.554062,-0.134629,0.422515,0.440081,-0.24025,0.447571,-0.0447568
0.71324,0.541556,-0.150256,0.418842,0.43323,-0.255516,0.4439,-0.0442872
0.721703,0.528894,-0.166278,0.414448,0.425954,-0.2707,0.439974,-0.0446982
0.72997,0.515985,-0.182597,0.409342,0.418249,-0.285761,0.435803,-0.0456939
0.737963,0.502826,-0.199209,0.4036,0.410099,-0.300647,0.43142,-0.0470774
0.745435,0.48959,-0.216193,0.397351,0.401496,-0.315298,0.426874,-0.0490363
0.752084,0.476552,-0.233617,0.390757,0.392447,-0.329654,0.422226,-0.0519217
0.757709,0.46394,-0.251405,0.383969,0.382987,-0.34365,0.417527,-0.0558281
0.762262,0.451927,-0.269364,0.377043,0.373167,-0.357212,0.412815,-0.0607002
0.765837,0.440569,-0.287287,0.369944,0.36304,-0.370273,0.408103,-0.0663795
0.768654,0.429739,-0.304953,0.362628,0.35265,-0.382775,0.403396,-0.0724055
0.771126,0.41896,-0.321991,0.355189,0.342037,-0.394674,0.398686,-0.0774755
0.773536,0.407878,-0.338161,0.347741,0.331247,-0.405941,0.393961,-0.0806225
0.77585,0.396632,-0.353495,0.340265,0.320333,-0.416544,0.389211,-0.0821322
0.777866,0.385749,-0.36813,0.332571,0.309365,-0.426445,0.384437,-0.0832449
0.779578,0.375441,-0.382059,0.32455,0.298408,-0.4356,0.379646,-0.0844988
0.781223,0.365429,-0.395133,0.316261,0.287511,-0.443963,0.374852,-0.0853039
0.782808,0.355653,-0.407391,0.307824,0.276716,-0.451556,0.370097,-0.0856562
0.784016,0.346385,-0.419095,0.299492,0.266081,-0.458491,0.365461,-0.0862035
0.784655,0.337744,-0.430383,0.291576,0.255678,-0.464817,0.360999,-0.0869288
0.784611,0.329884,-0.44133,0.284236,0.245588,-0.470541,0.356732,-0.0877647
0.783734,0.323237,-0.452015,0.277417,0.235886,-0.475682,0.352646,-0.0892833
0.782135,0.317992,-0.462318,0.270938,0.22663,-0.48024,0.348694,-0.0917238
0.780109,0.313987,-0.472021,0.264649,0.217852,-0.48421,0.344845,-0.0948313
0.777902,0.310928,-0.481001,0.258514,0.209577,-0.487604,0.341122,-0.098251
0.775585,0.308564,-0.489308,0.252654,0.201852,-0.490458,0.337608,-0.101701
0.773098,0.306863,-0.497009,0.247259,0.194773,-0.492821,0.334406,-0.10523
0.770476,0.30596,-0.503984,0.242395,0.18848,-0.494737,0.331576,-0.109184
0.767947,0.305981,-0.509896,0.237988,0.183116,-0.49623,0.329138,-0.113938
0.765944,0.306719,-0.514253,0.234088,0.178823,-0.497296,0.327109,-0.119103
0.764928,0.307578,-0.516576,0.231149,0.175741,-0.497927,0.325517,-0.12314
0.765271,0.307855,-0.51648,0.229857,0.173997,-0.498121,0.324398,-0.124006
0.767045,0.307312,-0.513838,0.230591,0.173682,-0.497891,0.323787,-0.120868
0.769988,0.306489,-0.508738,0.23317,0.174852,-0.497252,0.323717,-0.114928
0.773713,0.306221,-0.501379,0.237101,0.177521,-0.496223,0.324218,-0.10835
0.777876,0.307087,-0.491971,0.242013,0.181645,-0.494826,0.325307,-0.102729
0.7823,0.309057,-0.480714,0.247798,0.187106,-0.493084,0.326995,-0.0982626
0.786913,0.311763,-0.46781,0.254411,0.193714,-0.491017,0.329281,-0.0944612
0.791673,0.314817,-0.453452,0.261774,0.201262,-0.488648,0.33215,-0.0907928
0.796573,0.318027,-0.437693,0.26973,0.20958,-0.485999,0.33554,-0.0870472
0.80167,0.32132,-0.420409,0.278091,0.218544,-0.483083,0.339344,-0.0831075
0.806925,0.324741,-0.401524,0.286694,0.228048,-0.479907,0.343461,-0.0790293
0.812139,0.328335,-0.381246,0.295427,0.237961,-0.476482,0.347847,-0.0749894
0.816992,0.332114,-0.360101,0.304222,0.248111,-0.472817,0.35251,-0.0712699
0.821273,0.336016,-0.338629,0.312945,0.258302,-0.468918,0.357443,-0.0681322
0.825123,0.33977,-0.316886,0.321422,0.268388,-0.464769,0.362563,-0.0651652
0.828931,0.343088,-0.294421,0.329363,0.278297,-0.460332,0.367705,-0.061706
0.832963,0.345917,-0.270811,0.336415,0.288001,-0.455591,0.3727,-0.0575895
0.837239,0.348296,-0.246011,0.342344,0.297469,-0.450565,0.377427,-0.0529338
0.841577,0.350329,-0.220372,0.347065,0.306659,-0.445282,0.381846,-0.0480303
0.845808,0.352125,-0.194243,0.350552,0.315522,-0.439766,0.38595,-0.0431724
0.849922,0.353712,-0.16774,0.35268,0.324031,-0.434034,0.389695,-0.03858
0.854055,0.354995,-0.14068,0.353239,0.3322,-0.428088,0.393013,-0.0343702
0.858399,0.355702,-0.112771,0.352009,0.340059,-0.42193,0.395848,-0.0300849
0.862935,0.355651,-0.0840769,0.348979,0.347616,-0.415588,0.398214,-0.0251777
0.867291,0.355131,-0.0551999,0.344444,0.354841,-0.409143,0.400208,-0.0202815
0.871094,0.354512,-0.0267601,0.338821,0.361698,-0.40267,0.401932,-0.0162867
0.874321,0.353872,0.00123508,0.332168,0.368198,-0.396146,0.403399,-0.0134454
0.877238,0.352927,0.0293614,0.324089,0.3744,-0.389487,0.40454,-0.0115096
0.88017,0.351204,0.0581405,0.313969,0.380346,-0.382607,0.405264,-0.0101012
0.883184,0.3485,0.087449,0.301473,0.386027,-0.375485,0.405527,-0.00934597
0.886101,0.344946,0.116638,0.286762,0.391403,-0.368163,0.40534,-0.00968186
0.888566,0.341024,0.145045,0.270398,0.396453,-0.360715,0.404775,-0.0119819
0.890338,0.337053,0.172406,0.252921,0.401196,-0.353197,0.403905,-0.0167472
0.891382,0.333029,0.198655,0.234663,0.405659,-0.345636,0.402781,-0.02383
0.891747,0.328889,0.223686,0.215833,0.409846,-0.33805,0.401427,-0.0329646
0.891423,0.324857,0.24727,0.1967,0.413736,-0.330465,0.39985,-0.0444483
0.890462,0.320947,0.269397,0.177473,0.417314,-0.322898,0.398074,-0.0581041
0.888939,0.316959,0.290289,0.158289,0.420587,-0.315367,0.396147,-0.0734543
0.886904,0.312738,0.310176,0.139237,0.423574,-0.307896,0.394116,-0.090244
0.884404,0.30828,0.3291,0.120357,0.426292,-0.300501,0.391988,-0.108507
0.881531,0.30354,0.347065,0.101547,0.428753,-0.293173,0.389753,-0.128188
0.878436,0.298225,0.3642,0.0822816,0.430963,-0.285826,0.387399,-0.148995
0.875161,0.292109,0.38067,0.0621021,0.432937,-0.278385,0.384937,-0.170895
0.871593,0.285366,0.396455,0.0414279,0.434708,-0.270951,0.382373,-0.194115
0.867713,0.278152,0.411429,0.0207907,0.436291,-0.263643,0.379701,-0.218442
0.863572,0.270502,0.425526,0.00028952,0.43768,-0.25649,0.37691,-0.243668
-0.859182,-0.262429,-0.438782,0.0201937,0.438881,-0.249479,0.373992,-0.269935
-0.854525,-0.253888,-0.451285,0.0408597,0.439896,-0.242599,0.370932,-0.29746
-0.849551,-0.244759,-0.46318,0.0618193,0.44072,-0.235865,0.367713,-0.326432
-0.844286,-0.235059,-0.4744,0.0829051,0.441339,-0.22933,0.364289,-0.356646
-0.838939,-0.224777,-0.484657,0.10375,0.441733,-0.22306,0.360583,-0.386754
-0.833703,-0.21392,-0.493746,0.124063,0.441884,-0.217083,0.356519,-0.41563
-0.828616,-0.202531,-0.501675,0.143869,0.441789,-0.211367,0.352059,-0.443165
-0.823622,-0.190502,-0.508554,0.163488,0.441473,-0.205853,0.347213,-0.469428
-0.818649,-0.177819,-0.514439,0.183155,0.440966,-0.200488,0.342005,-0.494435
-0.813724,-0.164652,-0.519208,0.202892,0.440259,-0.195258,0.336452,-0.51771
-0.809014,-0.151283,-0.522644,0.222382,0.439326,-0.190202,0.330564,-0.538358
-0.804689,-0.13792,-0.524723,0.241079,0.438194,-0.185375,0.324373,-0.555872
-0.80078,-0.124668,-0.525699,0.258552,0.43692,-0.180829,0.317994,-0.570565
-0.797179,-0.111603,-0.525942,0.274655,0.435538,-0.176614,0.311633,-0.583062
-0.793692,-0.0989658,-0.525812,0.289448,0.434098,-0.172723,0.305541,-0.594023
-0.7901,-0.0869874,-0.525617,0.303153,0.432723,-0.169087,0.300002,-0.603704
-0.786229,-0.0758764,-0.525671,0.315844,0.431546,-0.165683,0.295303,-0.612289
-0.781945,-0.065703,-0.526332,0.327444,0.430684,-0.162561,0.291718,-0.620093
-0.777135,-0.0563748,-0.527937,0.337884,0.430272,-0.159787,0.289484,-0.627306
-0.771686,-0.0477813,-0.530749,0.347165,0.430432,-0.157423,0.288802,-0.634015
-0.765481,-0.039934,-0.53499,0.355288,0.431236,-0.155534,0.289841,-0.640465
-0.758393,-0.0329063,-0.540798,0.362345,0.432709,-0.154152,0.292719,-0.646883
-0.750412,-0.026966,-0.54815,0.368357,0.434829,-0.153261,0.297463,-0.653407
-0.741718,-0.0225718,-0.556861,0.373163,0.437521,-0.152815,0.303984,-0.660097
-0.732573,-0.020004,-0.566664,0.376601,0.440678,-0.152772,0.312122,-0.666789
-0.723195,-0.0192308,-0.577327,0.378567,0.444172,-0.153117,0.321697,-0.673332
-0.713729,-0.0201437,-0.588696,0.378975,0.447868,-0.153841,0.332522,-0.679842
-0.704336,-0.0225661,-0.600587,0.377753,0.451633,-0.154936,0.344398,-0.686241
-0.695183,-0.0263122,-0.612821,0.374804,0.455339,-0.1564,0.357106,-0.69248
-0.686435,-0.0312583,-0.625202,0.370072,0.458864,-0.158213,0.370417,-0.698483
-0.67821,-0.0371478,-0.637475,0.363699,0.462112,-0.160336,0.384121,-0.703828
-0.670658,-0.0437723,-0.649404,0.355775,0.465016,-0.162728,0.398003,-0.708106
-0.664041,-0.0510719,-0.660729,0.346235,0.467519,-0.165358,0.411839,-0.710751
-0.658706,-0.0592521,-0.671195,0.334801,0.46958,-0.1682,0.42541,-0.711251
-0.654937,-0.0685196,-0.680584,0.3212,0.471184,-0.171229,0.438534,-0.709079
-0.652866,-0.0789629,-0.688726,0.305267,0.472335,-0.174435,0.451085,-0.703736
-0.652497,-0.0904367,-0.69544,0.287108,0.473039,-0.177822,0.46299,-0.694405
-0.653822,-0.102921,-0.700548,0.266751,0.473315,-0.181392,0.47419,-0.680395
-0.656855,-0.116598,-0.703835,0.244054,0.473181,-0.185153,0.484627,-0.6612
-0.661556,-0.131677,-0.70503,0.218946,0.472665,-0.189104,0.494264,-0.636344
-0.66767,-0.148174,-0.703959,0.19158,0.471789,-0.193253,0.503118,-0.60612
-0.674669,-0.165805,-0.700671,0.162452,0.470576,-0.19761,0.511281,-0.572105
-0.682057,-0.184072,-0.69528,0.132298,0.469029,-0.202189,0.518862,-0.536013
-0.68963,-0.202566,-0.687777,0.101687,0.467161,-0.207016,0.525922,-0.498901
-0.697332,-0.220974,-0.678165,0.0706457,0.465015,-0.212144,0.532493,-0.461755
-0.705051,-0.238913,-0.666557,0.039043,0.462636,-0.217623,0.538631,-0.425427
-0.712581,-0.255979,-0.653184,0.00728573,0.460036,-0.223475,0.544438,-0.390837
0.719821,0.271827,0.638273,0.0240001,0.457223,-0.229702,0.549995,-0.358533
0.726954,0.286525,0.621634,0.0548816,0.454195,-0.236337,0.555269,-0.328296
0.7344,0.300593,0.602384,0.0862233,0.45094,-0.243459,0.56011,-0.299387
0.742406,0.314722,0.579311,0.119086,0.447434,-0.251166,0.564363,-0.27194
0.750752,0.329213,0.551682,0.153741,0.443657,-0.259503,0.567993,-0.247523
0.758893,0.343498,0.519966,0.189012,0.4396,-0.268391,0.57113,-0.227825
0.766299,0.356541,0.485657,0.223165,0.435276,-0.277665,0.573986,-0.213327
0.772783,0.367473,0.450242,0.255053,0.430713,-0.287177,0.576722,-0.202857
0.778505,0.375987,0.414339,0.284408,0.425913,-0.296869,0.579347,-0.194826
0.783704,0.382249,0.377689,0.31152,0.420846,-0.306764,0.581764,-0.188298
0.788608,0.386363,0.340035,0.336448,0.415499,-0.316846,0.583857,-0.182556
0.793316,0.388296,0.30194,0.35876,0.409914,-0.327,0.585578,-0.177152
0.797674,0.388249,0.264627,0.378091,0.4042,-0.337078,0.586967,-0.172271
0.801567,0.386443,0.22935,0.394401,0.398494,-0.346957,0.588088,-0.167593
0.805121,0.382992,0.196618,0.407969,0.392853,-0.356604,0.588949,-0.162315
0.808574,0.378096,0.165927,0.419189,0.387203,-0.366098,0.589478,-0.156216
0.812152,0.372004,0.136344,0.428291,0.381398,-0.375548,0.589578,-0.149702
0.816019,0.36484,0.107273,0.435313,0.375321,-0.385006,0.589169,-0.143051
0.820162,0.35679,0.0785852,0.440296,0.368936,-0.394442,0.588222,-0.136471
0.824371,0.348247,0.0504713,0.443385,0.362287,-0.403759,0.58676,-0.13039
0.8283,0.339808,0.0230183,0.444883,0.355447,-0.41286,0.584843,-0.125659
0.831759,0.331648,-0.00389984,0.445165,0.348447,-0.421694,0.582545,-0.122284
0.834714,0.323654,-0.030646,0.444479,0.341257,-0.430244,0.579901,-0.119846
0.837138,0.315858,-0.0576878,0.442838,0.333815,-0.43851,0.576908,-0.118488
0.839021,0.30844,-0.085287,0.440039,0.326075,-0.446492,0.573542,-0.118774
0.840384,0.301485,-0.113305,0.435918,0.318051,-0.454174,0.569768,-0.120772
0.841344,0.294828,-0.141324,0.430399,0.309809,-0.461494,0.565529,-0.123709
0.842103,0.288125,-0.168825,0.423491,0.30143,-0.468384,0.560772,-0.126324
0.842652,0.281357,-0.195655,0.415326,0.292969,-0.474822,0.55551,-0.12831
0.842892,0.274679,-0.221793,0.40607,0.284477,-0.480795,0.549776,-0.129844
0.842815,0.268102,-0.247088,0.395894,0.275994,-0.486303,0.543607,-0.130748
0.842461,0.261488,-0.271328,0.385052,0.267557,-0.49136,0.537041,-0.130448
0.841965,0.254499,-0.294199,0.37386,0.259223,-0.495956,0.53011,-0.127905
0.841574,0.246712,-0.315322,0.362573,0.251061,-0.50005,0.522843,-0.121943
0.84104,0.238739,-0.334958,0.351366,0.243132,-0.503675,0.51538,-0.114102
0.839764,0.232055,-0.353785,0.340269,0.23548,-0.506959,0.507967,-0.10826
0.837765,0.227287,-0.371692,0.329143,0.228175,-0.509942,0.50076,-0.106064
0.835401,0.224244,-0.388163,0.318039,0.221332,-0.512604,0.493895,-0.107099
0.832615,0.223015,-0.403214,0.307301,0.215077,-0.514965,0.48761,-0.111628
0.829125,0.223911,-0.417152,0.29732,0.209552,-0.517067,0.482183,-0.120402
0.824737,0.227366,-0.43011,0.288305,0.204916,-0.518944,0.477843,-0.134379
0.820074,0.232692,-0.441207,0.280482,0.201344,-0.520545,0.474614,-0.15162
0.816451,0.237976,-0.448825,0.274466,0.198995,-0.521751,0.472354,-0.167005
0.814482,0.242258,-0.452355,0.270751,0.197949,-0.522522,0.471077,-0.178095
0.813948,0.245666,-0.452199,0.269542,0.198206,-0.522894,0.470944,-0.185478
0.814541,0.24836,-0.448775,0.271,0.199754,-0.522913,0.472076,-0.18974
0.816053,0.250496,-0.442244,0.27519,0.202579,-0.522618,0.474499,-0.191241
0.818413,0.252252,-0.432486,0.282002,0.20666,-0.522013,0.478147,-0.190219
0.821596,0.253716,-0.419299,0.291198,0.21194,-0.521067,0.48291,-0.186746
0.825571,0.254721,-0.40254,0.302509,0.218318,-0.519726,0.488679,-0.180467
0.830334,0.254845,-0.382118,0.31557,0.225631,-0.517904,0.495342,-0.17066
0.835935,0.253585,-0.357917,0.329852,0.233697,-0.5155,0.502768,-0.156521
0.841831,0.251574,-0.33052,0.344655,0.242324,-0.512509,0.510912,-0.140015
0.846719,0.250814,-0.30156,0.359472,0.251306,-0.509089,0.519857,-0.126354
0.849673,0.25261,-0.272415,0.374212,0.260454,-0.505379,0.529598,-0.118893
0.850314,0.257266,-0.243934,0.388943,0.269608,-0.501433,0.540031,-0.118593
0.849033,0.263802,-0.215995,0.403605,0.278655,-0.497147,0.550976,-0.123326
0.846995,0.270132,-0.18726,0.417806,0.287573,-0.492279,0.562144,-0.127843
0.844748,0.275386,-0.156892,0.431218,0.296386,-0.486739,0.573289,-0.12942
0.842187,0.279813,-0.124854,0.443664,0.305092,-0.480574,0.584286,-0.128276
0.838991,0.284186,-0.0915079,0.454927,0.313656,-0.473835,0.595101,-0.126308
0.834823,0.289297,-0.0574825,0.464837,0.322018,-0.466571,0.605711,-0.125637
0.829743,0.295052,-0.0231267,0.473219,0.330135,-0.458781,0.616022,-0.126225
0.823889,0.301285,0.0115155,0.479898,0.338002,-0.450462,0.625955,-0.127742
0.817216,0.308071,0.0467069,0.48484,0.345646,-0.441635,0.635504,-0.130364
0.809627,0.315277,0.0826755,0.488129,0.353086,-0.432339,0.64471,-0.133938
0.800898,0.322757,0.119135,0.490099,0.360276,-0.422669,0.653658,-0.138569
0.790749,0.330556,0.155177,0.491292,0.367085,-0.41278,0.662433,-0.145095
0.779161,0.338622,0.190118,0.492035,0.373391,-0.4028,0.671057,-0.154074
0.766384,0.346881,0.224088,0.492051,0.379155,-0.392782,0.679463,-0.165867
0.752865,0.355011,0.257772,0.490627,0.384406,-0.382722,0.68753,-0.180138
0.739184,0.36234,0.29166,0.487084,0.389171,-0.372631,0.695152,-0.19545
0.725841,0.368362,0.325808,0.480951,0.393464,-0.362554,0.702251,-0.210587
0.713001,0.373264,0.359614,0.472209,0.39728,-0.352566,0.708761,-0.226042
0.700554,0.377531,0.392363,0.461244,0.400637,-0.342723,0.714655,-0.242957
0.688333,0.38138,0.423985,0.448312,0.403601,-0.33302,0.719957,-0.261838
0.676233,0.384655,0.454858,0.433421,0.406223,-0.32344,0.724737,-0.282361
0.664318,0.387063,0.485042,0.416651,0.408508,-0.314006,0.729044,-0.303576
0.65284,0.388362,0.514312,0.398068,0.410486,-0.304746,0.732856,-0.324286
0.641868,0.388802,0.542456,0.377599,0.412222,-0.295647,0.736115,-0.344967
0.631297,0.388738,0.569415,0.355124,0.413763,-0.286658,0.738798,-0.366623
0.620961,0.388296,0.59521,0.330694,0.415136,-0.277732,0.740928,-0.389586
0.610676,0.387459,0.61981,0.304609,0.41636,-0.268877,0.742548,-0.413851
0.600313,0.386328,0.643001,0.277353,0.417448,-0.26015,0.743658,-0.439741
0.589933,0.385028,0.6645,0.249346,0.418426,-0.251592,0.744226,-0.46714
0.579868,0.383474,0.684134,0.220593,0.419321,-0.243174,0.744225,-0.494512
0.570251,0.381562,0.702009,0.190807,0.420133,-0.234823,0.743664,-0.52089
0.56097,0.379244,0.718294,0.159813,0.42085,-0.226491,0.742575,-0.546292
0.551958,0.376538,0.732906,0.128105,0.421495,-0.218226,0.740964,-0.570744
0.543394,0.373466,0.74564,0.0962689,0.422113,-0.210082,0.738789,-0.593543
0.535606,0.369829,0.756477,0.0639918,0.422709,-0.202016,0.736018,-0.613213
0.528718,0.365639,0.765368,0.0312575,0.423304,-0.194022,0.732619,-0.629464
-0.522693,-0.360975,-0.772325,0.00166857,0.423928,-0.186141,0.728567,-0.642908
-0.517686,-0.35551,-0.777402,0.0355037,0.424573,-0.178357,0.723873,-0.652573
-0.513819,-0.349041,-0.780514,0.0704122,0.425246,-0.170714,0.718558,-0.657723
-0.511808,-0.340879,-0.781358,0.106458,0.425983,-0.163337,0.712635,-0.655032
-0.513352,-0.328875,-0.77907,0.146153,0.426789,-0.156262,0.70617,-0.634893
-0.51637,-0.315987,-0.774104,0.185139,0.427628,-0.149397,0.699303,-0.60861
-0.513377,-0.314162,-0.771601,0.20586,0.428435,-0.142734,0.692203,-0.623194
-0.50498,-0.322102,-0.772646,0.210387,0.429125,-0.136373,0.685043,-0.674563
-0.498831,-0.327146,-0.772443,0.217888,0.429682,-0.130375,0.678038,-0.713264
-0.495691,-0.328366,-0.770556,0.229585,0.430179,-0.124804,0.671428,-0.735056
-0.493541,-0.328807,-0.768475,0.240314,0.430652,-0.11979,0.665462,-0.752247
-0.492008,-0.328701,-0.766564,0.249526,0.431087,-0.11545,0.660409,-0.766118
-0.490709,-0.328223,-0.765122,0.257028,0.431462,-0.111857,0.656529,-0.777505
-0.48934,-0.327586,-0.764361,0.262652,0.431745,-0.109061,0.654032,-0.786875
-0.487634,-0.327079,-0.764535,0.26593,0.431897,-0.107118,0.653065,-0.795015
-0.485388,-0.326937,-0.765864,0.266389,0.431871,-0.106067,0.653729,-0.802632
-0.482481,-0.327332,-0.768462,0.263691,0.431622,-0.105898,0.656056,-0.810259
-0.478964,-0.328368,-0.772219,0.257771,0.431129,-0.106542,0.65997,-0.817779
-0.474987,-0.33019,-0.776905,0.248558,0.430393,-0.10789,0.665292,-0.825019
-0.470801,-0.332799,-0.782219,0.236059,0.429438,-0.109841,0.671801,-0.831479
-0.466792,-0.336051,-0.787792,0.220359,0.428297,-0.112318,0.679254,-0.836065
-0.463284,-0.340035,-0.793262,0.201195,0.427006,-0.115266,0.68738,-0.838128
-0.460413,-0.344897,-0.798276,0.178383,0.425575,-0.118645,0.695934,-0.837384
-0.45813,-0.35053,-0.802508,0.1524,0.423983,-0.122403,0.704744,-0.833506
-0.456379,-0.356498,-0.805701,0.12439,0.422174,-0.126514,0.71367,-0.825885
-0.455188,-0.362368,-0.807731,0.0952066,0.420123,-0.130994,0.722574,-0.814177
-0.454701,-0.368048,-0.808432,0.065006,0.417889,-0.1358,0.731319,-0.798157
-0.45503,-0.373689,-0.807568,0.0337362,0.415527,-0.140835,0.739781,-0.777758
-0.456022,-0.379299,-0.805093,0.00112309,0.413052,-0.1461,0.747891,-0.754179
0.457139,0.384711,0.801209,0.0329342,0.410441,-0.151653,0.755653,-0.730282
0.457905,0.389657,0.796199,0.0675093,0.407638,-0.157467,0.763096,-0.708443
0.458393,0.394064,0.790081,0.101796,0.404645,-0.163502,0.770186,-0.689017
0.459026,0.398217,0.782347,0.136568,0.401562,-0.169835,0.776812,-0.670968
0.460203,0.402419,0.772215,0.173078,0.398503,-0.176571,0.782872,-0.652522
0.46222,0.406577,0.759145,0.211535,0.39551,-0.183755,0.788347,-0.631983
0.465145,0.410328,0.743073,0.251226,0.392545,-0.191389,0.793292,-0.608892
0.468989,0.413232,0.724367,0.290828,0.389533,-0.19943,0.797787,-0.58338
0.473955,0.414846,0.703487,0.329203,0.386431,-0.20785,0.80188,-0.555066
0.480298,0.414924,0.680629,0.365918,0.383233,-0.216673,0.805583,-0.523709
0.488053,0.413542,0.655639,0.401155,0.379935,-0.225937,0.808891,-0.49025
0.49648,0.41145,0.62798,0.435726,0.376509,-0.235644,0.811816,-0.459156
0.50454,0.409395,0.597625,0.469765,0.372888,-0.24569,0.814414,-0.435341
0.511794,0.407151,0.565774,0.502191,0.369004,-0.255878,0.816786,-0.418923
0.51835,0.404067,0.533601,0.532271,0.364815,-0.266055,0.819009,-0.406636
0.524461,0.39992,0.501352,0.560046,0.360313,-0.276189,0.821078,-0.396232
0.530266,0.395059,0.468901,0.585558,0.355532,-0.286296,0.822924,-0.388012
0.535915,0.389772,0.436528,0.608536,0.350533,-0.29634,0.824478,-0.3821
0.541126,0.384562,0.404411,0.629084,0.345381,-0.306219,0.825725,-0.379345
0.545464,0.379838,0.372677,0.647537,0.340119,-0.315834,0.826704,-0.380312
0.549252,0.375018,0.342115,0.663808,0.334754,-0.325148,0.827443,-0.38205
0.553035,0.369593,0.313036,0.67791,0.329283,-0.334208,0.827907,-0.382205
0.557312,0.363648,0.285091,0.689846,0.32373,-0.343104,0.827976,-0.380783
0.562726,0.357357,0.258392,0.699191,0.318144,-0.351922,0.827484,-0.378091
0.56983,0.350907,0.233462,0.705446,0.312558,-0.360741,0.826282,-0.374466
0.578952,0.344287,0.210585,0.708474,0.306976,-0.369622,0.824268,-0.369828
0.59015,0.337297,0.189616,0.708519,0.301374,-0.378594,0.821415,-0.363748
0.603061,0.329922,0.169737,0.706157,0.295703,-0.38766,0.817777,-0.35669
0.616865,0.322615,0.149748,0.702119,0.289887,-0.396796,0.813476,-0.350702
0.630853,0.315802,0.129169,0.696857,0.283894,-0.405931,0.808625,-0.34713
0.644765,0.309425,0.108197,0.690527,0.277737,-0.414975,0.803274,-0.345459
0.658706,0.303122,0.0869861,0.683123,0.271406,-0.423882,0.797414,-0.344431
0.672851,0.296633,0.0652751,0.674551,0.264859,-0.432635,0.790994,-0.343452
0.687214,0.290224,0.0427053,0.664592,0.258045,-0.441204,0.78397,-0.343498
0.701746,0.284361,0.0195712,0.652923,0.250982,-0.449529,0.776326,-0.345649
0.716371,0.279033,-0.0032805,0.639486,0.243783,-0.457537,0.768085,-0.34925
0.730803,0.274058,-0.025306,0.624643,0.236567,-0.465144,0.759345,-0.353271
0.744706,0.269348,-0.0463181,0.608867,0.22941,-0.472285,0.750238,-0.357083
0.757842,0.26489,-0.0664055,0.592536,0.222354,-0.478931,0.740867,-0.360387
0.770073,0.260732,-0.0858508,0.575879,0.2154,-0.485062,0.731316,-0.363262
0.781367,0.2568,-0.104848,0.559041,0.208564,-0.490656,0.721654,-0.365544
0.791826,0.252937,-0.123321,0.542057,0.201908,-0.495685,0.711952,-0.366854
0.801629,0.248916,-0.141018,0.524925,0.195504,-0.500125,0.70229,-0.366655
0.810982,0.244334,-0.157742,0.507668,0.189367,-0.503952,0.692772,-0.364201
0.819796,0.239054,-0.173745,0.49051,0.183465,-0.507174,0.683561,-0.359613
0.827649,0.233472,-0.189507,0.473894,0.177799,-0.509873,0.674898,-0.354233
0.834182,0.228073,-0.204994,0.458367,0.172471,-0.512149,0.667017,-0.349126
0.839287,0.223183,-0.219703,0.44443,0.167664,-0.514053,0.660102,-0.344615
0.842945,0.219046,-0.233227,0.432513,0.163556,-0.515613,0.654324,-0.340898
0.845221,0.215739,-0.245354,0.422918,0.160263,-0.516854,0.649823,-0.338031
0.846322,0.213114,-0.255857,0.415762,0.157848,-0.517781,0.646683,-0.335703
0.84649,0.21097,-0.264493,0.411084,0.156349,-0.518404,0.644925,-0.333484
0.845912,0.209167,-0.271054,0.408914,0.155796,-0.51873,0.64454,-0.331026
0.844677,0.207753,-0.27545,0.409252,0.1562,-0.518746,0.645506,-0.328355
0.84276,0.206809,-0.277762,0.412108,0.157553,-0.518445,0.647792,-0.325627
0.840055,0.2065,-0.278332,0.417368,0.15978,-0.517822,0.651344,-0.323375
0.836155,0.207456,-0.278,0.424879,0.162737,-0.51697,0.656113,-0.323491
0.830949,0.209867,-0.277068,0.434411,0.166312,-0.515954,0.661944,-0.326585
0.825342,0.212309,-0.274167,0.445609,0.170524,-0.514591,0.668492,-0.328682
0.819909,0.213966,-0.268315,0.458229,0.175379,-0.512757,0.675518,-0.327309
0.814445,0.215146,-0.259726,0.472159,0.18081,-0.510477,0.682962,-0.323185
0.808757,0.215998,-0.248711,0.487237,0.186719,-0.507751,0.690764,-0.316857
0.802766,0.216608,-0.235595,0.503134,0.192974,-0.504584,0.698816,-0.30883
0.796601,0.21675,-0.220513,0.519443,0.199449,-0.500978,0.706967,-0.298839
0.790504,0.216019,-0.203406,0.535784,0.206062,-0.496931,0.71507,-0.286012
0.784588,0.214149,-0.184106,0.551966,0.212805,-0.492467,0.72301,-0.269434
0.778707,0.211146,-0.162705,0.567944,0.219694,-0.487631,0.730722,-0.248784
0.772575,0.207033,-0.139861,0.583698,0.226693,-0.482446,0.738185,-0.224236
0.765958,0.201533,-0.116747,0.599219,0.233672,-0.476927,0.745379,-0.195843
0.75882,0.193804,-0.0943932,0.614592,0.240479,-0.471119,0.752258,-0.162405
0.751209,0.182608,-0.0731057,0.630075,0.247066,-0.465072,0.758739,-0.121191
0.74415,0.17753,-0.0486173,0.642153,0.253519,-0.458801,0.764737,-0.0915418
0.738666,0.188935,-0.0169562,0.64683,0.259958,-0.452289,0.770222,-0.0957172
0.733322,0.206823,0.0178903,0.647413,0.26643,-0.44553,0.775227,-0.114535
0.727236,0.221429,0.0518472,0.647618,0.272874,-0.438533,0.779824,-0.127058
0.72051,0.233569,0.0843857,0.647448,0.279204,-0.431322,0.784061,-0.134926
0.713311,0.243996,0.115739,0.646729,0.285424,-0.423889,0.787951,-0.13932
0.705769,0.253436,0.146596,0.645112,0.291577,-0.416216,0.791504,-0.141455
0.698003,0.262266,0.177532,0.642254,0.297676,-0.408303,0.794738,-0.142091
0.690167,0.270391,0.208836,0.637923,0.30367,-0.40018,0.79768,-0.141136
0.682203,0.277973,0.239867,0.632292,0.309416,-0.391923,0.80038,-0.139692
0.673898,0.285626,0.269801,0.625689,0.314799,-0.383615,0.802879,-0.140076
0.665209,0.293792,0.299016,0.617877,0.319844,-0.375251,0.805171,-0.143666
0.656307,0.302419,0.328542,0.608164,0.324644,-0.366782,0.807235,-0.150295
0.647525,0.3109,0.35901,0.595957,0.329261,-0.358172,0.809053,-0.158337
0.639094,0.31877,0.39013,0.581157,0.333682,-0.349441,0.810591,-0.166832
0.631062,0.325935,0.421005,0.564164,0.33787,-0.340594,0.811796,-0.175932
0.623292,0.332607,0.450637,0.545716,0.341775,-0.331662,0.812649,-0.186442
0.615497,0.339302,0.478648,0.526246,0.345378,-0.322769,0.813184,-0.200047
0.607459,0.346491,0.505192,0.505686,0.34871,-0.313969,0.813409,-0.218543
0.599189,0.354381,0.530287,0.483924,0.351814,-0.305243,0.813277,-0.242805
0.590957,0.362851,0.553698,0.461007,0.354721,-0.296618,0.812717,-0.272152
0.583119,0.371522,0.575152,0.437201,0.357446,-0.288146,0.811674,-0.304521
0.575944,0.37984,0.59467,0.412769,0.359992,-0.27986,0.810136,-0.337122
0.56949,0.387439,0.612484,0.38786,0.362351,-0.271755,0.808136,-0.368166
0.563659,0.39431,0.628842,0.362444,0.364531,-0.263798,0.805698,-0.397527
0.558153,0.400955,0.643732,0.336615,0.366558,-0.255957,0.802821,-0.427123
0.55291,0.407699,0.657029,0.31046,0.36846,-0.248195,0.799482,-0.457578
0.548233,0.414309,0.668646,0.284078,0.37023,-0.240497,0.795664,-0.48686
0.544319,0.420467,0.67871,0.257443,0.371834,-0.232871,0.791378,-0.513328
0.541116,0.42609,0.687356,0.230614,0.373253,-0.225346,0.786648,-0.536867
0.53852,0.431238,0.694633,0.203752,0.374481,-0.217946,0.781503,-0.557762
0.536477,0.436016,0.70058,0.176835,0.375509,-0.210666,0.775976,-0.576246
0.535012,0.44042,0.705253,0.149701,0.376325,-0.203486,0.770119,-0.592048
0.534119,0.444279,0.708784,0.122305,0.376918,-0.196409,0.764045,-0.604715
0.533712,0.447277,0.711387,0.0949893,0.377276,-0.189504,0.757932,-0.613876
0.53366,0.44919,0.713268,0.0684389,0.377404,-0.182878,0.751987,-0.619548
0.533713,0.450255,0.71449,0.0438718,0.377346,-0.176675,0.746374,-0.622871
0.533545,0.450993,0.715144,0.0224648,0.377168,-0.17103,0.741225,-0.625633
0.532899,0.451701,0.715516,0.00461876,0.3769,-0.166009,0.736711,-0.628978
-0.531596,-0.452334,-0.716035,0.00963754,0.376557,-0.161656,0.733051,-0.633301
-0.529534,-0.452701,-0.717116,0.0200006,0.376182,-0.158077,0.730453,-0.638745
-0.526753,-0.452715,-0.718965,0.0258899,0.375852,-0.155411,0.729033,-0.645312
-0.52341,-0.452423,-0.721554,0.0267499,0.37564,-0.153773,0.728781,-0.652844
-0.519744,-0.451865,-0.724693,0.0224484,0.375597,-0.15319,0.729608,-0.660789
-0.515941,-0.451016,-0.728158,0.0132319,0.375734,-0.153621,0.731397,-0.66857
0.512094,0.449833,0.731717,0.000666857,0.376047,-0.15503,0.734007,-0.675934
0.508342,0.448311,0.735011,0.0190942,0.376529,-0.157389,0.73726,-0.682433
0.504876,0.446615,0.737467,0.0421715,0.377189,-0.160686,0.74092,-0.687456
0.501926,0.444987,0.738352,0.0699531,0.378036,-0.164869,0.74473,-0.68998
0.499708,0.443571,0.736969,0.102046,0.37906,-0.169826,0.74848,-0.688553
0.498226,0.442297,0.73297,0.137475,0.380201,-0.175399,0.752052,-0.682147
0.497427,0.440868,0.726457,0.174535,0.381365,-0.18138,0.755394,-0.669981
0.497335,0.439086,0.717631,0.211818,0.382485,-0.187623,0.758451,-0.651526
0.497992,0.437053,0.706429,0.24889,0.383543,-0.194083,0.761127,-0.626807
0.499431,0.435001,0.692477,0.286039,0.384567,-0.200787,0.763327,-0.596023
0.501539,0.43315,0.675316,0.323708,0.385576,-0.207767,0.764998,-0.559989
0.504034,0.431496,0.654909,0.36174,0.386545,-0.214991,0.766163,-0.52026
0.506448,0.429978,0.631795,0.39933,0.387425,-0.222344,0.766877,-0.479758
0.508466,0.428597,0.606845,0.435323,0.388182,-0.229712,0.767161,-0.441698
0.51028,0.427322,0.58059,0.468963,0.388842,-0.237073,0.766956,-0.40718
0.512416,0.426119,0.552938,0.500112,0.389459,-0.244497,0.766152,-0.375529
0.515393,0.424841,0.52367,0.52882,0.390082,-0.252058,0.764664,-0.345604
0.519531,0.423193,0.49304,0.554894,0.390719,-0.259751,0.762462,-0.316474
0.524492,0.421244,0.461868,0.578048,0.391345,-0.267485,0.7596,-0.289664
0.529534,0.419476,0.431268,0.598031,0.391912,-0.27515,0.756165,-0.268136
0.534461,0.41802,0.402005,0.61482,0.392392,-0.282702,0.752215,-0.251869
0.53967,0.416749,0.374267,0.628491,0.392782,-0.290175,0.747732,-0.239327
0.545623,0.415605,0.348239,0.638982,0.393106,-0.297615,0.742665,-0.22964
0.552652,0.414544,0.324476,0.646099,0.393393,-0.305012,0.736968,-0.222131
0.560732,0.413575,0.303579,0.649905,0.393674,-0.312295,0.730646,-0.216147
0.569577,0.412691,0.285583,0.65093,0.393941,-0.319404,0.723752,-0.210961
0.578877,0.411845,0.269772,0.650007,0.39415,-0.32634,0.716348,-0.20592
0.58842,0.411016,0.255138,0.647867,0.394241,-0.333138,0.708471,-0.200737
0.598081,0.410319,0.241007,0.644866,0.394178,-0.33981,0.700121,-0.195684
0.607891,0.40989,0.227334,0.64092,0.393955,-0.346324,0.691272,-0.191149
0.617916,0.409776,0.214304,0.635875,0.393587,-0.352631,0.681901,-0.187193
0.628175,0.409891,0.201997,0.629748,0.393081,-0.358692,0.672025,-0.183514
0.638481,0.410252,0.190288,0.622757,0.392433,-0.364473,0.661703,-0.180136
0.648577,0.410934,0.17896,0.615186,0.391638,-0.369949,0.651013,-0.177253
0.658267,0.412025,0.167843,0.607247,0.390688,-0.375099,0.640027,-0.175107
0.667497,0.413533,0.156872,0.599023,0.38957,-0.379908,0.628798,-0.173762
0.676286,0.415433,0.14609,0.590517,0.38828,-0.384363,0.61737,-0.173245
0.68474,0.417628,0.13567,0.581645,0.386817,-0.388448,0.605774,-0.173419
0.692988,0.419971,0.125754,0.572345,0.385181,-0.392154,0.594036,-0.173993
0.701083,0.422399,0.116312,0.562612,0.383367,-0.395497,0.582178,-0.174919
0.709057,0.424847,0.107357,0.552464,0.381387,-0.398478,0.570233,-0.176076
0.716862,0.427325,0.0989082,0.541959,0.379261,-0.401085,0.558236,-0.177442
0.724431,0.429875,0.0909153,0.531169,0.377001,-0.403303,0.546219,-0.179069
0.731702,0.432548,0.0832181,0.520181,0.374605,-0.405135,0.534213,-0.181038
0.738679,0.435348,0.0757082,0.509012,0.372081,-0.406587,0.522239,-0.183363
0.745457,0.438208,0.0684111,0.497582,0.369439,-0.407653,0.510307,-0.185948
0.752179,0.440991,0.0614117,0.48578,0.36669,-0.408331,0.498428,-0.188567
0.75889,0.443629,0.0546914,0.473592,0.363832,-0.408642,0.486623,-0.191109
0.765533,0.44612,0.0481472,0.461105,0.360866,-0.408612,0.474938,-0.19353
0.772004,0.448462,0.0416353,0.448507,0.357789,-0.408277,0.463429,-0.195742
0.778167,0.450696,0.0350116,0.436008,0.354601,-0.40768,0.452158,-0.197722
0.784013,0.452765,0.0282726,0.423707,0.351309,-0.40685,0.44115,-0.199199
0.78964,0.454597,0.0215289,0.411518,0.347933,-0.405796,0.430395,-0.200024
0.795157,0.456156,0.0148341,0.399284,0.344475,-0.404527,0.41987,-0.200254
0.800522,0.457531,0.00803654,0.386994,0.34093,-0.403075,0.409578,-0.200162
0.805624,0.458748,0.000866594,0.374859,0.337295,-0.401494,0.399554,-0.199563
0.810295,0.459893,-0.00696818,0.363143,0.333587,-0.399841,0.389838,-0.1983
0.81434,0.461212,-0.0156208,0.351979,0.329837,-0.398136,0.380439,-0.196663
0.817644,0.46295,-0.0251003,0.341328,0.326073,-0.396376,0.371347,-0.195145
0.8203,0.46513,-0.0351854,0.330945,0.322307,-0.394532,0.362525,-0.194016
0.822506,0.467644,-0.0455531,0.320495,0.318537,-0.392553,0.353917,-0.193402
0.824501,0.47029,-0.055882,0.309683,0.314754,-0.390385,0.345477,-0.193202
0.826388,0.472991,-0.0659837,0.298342,0.310943,-0.387985,0.33718,-0.193448
0.828198,0.475746,-0.0757254,0.286389,0.307104,-0.385314,0.329014,-0.194258
0.829963,0.478546,-0.0849112,0.273761,0.303256,-0.382315,0.320984,-0.195681
0.831728,0.481394,-0.0932587,0.260366,0.299431,-0.378935,0.313095,-0.197944
0.833573,0.484271,-0.100422,0.246075,0.295669,-0.37512,0.305345,-0.201317
0.835587,0.487119,-0.106091,0.230768,0.292008,-0.370815,0.297737,-0.205864
0.837883,0.489789,-0.11007,0.214343,0.288473,-0.365975,0.290273,-0.211349
0.840567,0.492085,-0.112311,0.196686,0.285072,-0.360571,0.282975,-0.217505
0.843707,0.493811,-0.112854,0.177688,0.281804,-0.354589,0.275869,-0.224158
0.847251,0.49488,-0.111788,0.157367,0.278687,-0.348034,0.269008,-0.231251
0.851007,0.49535,-0.109241,0.135946,0.275769,-0.340944,0.262472,-0.238798
0.854679,0.495472,-0.105351,0.113721,0.273117,-0.333363,0.256348,-0.24709
0.85804,0.49544,-0.10017,0.0909538,0.270806,-0.325322,0.250724,-0.256285
0.860975,0.495334,-0.0936439,0.0678053,0.268908,-0.316829,0.24568,-0.266428
0.863501,0.495037,-0.0856488,0.0443692,0.267488,-0.307877,0.241294,-0.277218
0.865678,0.494358,-0.0760275,0.0207572,0.266618,-0.298465,0.237646,-0.288229
-0.867559,-0.493103,0.0646663,0.00290599,0.26637,-0.288608,0.234821,-0.299005
-0.869096,-0.491241,0.0515398,0.0264189,0.266819,-0.278351,0.232883,-0.309351
-0.870071,-0.489053,0.0367238,0.0495456,0.268019,-0.267768,0.231877,-0.31969
-0.870294,-0.486791,0.0202736,0.0721906,0.269989,-0.256915,0.231841,-0.330536
-0.869592,-0.484656,0.00222879,0.094408,0.272709,-0.245827,0.232816,-0.342465
-0.867743,-0.482918,-0.0173785,0.116237,0.27614,-0.234549,0.234828,-0.356223
-0.864664,-0.481619,-0.038407,0.137563,0.280223,-0.223167,0.237894,-0.371859
-0.860592,-0.480319,-0.0605731,0.158134,0.284898,-0.211808,0.242011,-0.388079
-0.855712,-0.478759,-0.0836173,0.17764,0.290115,-0.200598,0.247155,-0.403921
-0.849981,-0.477139,-0.107417,0.195785,0.295836,-0.18965,0.253294,-0.419592
-0.843358,-0.475643,-0.131908,0.212395,0.302012,-0.179046,0.260389,-0.435473
-0.835853,-0.474301,-0.157034,0.227439,0.308577,-0.168843,0.2684,-0.451812
-0.827567,-0.473004,-0.182642,0.24092,0.315448,-0.159102,0.277267,-0.468459
-0.818654,-0.471612,-0.208512,0.252807,0.322544,-0.149897,0.28691,-0.485089
-0.809213,-0.47015,-0.234508,0.262941,0.329808,-0.141315,0.297236,-0.501703
-0.799329,-0.468659,-0.260607,0.271137,0.337205,-0.133433,0.308153,-0.518502
-0.789103,-0.467122,-0.286766,0.277269,0.344692,-0.126312,0.319562,-0.535625
-0.778653,-0.465562,-0.312803,0.281256,0.352203,-0.120002,0.331347,-0.553022
-0.76805,-0.46419,-0.338442,0.282991,0.359652,-0.114542,0.343369,-0.570798
-0.757418,-0.463176,-0.363387,0.282375,0.366964,-0.109965,0.355477,-0.588906
-0.746988,-0.462503,-0.387383,0.279349,0.374088,-0.106302,0.367518,-0.606944
-0.737067,-0.462101,-0.41017,0.273779,0.380989,-0.103576,0.379331,-0.624223
-0.727893,-0.462039,-0.431526,0.265473,0.387653,-0.101805,0.390757,-0.640301
-0.719546,-0.462451,-0.451259,0.254476,0.394074,-0.100976,0.401664,-0.655097
-0.712091,-0.463214,-0.469291,0.241091,0.400255,-0.101039,0.411982,-0.668377
-0.705589,-0.464067,-0.485665,0.225645,0.406208,-0.101921,0.421662,-0.679883
-0.700114,-0.464822,-0.500303,0.208513,0.411935,-0.10356,0.430647,-0.689186
-0.695717,-0.46566,-0.512918,0.189877,0.417416,-0.105928,0.43885,-0.695856
-0.692487,-0.467021,-0.523121,0.169404,0.422654,-0.109036,0.446146,-0.699401
-0.690451,-0.469276,-0.530612,0.14666,0.427672,-0.112896,0.452439,-0.699446
-0.689637,-0.47214,-0.535353,0.121985,0.432472,-0.117445,0.457728,-0.695353
-0.690069,-0.474971,-0.537514,0.09636,0.437036,-0.122558,0.462086,-0.686396
-0.69175,-0.477426,-0.537173,0.0706435,0.441335,-0.128117,0.46556,-0.672079
-0.694542,-0.479864,-0.534169,0.04478,0.445357,-0.134087,0.468122,-0.652628
-0.698244,-0.48292,-0.528122,0.018215,0.4491,-0.140483,0.469724,-0.62848
0.702572,0.487001,0.518781,0.00937553,0.452559,-0.147299,0.470369,-0.600477
0.707195,0.492033,0.50632,0.0376662,0.455723,-0.154455,0.470145,-0.569963
0.711881,0.497563,0.491243,0.0658625,0.458582,-0.161826,0.469178,-0.538271
0.716469,0.503345,0.47392,0.0933585,0.461127,-0.169311,0.467536,-0.506615
0.72085,0.509489,0.454328,0.119925,0.463341,-0.176865,0.465197,-0.475986
0.724886,0.516258,0.432264,0.145485,0.465211,-0.184453,0.462119,-0.447368
0.728445,0.523694,0.407809,0.169721,0.466729,-0.191997,0.458291,-0.421736
0.73146,0.531493,0.381538,0.19212,0.467887,-0.199376,0.45377,-0.39956
0.733878,0.539371,0.354196,0.212243,0.468674,-0.206453,0.448636,-0.381009
0.735691,0.547262,0.326135,0.229998,0.469071,-0.213148,0.44293,-0.365766
0.736891,0.555354,0.297179,0.245473,0.46903,-0.219446,0.436629,-0.353621
0.737516,0.563782,0.267161,0.258545,0.468501,-0.225322,0.429687,-0.344626
0.737684,0.572447,0.236517,0.268676,0.467468,-0.230652,0.422067,-0.338918
0.737603,0.581055,0.206378,0.275181,0.465961,-0.235212,0.413779,-0.336271
0.737369,0.589385,0.178063,0.277859,0.464038,-0.238769,0.404909,-0.336085
0.736931,0.597418,0.152291,0.277186,0.461744,-0.241192,0.395595,-0.337425
0.736222,0.605236,0.128956,0.273929,0.459078,-0.24246,0.385988,-0.339323
0.73518,0.613016,0.107626,0.268586,0.456025,-0.242591,0.37621,-0.341579
0.733934,0.620785,0.0882332,0.261116,0.452585,-0.241542,0.36634,-0.344262
0.732769,0.628416,0.0711651,0.251154,0.448803,-0.23921,0.356426,-0.347577
0.731891,0.635802,0.0568694,0.238448,0.444756,-0.235495,0.346525,-0.351856
0.731376,0.642838,0.0455025,0.22311,0.44052,-0.230358,0.336729,-0.356876
0.730887,0.649724,0.0366318,0.20572,0.436154,-0.223867,0.327165,-0.362652
0.729956,0.656708,0.0295616,0.187147,0.431713,-0.216149,0.317981,-0.369012
0.728183,0.66401,0.0237499,0.168157,0.427243,-0.207325,0.309307,-0.375773
0.725367,0.671747,0.0190941,0.14911,0.422794,-0.197451,0.301248,-0.382932
0.721507,0.679929,0.015889,0.129891,0.418407,-0.186515,0.293884,-0.390729
0.716919,0.688266,0.0146231,0.110016,0.414093,-0.174453,0.287274,-0.398974
0.711988,0.696359,0.0155855,0.0889585,0.409829,-0.161211,0.281464,-0.407346
0.706693,0.704147,0.0187459,0.066419,0.405597,-0.146791,0.276509,-0.41633
0.700775,0.71172,0.0239361,0.0423725,0.401391,-0.13125,0.272479,-0.426611
0.694317,0.718794,0.0310788,0.017105,0.397254,-0.114691,0.269452,-0.437562
-0.687364,-0.725152,-0.0400805,0.00884841,0.393266,-0.097257,0.267513,-0.448498
-0.679848,-0.730759,-0.0507682,0.0349407,0.389484,-0.079118,0.266728,-0.459145
-0.671825,-0.735513,-0.0630129,0.0608373,0.385939,-0.060429,0.267126,-0.469232
-0.663328,-0.739352,-0.0766905,0.0864476,0.382638,-0.041318,0.268707,-0.478848
-0.654408,-0.742187,-0.091586,0.111898,0.379539,-0.021897,0.27145,-0.488088
-0.645113,-0.743934,-0.107448,0.137284,0.376596,-0.002283,0.275321,-0.496971
-0.635485,-0.744567,-0.123986,0.162503,0.373784,0.017384,0.280272,-0.505348
-0.625399,-0.744294,-0.140928,0.187193,0.371107,0.036935,0.286231,-0.513426
-0.614667,-0.743478,-0.158149,0.210746,0.36863,0.056201,0.293103,-0.521614
-0.603297,-0.742325,-0.175597,0.232706,0.366411,0.075038,0.300801,-0.529992
-0.591378,-0.740944,-0.193194,0.252882,0.364468,0.093327,0.309248,-0.538564
-0.578979,-0.739405,-0.210882,0.271279,0.362797,0.110976,0.318374,-0.547472
-0.566265,-0.737626,-0.2287,0.288008,0.36141,0.127925,0.328128,-0.556646
-0.553302,-0.735568,-0.246811,0.303119,0.36034,0.144127,0.338475,-0.566332
-0.540173,-0.733186,-0.265442,0.316532,0.359651,0.159532,0.34938,-0.576766
-0.527077,-0.730359,-0.284711,0.328186,0.359397,0.174085,0.360802,-0.587828
-0.514126,-0.727122,-0.304597,0.337918,0.359623,0.187712,0.372658,-0.599493
-0.501406,-0.723636,-0.324977,0.345446,0.360371,0.200298,0.384839,-0.611661
-0.489074,-0.720024,-0.345698,0.350522,0.361691,0.211742,0.397231,-0.623986
-0.47743,-0.71627,-0.366589,0.353031,0.363623,0.221985,0.409721,-0.635701
-0.466909,-0.712208,-0.387425,0.353069,0.366189,0.230997,0.422213,-0.645628
-0.457692,-0.70775,-0.408041,0.35087,0.369365,0.238755,0.43464,-0.653288
-0.449606,-0.702971,-0.428395,0.346648,0.373096,0.245246,0.446949,-0.659255
-0.442412,-0.698002,-0.448466,0.340504,0.377317,0.250464,0.459067,-0.664249
-0.435976,-0.69305,-0.468176,0.33229,0.38199,0.254397,0.470899,-0.668527
-0.430276,-0.688399,-0.48738,0.321604,0.387105,0.257031,0.482336,-0.671853
-0.425361,-0.684194,-0.505955,0.30815,0.392652,0.258362,0.493286,-0.673894
-0.421423,-0.680244,-0.523689,0.292267,0.398574,0.258427,0.503715,-0.674072
-0.418643,-0.676208,-0.540296,0.274882,0.404751,0.257293,0.513629,-0.671964
-0.417129,-0.671837,-0.555487,0.257048,0.411039,0.255033,0.523026,-0.667345
-0.416874,-0.667185,-0.569091,0.239196,0.417351,0.251719,0.531858,-0.660192
-0.41778,-0.662526,-0.581098,0.221006,0.423679,0.247397,0.540044,-0.650623
-0.419702,-0.658162,-0.591549,0.201851,0.430045,0.2421,0.547506,-0.638885
-0.422462,-0.654215,-0.600487,0.181505,0.436435,0.235885,0.55422,-0.625513
-0.425906,-0.650628,-0.607901,0.160452,0.442763,0.228849,0.560202,-0.611222
-0.429861,-0.647328,-0.613743,0.139666,0.448895,0.221127,0.565451,-0.597143
-0.434292,-0.644222,-0.618003,0.120167,0.454724,0.21286,0.569944,-0.584107
-0.439283,-0.641175,-0.620801,0.102622,0.460201,0.204176,0.573659,-0.57237
-0.444795,-0.638031,-0.622462,0.0872655,0.465319,0.195175,0.576608,-0.562243
-0.450781,-0.634611,-0.623347,0.0741923,0.470092,0.18595,0.578816,-0.553824
-0.457143,-0.630988,-0.623593,0.0632893,0.47452,0.176571,0.580268,-0.547192
-0.463755,-0.627579,-0.623012,0.0541427,0.478596,0.167109,0.580876,-0.542455
-0.47078,-0.62461,-0.621316,0.046855,0.482268,0.15766,0.580559,-0.538886
-0.478442,-0.622054,-0.618375,0.0418834,0.485441,0.14833,0.579291,-0.535575
-0.486707,-0.619921,-0.614219,0.0393525,0.488062,0.13916,0.577089,-0.532415
-0.495428,-0.618226,-0.608942,0.0392168,0.49011,0.130187,0.573979,-0.529636
-0.504494,-0.617,-0.60256,0.0414615,0.491547,0.121526,0.569954,-0.527357
-0.513871,-0.616401,-0.594882,0.0458406,0.492352,0.113247,0.564979,-0.525411
-0.52364,-0.616632,-0.585543,0.0520105,0.49252,0.105343,0.559016,-0.523221
-0.533841,-0.617885,-0.574185,0.0595322,0.492054,0.097783,0.552033,-0.520326
-0.544506,-0.620194,-0.560579,0.0679959,0.490975,0.090518,0.544043,-0.516318
-0.555536,-0.62353,-0.544681,0.0768975,0.48932,0.08348,0.535113,-0.511219
-0.566592,-0.627917,-0.526686,0.0854149,0.48716,0.076568,0.525369,-0.50575
-0.577346,-0.633256,-0.507022,0.0926694,0.484596,0.06965,0.515006,-0.500578
-0.587582,-0.639384,-0.486163,0.0978826,0.481745,0.062578,0.504247,-0.496061
-0.597202,-0.64622,-0.464394,0.100438,0.478708,0.055202,0.493282,-0.492269
-0.606166,-0.653722,-0.441813,0.100053,0.475567,0.047411,0.482263,-0.489202
-0.614397,-0.661754,-0.418594,0.096831,0.472396,0.039164,0.471355,-0.486998
-0.621916,-0.669916,-0.395121,0.0911677,0.469292,0.030481,0.460753,-0.48549
-0.628977,-0.677599,-0.371849,0.0835199,0.466369,0.021393,0.450674,-0.483816
-0.635722,-0.684477,-0.349101,0.0740063,0.463738,0.011906,0.441296,-0.481459
-0.64211,-0.690556,-0.32699,0.0624922,0.461488,0.00201,0.43275,-0.478403
-0.648038,-0.695911,-0.30556,0.0488674,0.459699,-0.008276,0.425161,-0.474765
-0.653412,-0.70055,-0.284924,0.0331792,0.45844,-0.018896,0.41865,-0.470673
-0.65825,-0.704293,-0.26539,0.0156647,0.457766,-0.029752,0.413344,-0.465967
0.66249,0.707047,0.247344,0.00345847,0.457726,-0.040725,0.409354,-0.46073
0.666019,0.708855,0.231,0.0241131,0.45835,-0.0517,0.406759,-0.455079
0.668633,0.709919,0.216313,0.0463981,0.45964,-0.062593,0.405585,-0.449308
0.670259,0.710325,0.203068,0.0703827,0.461573,-0.073333,0.405825,-0.443293
0.670765,0.710171,0.19106,0.0960617,0.464108,-0.083838,0.407457,-0.437121
0.669816,0.709658,0.180274,0.123424,0.467229,-0.094002,0.410463,-0.431426
0.667312,0.70876,0.170998,0.152033,0.470904,-0.103623,0.414811,-0.42637
0.663655,0.707179,0.163601,0.180815,0.474986,-0.112422,0.420402,-0.421226
0.659262,0.704718,0.158355,0.208976,0.479343,-0.120181,0.427093,-0.415268
0.654417,0.70126,0.155493,0.236211,0.48391,-0.126772,0.434748,-0.407812
0.649251,0.696825,0.155154,0.262364,0.48862,-0.132115,0.443244,-0.39859
0.643668,0.691676,0.157298,0.287287,0.493406,-0.136151,0.452459,-0.388182
0.637712,0.686026,0.161798,0.310666,0.498188,-0.138821,0.462258,-0.377025
0.631534,0.680032,0.168552,0.332131,0.502874,-0.140083,0.472496,-0.365367
0.625242,0.67383,0.177465,0.35147,0.507389,-0.139942,0.483053,-0.353394
0.618806,0.667581,0.188353,0.368697,0.511683,-0.138439,0.493828,-0.341409
0.612065,0.661504,0.200898,0.383965,0.515724,-0.135638,0.504734,-0.329905
0.604851,0.655788,0.2148,0.39744,0.519477,-0.131594,0.515702,-0.319374
0.59722,0.650436,0.229946,0.409129,0.522906,-0.126346,0.526668,-0.309727
0.58925,0.645485,0.246186,0.418958,0.525963,-0.119945,0.537554,-0.301043
0.581013,0.641026,0.263259,0.426853,0.528605,-0.112466,0.54827,-0.293566
0.572603,0.637093,0.280996,0.432758,0.530801,-0.103976,0.558731,-0.287211
0.564064,0.633695,0.299237,0.436715,0.532532,-0.094557,0.568871,-0.281685
0.555371,0.630821,0.317835,0.438873,0.533784,-0.084292,0.578646,-0.276719
0.546457,0.628495,0.33666,0.439362,0.534541,-0.07325,0.588018,-0.272284
0.53724,0.626811,0.355548,0.438255,0.534785,-0.061491,0.596941,-0.268611
0.527754,0.625764,0.374392,0.435576,0.534485,-0.049075,0.60537,-0.265601
0.517928,0.625429,0.392935,0.4315,0.533606,-0.036082,0.613271,-0.263454
0.507723,0.625831,0.410932,0.426248,0.53212,-0.022595,0.620621,-0.262206
0.497105,0.626952,0.428233,0.420042,0.530012,-0.008707,0.627409,-0.261855
0.486026,0.628762,0.444789,0.413038,0.527282,0.005494,0.633634,-0.262486
0.474374,0.63131,0.460599,0.405297,0.523936,0.019934,0.639287,-0.264584
0.462212,0.634561,0.475802,0.396617,0.519974,0.03456,0.644339,-0.268276
0.449726,0.638456,0.490521,0.386664,0.515398,0.049321,0.648758,-0.273506
0.437091,0.642934,0.504731,0.375279,0.51021,0.064139,0.652514,-0.280062
0.424308,0.648005,0.518372,0.362413,0.504401,0.078954,0.655579,-0.28813
0.41134,0.653691,0.531318,0.348121,0.497984,0.093725,0.657917,-0.297913
0.39823,0.659986,0.543179,0.332848,0.491017,0.108354,0.659509,-0.309137
0.384973,0.666936,0.553603,0.317042,0.483562,0.122744,0.660338,-0.321784
0.371583,0.674609,0.562426,0.300842,0.475678,0.136821,0.660374,-0.336108
0.358159,0.683001,0.569549,0.284334,0.467428,0.150491,0.659594,-0.352043
0.344905,0.692036,0.574976,0.267449,0.458872,0.163663,0.657987,-0.369185
0.332053,0.701609,0.578749,0.250071,0.450068,0.176246,0.655542,-0.38701
0.319883,0.711576,0.580932,0.232061,0.441088,0.188145,0.652255,-0.404842
0.308718,0.721774,0.581545,0.213404,0.432024,0.199258,0.648121,-0.421813
0.29874,0.732119,0.580448,0.194515,0.422989,0.20947,0.643134,-0.437273
0.28999,0.742593,0.577501,0.175934,0.414097,0.218704,0.637282,-0.45085
0.282378,0.753167,0.57272,0.158094,0.40542,0.22696,0.630573,-0.462348
0.275653,0.763806,0.566259,0.141301,0.39698,0.234273,0.623036,-0.472023
0.26956,0.774455,0.558367,0.125633,0.388785,0.240682,0.614718,-0.480419
0.264057,0.785008,0.54929,0.110985,0.380853,0.246198,0.605664,-0.487752
0.259302,0.795376,0.53914,0.0973001,0.37323,0.250795,0.595906,-0.493796
0.255092,0.805629,0.527894,0.0849539,0.365991,0.254416,0.585461,-0.499226
0.250995,0.815929,0.515482,0.074423,0.359216,0.256981,0.574348,-0.505358
0.247281,0.826182,0.501987,0.0654509,0.352935,0.258462,0.562609,-0.511758
0.244461,0.836182,0.48757,0.0575659,0.347151,0.25887,0.550311,-0.517371
0.242548,0.845851,0.472364,0.0507823,0.341877,0.258218,0.537535,-0.522241
0.241319,0.8552,0.456445,0.0453361,0.337142,0.256501,0.524374,-0.526864
0.240824,0.864165,0.439903,0.0413392,0.332985,0.253707,0.510924,-0.530932
0.241216,0.872635,0.422872,0.0387632,0.32943,0.249835,0.497295,-0.53394
0.242479,0.880554,0.405503,0.0373627,0.326467,0.244923,0.483587,-0.536139
0.244692,0.887854,0.387939,0.0366807,0.324058,0.239023,0.469883,-0.537766
0.247948,0.89448,0.370273,0.0363997,0.322177,0.232185,0.456243,-0.538966
0.2523,0.900411,0.35253,0.0364269,0.320823,0.224448,0.442718,-0.539816
0.257798,0.905622,0.334717,0.0367882,0.320006,0.215837,0.42935,-0.540201
0.264391,0.91014,0.316744,0.0376257,0.319723,0.206356,0.416179,-0.540036
0.272038,0.913976,0.298537,0.0389762,0.319951,0.196031,0.40325,-0.539251
0.280625,0.917138,0.280067,0.0408581,0.320648,0.184898,0.390623,-0.537902
0.289949,0.919649,0.261349,0.0432673,0.321766,0.172991,0.378358,-0.536331
0.29989,0.921498,0.242434,0.0461862,0.323268,0.160345,0.366525,-0.534693
0.310576,0.922597,0.223398,0.0495063,0.32512,0.147022,0.355183,-0.53261
0.322086,0.922885,0.20426,0.0531301,0.327282,0.133078,0.344386,-0.529861
0.334441,0.922333,0.184923,0.057043,0.329708,0.118542,0.334174,-0.526273
0.347833,0.920816,0.165396,0.0612703,0.332369,0.103454,0.324588,-0.521203
0.361881,0.918378,0.145867,0.0659263,0.335243,0.087892,0.315704,-0.515217
0.375908,0.915204,0.126631,0.0711248,0.338323,0.071972,0.307621,-0.509558
0.389703,0.911359,0.107807,0.0770343,0.341615,0.055772,0.300428,-0.5043
0.570469,0.757311,-0.0510306,0.313753,0.438517,-0.186985,0.346985,-0.375394
0.577479,0.744506,-0.0442296,0.332074,0.44591,-0.195291,0.359742,-0.367653
0.584346,0.731203,-0.0350659,0.350219,0.453247,-0.202701,0.373439,-0.359806
0.590946,0.717341,-0.0236057,0.368303,0.460484,-0.20922,0.388034,-0.351417
0.597139,0.702928,-0.0101355,0.386282,0.467537,-0.214865,0.403424,-0.342243
0.602708,0.688184,0.00497596,0.403883,0.4743,-0.219628,0.419433,-0.332704
0.60763,0.673268,0.0215752,0.420751,0.480696,-0.223477,0.435851,-0.322957
0.611963,0.658247,0.0396876,0.43662,0.486692,-0.226377,0.452488,-0.312744
0.615524,0.643297,0.0592141,0.451435,0.492288,-0.228319,0.469207,-0.302051
0.61805,0.628598,0.0798327,0.465301,0.497486,-0.22932,0.485913,-0.290984
0.619379,0.614323,0.101198,0.478263,0.502283,-0.22938,0.502515,-0.279715
0.619516,0.600594,0.123176,0.490218,0.506669,-0.228477,0.518922,-0.268317
0.618466,0.58751,0.145647,0.501118,0.510638,-0.226598,0.535054,-0.256843
0.61618,0.57519,0.168435,0.510987,0.514192,-0.223742,0.550866,-0.245582
0.612546,0.563806,0.191339,0.519903,0.517341,-0.219915,0.566355,-0.235125
0.607614,0.553338,0.214341,0.527902,0.520096,-0.215118,0.581525,-0.22548
0.601494,0.543675,0.237504,0.53499,0.522464,-0.209362,0.596384,-0.216478
0.59438,0.534667,0.260946,0.541065,0.524439,-0.202676,0.61093,-0.207925
0.586408,0.526283,0.284719,0.545973,0.526011,-0.195105,0.625147,-0.200124
0.577708,0.518483,0.308798,0.549611,0.527163,-0.186721,0.639021,-0.193353
0.568371,0.511229,0.333068,0.551964,0.527881,-0.177595,0.652546,-0.187872
0.558429,0.504461,0.357436,0.553095,0.528154,-0.167785,0.665715,-0.183665
0.547895,0.498095,0.381778,0.553134,0.527967,-0.157341,0.678509,-0.180138
0.536852,0.492099,0.405936,0.552126,0.527313,-0.146311,0.690897,-0.176452
0.525417,0.486531,0.429789,0.550005,0.526194,-0.134751,0.702826,-0.172525
0.513717,0.48143,0.453367,0.546606,0.524627,-0.122705,0.714229,-0.168617
0.501834,0.476828,0.476778,0.541739,0.522628,-0.110199,0.725054,-0.164696
0.489709,0.472933,0.499527,0.535717,0.520222,-0.097328,0.735251,-0.161369
0.476997,0.470326,0.520142,0.52983,0.517473,-0.084329,0.744752,-0.161046
0.463372,0.469484,0.537643,0.525178,0.51443,-0.071361,0.75351,-0.165895
0.449006,0.470142,0.552681,0.521443,0.511095,-0.058352,0.76152,-0.17487
0.434287,0.471856,0.566329,0.517706,0.507465,-0.045184,0.768789,-0.186016
0.419418,0.47445,0.578985,0.513577,0.503572,-0.031852,0.77531,-0.19867
0.404494,0.477893,0.590738,0.508951,0.499454,-0.018392,0.781082,-0.212862
0.389472,0.482174,0.601458,0.504052,0.495141,-0.00487,0.786117,-0.228841
0.376805,0.485287,0.613501,0.496115,0.490658,0.008637,0.790429,-0.236288
0.368166,0.48614,0.628416,0.482924,0.486029,0.022087,0.79402,-0.228442
0.359987,0.487738,0.642626,0.468565,0.481286,0.035494,0.796874,-0.220668
0.349932,0.491969,0.653975,0.455885,0.476454,0.048862,0.798961,-0.223397
0.338482,0.498438,0.662841,0.444558,0.471545,0.062167,0.800251,-0.234746
0.326569,0.506249,0.670264,0.433371,0.466522,0.07553,0.800743,-0.249556
0.315484,0.514409,0.67786,0.419952,0.461316,0.089194,0.800445,-0.261549
0.305941,0.522558,0.68595,0.403493,0.455916,0.103174,0.799339,-0.268181
0.297929,0.530811,0.694194,0.384152,0.450338,0.117311,0.797412,-0.270229
0.290965,0.539478,0.702238,0.362166,0.444581,0.131467,0.794659,-0.270453
0.284992,0.548611,0.709757,0.337715,0.438658,0.145477,0.791053,-0.270148
0.279202,0.5586,0.716224,0.311504,0.432588,0.159212,0.786585,-0.273419
0.272012,0.570171,0.720965,0.284823,0.426375,0.172635,0.781256,-0.286969
0.26393,0.582873,0.723948,0.257875,0.420013,0.185751,0.775061,-0.308046
0.256834,0.595622,0.725343,0.230538,0.413507,0.198551,0.767982,-0.327696
0.251361,0.608243,0.724982,0.203126,0.406878,0.210967,0.760015,-0.343349
0.247324,0.621005,0.72267,0.175872,0.40014,0.222908,0.751182,-0.356485
0.244696,0.633802,0.718575,0.148555,0.393267,0.2343,0.741546,-0.36715
0.243255,0.646491,0.71285,0.121335,0.386282,0.245063,0.731161,-0.375817
0.24246,0.659211,0.705398,0.0952228,0.379287,0.255082,0.720046,-0.384122
0.242019,0.67218,0.696113,0.0709067,0.372379,0.264273,0.708188,-0.393119
0.242117,0.685432,0.685,0.0483435,0.365608,0.272586,0.695566,-0.402377
0.242865,0.698872,0.672194,0.0273873,0.359016,0.279971,0.682202,-0.411661
0.244325,0.712243,0.657992,0.00789958,0.352643,0.286357,0.668191,-0.420705
-0.246744,-0.725229,-0.642692,0.0103703,0.346534,0.29168,0.653641,-0.428673
-0.250197,-0.73773,-0.626421,0.027427,0.340736,0.295894,0.638623,-0.435302
-0.254492,-0.749867,-0.609162,0.0430723,0.335287,0.298977,0.623163,-0.441176
-0.259473,-0.76174,-0.590891,0.0572186,0.330213,0.300922,0.607285,-0.446783
-0.265048,-0.773308,-0.571727,0.0698009,0.325553,0.301723,0.591061,-0.452248
-0.271142,-0.784359,-0.552045,0.0806808,0.321369,0.301366,0.574628,-0.457468
-0.277982,-0.794478,-0.532369,0.090075,0.317701,0.299882,0.558168,-0.461699
-0.285995,-0.803337,-0.512991,0.0984704,0.314546,0.297343,0.541822,-0.463954
-0.295208,-0.81108,-0.493731,0.105976,0.311872,0.293778,0.525608,-0.464428
-0.3055,-0.818033,-0.47416,0.112531,0.309627,0.289177,0.50949,-0.46356
-0.316905,-0.82421,-0.454141,0.118345,0.307757,0.283564,0.493506,-0.461342
-0.329423,-0.82937,-0.433945,0.123764,0.306227,0.276978,0.477774,-0.457932
-0.342976,-0.833297,-0.413963,0.128914,0.30503,0.269466,0.462429,-0.453527
-0.357451,-0.836007,-0.394334,0.133499,0.304184,0.26107,0.447537,-0.448079
-0.372586,-0.837742,-0.374971,0.136986,0.303705,0.251815,0.433099,-0.441849
-0.38805,-0.838752,-0.355814,0.138955,0.303593,0.241724,0.419117,-0.435291
-0.403726,-0.839035,-0.337044,0.139381,0.303836,0.230873,0.405662,-0.42843
-0.419577,-0.838509,-0.318897,0.138426,0.304416,0.219328,0.392845,-0.421232
-0.43541,-0.83726,-0.30148,0.136101,0.30532,0.207121,0.380734,-0.41405
-0.450984,-0.835459,-0.284795,0.132339,0.306536,0.194285,0.369349,-0.407327
-0.466093,-0.83336,-0.268567,0.127039,0.308035,0.180836,0.358658,-0.401311
-0.480559,-0.831264,-0.252269,0.120099,0.309767,0.166755,0.348599,-0.396108
-0.494437,-0.829195,-0.235547,0.111737,0.311666,0.152063,0.339144,-0.391431
-0.507803,-0.826989,-0.218513,0.102358,0.313699,0.136864,0.330324,-0.38721
-0.520877,-0.824305,-0.201648,0.0924452,0.315868,0.121312,0.322218,-0.383151
-0.533886,-0.82085,-0.185435,0.0823654,0.318176,0.105552,0.314919,-0.378853
-0.546764,-0.816667,-0.17001,0.0721195,0.320618,0.089651,0.308484,-0.37438
-0.559199,-0.812064,-0.155176,0.0613883,0.323192,0.073602,0.302935,-0.370189
-0.570879,-0.807343,-0.140753,0.0498216,0.325918,0.057408,0.29829,-0.366676
-0.581585,-0.802675,-0.126827,0.0372218,0.328838,0.041147,0.294598,-0.364081
-0.591395,-0.797959,-0.11382,0.0236367,0.332018,0.024975,0.291957,-0.362123
-0.600686,-0.792853,-0.10234,0.00934365,0.335518,0.009096,0.290469,-0.360001
0.609666,0.787189,0.0927982,0.00539259,0.339375,-0.006314,0.290197,-0.357334
0.618324,0.781019,0.0852474,0.0204346,0.343607,-0.021136,0.291167,-0.354223
0.62651,0.774511,0.0795626,0.0358692,0.348241,-0.035306,0.293397,-0.350913
0.634033,0.767842,0.0756324,0.0519706,0.353325,-0.048784,0.296912,-0.347532
0.640616,0.761216,0.0734691,0.0690195,0.358906,-0.061518,0.301746,-0.344423
0.646198,0.754641,0.0732535,0.0870597,0.365011,-0.073413,0.307926,-0.341588
0.650921,0.747958,0.0752696,0.105809,0.371619,-0.084327,0.315445,-0.338791
0.654796,0.741151,0.0796836,0.124851,0.378669,-0.094131,0.324259,-0.336285
0.657808,0.734254,0.0863597,0.14388,0.38607,-0.10278,0.334296,-0.334287
0.660097,0.727156,0.0950419,0.162735,0.393727,-0.110275,0.345464,-0.332403
0.661783,0.719724,0.10555,0.181382,0.401549,-0.116618,0.357666,-0.329988
0.662728,0.712015,0.11774,0.199908,0.409459,-0.12182,0.370817,-0.326947
0.662723,0.704162,0.131496,0.218317,0.417378,-0.125879,0.384824,-0.323576
0.661709,0.696198,0.146775,0.236445,0.425216,-0.128778,0.399574,-0.319956
0.659746,0.688084,0.163498,0.254055,0.432873,-0.130518,0.414935,-0.315908
0.656952,0.679752,0.181525,0.270923,0.440252,-0.131111,0.430776,-0.311075
0.653381,0.671224,0.200656,0.286861,0.447265,-0.13058,0.446974,-0.305322
0.648921,0.662663,0.220726,0.30176,0.45384,-0.128943,0.463426,-0.298995
0.643401,0.654254,0.241634,0.315595,0.45993,-0.126219,0.480048,-0.292639
0.636747,0.646106,0.263279,0.328305,0.465485,-0.122434,0.49675,-0.286691
0.628981,0.638255,0.285497,0.33986,0.470448,-0.117638,0.51344,-0.281297
0.620134,0.630753,0.308019,0.350297,0.474769,-0.111901,0.530026,-0.276482
0.610195,0.623677,0.330591,0.359719,0.47841,-0.105303,0.546427,-0.272257
0.599245,0.616988,0.35316,0.368116,0.481345,-0.097913,0.562568,-0.268457
0.587418,0.610602,0.375776,0.375364,0.48356,-0.089791,0.578381,-0.264929
0.574848,0.604504,0.398415,0.381301,0.485046,-0.081002,0.593788,-0.261686
0.561729,0.598654,0.420983,0.385808,0.485815,-0.071623,0.608698,-0.258531
0.548229,0.59302,0.44338,0.388827,0.485883,-0.061732,0.62303,-0.255233
0.534426,0.587678,0.465492,0.390308,0.485268,-0.051401,0.636702,-0.251968
0.520394,0.582694,0.487224,0.390218,0.483996,-0.040705,0.649647,-0.248944
0.506339,0.577977,0.508592,0.388456,0.482099,-0.02972,0.661814,-0.245776
0.492489,0.57342,0.529613,0.384907,0.479614,-0.018523,0.673169,-0.241989
0.478899,0.569089,0.550221,0.37954,0.476577,-0.007187,0.68368,-0.237736
0.465513,0.565177,0.57023,0.372438,0.473037,0.004234,0.69331,-0.233639
0.452184,0.561982,0.589412,0.36373,0.469041,0.015707,0.702024,-0.230811
0.438832,0.559733,0.607541,0.353581,0.464631,0.027203,0.709797,-0.230112
0.425719,0.558339,0.62447,0.342136,0.459841,0.038691,0.716634,-0.230724
0.412988,0.557745,0.640128,0.329541,0.454718,0.050141,0.722545,-0.232148
0.400647,0.557959,0.654477,0.315949,0.449314,0.061508,0.727549,-0.23446
0.388746,0.558941,0.667398,0.301731,0.443696,0.072727,0.731665,-0.237412
0.377174,0.560784,0.67862,0.287639,0.437951,0.083738,0.734898,-0.241313
0.365933,0.563519,0.688059,0.274071,0.432141,0.094526,0.737242,-0.246113
0.355194,0.567049,0.695868,0.260882,0.426294,0.105079,0.738704,-0.251164
0.344992,0.571386,0.70218,0.247876,0.420433,0.115387,0.739291,-0.256549
0.335355,0.576562,0.707071,0.234869,0.414588,0.125458,0.739002,-0.262438
0.32643,0.582532,0.710618,0.221634,0.408795,0.135289,0.737836,-0.268579
0.318245,0.589302,0.712848,0.208066,0.403092,0.144859,0.735795,-0.275242
0.310703,0.596905,0.713773,0.194157,0.397509,0.154141,0.732895,-0.283066
0.303681,0.60537,0.713404,0.179888,0.392053,0.163112,0.72915,-0.292661
0.297125,0.614649,0.711824,0.165015,0.386706,0.17176,0.724589,-0.304293
0.290962,0.624683,0.709057,0.1495,0.381463,0.180058,0.719241,-0.318218
0.28518,0.635319,0.705123,0.133581,0.376337,0.187934,0.713139,-0.334156
0.280248,0.646195,0.700094,0.117309,0.371319,0.195321,0.706323,-0.349842
0.276649,0.657006,0.694002,0.100842,0.366412,0.202199,0.698848,-0.362877
0.274244,0.667677,0.686909,0.0845769,0.36164,0.208578,0.690785,-0.37329
0.272717,0.678162,0.678968,0.0687376,0.357011,0.21444,0.682218,-0.382009
0.27203,0.688359,0.67031,0.0533571,0.352525,0.219752,0.673212,-0.389158
0.272134,0.698286,0.660949,0.0385473,0.348187,0.224497,0.663788,-0.395088
0.272967,0.708044,0.65082,0.0243898,0.343998,0.228654,0.653954,-0.400287
0.274416,0.71775,0.639852,0.0109484,0.33996,0.232203,0.643723,-0.405358
-0.276382,-0.72744,-0.628045,0.00171927,0.336082,0.235138,0.63313,-0.410639
-0.278721,-0.737103,-0.615477,0.0134896,0.332378,0.237457,0.62224,-0.416359
-0.281222,-0.746698,-0.602303,0.0242443,0.328853,0.239169,0.611139,-0.422774
-0.283661,-0.756177,-0.588712,0.0339229,0.325505,0.240283,0.599918,-0.430268
-0.286126,-0.765455,-0.574794,0.0426957,0.322335,0.240802,0.588649,-0.438572
-0.288903,-0.77443,-0.560546,0.0508076,0.319349,0.240722,0.577382,-0.446913
-0.292089,-0.783048,-0.546012,0.058225,0.31658,0.240031,0.566172,-0.454863
-0.29562,-0.791262,-0.531342,0.0647178,0.314085,0.238719,0.555086,-0.46235
-0.299575,-0.798946,-0.516736,0.0701714,0.311924,0.23678,0.544195,-0.468947
-0.30407,-0.805992,-0.502341,0.0746451,0.310123,0.234228,0.53356,-0.474279
-0.309144,-0.812377,-0.488207,0.0782743,0.308668,0.231093,0.523225,-0.47833
-0.314705,-0.81818,-0.474304,0.0811001,0.307531,0.22741,0.513209,-0.48141
-0.32071,-0.823466,-0.460595,0.0830752,0.306697,0.223212,0.503526,-0.48359
-0.327182,-0.828208,-0.44715,0.0841473,0.306166,0.218518,0.494202,-0.484788
-0.334059,-0.832363,-0.434155,0.0841821,0.305954,0.213336,0.485278,-0.484997
-0.341209,-0.835947,-0.421739,0.0830991,0.306067,0.207683,0.47679,-0.484388
-0.348568,-0.839047,-0.409814,0.0809499,0.306487,0.201593,0.468732,-0.483098
-0.356115,-0.841806,-0.39811,0.0777997,0.307191,0.195085,0.461057,-0.481167
-0.363895,-0.844283,-0.386427,0.0737595,0.308161,0.188191,0.453736,-0.478511
-0.371991,-0.846408,-0.374779,0.0689647,0.309387,0.180947,0.446778,-0.47493
-0.380221,-0.848182,-0.363319,0.0633926,0.310871,0.173376,0.44022,-0.470867
-0.388372,-0.849611,-0.352251,0.0569913,0.312617,0.165517,0.434103,-0.466761
-0.396367,-0.850687,-0.341683,0.0497731,0.314625,0.157422,0.428455,-0.462707
-0.404071,-0.851506,-0.331559,0.0416288,0.316892,0.149116,0.423273,-0.458884
-0.411396,-0.852153,-0.321771,0.0324531,0.319408,0.140613,0.41856,-0.455353
-0.418317,-0.852625,-0.312327,0.0222144,0.322165,0.131948,0.414342,-0.452032
-0.424778,-0.852882,-0.303374,0.0109215,0.325149,0.123187,0.410673,-0.448832
0.430669,0.852885,0.295145,0.00135403,0.328348,0.114427,0.407625,-0.445862
0.436013,0.852528,0.287888,0.0144474,0.331742,0.105776,0.405271,-0.443
0.440948,0.851699,0.281748,0.0281455,0.335315,0.09733,0.40365,-0.439949
0.445555,0.850371,0.276696,0.0422958,0.33904,0.089157,0.402764,-0.436551
0.449847,0.848559,0.272696,0.0567664,0.342897,0.081309,0.402601,-0.432857
0.453915,0.846193,0.269856,0.0713868,0.346875,0.073863,0.403161,-0.428706
0.457713,0.84329,0.268268,0.0859908,0.350945,0.066901,0.404437,-0.424297
0.461041,0.839991,0.267903,0.100418,0.355064,0.060492,0.406395,-0.420242
0.464005,0.836274,0.268833,0.114339,0.35918,0.054724,0.408994,-0.416547
0.46673,0.8321,0.271144,0.127489,0.363263,0.049668,0.4122,-0.413079
0.469158,0.827534,0.274833,0.139804,0.367301,0.045347,0.415981,-0.410034
0.471293,0.822611,0.279859,0.151239,0.371272,0.041763,0.420299,-0.407413
0.473243,0.817304,0.286228,0.161642,0.375141,0.038923,0.425105,-0.405029
0.475099,0.811612,0.29395,0.170762,0.378858,0.036846,0.430337,-0.402795
0.476792,0.805638,0.302983,0.178374,0.382371,0.035551,0.43593,-0.401095
0.478284,0.799467,0.313233,0.184342,0.38563,0.035023,0.441816,-0.400218
0.47956,0.793168,0.324501,0.188696,0.388581,0.035208,0.447924,-0.400128
0.480456,0.786912,0.336489,0.191589,0.391167,0.036016,0.454183,-0.400993
0.480879,0.78082,0.348943,0.19317,0.393331,0.037366,0.460527,-0.402854
0.480779,0.77498,0.361659,0.19355,0.395024,0.039208,0.466876,-0.405726
0.480038,0.769539,0.374409,0.192848,0.396211,0.041493,0.473134,-0.409929
0.478617,0.764628,0.38696,0.191132,0.396875,0.044151,0.479198,-0.41571
0.476699,0.760268,0.399086,0.188364,0.397014,0.047099,0.484954,-0.422866
0.474599,0.756371,0.410667,0.18442,0.396643,0.050267,0.490312,-0.430817
0.472499,0.752882,0.421653,0.179229,0.395779,0.053589,0.495205,-0.439288
0.4704,0.749773,0.432084,0.172826,0.394444,0.057019,0.499598,-0.448368
0.468207,0.747023,0.442036,0.165359,0.392659,0.060534,0.503482,-0.458279
0.465867,0.744629,0.451502,0.156976,0.390432,0.064132,0.506859,-0.469169
0.463451,0.742534,0.460429,0.147859,0.387772,0.067786,0.509746,-0.480619
0.461207,0.740562,0.468787,0.138184,0.384692,0.071437,0.512167,-0.491503
0.459203,0.738646,0.476619,0.127938,0.3812,0.075038,0.514154,-0.501613
0.457371,0.736796,0.484002,0.116984,0.377303,0.07856,0.515734,-0.511412
0.455638,0.735037,0.490922,0.105407,0.373012,0.081948,0.51694,-0.521061
0.453993,0.733406,0.497277,0.0933815,0.368345,0.08512,0.517808,-0.530419
0.452478,0.731939,0.502964,0.0809719,0.36331,0.088107,0.518343,-0.539342
0.45107,0.730718,0.50787,0.068235,0.357901,0.091083,0.51851,-0.547815
0.449693,0.729799,0.511984,0.055162,0.352142,0.094152,0.51831,-0.555996
0.448324,0.729173,0.51534,0.0416798,0.346072,0.09733,0.517801,-0.563881
0.446934,0.728817,0.517983,0.027732,0.339716,0.100638,0.517053,-0.571391
0.44543,0.728717,0.519988,0.0133107,0.333077,0.104106,0.516145,-0.578583
-0.443736,-0.728814,-0.521465,0.0015858,0.326138,0.107751,0.515158,-0.585485
-0.4418,-0.729034,-0.522529,0.0169351,0.318868,0.11155,0.51417,-0.592178
-0.439747,-0.729092,-0.523418,0.0328764,0.311233,0.115467,0.513273,-0.598317
-0.437662,-0.728708,-0.524392,0.0495047,0.303269,0.119482,0.51253,-0.603842
-0.435538,-0.72771,-0.525631,0.0667615,0.295083,0.123592,0.511948,-0.609157
-0.433545,-0.725941,-0.527145,0.0846597,0.286762,0.127763,0.511496,-0.614229
-0.432088,-0.723185,-0.528793,0.103346,0.278369,0.131929,0.51112,-0.618377
-0.431423,-0.719365,-0.530392,0.12277,0.269998,0.136012,0.510743,-0.621381
-0.431623,-0.714494,-0.531818,0.142722,0.261753,0.139929,0.5103,-0.623461
-0.432649,-0.708609,-0.533054,0.162917,0.253733,0.143608,0.509776,-0.624977
-0.434396,-0.70177,-0.534151,0.183035,0.246028,0.147,0.509194,-0.626281
-0.436813,-0.693999,-0.5352,0.202785,0.238737,0.150071,0.508601,-0.627428
-0.439897,-0.685297,-0.536328,0.221834,0.231976,0.152797,0.508053,-0.628252
-0.443531,-0.675792,-0.537679,0.239764,0.225852,0.155162,0.507577,-0.628987
-0.44754,-0.665662,-0.53941,0.256201,0.220451,0.157159,0.507183,-0.630115
-0.451842,-0.655005,-0.54168,0.270906,0.215828,0.158792,0.506882,-0.631895
-0.456522,-0.643741,-0.544602,0.28389,0.212011,0.160053,0.506694,-0.634099
-0.567324,-0.420213,-0.668933,0.232581,0.25025,0.111119,0.508561,-0.739148
-0.573371,-0.408033,-0.679737,0.20667,0.257066,0.101683,0.507676,-0.768556
-0.578102,-0.398256,-0.690082,0.176006,0.264024,0.091555,0.506544,-0.807131
-0.580887,-0.392137,-0.699567,0.1393,0.271089,0.080798,0.505133,-0.858681
-0.585013,-0.383459,-0.706707,0.106231,0.277358,0.0693,0.503744,-0.901901
-0.59727,-0.357355,-0.711343,0.0977588,0.28105,0.056842,0.503078,-0.888992
-0.640521,-0.237228,-0.719516,0.125512,0.281753,0.015867,0.501428,-0.722937
-0.649624,-0.208097,-0.721004,0.12181,0.280779,0.002089,0.499536,-0.695521
-0.657562,-0.182262,-0.722084,0.113965,0.279095,-0.01181,0.497198,-0.676914
